feature_name,ref_end,ref_seq_name,ref_start,splice_index,transcription_index,translation_modifier_name
3UTR,9144,REF_6w_EU643836,9123,1,1,
3UTR,9147,REF_6w_EU643834,9126,1,1,
3UTR,9174,REF_4g_JX227971,9158,1,1,
3UTR,9242,REF_4w_FJ025855,9227,1,1,
3UTR,9267,REF_4_unassigned_FJ025854,9224,1,1,
3UTR,9270,REF_4v_JX227960,9245,1,1,
3UTR,9271,REF_4w_FJ025856,9227,1,1,
3UTR,9273,REF_4d_DQ418786,9259,1,1,
3UTR,9281,REF_4k_EU392171,9263,1,1,
3UTR,9286,REF_1a_EF407457,9182,1,1,
3UTR,9286,REF_4o_JX227977,9270,1,1,
3UTR,9295,REF_4a_DQ418789,9289,1,1,
3UTR,9297,REF_4f_EU392175,9289,1,1,
3UTR,9298,REF_4f_EU392174,9290,1,1,
3UTR,9299,REF_4d_EU392172,9284,1,1,
3UTR,9301,REF_4n_JX227970,9287,1,1,
3UTR,9305,REF_4m_JX227972,9285,1,1,
3UTR,9312,REF_4k_EU392173,9300,1,1,
3UTR,9314,REF_4g_JX227963,9288,1,1,
3UTR,9317,REF_4l_JX227957,9291,1,1,
3UTR,9319,REF_4r_JX227976,9302,1,1,
3UTR,9323,REF_4v_JX227959,9298,1,1,
3UTR,9337,REF_4_unassigned_JX227964,9311,1,1,
3UTR,9343,REF_5a_NC_009826,9325,1,1,
3UTR,9343,REF_5_NC_009826,9325,1,1,
3UTR,9352,REF_3i_JX227955,9332,1,1,
3UTR,9353,REF_3g_JX227954,9334,1,1,
3UTR,9355,REF_4a_NC_009825,9307,1,1,
3UTR,9355,REF_4_NC_009825,9307,1,1,
3UTR,9359,REF_1b_EU781828,9338,1,1,
3UTR,9380,REF_2k_JX227953,9365,1,1,
3UTR,9383,REF_2j_HM777359,9111,1,1,
3UTR,9383,REF_2m_JX227967,9369,1,1,
3UTR,9388,REF_4l_FJ839870,9362,1,1,
3UTR,9390,REF_3a_X76918,9365,1,1,
3UTR,9392,REF_2a_HQ639944,9379,1,1,
3UTR,9398,REF_1_unassigned_KJ439777,9378,1,1,
3UTR,9399,REF_1_unassigned_KJ439780,9378,1,1,
3UTR,9401,REF_1a_M62321,9378,1,1,
3UTR,9401,REF_6xb_KJ567645,9390,1,1,
3UTR,9401,REF_6xe_KM252792,9393,1,1,
3UTR,9402,REF_2l_KC197240,9374,1,1,
3UTR,9406,REF_6t_EF632071,9376,1,1,
3UTR,9408,REF_5a_AF064490,9292,1,1,
3UTR,9411,REF_1n_KJ439775,9378,1,1,
3UTR,9412,REF_6_unassigned_JX183551,9390,1,1,
3UTR,9413,REF_1b_D90208,9363,1,1,
3UTR,9413,REF_1b_EU781827,9349,1,1,
3UTR,9413,REF_1j_KJ439773,9378,1,1,
3UTR,9413,REF_1_unassigned_KJ439779,9379,1,1,
3UTR,9413,REF_6l_JX183556,9390,1,1,
3UTR,9416,REF_1a_M67463,9378,1,1,
3UTR,9416,REF_1b_M58335,9366,1,1,
3UTR,9420,REF_1h_KC248199,9381,1,1,
3UTR,9421,REF_1h_KC248198,9381,1,1,
3UTR,9421,REF_1i_KJ439772,9387,1,1,
3UTR,9422,REF_1e_KC248194,9389,1,1,
3UTR,9422,REF_4o_FJ462440,9360,1,1,
3UTR,9423,REF_6_unassigned_JX183554,9390,1,1,
3UTR,9425,REF_4m_FJ462433,9363,1,1,
3UTR,9426,REF_4s_JF735136,9363,1,1,
3UTR,9426,REF_4_unassigned_JF735129,9362,1,1,
3UTR,9426,REF_4_unassigned_JF735131,9363,1,1,
3UTR,9428,REF_1l_KC248196,9397,1,1,
3UTR,9429,REF_3a_JN714194,9410,1,1,
3UTR,9429,REF_6v_EU158186,9359,1,1,
3UTR,9429,REF_6v_EU798761,9359,1,1,
3UTR,9430,REF_1l_KC248193,9397,1,1,
3UTR,9430,REF_4_unassigned_JF735130,9365,1,1,
3UTR,9430,REF_6_unassigned_DQ278893,9390,1,1,
3UTR,9430,REF_6_unassigned_KJ470625,9394,1,1,
3UTR,9431,REF_4_unassigned_JF735135,9365,1,1,
3UTR,9432,REF_6xd_KM252789,9402,1,1,
3UTR,9433,REF_1l_KC248197,9400,1,1,
3UTR,9433,REF_3i_FJ407092,9407,1,1,
3UTR,9433,REF_4q_FJ462434,9375,1,1,
3UTR,9434,REF_6xd_KM252791,9405,1,1,
3UTR,9435,REF_4g_FJ462432,9369,1,1,
3UTR,9435,REF_4n_FJ462441,9368,1,1,
3UTR,9435,REF_6xd_KM252790,9405,1,1,
3UTR,9435,REF_6_unassigned_KJ470623,9400,1,1,
3UTR,9437,REF_4_unassigned_JF735134,9377,1,1,
3UTR,9438,REF_4k_FJ462438,9378,1,1,
3UTR,9439,REF_1_unassigned_KC248195,9405,1,1,
3UTR,9440,REF_4b_FJ462435,9377,1,1,
3UTR,9440,REF_4r_FJ462439,9377,1,1,
3UTR,9440,REF_6_unassigned_DQ278891,9389,1,1,
3UTR,9441,REF_1c_AY051292,9378,1,1,
3UTR,9441,REF_1c_AY651061,9378,1,1,
3UTR,9441,REF_4_unassigned_JF735127,9377,1,1,
3UTR,9441,REF_6n_DQ278894,9391,1,1,
3UTR,9442,REF_6j_DQ835761,9390,1,1,
3UTR,9442,REF_6xc_KJ567651,9408,1,1,
3UTR,9443,REF_6xa_EU408332,9377,1,1,
3UTR,9443,REF_7a_NC_030791,9382,1,1,
3UTR,9443,REF_7_NC_030791,9382,1,1,
3UTR,9444,REF_3b_D49374,9412,1,1,
3UTR,9444,REF_6m_DQ835767,9390,1,1,
3UTR,9446,REF_1k_KJ439774,9378,1,1,
3UTR,9446,REF_6_unassigned_JX183553,9390,1,1,
3UTR,9447,REF_1n_KJ439781,9379,1,1,
3UTR,9447,REF_6i_DQ835770,9390,1,1,
3UTR,9447,REF_6n_DQ835768,9387,1,1,
3UTR,9447,REF_6_unassigned_KC844040,9393,1,1,
3UTR,9448,REF_1m_KJ439778,9381,1,1,
3UTR,9448,REF_1m_KJ439782,9378,1,1,
3UTR,9448,REF_6w_DQ278892,9397,1,1,
3UTR,9448,REF_6_unassigned_JX183549,9387,1,1,
3UTR,9449,REF_6m_DQ835766,9390,1,1,
3UTR,9449,REF_6r_EU408328,9390,1,1,
3UTR,9450,REF_3k_D63821,9400,1,1,
3UTR,9450,REF_6o_EF424627,9390,1,1,
3UTR,9451,REF_1d_KJ439768,9375,1,1,
3UTR,9451,REF_6xa_EU408330,9377,1,1,
3UTR,9453,REF_6l_EF424628,9390,1,1,
3UTR,9453,REF_6p_EF424626,9391,1,1,
3UTR,9454,REF_3a_D28917,9406,1,1,
3UTR,9454,REF_6f_DQ835760,9396,1,1,
3UTR,9454,REF_6j_DQ835769,9390,1,1,
3UTR,9454,REF_6_unassigned_JX183558,9390,1,1,
3UTR,9456,REF_3a_NC_009824,9406,1,1,
3UTR,9456,REF_3_NC_009824,9406,1,1,
3UTR,9458,REF_3d_KJ470619,9407,1,1,
3UTR,9458,REF_3e_KJ470618,9406,1,1,
3UTR,9458,REF_6i_DQ835762,9390,1,1,
3UTR,9459,REF_6c_EF424629,9388,1,1,
3UTR,9459,REF_6_unassigned_JX183550,9387,1,1,
3UTR,9460,REF_6xe_JX183557,9393,1,1,
3UTR,9461,REF_6g_D63822,9408,1,1,
3UTR,9461,REF_6v_EU798760,9390,1,1,
3UTR,9462,REF_1_unassigned_KJ439776,9397,1,1,
3UTR,9462,REF_6g_DQ314806,9408,1,1,
3UTR,9463,REF_6q_EF424625,9388,1,1,
3UTR,9468,REF_4c_FJ462436,9410,1,1,
3UTR,9468,REF_6e_DQ314805,9408,1,1,
3UTR,9470,REF_2f_KC844050,9443,1,1,
3UTR,9470,REF_6xa_EU408331,9377,1,1,
3UTR,9471,REF_6_unassigned_KJ470620,9413,1,1,
3UTR,9472,REF_2f_KC844042,9443,1,1,
3UTR,9473,REF_6s_EU408329,9390,1,1,
3UTR,9474,REF_6_unassigned_KJ470622,9409,1,1,
3UTR,9474,REF_6_unassigned_KJ470624,9410,1,1,
3UTR,9475,REF_4p_FJ462431,9365,1,1,
3UTR,9475,REF_6_unassigned_KJ470621,9410,1,1,
3UTR,9481,REF_1_unassigned_AJ851228,9351,1,1,
3UTR,9487,REF_1c_D14853,9378,1,1,
3UTR,9488,REF_2k_AB031663,9444,1,1,
3UTR,9488,REF_4t_FJ839869,9365,1,1,
3UTR,9488,REF_6_unassigned_KC844039,9414,1,1,
3UTR,9490,REF_1g_AM910652,9362,1,1,
3UTR,9508,REF_2d_JF735114,9443,1,1,
3UTR,9508,REF_2_unassigned_JF735110,9443,1,1,
3UTR,9509,REF_2j_JF735113,9191,1,1,
3UTR,9510,REF_2_unassigned_JF735117,9437,1,1,
3UTR,9511,REF_2b_D10988,9444,1,1,
3UTR,9512,REF_2r_JF735115,9443,1,1,
3UTR,9513,REF_2c_D50409,9455,1,1,
3UTR,9514,REF_2_unassigned_JF735116,9443,1,1,
3UTR,9520,REF_2u_JF735112,9455,1,1,
3UTR,9533,REF_6xb_JX183552,9390,1,1,
3UTR,9535,REF_4_unassigned_JF735132,9470,1,1,
3UTR,9563,REF_4_unassigned_JF735138,9380,1,1,
3UTR,9566,REF_2q_FN666428,9416,1,1,
3UTR,9579,REF_3h_JF735121,9400,1,1,
3UTR,9583,REF_3_unassigned_JF735124,9406,1,1,
3UTR,9589,REF_2a_D00944,9443,1,1,
3UTR,9589,REF_2_D00944,9443,1,1,
3UTR,9601,REF_6k_D84264,9390,1,1,
3UTR,9615,REF_2_unassigned_JF735118,9443,1,1,
3UTR,9615,REF_6d_D84263,9381,1,1,
3UTR,9616,REF_2t_KC197238,9422,1,1,
3UTR,9618,REF_2m_JF735111,9446,1,1,
3UTR,9620,REF_MASTER_NC_004102,9378,1,1,
3UTR,9621,REF_6h_D84265,9387,1,1,
3UTR,9628,REF_2_unassigned_JF735119,9453,1,1,
3UTR,9628,REF_6b_NC_009827,9403,1,1,
3UTR,9628,REF_6_NC_009827,9403,1,1,
3UTR,9633,REF_3h_JF735126,9400,1,1,
3UTR,9634,REF_3g_JF735123,9415,1,1,
3UTR,9646,REF_1a_NC_004102,9378,1,1,
3UTR,9646,REF_1_NC_004102,9378,1,1,
3UTR,9654,REF_2b_AB030907,9444,1,1,
3UTR,9660,REF_3k_JF735122,9400,1,1,
3UTR,9678,REF_2a_AB047639,9443,1,1,
3UTR,9825,REF_2e_JF735120,9659,1,1,
5UTR,65,REF_6w_EU643834,1,1,1,
5UTR,65,REF_6w_EU643836,1,1,1,
5UTR,130,REF_4g_JX227971,1,1,1,
5UTR,145,REF_1a_EF407457,1,1,1,
5UTR,190,REF_1a_HQ850279,1,1,1,
5UTR,190,REF_4w_FJ025855,1,1,1,
5UTR,190,REF_4w_FJ025856,1,1,1,
5UTR,190,REF_4_unassigned_FJ025854,1,1,1,
5UTR,226,REF_4k_EU392171,1,1,1,
5UTR,226,REF_4v_JX227960,1,1,1,
5UTR,234,REF_4d_DQ418786,1,1,1,
5UTR,235,REF_1_unassigned_HQ537007,1,1,1,
5UTR,246,REF_5a_AF064490,1,1,1,
5UTR,248,REF_4o_JX227977,1,1,1,
5UTR,255,REF_2c_JX227949,1,1,1,
5UTR,256,REF_4v_HQ537008,1,1,1,
5UTR,256,REF_4v_HQ537009,1,1,1,
5UTR,259,REF_4a_DQ988074,1,1,1,
5UTR,260,REF_2j_HM777358,1,1,1,
5UTR,260,REF_2j_HM777359,1,1,1,
5UTR,260,REF_4l_JX227957,1,1,1,
5UTR,261,REF_4a_DQ418789,1,1,1,
5UTR,261,REF_4f_EU392175,1,1,1,
5UTR,262,REF_2k_JX227953,1,1,1,
5UTR,262,REF_4d_EU392172,1,1,1,
5UTR,262,REF_4f_EU392174,1,1,1,
5UTR,262,REF_4n_JX227970,1,1,1,
5UTR,262,REF_4r_JX227976,1,1,1,
5UTR,263,REF_2m_JX227967,1,1,1,
5UTR,263,REF_4g_JX227963,1,1,1,
5UTR,263,REF_4k_EU392173,1,1,1,
5UTR,263,REF_4m_JX227972,1,1,1,
5UTR,264,REF_3g_JX227954,1,1,1,
5UTR,265,REF_3i_JX227955,1,1,1,
5UTR,273,REF_4v_JX227959,1,1,1,
5UTR,274,REF_4f_EF589161,1,1,1,
5UTR,274,REF_4_unassigned_JX227964,1,1,1,
5UTR,276,REF_2a_HQ639944,1,1,1,
5UTR,279,REF_4a_NC_009825,1,1,1,
5UTR,279,REF_4_NC_009825,1,1,1,
5UTR,279,REF_5a_NC_009826,1,1,1,
5UTR,279,REF_5_NC_009826,1,1,1,
5UTR,279,REF_6a_HQ639936,1,1,1,
5UTR,283,REF_6a_Y12083,1,1,1,
5UTR,295,REF_6a_AY859526,1,1,1,
5UTR,298,REF_3a_X76918,1,1,1,
5UTR,304,REF_1b_EU781828,1,1,1,
5UTR,307,REF_6v_EU158186,1,1,1,
5UTR,307,REF_6v_EU798761,1,1,1,
5UTR,307,REF_6xa_EU408330,1,1,1,
5UTR,307,REF_6xa_EU408331,1,1,1,
5UTR,307,REF_6xa_EU408332,1,1,1,
5UTR,313,REF_1g_AM910652,1,1,1,
5UTR,313,REF_2i_DQ155561,1,1,1,
5UTR,313,REF_2l_KC197235,1,1,1,
5UTR,313,REF_2l_KC197240,1,1,1,
5UTR,313,REF_2q_FN666428,1,1,1,
5UTR,313,REF_2q_FN666429,1,1,1,
5UTR,313,REF_2t_KC197238,1,1,1,
5UTR,313,REF_2_unassigned_KC197236,1,1,1,
5UTR,313,REF_2_unassigned_KC197237,1,1,1,
5UTR,313,REF_2_unassigned_KC197239,1,1,1,
5UTR,313,REF_6e_EU246931,1,1,1,
5UTR,313,REF_6e_EU246932,1,1,1,
5UTR,313,REF_6f_EU246936,1,1,1,
5UTR,313,REF_6n_EU246938,1,1,1,
5UTR,313,REF_6o_EU246934,1,1,1,
5UTR,313,REF_6t_EU246939,1,1,1,
5UTR,313,REF_6u_EU246940,1,1,1,
5UTR,314,REF_1_unassigned_AJ851228,1,1,1,
5UTR,314,REF_3b_JQ065709,1,1,1,
5UTR,315,REF_1b_EU781827,1,1,1,
5UTR,316,REF_6a_EU246930,1,1,1,
5UTR,324,REF_6t_EF632071,1,1,1,
5UTR,329,REF_1b_D90208,1,1,1,
5UTR,332,REF_1b_M58335,1,1,1,
5UTR,338,REF_6d_D84263,1,1,1,
5UTR,338,REF_6e_DQ314805,1,1,1,
5UTR,338,REF_6f_DQ835760,1,1,1,
5UTR,338,REF_6g_D63822,1,1,1,
5UTR,338,REF_6g_DQ314806,1,1,1,
5UTR,338,REF_6h_D84265,1,1,1,
5UTR,338,REF_6i_DQ835762,1,1,1,
5UTR,338,REF_6i_DQ835770,1,1,1,
5UTR,338,REF_6j_DQ835761,1,1,1,
5UTR,338,REF_6j_DQ835769,1,1,1,
5UTR,338,REF_6k_D84264,1,1,1,
5UTR,338,REF_6l_EF424628,1,1,1,
5UTR,338,REF_6l_JX183556,1,1,1,
5UTR,338,REF_6m_DQ835766,1,1,1,
5UTR,338,REF_6m_DQ835767,1,1,1,
5UTR,338,REF_6n_DQ835768,1,1,1,
5UTR,338,REF_6o_EF424627,1,1,1,
5UTR,338,REF_6r_EU408328,1,1,1,
5UTR,338,REF_6s_EU408329,1,1,1,
5UTR,338,REF_6v_EU798760,1,1,1,
5UTR,338,REF_6xb_JX183552,1,1,1,
5UTR,338,REF_6xb_KJ567645,1,1,1,
5UTR,338,REF_6xc_KJ567651,1,1,1,
5UTR,338,REF_6xe_JX183557,1,1,1,
5UTR,338,REF_6xe_KM252792,1,1,1,
5UTR,338,REF_6_unassigned_JX183549,1,1,1,
5UTR,338,REF_6_unassigned_JX183550,1,1,1,
5UTR,338,REF_6_unassigned_JX183551,1,1,1,
5UTR,338,REF_6_unassigned_JX183553,1,1,1,
5UTR,338,REF_6_unassigned_JX183554,1,1,1,
5UTR,338,REF_6_unassigned_JX183558,1,1,1,
5UTR,338,REF_6_unassigned_KC844039,1,1,1,
5UTR,338,REF_6_unassigned_KC844040,1,1,1,
5UTR,339,REF_3a_D28917,1,1,1,
5UTR,339,REF_3a_NC_009824,1,1,1,
5UTR,339,REF_3b_D49374,1,1,1,
5UTR,339,REF_3e_KJ470618,1,1,1,
5UTR,339,REF_3g_JF735123,1,1,1,
5UTR,339,REF_3h_JF735121,1,1,1,
5UTR,339,REF_3h_JF735126,1,1,1,
5UTR,339,REF_3k_D63821,1,1,1,
5UTR,339,REF_3k_JF735122,1,1,1,
5UTR,339,REF_3_NC_009824,1,1,1,
5UTR,339,REF_3_unassigned_JF735124,1,1,1,
5UTR,339,REF_6c_EF424629,1,1,1,
5UTR,339,REF_6p_EF424626,1,1,1,
5UTR,339,REF_6q_EF424625,1,1,1,
5UTR,339,REF_6w_DQ278892,1,1,1,
5UTR,339,REF_6_unassigned_KJ470622,1,1,1,
5UTR,339,REF_6_unassigned_KJ470623,1,1,1,
5UTR,339,REF_6_unassigned_KJ470625,1,1,1,
5UTR,339,REF_7a_NC_030791,1,1,1,
5UTR,339,REF_7_NC_030791,1,1,1,
5UTR,340,REF_1e_KC248194,1,1,1,
5UTR,340,REF_2a_AB047639,1,1,1,
5UTR,340,REF_2a_D00944,1,1,1,
5UTR,340,REF_2c_D50409,1,1,1,
5UTR,340,REF_2d_JF735114,1,1,1,
5UTR,340,REF_2e_JF735120,1,1,1,
5UTR,340,REF_2f_KC844042,1,1,1,
5UTR,340,REF_2f_KC844050,1,1,1,
5UTR,340,REF_2j_JF735113,1,1,1,
5UTR,340,REF_2m_JF735111,1,1,1,
5UTR,340,REF_2r_JF735115,1,1,1,
5UTR,340,REF_2u_JF735112,1,1,1,
5UTR,340,REF_2_D00944,1,1,1,
5UTR,340,REF_2_unassigned_JF735110,1,1,1,
5UTR,340,REF_2_unassigned_JF735116,1,1,1,
5UTR,340,REF_2_unassigned_JF735117,1,1,1,
5UTR,340,REF_2_unassigned_JF735118,1,1,1,
5UTR,340,REF_3d_KJ470619,1,1,1,
5UTR,340,REF_3i_FJ407092,1,1,1,
5UTR,340,REF_4b_FJ462435,1,1,1,
5UTR,340,REF_4c_FJ462436,1,1,1,
5UTR,340,REF_4d_FJ462437,1,1,1,
5UTR,340,REF_4l_FJ839870,1,1,1,
5UTR,340,REF_4n_FJ462441,1,1,1,
5UTR,340,REF_4p_FJ462431,1,1,1,
5UTR,340,REF_4r_FJ462439,1,1,1,
5UTR,340,REF_4t_FJ839869,1,1,1,
5UTR,340,REF_4_unassigned_JF735127,1,1,1,
5UTR,340,REF_4_unassigned_JF735129,1,1,1,
5UTR,340,REF_4_unassigned_JF735130,1,1,1,
5UTR,340,REF_4_unassigned_JF735132,1,1,1,
5UTR,340,REF_4_unassigned_JF735134,1,1,1,
5UTR,340,REF_4_unassigned_JF735135,1,1,1,
5UTR,340,REF_4_unassigned_JF735138,1,1,1,
5UTR,340,REF_6_unassigned_DQ278891,1,1,1,
5UTR,340,REF_6_unassigned_KJ470620,1,1,1,
5UTR,340,REF_6_unassigned_KJ470621,1,1,1,
5UTR,340,REF_6_unassigned_KJ470624,1,1,1,
5UTR,341,REF_1a_M62321,1,1,1,
5UTR,341,REF_1a_M67463,1,1,1,
5UTR,341,REF_1a_NC_004102,1,1,1,
5UTR,341,REF_1c_AY051292,1,1,1,
5UTR,341,REF_1c_AY651061,1,1,1,
5UTR,341,REF_1c_D14853,1,1,1,
5UTR,341,REF_1d_KJ439768,1,1,1,
5UTR,341,REF_1h_KC248198,1,1,1,
5UTR,341,REF_1h_KC248199,1,1,1,
5UTR,341,REF_1i_KJ439772,1,1,1,
5UTR,341,REF_1j_KJ439773,1,1,1,
5UTR,341,REF_1k_KJ439774,1,1,1,
5UTR,341,REF_1m_KJ439778,1,1,1,
5UTR,341,REF_1m_KJ439782,1,1,1,
5UTR,341,REF_1n_KJ439775,1,1,1,
5UTR,341,REF_1_NC_004102,1,1,1,
5UTR,341,REF_1_unassigned_KC248195,1,1,1,
5UTR,341,REF_1_unassigned_KJ439777,1,1,1,
5UTR,341,REF_1_unassigned_KJ439780,1,1,1,
5UTR,341,REF_2b_AB030907,1,1,1,
5UTR,341,REF_2b_D10988,1,1,1,
5UTR,341,REF_2k_AB031663,1,1,1,
5UTR,341,REF_2_unassigned_JF735119,1,1,1,
5UTR,341,REF_4g_FJ462432,1,1,1,
5UTR,341,REF_4k_FJ462438,1,1,1,
5UTR,341,REF_4m_FJ462433,1,1,1,
5UTR,341,REF_4o_FJ462440,1,1,1,
5UTR,341,REF_4q_FJ462434,1,1,1,
5UTR,341,REF_4s_JF735136,1,1,1,
5UTR,341,REF_4_unassigned_JF735131,1,1,1,
5UTR,341,REF_6xd_KM252789,1,1,1,
5UTR,341,REF_6xd_KM252790,1,1,1,
5UTR,341,REF_6xd_KM252791,1,1,1,
5UTR,341,REF_6_unassigned_DQ278893,1,1,1,
5UTR,341,REF_MASTER_NC_004102,1,1,1,
5UTR,342,REF_1l_KC248193,1,1,1,
5UTR,342,REF_1l_KC248196,1,1,1,
5UTR,342,REF_1l_KC248197,1,1,1,
5UTR,342,REF_1n_KJ439781,1,1,1,
5UTR,342,REF_1_unassigned_KJ439776,1,1,1,
5UTR,342,REF_1_unassigned_KJ439779,1,1,1,
5UTR,342,REF_6b_NC_009827,1,1,1,
5UTR,342,REF_6n_DQ278894,1,1,1,
5UTR,342,REF_6_NC_009827,1,1,1,
5UTR,343,REF_3a_JN714194,1,1,1,
Core,96,REF_2n_L39309_L44602,1,1,1,
Core,96,REF_2p_L39300_L44601,1,1,1,
Core,111,REF_4e_L29589_L29590,4,1,1,
Core,195,REF_4e_L29589_L29590,115,1,1,
Core,195,REF_4h_L29610_L29611,1,1,1,
Core,195,REF_4i_L36439_L36437,1,1,1,
Core,573,REF_2b_AB661382,1,1,1,
Core,573,REF_2b_AB661388,1,1,1,
Core,573,REF_2s_JQ924942_HM777447_HM777332,1,1,1,
Core,638,REF_6w_EU643834,66,1,1,
Core,638,REF_6w_EU643836,66,1,1,
Core,691,REF_1f_L38350_L38371,239,1,1,
Core,703,REF_4g_JX227971,131,1,1,
Core,712,REF_1f_L38350_L38371,695,1,1,
Core,718,REF_1a_EF407457,146,1,1,
Core,724,REF_1f_L38350_L38371,716,1,1,
Core,745,REF_1f_L38350_L38371,740,1,1,
Core,757,REF_1f_L38350_L38371,749,1,1,
Core,763,REF_1a_HQ850279,191,1,1,
Core,763,REF_4w_FJ025855,191,1,1,
Core,763,REF_4w_FJ025856,191,1,1,
Core,763,REF_4_unassigned_FJ025854,191,1,1,
Core,775,REF_1f_L38350_L38371,764,1,1,
Core,799,REF_4k_EU392171,227,1,1,
Core,799,REF_4v_JX227960,227,1,1,
Core,807,REF_4d_DQ418786,235,1,1,
Core,808,REF_1_unassigned_HQ537007,236,1,1,
Core,811,REF_1f_L38350_L38371,779,1,1,
Core,811,REF_2o_L38333_L38373,239,1,1,
Core,819,REF_5a_AF064490,247,1,1,
Core,821,REF_4o_JX227977,249,1,1,
Core,828,REF_2c_JX227949,256,1,1,
Core,829,REF_4v_HQ537008,257,1,1,
Core,829,REF_4v_HQ537009,257,1,1,
Core,832,REF_3c_D16612_D14198_D16613,260,1,1,
Core,832,REF_4a_DQ988074,260,1,1,
Core,833,REF_2j_HM777358,261,1,1,
Core,833,REF_2j_HM777359,261,1,1,
Core,833,REF_3f_D16614_D14203_D16615,261,1,1,
Core,833,REF_4l_JX227957,261,1,1,
Core,834,REF_4a_DQ418789,262,1,1,
Core,834,REF_4f_EU392175,262,1,1,
Core,835,REF_2k_JX227953,263,1,1,
Core,835,REF_4d_EU392172,263,1,1,
Core,835,REF_4f_EU392174,263,1,1,
Core,835,REF_4n_JX227970,263,1,1,
Core,835,REF_4r_JX227976,263,1,1,
Core,836,REF_2m_JX227967,264,1,1,
Core,836,REF_4g_JX227963,264,1,1,
Core,836,REF_4k_EU392173,264,1,1,
Core,836,REF_4m_JX227972,264,1,1,
Core,837,REF_3g_JX227954,265,1,1,
Core,838,REF_3i_JX227955,266,1,1,
Core,846,REF_4v_JX227959,274,1,1,
Core,847,REF_4f_EF589161,275,1,1,
Core,847,REF_4_unassigned_JX227964,275,1,1,
Core,849,REF_2a_HQ639944,277,1,1,
Core,852,REF_4a_NC_009825,280,1,1,
Core,852,REF_4_NC_009825,280,1,1,
Core,852,REF_5a_NC_009826,280,1,1,
Core,852,REF_5_NC_009826,280,1,1,
Core,852,REF_6a_HQ639936,280,1,1,
Core,856,REF_6a_Y12083,284,1,1,
Core,868,REF_6a_AY859526,296,1,1,
Core,871,REF_3a_X76918,299,1,1,
Core,877,REF_1b_EU781828,305,1,1,
Core,880,REF_6v_EU158186,308,1,1,
Core,880,REF_6v_EU798761,308,1,1,
Core,880,REF_6xa_EU408330,308,1,1,
Core,880,REF_6xa_EU408331,308,1,1,
Core,880,REF_6xa_EU408332,308,1,1,
Core,886,REF_1g_AM910652,314,1,1,
Core,886,REF_2i_DQ155561,314,1,1,
Core,886,REF_2l_KC197235,314,1,1,
Core,886,REF_2l_KC197240,314,1,1,
Core,886,REF_2q_FN666428,314,1,1,
Core,886,REF_2q_FN666429,314,1,1,
Core,886,REF_2t_KC197238,314,1,1,
Core,886,REF_2_unassigned_KC197236,314,1,1,
Core,886,REF_2_unassigned_KC197237,314,1,1,
Core,886,REF_2_unassigned_KC197239,314,1,1,
Core,886,REF_6e_EU246931,314,1,1,
Core,886,REF_6e_EU246932,314,1,1,
Core,886,REF_6f_EU246936,314,1,1,
Core,886,REF_6n_EU246938,314,1,1,
Core,886,REF_6o_EU246934,314,1,1,
Core,886,REF_6t_EU246939,314,1,1,
Core,886,REF_6u_EU246940,314,1,1,
Core,887,REF_1_unassigned_AJ851228,315,1,1,
Core,887,REF_3b_JQ065709,315,1,1,
Core,888,REF_1b_EU781827,316,1,1,
Core,889,REF_6a_EU246930,317,1,1,
Core,897,REF_6t_EF632071,325,1,1,
Core,902,REF_1b_D90208,330,1,1,
Core,905,REF_1b_M58335,333,1,1,
Core,911,REF_6d_D84263,339,1,1,
Core,911,REF_6e_DQ314805,339,1,1,
Core,911,REF_6f_DQ835760,339,1,1,
Core,911,REF_6g_D63822,339,1,1,
Core,911,REF_6g_DQ314806,339,1,1,
Core,911,REF_6h_D84265,339,1,1,
Core,911,REF_6i_DQ835762,339,1,1,
Core,911,REF_6i_DQ835770,339,1,1,
Core,911,REF_6j_DQ835761,339,1,1,
Core,911,REF_6j_DQ835769,339,1,1,
Core,911,REF_6k_D84264,339,1,1,
Core,911,REF_6l_EF424628,339,1,1,
Core,911,REF_6l_JX183556,339,1,1,
Core,911,REF_6m_DQ835766,339,1,1,
Core,911,REF_6m_DQ835767,339,1,1,
Core,911,REF_6n_DQ835768,339,1,1,
Core,911,REF_6o_EF424627,339,1,1,
Core,911,REF_6r_EU408328,339,1,1,
Core,911,REF_6s_EU408329,339,1,1,
Core,911,REF_6v_EU798760,339,1,1,
Core,911,REF_6xb_JX183552,339,1,1,
Core,911,REF_6xb_KJ567645,339,1,1,
Core,911,REF_6xc_KJ567651,339,1,1,
Core,911,REF_6xe_JX183557,339,1,1,
Core,911,REF_6xe_KM252792,339,1,1,
Core,911,REF_6_unassigned_JX183549,339,1,1,
Core,911,REF_6_unassigned_JX183550,339,1,1,
Core,911,REF_6_unassigned_JX183551,339,1,1,
Core,911,REF_6_unassigned_JX183553,339,1,1,
Core,911,REF_6_unassigned_JX183554,339,1,1,
Core,911,REF_6_unassigned_JX183558,339,1,1,
Core,911,REF_6_unassigned_KC844039,339,1,1,
Core,911,REF_6_unassigned_KC844040,339,1,1,
Core,912,REF_3a_D28917,340,1,1,
Core,912,REF_3a_NC_009824,340,1,1,
Core,912,REF_3b_D49374,340,1,1,
Core,912,REF_3e_KJ470618,340,1,1,
Core,912,REF_3g_JF735123,340,1,1,
Core,912,REF_3h_JF735121,340,1,1,
Core,912,REF_3h_JF735126,340,1,1,
Core,912,REF_3k_D63821,340,1,1,
Core,912,REF_3k_JF735122,340,1,1,
Core,912,REF_3_NC_009824,340,1,1,
Core,912,REF_3_unassigned_JF735124,340,1,1,
Core,912,REF_6c_EF424629,340,1,1,
Core,912,REF_6p_EF424626,340,1,1,
Core,912,REF_6q_EF424625,340,1,1,
Core,912,REF_6w_DQ278892,340,1,1,
Core,912,REF_6_unassigned_KJ470622,340,1,1,
Core,912,REF_6_unassigned_KJ470623,340,1,1,
Core,912,REF_6_unassigned_KJ470625,340,1,1,
Core,912,REF_7a_NC_030791,340,1,1,
Core,912,REF_7_NC_030791,340,1,1,
Core,913,REF_1e_KC248194,341,1,1,
Core,913,REF_2a_AB047639,341,1,1,
Core,913,REF_2a_D00944,341,1,1,
Core,913,REF_2c_D50409,341,1,1,
Core,913,REF_2d_JF735114,341,1,1,
Core,913,REF_2e_JF735120,341,1,1,
Core,913,REF_2f_KC844042,341,1,1,
Core,913,REF_2f_KC844050,341,1,1,
Core,913,REF_2j_JF735113,341,1,1,
Core,913,REF_2m_JF735111,341,1,1,
Core,913,REF_2r_JF735115,341,1,1,
Core,913,REF_2u_JF735112,341,1,1,
Core,913,REF_2_D00944,341,1,1,
Core,913,REF_2_unassigned_JF735110,341,1,1,
Core,913,REF_2_unassigned_JF735116,341,1,1,
Core,913,REF_2_unassigned_JF735117,341,1,1,
Core,913,REF_2_unassigned_JF735118,341,1,1,
Core,913,REF_3d_KJ470619,341,1,1,
Core,913,REF_3i_FJ407092,341,1,1,
Core,913,REF_4b_FJ462435,341,1,1,
Core,913,REF_4c_FJ462436,341,1,1,
Core,913,REF_4d_FJ462437,341,1,1,
Core,913,REF_4l_FJ839870,341,1,1,
Core,913,REF_4n_FJ462441,341,1,1,
Core,913,REF_4p_FJ462431,341,1,1,
Core,913,REF_4r_FJ462439,341,1,1,
Core,913,REF_4t_FJ839869,341,1,1,
Core,913,REF_4_unassigned_JF735127,341,1,1,
Core,913,REF_4_unassigned_JF735129,341,1,1,
Core,913,REF_4_unassigned_JF735130,341,1,1,
Core,913,REF_4_unassigned_JF735132,341,1,1,
Core,913,REF_4_unassigned_JF735134,341,1,1,
Core,913,REF_4_unassigned_JF735135,341,1,1,
Core,913,REF_4_unassigned_JF735138,341,1,1,
Core,913,REF_6_unassigned_DQ278891,341,1,1,
Core,913,REF_6_unassigned_KJ470620,341,1,1,
Core,913,REF_6_unassigned_KJ470621,341,1,1,
Core,913,REF_6_unassigned_KJ470624,341,1,1,
Core,914,REF_1a_M62321,342,1,1,
Core,914,REF_1a_M67463,342,1,1,
Core,914,REF_1a_NC_004102,342,1,1,
Core,914,REF_1c_AY051292,342,1,1,
Core,914,REF_1c_AY651061,342,1,1,
Core,914,REF_1c_D14853,342,1,1,
Core,914,REF_1d_KJ439768,342,1,1,
Core,914,REF_1h_KC248198,342,1,1,
Core,914,REF_1h_KC248199,342,1,1,
Core,914,REF_1i_KJ439772,342,1,1,
Core,914,REF_1j_KJ439773,342,1,1,
Core,914,REF_1k_KJ439774,342,1,1,
Core,914,REF_1m_KJ439778,342,1,1,
Core,914,REF_1m_KJ439782,342,1,1,
Core,914,REF_1n_KJ439775,342,1,1,
Core,914,REF_1_NC_004102,342,1,1,
Core,914,REF_1_unassigned_KC248195,342,1,1,
Core,914,REF_1_unassigned_KJ439777,342,1,1,
Core,914,REF_1_unassigned_KJ439780,342,1,1,
Core,914,REF_2b_AB030907,342,1,1,
Core,914,REF_2b_D10988,342,1,1,
Core,914,REF_2k_AB031663,342,1,1,
Core,914,REF_2_unassigned_JF735119,342,1,1,
Core,914,REF_4g_FJ462432,342,1,1,
Core,914,REF_4k_FJ462438,342,1,1,
Core,914,REF_4m_FJ462433,342,1,1,
Core,914,REF_4o_FJ462440,342,1,1,
Core,914,REF_4q_FJ462434,342,1,1,
Core,914,REF_4s_JF735136,342,1,1,
Core,914,REF_4_unassigned_JF735131,342,1,1,
Core,914,REF_6xd_KM252789,342,1,1,
Core,914,REF_6xd_KM252790,342,1,1,
Core,914,REF_6xd_KM252791,342,1,1,
Core,914,REF_6_unassigned_DQ278893,342,1,1,
Core,914,REF_MASTER_NC_004102,342,1,1,
Core,915,REF_1l_KC248193,343,1,1,
Core,915,REF_1l_KC248196,343,1,1,
Core,915,REF_1l_KC248197,343,1,1,
Core,915,REF_1n_KJ439781,343,1,1,
Core,915,REF_1_unassigned_KJ439776,343,1,1,
Core,915,REF_1_unassigned_KJ439779,343,1,1,
Core,915,REF_6b_NC_009827,343,1,1,
Core,915,REF_6n_DQ278894,343,1,1,
Core,915,REF_6_NC_009827,343,1,1,
Core,916,REF_3a_JN714194,344,1,1,
E1,225,REF_2n_L39309_L44602,97,1,1,
E1,225,REF_2p_L39300_L44601,97,1,1,
E1,324,REF_4e_L29589_L29590,196,1,1,
E1,324,REF_4h_L29610_L29611,196,1,1,
E1,324,REF_4i_L36439_L36437,196,1,1,
E1,447,REF_2n_L39309_L44602,226,1,1,
E1,447,REF_2p_L39300_L44601,226,1,1,
E1,567,REF_4i_L36439_L36437,325,1,1,
E1,579,REF_4e_L29589_L29590,325,1,1,
E1,579,REF_4h_L29610_L29611,325,1,1,
E1,582,REF_2s_JQ924942_HM777447_HM777332,574,1,1,
E1,744,REF_2s_JQ924942_HM777447_HM777332,595,1,1,
E1,913,REF_1f_L38350_L38371,812,1,1,
E1,940,REF_1f_L38350_L38371,917,1,1,
E1,940,REF_2o_L38333_L38373,812,1,1,
E1,961,REF_3c_D16612_D14198_D16613,833,1,1,
E1,962,REF_3f_D16614_D14203_D16615,834,1,1,
E1,1008,REF_2l_KC197240,887,1,1,
E1,1015,REF_2i_DQ155561,887,1,1,
E1,1033,REF_2l_KC197240,1027,1,1,
E1,1043,REF_4o_FJ462440,915,1,1,
E1,1149,REF_2b_AB661382,574,1,1,
E1,1149,REF_2b_AB661388,574,1,1,
E1,1186,REF_1f_L38350_L38371,941,1,1,
E1,1192,REF_2o_L38333_L38373,941,1,1,
E1,1214,REF_6w_EU643834,639,1,1,
E1,1214,REF_6w_EU643836,639,1,1,
E1,1279,REF_4g_JX227971,704,1,1,
E1,1294,REF_1a_EF407457,719,1,1,
E1,1339,REF_1a_HQ850279,764,1,1,
E1,1339,REF_4w_FJ025855,764,1,1,
E1,1339,REF_4w_FJ025856,764,1,1,
E1,1339,REF_4_unassigned_FJ025854,764,1,1,
E1,1375,REF_4k_EU392171,800,1,1,
E1,1375,REF_4v_JX227960,800,1,1,
E1,1383,REF_4d_DQ418786,808,1,1,
E1,1384,REF_1_unassigned_HQ537007,809,1,1,
E1,1395,REF_5a_AF064490,820,1,1,
E1,1397,REF_4o_JX227977,822,1,1,
E1,1404,REF_2c_JX227949,829,1,1,
E1,1405,REF_4v_HQ537008,830,1,1,
E1,1405,REF_4v_HQ537009,830,1,1,
E1,1408,REF_3c_D16612_D14198_D16613,962,1,1,
E1,1408,REF_4a_DQ988074,833,1,1,
E1,1409,REF_2j_HM777358,834,1,1,
E1,1409,REF_2j_HM777359,834,1,1,
E1,1409,REF_3f_D16614_D14203_D16615,963,1,1,
E1,1409,REF_4l_JX227957,834,1,1,
E1,1410,REF_4a_DQ418789,835,1,1,
E1,1410,REF_4f_EU392175,835,1,1,
E1,1411,REF_2k_JX227953,836,1,1,
E1,1411,REF_4d_EU392172,836,1,1,
E1,1411,REF_4f_EU392174,836,1,1,
E1,1411,REF_4n_JX227970,836,1,1,
E1,1411,REF_4r_JX227976,836,1,1,
E1,1412,REF_2m_JX227967,837,1,1,
E1,1412,REF_4g_JX227963,837,1,1,
E1,1412,REF_4k_EU392173,837,1,1,
E1,1412,REF_4m_JX227972,837,1,1,
E1,1413,REF_3g_JX227954,838,1,1,
E1,1414,REF_3i_JX227955,839,1,1,
E1,1422,REF_4v_JX227959,847,1,1,
E1,1423,REF_4f_EF589161,848,1,1,
E1,1423,REF_4_unassigned_JX227964,848,1,1,
E1,1425,REF_2a_HQ639944,850,1,1,
E1,1428,REF_4a_NC_009825,853,1,1,
E1,1428,REF_4_NC_009825,853,1,1,
E1,1428,REF_5a_NC_009826,853,1,1,
E1,1428,REF_5_NC_009826,853,1,1,
E1,1428,REF_6a_HQ639936,853,1,1,
E1,1432,REF_6a_Y12083,857,1,1,
E1,1444,REF_6a_AY859526,869,1,1,
E1,1447,REF_3a_X76918,872,1,1,
E1,1453,REF_1b_EU781828,878,1,1,
E1,1456,REF_6v_EU158186,881,1,1,
E1,1456,REF_6v_EU798761,881,1,1,
E1,1456,REF_6xa_EU408330,881,1,1,
E1,1456,REF_6xa_EU408331,881,1,1,
E1,1456,REF_6xa_EU408332,881,1,1,
E1,1462,REF_1g_AM910652,887,1,1,
E1,1462,REF_2i_DQ155561,1016,1,1,
E1,1462,REF_2l_KC197235,887,1,1,
E1,1462,REF_2q_FN666428,887,1,1,
E1,1462,REF_2q_FN666429,887,1,1,
E1,1462,REF_2_unassigned_KC197236,887,1,1,
E1,1462,REF_2_unassigned_KC197237,887,1,1,
E1,1462,REF_6e_EU246931,887,1,1,
E1,1462,REF_6e_EU246932,887,1,1,
E1,1462,REF_6f_EU246936,887,1,1,
E1,1462,REF_6n_EU246938,887,1,1,
E1,1462,REF_6o_EU246934,887,1,1,
E1,1462,REF_6t_EU246939,887,1,1,
E1,1462,REF_6u_EU246940,887,1,1,
E1,1463,REF_1_unassigned_AJ851228,888,1,1,
E1,1463,REF_3b_JQ065709,888,1,1,
E1,1464,REF_1b_EU781827,889,1,1,
E1,1465,REF_2_unassigned_KC197239,887,1,1,
E1,1465,REF_6a_EU246930,890,1,1,
E1,1468,REF_2t_KC197238,887,1,1,
E1,1473,REF_6t_EF632071,898,1,1,
E1,1478,REF_1b_D90208,903,1,1,
E1,1480,REF_2l_KC197240,1034,1,1,
E1,1481,REF_1b_M58335,906,1,1,
E1,1487,REF_6d_D84263,912,1,1,
E1,1487,REF_6e_DQ314805,912,1,1,
E1,1487,REF_6f_DQ835760,912,1,1,
E1,1487,REF_6g_D63822,912,1,1,
E1,1487,REF_6g_DQ314806,912,1,1,
E1,1487,REF_6h_D84265,912,1,1,
E1,1487,REF_6i_DQ835762,912,1,1,
E1,1487,REF_6i_DQ835770,912,1,1,
E1,1487,REF_6j_DQ835761,912,1,1,
E1,1487,REF_6j_DQ835769,912,1,1,
E1,1487,REF_6k_D84264,912,1,1,
E1,1487,REF_6l_EF424628,912,1,1,
E1,1487,REF_6l_JX183556,912,1,1,
E1,1487,REF_6m_DQ835766,912,1,1,
E1,1487,REF_6m_DQ835767,912,1,1,
E1,1487,REF_6n_DQ835768,912,1,1,
E1,1487,REF_6o_EF424627,912,1,1,
E1,1487,REF_6r_EU408328,912,1,1,
E1,1487,REF_6s_EU408329,912,1,1,
E1,1487,REF_6v_EU798760,912,1,1,
E1,1487,REF_6xb_JX183552,912,1,1,
E1,1487,REF_6xb_KJ567645,912,1,1,
E1,1487,REF_6xc_KJ567651,912,1,1,
E1,1487,REF_6xe_JX183557,912,1,1,
E1,1487,REF_6xe_KM252792,912,1,1,
E1,1487,REF_6_unassigned_JX183549,912,1,1,
E1,1487,REF_6_unassigned_JX183550,912,1,1,
E1,1487,REF_6_unassigned_JX183551,912,1,1,
E1,1487,REF_6_unassigned_JX183553,912,1,1,
E1,1487,REF_6_unassigned_JX183554,912,1,1,
E1,1487,REF_6_unassigned_JX183558,912,1,1,
E1,1487,REF_6_unassigned_KC844039,912,1,1,
E1,1487,REF_6_unassigned_KC844040,912,1,1,
E1,1488,REF_3a_D28917,913,1,1,
E1,1488,REF_3a_NC_009824,913,1,1,
E1,1488,REF_3e_KJ470618,913,1,1,
E1,1488,REF_3g_JF735123,913,1,1,
E1,1488,REF_3h_JF735121,913,1,1,
E1,1488,REF_3h_JF735126,913,1,1,
E1,1488,REF_3k_D63821,913,1,1,
E1,1488,REF_3k_JF735122,913,1,1,
E1,1488,REF_3_NC_009824,913,1,1,
E1,1488,REF_3_unassigned_JF735124,913,1,1,
E1,1488,REF_6c_EF424629,913,1,1,
E1,1488,REF_6p_EF424626,913,1,1,
E1,1488,REF_6q_EF424625,913,1,1,
E1,1488,REF_6w_DQ278892,913,1,1,
E1,1488,REF_6_unassigned_KJ470622,913,1,1,
E1,1488,REF_6_unassigned_KJ470623,913,1,1,
E1,1488,REF_6_unassigned_KJ470625,913,1,1,
E1,1488,REF_7a_NC_030791,913,1,1,
E1,1488,REF_7_NC_030791,913,1,1,
E1,1489,REF_1e_KC248194,914,1,1,
E1,1489,REF_2a_AB047639,914,1,1,
E1,1489,REF_2a_D00944,914,1,1,
E1,1489,REF_2c_D50409,914,1,1,
E1,1489,REF_2d_JF735114,914,1,1,
E1,1489,REF_2e_JF735120,914,1,1,
E1,1489,REF_2f_KC844042,914,1,1,
E1,1489,REF_2f_KC844050,914,1,1,
E1,1489,REF_2j_JF735113,914,1,1,
E1,1489,REF_2m_JF735111,914,1,1,
E1,1489,REF_2r_JF735115,914,1,1,
E1,1489,REF_2u_JF735112,914,1,1,
E1,1489,REF_2_D00944,914,1,1,
E1,1489,REF_2_unassigned_JF735110,914,1,1,
E1,1489,REF_2_unassigned_JF735116,914,1,1,
E1,1489,REF_2_unassigned_JF735117,914,1,1,
E1,1489,REF_2_unassigned_JF735118,914,1,1,
E1,1489,REF_3d_KJ470619,914,1,1,
E1,1489,REF_3i_FJ407092,914,1,1,
E1,1489,REF_4b_FJ462435,914,1,1,
E1,1489,REF_4c_FJ462436,914,1,1,
E1,1489,REF_4d_FJ462437,914,1,1,
E1,1489,REF_4l_FJ839870,914,1,1,
E1,1489,REF_4n_FJ462441,914,1,1,
E1,1489,REF_4p_FJ462431,914,1,1,
E1,1489,REF_4r_FJ462439,914,1,1,
E1,1489,REF_4t_FJ839869,914,1,1,
E1,1489,REF_4_unassigned_JF735127,914,1,1,
E1,1489,REF_4_unassigned_JF735129,914,1,1,
E1,1489,REF_4_unassigned_JF735130,914,1,1,
E1,1489,REF_4_unassigned_JF735132,914,1,1,
E1,1489,REF_4_unassigned_JF735134,914,1,1,
E1,1489,REF_4_unassigned_JF735135,914,1,1,
E1,1489,REF_4_unassigned_JF735138,914,1,1,
E1,1489,REF_6_unassigned_DQ278891,914,1,1,
E1,1489,REF_6_unassigned_KJ470620,914,1,1,
E1,1489,REF_6_unassigned_KJ470621,914,1,1,
E1,1489,REF_6_unassigned_KJ470624,914,1,1,
E1,1490,REF_1a_M62321,915,1,1,
E1,1490,REF_1a_M67463,915,1,1,
E1,1490,REF_1a_NC_004102,915,1,1,
E1,1490,REF_1c_AY051292,915,1,1,
E1,1490,REF_1c_AY651061,915,1,1,
E1,1490,REF_1c_D14853,915,1,1,
E1,1490,REF_1d_KJ439768,915,1,1,
E1,1490,REF_1h_KC248198,915,1,1,
E1,1490,REF_1h_KC248199,915,1,1,
E1,1490,REF_1i_KJ439772,915,1,1,
E1,1490,REF_1j_KJ439773,915,1,1,
E1,1490,REF_1k_KJ439774,915,1,1,
E1,1490,REF_1m_KJ439778,915,1,1,
E1,1490,REF_1m_KJ439782,915,1,1,
E1,1490,REF_1n_KJ439775,915,1,1,
E1,1490,REF_1_NC_004102,915,1,1,
E1,1490,REF_1_unassigned_KC248195,915,1,1,
E1,1490,REF_1_unassigned_KJ439777,915,1,1,
E1,1490,REF_1_unassigned_KJ439780,915,1,1,
E1,1490,REF_2b_AB030907,915,1,1,
E1,1490,REF_2b_D10988,915,1,1,
E1,1490,REF_2k_AB031663,915,1,1,
E1,1490,REF_2_unassigned_JF735119,915,1,1,
E1,1490,REF_4g_FJ462432,915,1,1,
E1,1490,REF_4k_FJ462438,915,1,1,
E1,1490,REF_4m_FJ462433,915,1,1,
E1,1490,REF_4o_FJ462440,1044,1,1,
E1,1490,REF_4q_FJ462434,915,1,1,
E1,1490,REF_4s_JF735136,915,1,1,
E1,1490,REF_4_unassigned_JF735131,915,1,1,
E1,1490,REF_6xd_KM252789,915,1,1,
E1,1490,REF_6xd_KM252790,915,1,1,
E1,1490,REF_6xd_KM252791,915,1,1,
E1,1490,REF_6_unassigned_DQ278893,915,1,1,
E1,1490,REF_MASTER_NC_004102,915,1,1,
E1,1491,REF_1l_KC248193,916,1,1,
E1,1491,REF_1l_KC248196,916,1,1,
E1,1491,REF_1l_KC248197,916,1,1,
E1,1491,REF_1n_KJ439781,916,1,1,
E1,1491,REF_1_unassigned_KJ439776,916,1,1,
E1,1491,REF_1_unassigned_KJ439779,916,1,1,
E1,1491,REF_3b_D49374,913,1,1,
E1,1491,REF_6b_NC_009827,916,1,1,
E1,1491,REF_6n_DQ278894,916,1,1,
E1,1491,REF_6_NC_009827,916,1,1,
E1,1492,REF_3a_JN714194,917,1,1,
E2,1471,REF_2i_DQ155561,1463,1,1,
E2,1483,REF_2l_KC197240,1481,1,1,
E2,1499,REF_4o_FJ462440,1491,1,1,
E2,1639,REF_2i_DQ155561,1472,1,1,
E2,1654,REF_2l_KC197240,1487,1,1,
E2,1667,REF_4o_FJ462440,1500,1,1,
E2,1735,REF_2i_DQ155561,1640,1,1,
E2,1759,REF_2i_DQ155561,1739,1,1,
E2,1763,REF_4o_FJ462440,1668,1,1,
E2,1774,REF_2l_KC197240,1655,1,1,
E2,1784,REF_4o_FJ462440,1764,1,1,
E2,2038,REF_2i_DQ155561,1763,1,1,
E2,2053,REF_2l_KC197240,1775,1,1,
E2,2063,REF_4o_FJ462440,1785,1,1,
E2,2250,REF_2b_AB661382,1150,1,1,
E2,2250,REF_2b_AB661388,1150,1,1,
E2,2315,REF_6w_EU643836,1215,1,1,
E2,2318,REF_6w_EU643834,1215,1,1,
E2,2359,REF_4g_JX227971,1280,1,1,
E2,2383,REF_1a_EF407457,1295,1,1,
E2,2428,REF_1a_HQ850279,1340,1,1,
E2,2428,REF_4w_FJ025855,1340,1,1,
E2,2428,REF_4w_FJ025856,1340,1,1,
E2,2428,REF_4_unassigned_FJ025854,1340,1,1,
E2,2464,REF_4k_EU392171,1376,1,1,
E2,2464,REF_4v_JX227960,1376,1,1,
E2,2469,REF_4d_DQ418786,1384,1,1,
E2,2473,REF_1_unassigned_HQ537007,1385,1,1,
E2,2486,REF_4o_JX227977,1398,1,1,
E2,2487,REF_5a_AF064490,1396,1,1,
E2,2489,REF_4g_JX227963,1413,1,1,
E2,2491,REF_4v_HQ537008,1406,1,1,
E2,2494,REF_4a_DQ988074,1409,1,1,
E2,2494,REF_4v_HQ537009,1406,1,1,
E2,2495,REF_4l_JX227957,1410,1,1,
E2,2497,REF_4d_EU392172,1412,1,1,
E2,2498,REF_4m_JX227972,1413,1,1,
E2,2499,REF_4a_DQ418789,1411,1,1,
E2,2500,REF_4n_JX227970,1412,1,1,
E2,2500,REF_4r_JX227976,1412,1,1,
E2,2501,REF_4k_EU392173,1413,1,1,
E2,2505,REF_2c_JX227949,1405,1,1,
E2,2505,REF_4f_EU392175,1411,1,1,
E2,2506,REF_4f_EU392174,1412,1,1,
E2,2508,REF_4v_JX227959,1423,1,1,
E2,2510,REF_2j_HM777358,1410,1,1,
E2,2510,REF_2j_HM777359,1410,1,1,
E2,2512,REF_2k_JX227953,1412,1,1,
E2,2512,REF_4_unassigned_JX227964,1424,1,1,
E2,2513,REF_2m_JX227967,1413,1,1,
E2,2517,REF_4a_NC_009825,1429,1,1,
E2,2517,REF_4_NC_009825,1429,1,1,
E2,2518,REF_4f_EF589161,1424,1,1,
E2,2520,REF_5a_NC_009826,1429,1,1,
E2,2520,REF_5_NC_009826,1429,1,1,
E2,2521,REF_3i_JX227955,1415,1,1,
E2,2523,REF_3g_JX227954,1414,1,1,
E2,2526,REF_2a_HQ639944,1426,1,1,
E2,2532,REF_6a_HQ639936,1429,1,1,
E2,2533,REF_6a_Y12083,1433,1,1,
E2,2542,REF_1b_EU781828,1454,1,1,
E2,2548,REF_6a_AY859526,1445,1,1,
E2,2551,REF_6f_EU246936,1463,1,1,
E2,2551,REF_6v_EU158186,1457,1,1,
E2,2551,REF_6v_EU798761,1457,1,1,
E2,2553,REF_1b_EU781827,1465,1,1,
E2,2554,REF_3a_X76918,1448,1,1,
E2,2554,REF_6n_EU246938,1463,1,1,
E2,2554,REF_6o_EU246934,1463,1,1,
E2,2554,REF_6t_EU246939,1463,1,1,
E2,2555,REF_1_unassigned_AJ851228,1464,1,1,
E2,2560,REF_6u_EU246940,1463,1,1,
E2,2563,REF_1g_AM910652,1463,1,1,
E2,2563,REF_2i_DQ155561,2045,1,1,
E2,2563,REF_2l_KC197235,1463,1,1,
E2,2563,REF_2q_FN666428,1463,1,1,
E2,2563,REF_2q_FN666429,1463,1,1,
E2,2563,REF_2_unassigned_KC197236,1463,1,1,
E2,2563,REF_2_unassigned_KC197237,1463,1,1,
E2,2563,REF_6e_EU246931,1463,1,1,
E2,2563,REF_6e_EU246932,1463,1,1,
E2,2565,REF_6t_EF632071,1474,1,1,
E2,2566,REF_2_unassigned_KC197239,1466,1,1,
E2,2566,REF_6xa_EU408330,1457,1,1,
E2,2566,REF_6xa_EU408331,1457,1,1,
E2,2566,REF_6xa_EU408332,1457,1,1,
E2,2567,REF_1b_D90208,1479,1,1,
E2,2569,REF_2t_KC197238,1469,1,1,
E2,2569,REF_6a_EU246930,1466,1,1,
E2,2570,REF_1b_M58335,1482,1,1,
E2,2570,REF_4g_FJ462432,1491,1,1,
E2,2570,REF_6d_D84263,1488,1,1,
E2,2573,REF_3b_JQ065709,1464,1,1,
E2,2575,REF_4d_FJ462437,1490,1,1,
E2,2575,REF_4l_FJ839870,1490,1,1,
E2,2575,REF_4_unassigned_JF735129,1490,1,1,
E2,2575,REF_4_unassigned_JF735130,1490,1,1,
E2,2576,REF_4m_FJ462433,1491,1,1,
E2,2576,REF_4q_FJ462434,1491,1,1,
E2,2576,REF_4_unassigned_JF735131,1491,1,1,
E2,2576,REF_6f_DQ835760,1488,1,1,
E2,2577,REF_6c_EF424629,1489,1,1,
E2,2577,REF_6_unassigned_KJ470623,1489,1,1,
E2,2577,REF_6_unassigned_KJ470625,1489,1,1,
E2,2578,REF_2l_KC197240,2054,1,1,
E2,2578,REF_4b_FJ462435,1490,1,1,
E2,2578,REF_4c_FJ462436,1490,1,1,
E2,2578,REF_4p_FJ462431,1490,1,1,
E2,2578,REF_4r_FJ462439,1490,1,1,
E2,2578,REF_4t_FJ839869,1490,1,1,
E2,2578,REF_4_unassigned_JF735127,1490,1,1,
E2,2578,REF_4_unassigned_JF735132,1490,1,1,
E2,2578,REF_4_unassigned_JF735134,1490,1,1,
E2,2578,REF_4_unassigned_JF735135,1490,1,1,
E2,2579,REF_1a_M62321,1491,1,1,
E2,2579,REF_1a_M67463,1491,1,1,
E2,2579,REF_1a_NC_004102,1491,1,1,
E2,2579,REF_1c_AY051292,1491,1,1,
E2,2579,REF_1c_AY651061,1491,1,1,
E2,2579,REF_1c_D14853,1491,1,1,
E2,2579,REF_1d_KJ439768,1491,1,1,
E2,2579,REF_1j_KJ439773,1491,1,1,
E2,2579,REF_1k_KJ439774,1491,1,1,
E2,2579,REF_1m_KJ439782,1491,1,1,
E2,2579,REF_1n_KJ439775,1491,1,1,
E2,2579,REF_1_NC_004102,1491,1,1,
E2,2579,REF_1_unassigned_KJ439777,1491,1,1,
E2,2579,REF_1_unassigned_KJ439780,1491,1,1,
E2,2579,REF_4k_FJ462438,1491,1,1,
E2,2579,REF_4o_FJ462440,2064,1,1,
E2,2579,REF_4s_JF735136,1491,1,1,
E2,2579,REF_6h_D84265,1488,1,1,
E2,2579,REF_6n_DQ835768,1488,1,1,
E2,2579,REF_6o_EF424627,1488,1,1,
E2,2579,REF_6r_EU408328,1488,1,1,
E2,2579,REF_6_unassigned_JX183549,1488,1,1,
E2,2579,REF_6_unassigned_JX183550,1488,1,1,
E2,2579,REF_MASTER_NC_004102,1491,1,1,
E2,2580,REF_1n_KJ439781,1492,1,1,
E2,2580,REF_1_unassigned_KJ439779,1492,1,1,
E2,2580,REF_6p_EF424626,1489,1,1,
E2,2580,REF_6q_EF424625,1489,1,1,
E2,2581,REF_4n_FJ462441,1490,1,1,
E2,2581,REF_4_unassigned_JF735138,1490,1,1,
E2,2581,REF_6_unassigned_DQ278891,1490,1,1,
E2,2582,REF_1h_KC248198,1491,1,1,
E2,2582,REF_1h_KC248199,1491,1,1,
E2,2582,REF_1m_KJ439778,1491,1,1,
E2,2582,REF_6i_DQ835762,1488,1,1,
E2,2582,REF_6i_DQ835770,1488,1,1,
E2,2582,REF_6j_DQ835761,1488,1,1,
E2,2582,REF_6j_DQ835769,1488,1,1,
E2,2582,REF_6k_D84264,1488,1,1,
E2,2582,REF_6l_EF424628,1488,1,1,
E2,2582,REF_6l_JX183556,1488,1,1,
E2,2582,REF_6m_DQ835766,1488,1,1,
E2,2582,REF_6m_DQ835767,1488,1,1,
E2,2582,REF_6s_EU408329,1488,1,1,
E2,2582,REF_6v_EU798760,1488,1,1,
E2,2582,REF_6xb_JX183552,1488,1,1,
E2,2582,REF_6xb_KJ567645,1488,1,1,
E2,2582,REF_6_unassigned_DQ278893,1491,1,1,
E2,2582,REF_6_unassigned_JX183551,1488,1,1,
E2,2582,REF_6_unassigned_JX183553,1488,1,1,
E2,2582,REF_6_unassigned_JX183554,1488,1,1,
E2,2582,REF_6_unassigned_JX183558,1488,1,1,
E2,2583,REF_6n_DQ278894,1492,1,1,
E2,2584,REF_2_unassigned_JF735117,1490,1,1,
E2,2585,REF_6xe_JX183557,1488,1,1,
E2,2585,REF_6xe_KM252792,1488,1,1,
E2,2585,REF_6_unassigned_KC844040,1488,1,1,
E2,2588,REF_2_unassigned_JF735119,1491,1,1,
E2,2588,REF_6e_DQ314805,1488,1,1,
E2,2588,REF_6g_D63822,1488,1,1,
E2,2588,REF_6g_DQ314806,1488,1,1,
E2,2589,REF_3_unassigned_JF735124,1489,1,1,
E2,2589,REF_6_unassigned_KJ470622,1489,1,1,
E2,2589,REF_7a_NC_030791,1489,1,1,
E2,2589,REF_7_NC_030791,1489,1,1,
E2,2590,REF_1e_KC248194,1490,1,1,
E2,2590,REF_2a_AB047639,1490,1,1,
E2,2590,REF_2a_D00944,1490,1,1,
E2,2590,REF_2c_D50409,1490,1,1,
E2,2590,REF_2d_JF735114,1490,1,1,
E2,2590,REF_2e_JF735120,1490,1,1,
E2,2590,REF_2f_KC844042,1490,1,1,
E2,2590,REF_2f_KC844050,1490,1,1,
E2,2590,REF_2j_JF735113,1490,1,1,
E2,2590,REF_2m_JF735111,1490,1,1,
E2,2590,REF_2r_JF735115,1490,1,1,
E2,2590,REF_2u_JF735112,1490,1,1,
E2,2590,REF_2_D00944,1490,1,1,
E2,2590,REF_2_unassigned_JF735110,1490,1,1,
E2,2590,REF_2_unassigned_JF735116,1490,1,1,
E2,2590,REF_2_unassigned_JF735118,1490,1,1,
E2,2590,REF_6_unassigned_KJ470621,1490,1,1,
E2,2590,REF_6_unassigned_KJ470624,1490,1,1,
E2,2591,REF_1i_KJ439772,1491,1,1,
E2,2591,REF_2b_AB030907,1491,1,1,
E2,2591,REF_2b_D10988,1491,1,1,
E2,2591,REF_2k_AB031663,1491,1,1,
E2,2592,REF_3e_KJ470618,1489,1,1,
E2,2592,REF_3h_JF735121,1489,1,1,
E2,2592,REF_3h_JF735126,1489,1,1,
E2,2592,REF_3k_D63821,1489,1,1,
E2,2592,REF_3k_JF735122,1489,1,1,
E2,2592,REF_6w_DQ278892,1489,1,1,
E2,2593,REF_6_unassigned_KJ470620,1490,1,1,
E2,2594,REF_6xd_KM252789,1491,1,1,
E2,2595,REF_3a_D28917,1489,1,1,
E2,2595,REF_3a_NC_009824,1489,1,1,
E2,2595,REF_3_NC_009824,1489,1,1,
E2,2595,REF_6b_NC_009827,1492,1,1,
E2,2595,REF_6_NC_009827,1492,1,1,
E2,2596,REF_3d_KJ470619,1490,1,1,
E2,2596,REF_3i_FJ407092,1490,1,1,
E2,2597,REF_6xc_KJ567651,1488,1,1,
E2,2597,REF_6xd_KM252790,1491,1,1,
E2,2597,REF_6xd_KM252791,1491,1,1,
E2,2598,REF_1l_KC248193,1492,1,1,
E2,2598,REF_1l_KC248196,1492,1,1,
E2,2598,REF_1_unassigned_KJ439776,1492,1,1,
E2,2598,REF_3g_JF735123,1489,1,1,
E2,2599,REF_3a_JN714194,1493,1,1,
E2,2600,REF_6_unassigned_KC844039,1488,1,1,
E2,2601,REF_1l_KC248197,1492,1,1,
E2,2601,REF_3b_D49374,1492,1,1,
E2,2603,REF_1_unassigned_KC248195,1491,1,1,
NS2,2767,REF_2i_DQ155561,2753,1,1,
NS2,2782,REF_2l_KC197240,2768,1,1,
NS2,2783,REF_4o_FJ462440,2769,1,1,
NS2,3090,REF_2b_AB661382,2440,1,1,
NS2,3090,REF_2b_AB661388,2440,1,1,
NS2,3155,REF_6w_EU643836,2505,1,1,
NS2,3158,REF_6w_EU643834,2508,1,1,
NS2,3199,REF_4g_JX227971,2549,1,1,
NS2,3223,REF_1a_EF407457,2573,1,1,
NS2,3268,REF_1a_HQ850279,2618,1,1,
NS2,3268,REF_4w_FJ025855,2618,1,1,
NS2,3268,REF_4w_FJ025856,2618,1,1,
NS2,3268,REF_4_unassigned_FJ025854,2618,1,1,
NS2,3304,REF_4k_EU392171,2654,1,1,
NS2,3304,REF_4v_JX227960,2654,1,1,
NS2,3309,REF_4d_DQ418786,2659,1,1,
NS2,3313,REF_1_unassigned_HQ537007,2663,1,1,
NS2,3326,REF_4o_JX227977,2676,1,1,
NS2,3327,REF_5a_AF064490,2677,1,1,
NS2,3329,REF_4g_JX227963,2679,1,1,
NS2,3331,REF_4v_HQ537008,2681,1,1,
NS2,3334,REF_4a_DQ988074,2684,1,1,
NS2,3334,REF_4v_HQ537009,2684,1,1,
NS2,3335,REF_4l_JX227957,2685,1,1,
NS2,3337,REF_4d_EU392172,2687,1,1,
NS2,3338,REF_4m_JX227972,2688,1,1,
NS2,3339,REF_4a_DQ418789,2689,1,1,
NS2,3340,REF_4n_JX227970,2690,1,1,
NS2,3340,REF_4r_JX227976,2690,1,1,
NS2,3341,REF_4k_EU392173,2691,1,1,
NS2,3345,REF_4f_EU392175,2695,1,1,
NS2,3346,REF_4f_EU392174,2696,1,1,
NS2,3348,REF_4v_JX227959,2698,1,1,
NS2,3350,REF_2j_HM777358,2700,1,1,
NS2,3350,REF_2j_HM777359,2700,1,1,
NS2,3352,REF_2k_JX227953,2702,1,1,
NS2,3352,REF_4_unassigned_JX227964,2702,1,1,
NS2,3353,REF_2m_JX227967,2703,1,1,
NS2,3357,REF_4a_NC_009825,2707,1,1,
NS2,3357,REF_4_NC_009825,2707,1,1,
NS2,3358,REF_4f_EF589161,2708,1,1,
NS2,3360,REF_5a_NC_009826,2710,1,1,
NS2,3360,REF_5_NC_009826,2710,1,1,
NS2,3361,REF_3i_JX227955,2711,1,1,
NS2,3363,REF_3g_JX227954,2713,1,1,
NS2,3366,REF_2a_HQ639944,2716,1,1,
NS2,3369,REF_2c_JX227949,2695,1,1,
NS2,3372,REF_6a_HQ639936,2722,1,1,
NS2,3373,REF_6a_Y12083,2723,1,1,
NS2,3382,REF_1b_EU781828,2732,1,1,
NS2,3388,REF_6a_AY859526,2738,1,1,
NS2,3391,REF_6f_EU246936,2741,1,1,
NS2,3391,REF_6v_EU158186,2741,1,1,
NS2,3391,REF_6v_EU798761,2741,1,1,
NS2,3393,REF_1b_EU781827,2743,1,1,
NS2,3394,REF_3a_X76918,2744,1,1,
NS2,3394,REF_6n_EU246938,2744,1,1,
NS2,3394,REF_6o_EU246934,2744,1,1,
NS2,3394,REF_6t_EU246939,2744,1,1,
NS2,3395,REF_1_unassigned_AJ851228,2745,1,1,
NS2,3400,REF_6u_EU246940,2750,1,1,
NS2,3403,REF_1g_AM910652,2753,1,1,
NS2,3403,REF_2i_DQ155561,2768,1,1,
NS2,3403,REF_2l_KC197235,2753,1,1,
NS2,3403,REF_2q_FN666428,2753,1,1,
NS2,3403,REF_2q_FN666429,2753,1,1,
NS2,3403,REF_2_unassigned_KC197236,2753,1,1,
NS2,3403,REF_2_unassigned_KC197237,2753,1,1,
NS2,3403,REF_6e_EU246931,2753,1,1,
NS2,3403,REF_6e_EU246932,2753,1,1,
NS2,3405,REF_6t_EF632071,2755,1,1,
NS2,3406,REF_2_unassigned_KC197239,2756,1,1,
NS2,3406,REF_6xa_EU408330,2756,1,1,
NS2,3406,REF_6xa_EU408331,2756,1,1,
NS2,3406,REF_6xa_EU408332,2756,1,1,
NS2,3407,REF_1b_D90208,2757,1,1,
NS2,3409,REF_2t_KC197238,2759,1,1,
NS2,3409,REF_6a_EU246930,2759,1,1,
NS2,3410,REF_1b_M58335,2760,1,1,
NS2,3410,REF_4g_FJ462432,2760,1,1,
NS2,3410,REF_6d_D84263,2760,1,1,
NS2,3413,REF_3b_JQ065709,2763,1,1,
NS2,3415,REF_4d_FJ462437,2765,1,1,
NS2,3415,REF_4l_FJ839870,2765,1,1,
NS2,3415,REF_4_unassigned_JF735129,2765,1,1,
NS2,3415,REF_4_unassigned_JF735130,2765,1,1,
NS2,3416,REF_4m_FJ462433,2766,1,1,
NS2,3416,REF_4q_FJ462434,2766,1,1,
NS2,3416,REF_4_unassigned_JF735131,2766,1,1,
NS2,3416,REF_6f_DQ835760,2766,1,1,
NS2,3417,REF_6c_EF424629,2767,1,1,
NS2,3417,REF_6_unassigned_KJ470623,2767,1,1,
NS2,3417,REF_6_unassigned_KJ470625,2767,1,1,
NS2,3418,REF_2l_KC197240,2783,1,1,
NS2,3418,REF_4b_FJ462435,2768,1,1,
NS2,3418,REF_4c_FJ462436,2768,1,1,
NS2,3418,REF_4p_FJ462431,2768,1,1,
NS2,3418,REF_4r_FJ462439,2768,1,1,
NS2,3418,REF_4t_FJ839869,2768,1,1,
NS2,3418,REF_4_unassigned_JF735127,2768,1,1,
NS2,3418,REF_4_unassigned_JF735132,2768,1,1,
NS2,3418,REF_4_unassigned_JF735134,2768,1,1,
NS2,3418,REF_4_unassigned_JF735135,2768,1,1,
NS2,3419,REF_1a_M62321,2769,1,1,
NS2,3419,REF_1a_M67463,2769,1,1,
NS2,3419,REF_1a_NC_004102,2769,1,1,
NS2,3419,REF_1c_AY051292,2769,1,1,
NS2,3419,REF_1c_AY651061,2769,1,1,
NS2,3419,REF_1c_D14853,2769,1,1,
NS2,3419,REF_1d_KJ439768,2769,1,1,
NS2,3419,REF_1j_KJ439773,2769,1,1,
NS2,3419,REF_1k_KJ439774,2769,1,1,
NS2,3419,REF_1m_KJ439782,2769,1,1,
NS2,3419,REF_1n_KJ439775,2769,1,1,
NS2,3419,REF_1_NC_004102,2769,1,1,
NS2,3419,REF_1_unassigned_KJ439777,2769,1,1,
NS2,3419,REF_1_unassigned_KJ439780,2769,1,1,
NS2,3419,REF_4k_FJ462438,2769,1,1,
NS2,3419,REF_4o_FJ462440,2784,1,1,
NS2,3419,REF_4s_JF735136,2769,1,1,
NS2,3419,REF_6h_D84265,2769,1,1,
NS2,3419,REF_6n_DQ835768,2769,1,1,
NS2,3419,REF_6o_EF424627,2769,1,1,
NS2,3419,REF_6r_EU408328,2769,1,1,
NS2,3419,REF_6_unassigned_JX183549,2769,1,1,
NS2,3419,REF_6_unassigned_JX183550,2769,1,1,
NS2,3419,REF_MASTER_NC_004102,2769,1,1,
NS2,3420,REF_1n_KJ439781,2770,1,1,
NS2,3420,REF_1_unassigned_KJ439779,2770,1,1,
NS2,3420,REF_6p_EF424626,2770,1,1,
NS2,3420,REF_6q_EF424625,2770,1,1,
NS2,3421,REF_4n_FJ462441,2771,1,1,
NS2,3421,REF_4_unassigned_JF735138,2771,1,1,
NS2,3421,REF_6_unassigned_DQ278891,2771,1,1,
NS2,3422,REF_1h_KC248198,2772,1,1,
NS2,3422,REF_1h_KC248199,2772,1,1,
NS2,3422,REF_1m_KJ439778,2772,1,1,
NS2,3422,REF_6i_DQ835762,2772,1,1,
NS2,3422,REF_6i_DQ835770,2772,1,1,
NS2,3422,REF_6j_DQ835761,2772,1,1,
NS2,3422,REF_6j_DQ835769,2772,1,1,
NS2,3422,REF_6k_D84264,2772,1,1,
NS2,3422,REF_6l_EF424628,2772,1,1,
NS2,3422,REF_6l_JX183556,2772,1,1,
NS2,3422,REF_6m_DQ835766,2772,1,1,
NS2,3422,REF_6m_DQ835767,2772,1,1,
NS2,3422,REF_6s_EU408329,2772,1,1,
NS2,3422,REF_6v_EU798760,2772,1,1,
NS2,3422,REF_6xb_JX183552,2772,1,1,
NS2,3422,REF_6xb_KJ567645,2772,1,1,
NS2,3422,REF_6_unassigned_DQ278893,2772,1,1,
NS2,3422,REF_6_unassigned_JX183551,2772,1,1,
NS2,3422,REF_6_unassigned_JX183553,2772,1,1,
NS2,3422,REF_6_unassigned_JX183554,2772,1,1,
NS2,3422,REF_6_unassigned_JX183558,2772,1,1,
NS2,3423,REF_6n_DQ278894,2773,1,1,
NS2,3424,REF_2_unassigned_JF735117,2774,1,1,
NS2,3425,REF_6xe_JX183557,2775,1,1,
NS2,3425,REF_6xe_KM252792,2775,1,1,
NS2,3425,REF_6_unassigned_KC844040,2775,1,1,
NS2,3428,REF_2_unassigned_JF735119,2778,1,1,
NS2,3428,REF_6e_DQ314805,2778,1,1,
NS2,3428,REF_6g_D63822,2778,1,1,
NS2,3428,REF_6g_DQ314806,2778,1,1,
NS2,3429,REF_3_unassigned_JF735124,2779,1,1,
NS2,3429,REF_6_unassigned_KJ470622,2779,1,1,
NS2,3429,REF_7a_NC_030791,2779,1,1,
NS2,3429,REF_7_NC_030791,2779,1,1,
NS2,3430,REF_1e_KC248194,2780,1,1,
NS2,3430,REF_2a_AB047639,2780,1,1,
NS2,3430,REF_2a_D00944,2780,1,1,
NS2,3430,REF_2c_D50409,2780,1,1,
NS2,3430,REF_2d_JF735114,2780,1,1,
NS2,3430,REF_2f_KC844042,2780,1,1,
NS2,3430,REF_2f_KC844050,2780,1,1,
NS2,3430,REF_2j_JF735113,2780,1,1,
NS2,3430,REF_2m_JF735111,2780,1,1,
NS2,3430,REF_2r_JF735115,2780,1,1,
NS2,3430,REF_2u_JF735112,2780,1,1,
NS2,3430,REF_2_D00944,2780,1,1,
NS2,3430,REF_2_unassigned_JF735110,2780,1,1,
NS2,3430,REF_2_unassigned_JF735116,2780,1,1,
NS2,3430,REF_2_unassigned_JF735118,2780,1,1,
NS2,3430,REF_6_unassigned_KJ470621,2780,1,1,
NS2,3430,REF_6_unassigned_KJ470624,2780,1,1,
NS2,3431,REF_1i_KJ439772,2781,1,1,
NS2,3431,REF_2b_AB030907,2781,1,1,
NS2,3431,REF_2b_D10988,2781,1,1,
NS2,3431,REF_2k_AB031663,2781,1,1,
NS2,3432,REF_3e_KJ470618,2782,1,1,
NS2,3432,REF_3h_JF735121,2782,1,1,
NS2,3432,REF_3h_JF735126,2782,1,1,
NS2,3432,REF_3k_D63821,2782,1,1,
NS2,3432,REF_3k_JF735122,2782,1,1,
NS2,3432,REF_6w_DQ278892,2782,1,1,
NS2,3433,REF_6_unassigned_KJ470620,2783,1,1,
NS2,3434,REF_6xd_KM252789,2784,1,1,
NS2,3435,REF_3a_D28917,2785,1,1,
NS2,3435,REF_3a_NC_009824,2785,1,1,
NS2,3435,REF_3_NC_009824,2785,1,1,
NS2,3435,REF_6b_NC_009827,2785,1,1,
NS2,3435,REF_6_NC_009827,2785,1,1,
NS2,3436,REF_3d_KJ470619,2786,1,1,
NS2,3436,REF_3i_FJ407092,2786,1,1,
NS2,3437,REF_6xc_KJ567651,2787,1,1,
NS2,3437,REF_6xd_KM252790,2787,1,1,
NS2,3437,REF_6xd_KM252791,2787,1,1,
NS2,3438,REF_1l_KC248193,2788,1,1,
NS2,3438,REF_1l_KC248196,2788,1,1,
NS2,3438,REF_1_unassigned_KJ439776,2788,1,1,
NS2,3438,REF_3g_JF735123,2788,1,1,
NS2,3439,REF_3a_JN714194,2789,1,1,
NS2,3440,REF_6_unassigned_KC844039,2790,1,1,
NS2,3441,REF_1l_KC248197,2791,1,1,
NS2,3441,REF_3b_D49374,2791,1,1,
NS2,3443,REF_1_unassigned_KC248195,2793,1,1,
NS2,3631,REF_2e_JF735120,2981,1,1,
NS3,4983,REF_2b_AB661382,3091,1,1,
NS3,4983,REF_2b_AB661388,3091,1,1,
NS3,5048,REF_6w_EU643836,3156,1,1,
NS3,5051,REF_6w_EU643834,3159,1,1,
NS3,5092,REF_4g_JX227971,3200,1,1,
NS3,5116,REF_1a_EF407457,3224,1,1,
NS3,5161,REF_1a_HQ850279,3269,1,1,
NS3,5161,REF_4w_FJ025855,3269,1,1,
NS3,5161,REF_4w_FJ025856,3269,1,1,
NS3,5161,REF_4_unassigned_FJ025854,3269,1,1,
NS3,5197,REF_4k_EU392171,3305,1,1,
NS3,5197,REF_4v_JX227960,3305,1,1,
NS3,5202,REF_4d_DQ418786,3310,1,1,
NS3,5206,REF_1_unassigned_HQ537007,3314,1,1,
NS3,5219,REF_4o_JX227977,3327,1,1,
NS3,5220,REF_5a_AF064490,3328,1,1,
NS3,5222,REF_4g_JX227963,3330,1,1,
NS3,5224,REF_4v_HQ537008,3332,1,1,
NS3,5227,REF_4a_DQ988074,3335,1,1,
NS3,5227,REF_4v_HQ537009,3335,1,1,
NS3,5228,REF_4l_JX227957,3336,1,1,
NS3,5230,REF_4d_EU392172,3338,1,1,
NS3,5231,REF_4m_JX227972,3339,1,1,
NS3,5232,REF_4a_DQ418789,3340,1,1,
NS3,5233,REF_4n_JX227970,3341,1,1,
NS3,5233,REF_4r_JX227976,3341,1,1,
NS3,5234,REF_4k_EU392173,3342,1,1,
NS3,5238,REF_4f_EU392175,3346,1,1,
NS3,5239,REF_4f_EU392174,3347,1,1,
NS3,5241,REF_4v_JX227959,3349,1,1,
NS3,5243,REF_2j_HM777358,3351,1,1,
NS3,5243,REF_2j_HM777359,3351,1,1,
NS3,5245,REF_2k_JX227953,3353,1,1,
NS3,5245,REF_4_unassigned_JX227964,3353,1,1,
NS3,5246,REF_2m_JX227967,3354,1,1,
NS3,5250,REF_4a_NC_009825,3358,1,1,
NS3,5250,REF_4_NC_009825,3358,1,1,
NS3,5251,REF_4f_EF589161,3359,1,1,
NS3,5253,REF_5a_NC_009826,3361,1,1,
NS3,5253,REF_5_NC_009826,3361,1,1,
NS3,5254,REF_3i_JX227955,3362,1,1,
NS3,5256,REF_3g_JX227954,3364,1,1,
NS3,5259,REF_2a_HQ639944,3367,1,1,
NS3,5262,REF_2c_JX227949,3370,1,1,
NS3,5265,REF_6a_HQ639936,3373,1,1,
NS3,5266,REF_6a_Y12083,3374,1,1,
NS3,5275,REF_1b_EU781828,3383,1,1,
NS3,5281,REF_6a_AY859526,3389,1,1,
NS3,5284,REF_6f_EU246936,3392,1,1,
NS3,5284,REF_6v_EU158186,3392,1,1,
NS3,5284,REF_6v_EU798761,3392,1,1,
NS3,5286,REF_1b_EU781827,3394,1,1,
NS3,5287,REF_3a_X76918,3395,1,1,
NS3,5287,REF_6n_EU246938,3395,1,1,
NS3,5287,REF_6o_EU246934,3395,1,1,
NS3,5287,REF_6t_EU246939,3395,1,1,
NS3,5288,REF_1_unassigned_AJ851228,3396,1,1,
NS3,5293,REF_6u_EU246940,3401,1,1,
NS3,5296,REF_1g_AM910652,3404,1,1,
NS3,5296,REF_2i_DQ155561,3404,1,1,
NS3,5296,REF_2l_KC197235,3404,1,1,
NS3,5296,REF_2q_FN666428,3404,1,1,
NS3,5296,REF_2q_FN666429,3404,1,1,
NS3,5296,REF_2_unassigned_KC197236,3404,1,1,
NS3,5296,REF_2_unassigned_KC197237,3404,1,1,
NS3,5296,REF_6e_EU246931,3404,1,1,
NS3,5296,REF_6e_EU246932,3404,1,1,
NS3,5298,REF_6t_EF632071,3406,1,1,
NS3,5299,REF_2_unassigned_KC197239,3407,1,1,
NS3,5299,REF_6xa_EU408330,3407,1,1,
NS3,5299,REF_6xa_EU408331,3407,1,1,
NS3,5299,REF_6xa_EU408332,3407,1,1,
NS3,5300,REF_1b_D90208,3408,1,1,
NS3,5302,REF_2t_KC197238,3410,1,1,
NS3,5302,REF_6a_EU246930,3410,1,1,
NS3,5303,REF_1b_M58335,3411,1,1,
NS3,5303,REF_4g_FJ462432,3411,1,1,
NS3,5303,REF_6d_D84263,3411,1,1,
NS3,5306,REF_3b_JQ065709,3414,1,1,
NS3,5308,REF_4d_FJ462437,3416,1,1,
NS3,5308,REF_4l_FJ839870,3416,1,1,
NS3,5308,REF_4_unassigned_JF735129,3416,1,1,
NS3,5308,REF_4_unassigned_JF735130,3416,1,1,
NS3,5309,REF_4m_FJ462433,3417,1,1,
NS3,5309,REF_4q_FJ462434,3417,1,1,
NS3,5309,REF_4_unassigned_JF735131,3417,1,1,
NS3,5309,REF_6f_DQ835760,3417,1,1,
NS3,5310,REF_6c_EF424629,3418,1,1,
NS3,5310,REF_6_unassigned_KJ470623,3418,1,1,
NS3,5310,REF_6_unassigned_KJ470625,3418,1,1,
NS3,5311,REF_2l_KC197240,3419,1,1,
NS3,5311,REF_4b_FJ462435,3419,1,1,
NS3,5311,REF_4c_FJ462436,3419,1,1,
NS3,5311,REF_4p_FJ462431,3419,1,1,
NS3,5311,REF_4r_FJ462439,3419,1,1,
NS3,5311,REF_4t_FJ839869,3419,1,1,
NS3,5311,REF_4_unassigned_JF735127,3419,1,1,
NS3,5311,REF_4_unassigned_JF735132,3419,1,1,
NS3,5311,REF_4_unassigned_JF735134,3419,1,1,
NS3,5311,REF_4_unassigned_JF735135,3419,1,1,
NS3,5312,REF_1a_M62321,3420,1,1,
NS3,5312,REF_1a_M67463,3420,1,1,
NS3,5312,REF_1a_NC_004102,3420,1,1,
NS3,5312,REF_1c_AY051292,3420,1,1,
NS3,5312,REF_1c_AY651061,3420,1,1,
NS3,5312,REF_1c_D14853,3420,1,1,
NS3,5312,REF_1d_KJ439768,3420,1,1,
NS3,5312,REF_1j_KJ439773,3420,1,1,
NS3,5312,REF_1k_KJ439774,3420,1,1,
NS3,5312,REF_1m_KJ439782,3420,1,1,
NS3,5312,REF_1n_KJ439775,3420,1,1,
NS3,5312,REF_1_NC_004102,3420,1,1,
NS3,5312,REF_1_unassigned_KJ439777,3420,1,1,
NS3,5312,REF_1_unassigned_KJ439780,3420,1,1,
NS3,5312,REF_4k_FJ462438,3420,1,1,
NS3,5312,REF_4o_FJ462440,3420,1,1,
NS3,5312,REF_4s_JF735136,3420,1,1,
NS3,5312,REF_6h_D84265,3420,1,1,
NS3,5312,REF_6n_DQ835768,3420,1,1,
NS3,5312,REF_6o_EF424627,3420,1,1,
NS3,5312,REF_6r_EU408328,3420,1,1,
NS3,5312,REF_6_unassigned_JX183549,3420,1,1,
NS3,5312,REF_6_unassigned_JX183550,3420,1,1,
NS3,5312,REF_MASTER_NC_004102,3420,1,1,
NS3,5313,REF_1n_KJ439781,3421,1,1,
NS3,5313,REF_1_unassigned_KJ439779,3421,1,1,
NS3,5313,REF_6p_EF424626,3421,1,1,
NS3,5313,REF_6q_EF424625,3421,1,1,
NS3,5314,REF_4n_FJ462441,3422,1,1,
NS3,5314,REF_4_unassigned_JF735138,3422,1,1,
NS3,5314,REF_6_unassigned_DQ278891,3422,1,1,
NS3,5315,REF_1h_KC248198,3423,1,1,
NS3,5315,REF_1h_KC248199,3423,1,1,
NS3,5315,REF_1m_KJ439778,3423,1,1,
NS3,5315,REF_6i_DQ835762,3423,1,1,
NS3,5315,REF_6i_DQ835770,3423,1,1,
NS3,5315,REF_6j_DQ835761,3423,1,1,
NS3,5315,REF_6j_DQ835769,3423,1,1,
NS3,5315,REF_6k_D84264,3423,1,1,
NS3,5315,REF_6l_EF424628,3423,1,1,
NS3,5315,REF_6l_JX183556,3423,1,1,
NS3,5315,REF_6m_DQ835766,3423,1,1,
NS3,5315,REF_6m_DQ835767,3423,1,1,
NS3,5315,REF_6s_EU408329,3423,1,1,
NS3,5315,REF_6v_EU798760,3423,1,1,
NS3,5315,REF_6xb_JX183552,3423,1,1,
NS3,5315,REF_6xb_KJ567645,3423,1,1,
NS3,5315,REF_6_unassigned_DQ278893,3423,1,1,
NS3,5315,REF_6_unassigned_JX183551,3423,1,1,
NS3,5315,REF_6_unassigned_JX183553,3423,1,1,
NS3,5315,REF_6_unassigned_JX183554,3423,1,1,
NS3,5315,REF_6_unassigned_JX183558,3423,1,1,
NS3,5316,REF_6n_DQ278894,3424,1,1,
NS3,5317,REF_2_unassigned_JF735117,3425,1,1,
NS3,5318,REF_6xe_JX183557,3426,1,1,
NS3,5318,REF_6xe_KM252792,3426,1,1,
NS3,5318,REF_6_unassigned_KC844040,3426,1,1,
NS3,5321,REF_2_unassigned_JF735119,3429,1,1,
NS3,5321,REF_6e_DQ314805,3429,1,1,
NS3,5321,REF_6g_D63822,3429,1,1,
NS3,5321,REF_6g_DQ314806,3429,1,1,
NS3,5322,REF_3_unassigned_JF735124,3430,1,1,
NS3,5322,REF_6_unassigned_KJ470622,3430,1,1,
NS3,5322,REF_7a_NC_030791,3430,1,1,
NS3,5322,REF_7_NC_030791,3430,1,1,
NS3,5323,REF_1e_KC248194,3431,1,1,
NS3,5323,REF_2a_AB047639,3431,1,1,
NS3,5323,REF_2a_D00944,3431,1,1,
NS3,5323,REF_2c_D50409,3431,1,1,
NS3,5323,REF_2d_JF735114,3431,1,1,
NS3,5323,REF_2f_KC844042,3431,1,1,
NS3,5323,REF_2f_KC844050,3431,1,1,
NS3,5323,REF_2j_JF735113,3431,1,1,
NS3,5323,REF_2m_JF735111,3431,1,1,
NS3,5323,REF_2r_JF735115,3431,1,1,
NS3,5323,REF_2u_JF735112,3431,1,1,
NS3,5323,REF_2_D00944,3431,1,1,
NS3,5323,REF_2_unassigned_JF735110,3431,1,1,
NS3,5323,REF_2_unassigned_JF735116,3431,1,1,
NS3,5323,REF_2_unassigned_JF735118,3431,1,1,
NS3,5323,REF_6_unassigned_KJ470621,3431,1,1,
NS3,5323,REF_6_unassigned_KJ470624,3431,1,1,
NS3,5324,REF_1i_KJ439772,3432,1,1,
NS3,5324,REF_2b_AB030907,3432,1,1,
NS3,5324,REF_2b_D10988,3432,1,1,
NS3,5324,REF_2k_AB031663,3432,1,1,
NS3,5325,REF_3e_KJ470618,3433,1,1,
NS3,5325,REF_3h_JF735121,3433,1,1,
NS3,5325,REF_3h_JF735126,3433,1,1,
NS3,5325,REF_3k_D63821,3433,1,1,
NS3,5325,REF_3k_JF735122,3433,1,1,
NS3,5325,REF_6w_DQ278892,3433,1,1,
NS3,5326,REF_6_unassigned_KJ470620,3434,1,1,
NS3,5327,REF_6xd_KM252789,3435,1,1,
NS3,5328,REF_3a_D28917,3436,1,1,
NS3,5328,REF_3a_NC_009824,3436,1,1,
NS3,5328,REF_3_NC_009824,3436,1,1,
NS3,5328,REF_6b_NC_009827,3436,1,1,
NS3,5328,REF_6_NC_009827,3436,1,1,
NS3,5329,REF_3d_KJ470619,3437,1,1,
NS3,5329,REF_3i_FJ407092,3437,1,1,
NS3,5330,REF_6xc_KJ567651,3438,1,1,
NS3,5330,REF_6xd_KM252790,3438,1,1,
NS3,5330,REF_6xd_KM252791,3438,1,1,
NS3,5331,REF_1l_KC248193,3439,1,1,
NS3,5331,REF_1l_KC248196,3439,1,1,
NS3,5331,REF_1_unassigned_KJ439776,3439,1,1,
NS3,5331,REF_3g_JF735123,3439,1,1,
NS3,5332,REF_3a_JN714194,3440,1,1,
NS3,5333,REF_6_unassigned_KC844039,3441,1,1,
NS3,5334,REF_1l_KC248197,3442,1,1,
NS3,5334,REF_3b_D49374,3442,1,1,
NS3,5336,REF_1_unassigned_KC248195,3444,1,1,
NS3,5524,REF_2e_JF735120,3632,1,1,
NS4A,5145,REF_2b_AB661382,4984,1,1,
NS4A,5145,REF_2b_AB661388,4984,1,1,
NS4A,5210,REF_6w_EU643836,5049,1,1,
NS4A,5213,REF_6w_EU643834,5052,1,1,
NS4A,5254,REF_4g_JX227971,5093,1,1,
NS4A,5278,REF_1a_EF407457,5117,1,1,
NS4A,5323,REF_1a_HQ850279,5162,1,1,
NS4A,5323,REF_4w_FJ025855,5162,1,1,
NS4A,5323,REF_4w_FJ025856,5162,1,1,
NS4A,5323,REF_4_unassigned_FJ025854,5162,1,1,
NS4A,5359,REF_4k_EU392171,5198,1,1,
NS4A,5359,REF_4v_JX227960,5198,1,1,
NS4A,5364,REF_4d_DQ418786,5203,1,1,
NS4A,5368,REF_1_unassigned_HQ537007,5207,1,1,
NS4A,5381,REF_4o_JX227977,5220,1,1,
NS4A,5382,REF_5a_AF064490,5221,1,1,
NS4A,5384,REF_4g_JX227963,5223,1,1,
NS4A,5386,REF_4v_HQ537008,5225,1,1,
NS4A,5389,REF_4a_DQ988074,5228,1,1,
NS4A,5389,REF_4v_HQ537009,5228,1,1,
NS4A,5390,REF_4l_JX227957,5229,1,1,
NS4A,5392,REF_4d_EU392172,5231,1,1,
NS4A,5393,REF_4m_JX227972,5232,1,1,
NS4A,5394,REF_4a_DQ418789,5233,1,1,
NS4A,5395,REF_4n_JX227970,5234,1,1,
NS4A,5395,REF_4r_JX227976,5234,1,1,
NS4A,5396,REF_4k_EU392173,5235,1,1,
NS4A,5400,REF_4f_EU392175,5239,1,1,
NS4A,5401,REF_4f_EU392174,5240,1,1,
NS4A,5403,REF_4v_JX227959,5242,1,1,
NS4A,5405,REF_2j_HM777358,5244,1,1,
NS4A,5405,REF_2j_HM777359,5244,1,1,
NS4A,5407,REF_2k_JX227953,5246,1,1,
NS4A,5407,REF_4_unassigned_JX227964,5246,1,1,
NS4A,5408,REF_2m_JX227967,5247,1,1,
NS4A,5412,REF_4a_NC_009825,5251,1,1,
NS4A,5412,REF_4_NC_009825,5251,1,1,
NS4A,5413,REF_4f_EF589161,5252,1,1,
NS4A,5415,REF_5a_NC_009826,5254,1,1,
NS4A,5415,REF_5_NC_009826,5254,1,1,
NS4A,5416,REF_3i_JX227955,5255,1,1,
NS4A,5418,REF_3g_JX227954,5257,1,1,
NS4A,5421,REF_2a_HQ639944,5260,1,1,
NS4A,5424,REF_2c_JX227949,5263,1,1,
NS4A,5427,REF_6a_HQ639936,5266,1,1,
NS4A,5428,REF_6a_Y12083,5267,1,1,
NS4A,5437,REF_1b_EU781828,5276,1,1,
NS4A,5443,REF_6a_AY859526,5282,1,1,
NS4A,5446,REF_6f_EU246936,5285,1,1,
NS4A,5446,REF_6v_EU158186,5285,1,1,
NS4A,5446,REF_6v_EU798761,5285,1,1,
NS4A,5448,REF_1b_EU781827,5287,1,1,
NS4A,5449,REF_3a_X76918,5288,1,1,
NS4A,5449,REF_6n_EU246938,5288,1,1,
NS4A,5449,REF_6o_EU246934,5288,1,1,
NS4A,5449,REF_6t_EU246939,5288,1,1,
NS4A,5450,REF_1_unassigned_AJ851228,5289,1,1,
NS4A,5455,REF_6u_EU246940,5294,1,1,
NS4A,5458,REF_1g_AM910652,5297,1,1,
NS4A,5458,REF_2i_DQ155561,5297,1,1,
NS4A,5458,REF_2l_KC197235,5297,1,1,
NS4A,5458,REF_2q_FN666428,5297,1,1,
NS4A,5458,REF_2q_FN666429,5297,1,1,
NS4A,5458,REF_2_unassigned_KC197236,5297,1,1,
NS4A,5458,REF_2_unassigned_KC197237,5297,1,1,
NS4A,5458,REF_6e_EU246931,5297,1,1,
NS4A,5458,REF_6e_EU246932,5297,1,1,
NS4A,5460,REF_6t_EF632071,5299,1,1,
NS4A,5461,REF_2_unassigned_KC197239,5300,1,1,
NS4A,5461,REF_6xa_EU408330,5300,1,1,
NS4A,5461,REF_6xa_EU408331,5300,1,1,
NS4A,5461,REF_6xa_EU408332,5300,1,1,
NS4A,5462,REF_1b_D90208,5301,1,1,
NS4A,5464,REF_2t_KC197238,5303,1,1,
NS4A,5464,REF_6a_EU246930,5303,1,1,
NS4A,5465,REF_1b_M58335,5304,1,1,
NS4A,5465,REF_4g_FJ462432,5304,1,1,
NS4A,5465,REF_6d_D84263,5304,1,1,
NS4A,5468,REF_3b_JQ065709,5307,1,1,
NS4A,5470,REF_4d_FJ462437,5309,1,1,
NS4A,5470,REF_4l_FJ839870,5309,1,1,
NS4A,5470,REF_4_unassigned_JF735129,5309,1,1,
NS4A,5470,REF_4_unassigned_JF735130,5309,1,1,
NS4A,5471,REF_4m_FJ462433,5310,1,1,
NS4A,5471,REF_4q_FJ462434,5310,1,1,
NS4A,5471,REF_4_unassigned_JF735131,5310,1,1,
NS4A,5471,REF_6f_DQ835760,5310,1,1,
NS4A,5472,REF_6c_EF424629,5311,1,1,
NS4A,5472,REF_6_unassigned_KJ470623,5311,1,1,
NS4A,5472,REF_6_unassigned_KJ470625,5311,1,1,
NS4A,5473,REF_2l_KC197240,5312,1,1,
NS4A,5473,REF_4b_FJ462435,5312,1,1,
NS4A,5473,REF_4c_FJ462436,5312,1,1,
NS4A,5473,REF_4p_FJ462431,5312,1,1,
NS4A,5473,REF_4r_FJ462439,5312,1,1,
NS4A,5473,REF_4t_FJ839869,5312,1,1,
NS4A,5473,REF_4_unassigned_JF735127,5312,1,1,
NS4A,5473,REF_4_unassigned_JF735132,5312,1,1,
NS4A,5473,REF_4_unassigned_JF735134,5312,1,1,
NS4A,5473,REF_4_unassigned_JF735135,5312,1,1,
NS4A,5474,REF_1a_M62321,5313,1,1,
NS4A,5474,REF_1a_M67463,5313,1,1,
NS4A,5474,REF_1a_NC_004102,5313,1,1,
NS4A,5474,REF_1c_AY051292,5313,1,1,
NS4A,5474,REF_1c_AY651061,5313,1,1,
NS4A,5474,REF_1c_D14853,5313,1,1,
NS4A,5474,REF_1d_KJ439768,5313,1,1,
NS4A,5474,REF_1j_KJ439773,5313,1,1,
NS4A,5474,REF_1k_KJ439774,5313,1,1,
NS4A,5474,REF_1m_KJ439782,5313,1,1,
NS4A,5474,REF_1n_KJ439775,5313,1,1,
NS4A,5474,REF_1_NC_004102,5313,1,1,
NS4A,5474,REF_1_unassigned_KJ439777,5313,1,1,
NS4A,5474,REF_1_unassigned_KJ439780,5313,1,1,
NS4A,5474,REF_4k_FJ462438,5313,1,1,
NS4A,5474,REF_4o_FJ462440,5313,1,1,
NS4A,5474,REF_4s_JF735136,5313,1,1,
NS4A,5474,REF_6h_D84265,5313,1,1,
NS4A,5474,REF_6n_DQ835768,5313,1,1,
NS4A,5474,REF_6o_EF424627,5313,1,1,
NS4A,5474,REF_6r_EU408328,5313,1,1,
NS4A,5474,REF_6_unassigned_JX183549,5313,1,1,
NS4A,5474,REF_6_unassigned_JX183550,5313,1,1,
NS4A,5474,REF_MASTER_NC_004102,5313,1,1,
NS4A,5475,REF_1n_KJ439781,5314,1,1,
NS4A,5475,REF_1_unassigned_KJ439779,5314,1,1,
NS4A,5475,REF_6p_EF424626,5314,1,1,
NS4A,5475,REF_6q_EF424625,5314,1,1,
NS4A,5476,REF_4n_FJ462441,5315,1,1,
NS4A,5476,REF_4_unassigned_JF735138,5315,1,1,
NS4A,5476,REF_6_unassigned_DQ278891,5315,1,1,
NS4A,5477,REF_1h_KC248198,5316,1,1,
NS4A,5477,REF_1h_KC248199,5316,1,1,
NS4A,5477,REF_1m_KJ439778,5316,1,1,
NS4A,5477,REF_6i_DQ835762,5316,1,1,
NS4A,5477,REF_6i_DQ835770,5316,1,1,
NS4A,5477,REF_6j_DQ835761,5316,1,1,
NS4A,5477,REF_6j_DQ835769,5316,1,1,
NS4A,5477,REF_6k_D84264,5316,1,1,
NS4A,5477,REF_6l_EF424628,5316,1,1,
NS4A,5477,REF_6l_JX183556,5316,1,1,
NS4A,5477,REF_6m_DQ835766,5316,1,1,
NS4A,5477,REF_6m_DQ835767,5316,1,1,
NS4A,5477,REF_6s_EU408329,5316,1,1,
NS4A,5477,REF_6v_EU798760,5316,1,1,
NS4A,5477,REF_6xb_JX183552,5316,1,1,
NS4A,5477,REF_6xb_KJ567645,5316,1,1,
NS4A,5477,REF_6_unassigned_DQ278893,5316,1,1,
NS4A,5477,REF_6_unassigned_JX183551,5316,1,1,
NS4A,5477,REF_6_unassigned_JX183553,5316,1,1,
NS4A,5477,REF_6_unassigned_JX183554,5316,1,1,
NS4A,5477,REF_6_unassigned_JX183558,5316,1,1,
NS4A,5478,REF_6n_DQ278894,5317,1,1,
NS4A,5479,REF_2_unassigned_JF735117,5318,1,1,
NS4A,5480,REF_6xe_JX183557,5319,1,1,
NS4A,5480,REF_6xe_KM252792,5319,1,1,
NS4A,5480,REF_6_unassigned_KC844040,5319,1,1,
NS4A,5483,REF_2_unassigned_JF735119,5322,1,1,
NS4A,5483,REF_6e_DQ314805,5322,1,1,
NS4A,5483,REF_6g_D63822,5322,1,1,
NS4A,5483,REF_6g_DQ314806,5322,1,1,
NS4A,5484,REF_3_unassigned_JF735124,5323,1,1,
NS4A,5484,REF_6_unassigned_KJ470622,5323,1,1,
NS4A,5484,REF_7a_NC_030791,5323,1,1,
NS4A,5484,REF_7_NC_030791,5323,1,1,
NS4A,5485,REF_1e_KC248194,5324,1,1,
NS4A,5485,REF_2a_AB047639,5324,1,1,
NS4A,5485,REF_2a_D00944,5324,1,1,
NS4A,5485,REF_2c_D50409,5324,1,1,
NS4A,5485,REF_2d_JF735114,5324,1,1,
NS4A,5485,REF_2f_KC844042,5324,1,1,
NS4A,5485,REF_2f_KC844050,5324,1,1,
NS4A,5485,REF_2j_JF735113,5324,1,1,
NS4A,5485,REF_2m_JF735111,5324,1,1,
NS4A,5485,REF_2r_JF735115,5324,1,1,
NS4A,5485,REF_2u_JF735112,5324,1,1,
NS4A,5485,REF_2_D00944,5324,1,1,
NS4A,5485,REF_2_unassigned_JF735110,5324,1,1,
NS4A,5485,REF_2_unassigned_JF735116,5324,1,1,
NS4A,5485,REF_2_unassigned_JF735118,5324,1,1,
NS4A,5485,REF_6_unassigned_KJ470621,5324,1,1,
NS4A,5485,REF_6_unassigned_KJ470624,5324,1,1,
NS4A,5486,REF_1i_KJ439772,5325,1,1,
NS4A,5486,REF_2b_AB030907,5325,1,1,
NS4A,5486,REF_2b_D10988,5325,1,1,
NS4A,5486,REF_2k_AB031663,5325,1,1,
NS4A,5487,REF_3e_KJ470618,5326,1,1,
NS4A,5487,REF_3h_JF735121,5326,1,1,
NS4A,5487,REF_3h_JF735126,5326,1,1,
NS4A,5487,REF_3k_D63821,5326,1,1,
NS4A,5487,REF_3k_JF735122,5326,1,1,
NS4A,5487,REF_6w_DQ278892,5326,1,1,
NS4A,5488,REF_6_unassigned_KJ470620,5327,1,1,
NS4A,5489,REF_6xd_KM252789,5328,1,1,
NS4A,5490,REF_3a_D28917,5329,1,1,
NS4A,5490,REF_3a_NC_009824,5329,1,1,
NS4A,5490,REF_3_NC_009824,5329,1,1,
NS4A,5490,REF_6b_NC_009827,5329,1,1,
NS4A,5490,REF_6_NC_009827,5329,1,1,
NS4A,5491,REF_3d_KJ470619,5330,1,1,
NS4A,5491,REF_3i_FJ407092,5330,1,1,
NS4A,5492,REF_6xc_KJ567651,5331,1,1,
NS4A,5492,REF_6xd_KM252790,5331,1,1,
NS4A,5492,REF_6xd_KM252791,5331,1,1,
NS4A,5493,REF_1l_KC248193,5332,1,1,
NS4A,5493,REF_1l_KC248196,5332,1,1,
NS4A,5493,REF_1_unassigned_KJ439776,5332,1,1,
NS4A,5493,REF_3g_JF735123,5332,1,1,
NS4A,5494,REF_3a_JN714194,5333,1,1,
NS4A,5495,REF_6_unassigned_KC844039,5334,1,1,
NS4A,5496,REF_1l_KC248197,5335,1,1,
NS4A,5496,REF_3b_D49374,5335,1,1,
NS4A,5498,REF_1_unassigned_KC248195,5337,1,1,
NS4A,5686,REF_2e_JF735120,5525,1,1,
NS4B,5928,REF_2b_AB661382,5146,1,1,
NS4B,5928,REF_2b_AB661388,5146,1,1,
NS4B,5993,REF_6w_EU643836,5211,1,1,
NS4B,5996,REF_6w_EU643834,5214,1,1,
NS4B,6037,REF_4g_JX227971,5255,1,1,
NS4B,6061,REF_1a_EF407457,5279,1,1,
NS4B,6106,REF_1a_HQ850279,5324,1,1,
NS4B,6106,REF_4w_FJ025855,5324,1,1,
NS4B,6106,REF_4w_FJ025856,5324,1,1,
NS4B,6106,REF_4_unassigned_FJ025854,5324,1,1,
NS4B,6142,REF_4k_EU392171,5360,1,1,
NS4B,6142,REF_4v_JX227960,5360,1,1,
NS4B,6147,REF_4d_DQ418786,5365,1,1,
NS4B,6151,REF_1_unassigned_HQ537007,5369,1,1,
NS4B,6164,REF_4o_JX227977,5382,1,1,
NS4B,6165,REF_5a_AF064490,5383,1,1,
NS4B,6167,REF_4g_JX227963,5385,1,1,
NS4B,6169,REF_4v_HQ537008,5387,1,1,
NS4B,6172,REF_4a_DQ988074,5390,1,1,
NS4B,6172,REF_4v_HQ537009,5390,1,1,
NS4B,6173,REF_4l_JX227957,5391,1,1,
NS4B,6175,REF_4d_EU392172,5393,1,1,
NS4B,6176,REF_4m_JX227972,5394,1,1,
NS4B,6177,REF_4a_DQ418789,5395,1,1,
NS4B,6178,REF_4n_JX227970,5396,1,1,
NS4B,6178,REF_4r_JX227976,5396,1,1,
NS4B,6179,REF_4k_EU392173,5397,1,1,
NS4B,6183,REF_4f_EU392175,5401,1,1,
NS4B,6184,REF_4f_EU392174,5402,1,1,
NS4B,6186,REF_4v_JX227959,5404,1,1,
NS4B,6188,REF_2j_HM777358,5406,1,1,
NS4B,6188,REF_2j_HM777359,5406,1,1,
NS4B,6190,REF_2k_JX227953,5408,1,1,
NS4B,6190,REF_4_unassigned_JX227964,5408,1,1,
NS4B,6191,REF_2m_JX227967,5409,1,1,
NS4B,6195,REF_4a_NC_009825,5413,1,1,
NS4B,6195,REF_4_NC_009825,5413,1,1,
NS4B,6196,REF_4f_EF589161,5414,1,1,
NS4B,6198,REF_5a_NC_009826,5416,1,1,
NS4B,6198,REF_5_NC_009826,5416,1,1,
NS4B,6199,REF_3i_JX227955,5417,1,1,
NS4B,6201,REF_3g_JX227954,5419,1,1,
NS4B,6204,REF_2a_HQ639944,5422,1,1,
NS4B,6207,REF_2c_JX227949,5425,1,1,
NS4B,6210,REF_6a_HQ639936,5428,1,1,
NS4B,6211,REF_6a_Y12083,5429,1,1,
NS4B,6220,REF_1b_EU781828,5438,1,1,
NS4B,6226,REF_6a_AY859526,5444,1,1,
NS4B,6229,REF_6f_EU246936,5447,1,1,
NS4B,6229,REF_6v_EU158186,5447,1,1,
NS4B,6229,REF_6v_EU798761,5447,1,1,
NS4B,6231,REF_1b_EU781827,5449,1,1,
NS4B,6232,REF_3a_X76918,5450,1,1,
NS4B,6232,REF_6n_EU246938,5450,1,1,
NS4B,6232,REF_6o_EU246934,5450,1,1,
NS4B,6232,REF_6t_EU246939,5450,1,1,
NS4B,6233,REF_1_unassigned_AJ851228,5451,1,1,
NS4B,6238,REF_6u_EU246940,5456,1,1,
NS4B,6241,REF_1g_AM910652,5459,1,1,
NS4B,6241,REF_2i_DQ155561,5459,1,1,
NS4B,6241,REF_2l_KC197235,5459,1,1,
NS4B,6241,REF_2q_FN666428,5459,1,1,
NS4B,6241,REF_2q_FN666429,5459,1,1,
NS4B,6241,REF_2_unassigned_KC197236,5459,1,1,
NS4B,6241,REF_2_unassigned_KC197237,5459,1,1,
NS4B,6241,REF_6e_EU246931,5459,1,1,
NS4B,6241,REF_6e_EU246932,5459,1,1,
NS4B,6243,REF_6t_EF632071,5461,1,1,
NS4B,6244,REF_2_unassigned_KC197239,5462,1,1,
NS4B,6244,REF_6xa_EU408330,5462,1,1,
NS4B,6244,REF_6xa_EU408331,5462,1,1,
NS4B,6244,REF_6xa_EU408332,5462,1,1,
NS4B,6245,REF_1b_D90208,5463,1,1,
NS4B,6247,REF_2t_KC197238,5465,1,1,
NS4B,6247,REF_6a_EU246930,5465,1,1,
NS4B,6248,REF_1b_M58335,5466,1,1,
NS4B,6248,REF_4g_FJ462432,5466,1,1,
NS4B,6248,REF_6d_D84263,5466,1,1,
NS4B,6251,REF_3b_JQ065709,5469,1,1,
NS4B,6253,REF_4d_FJ462437,5471,1,1,
NS4B,6253,REF_4l_FJ839870,5471,1,1,
NS4B,6253,REF_4_unassigned_JF735129,5471,1,1,
NS4B,6253,REF_4_unassigned_JF735130,5471,1,1,
NS4B,6254,REF_4m_FJ462433,5472,1,1,
NS4B,6254,REF_4q_FJ462434,5472,1,1,
NS4B,6254,REF_4_unassigned_JF735131,5472,1,1,
NS4B,6254,REF_6f_DQ835760,5472,1,1,
NS4B,6255,REF_6c_EF424629,5473,1,1,
NS4B,6255,REF_6_unassigned_KJ470623,5473,1,1,
NS4B,6255,REF_6_unassigned_KJ470625,5473,1,1,
NS4B,6256,REF_2l_KC197240,5474,1,1,
NS4B,6256,REF_4b_FJ462435,5474,1,1,
NS4B,6256,REF_4c_FJ462436,5474,1,1,
NS4B,6256,REF_4p_FJ462431,5474,1,1,
NS4B,6256,REF_4r_FJ462439,5474,1,1,
NS4B,6256,REF_4t_FJ839869,5474,1,1,
NS4B,6256,REF_4_unassigned_JF735127,5474,1,1,
NS4B,6256,REF_4_unassigned_JF735132,5474,1,1,
NS4B,6256,REF_4_unassigned_JF735134,5474,1,1,
NS4B,6256,REF_4_unassigned_JF735135,5474,1,1,
NS4B,6257,REF_1a_M62321,5475,1,1,
NS4B,6257,REF_1a_M67463,5475,1,1,
NS4B,6257,REF_1a_NC_004102,5475,1,1,
NS4B,6257,REF_1c_AY051292,5475,1,1,
NS4B,6257,REF_1c_AY651061,5475,1,1,
NS4B,6257,REF_1c_D14853,5475,1,1,
NS4B,6257,REF_1d_KJ439768,5475,1,1,
NS4B,6257,REF_1j_KJ439773,5475,1,1,
NS4B,6257,REF_1k_KJ439774,5475,1,1,
NS4B,6257,REF_1m_KJ439782,5475,1,1,
NS4B,6257,REF_1n_KJ439775,5475,1,1,
NS4B,6257,REF_1_NC_004102,5475,1,1,
NS4B,6257,REF_1_unassigned_KJ439777,5475,1,1,
NS4B,6257,REF_1_unassigned_KJ439780,5475,1,1,
NS4B,6257,REF_4k_FJ462438,5475,1,1,
NS4B,6257,REF_4o_FJ462440,5475,1,1,
NS4B,6257,REF_4s_JF735136,5475,1,1,
NS4B,6257,REF_6h_D84265,5475,1,1,
NS4B,6257,REF_6n_DQ835768,5475,1,1,
NS4B,6257,REF_6o_EF424627,5475,1,1,
NS4B,6257,REF_6r_EU408328,5475,1,1,
NS4B,6257,REF_6_unassigned_JX183549,5475,1,1,
NS4B,6257,REF_6_unassigned_JX183550,5475,1,1,
NS4B,6257,REF_MASTER_NC_004102,5475,1,1,
NS4B,6258,REF_1n_KJ439781,5476,1,1,
NS4B,6258,REF_1_unassigned_KJ439779,5476,1,1,
NS4B,6258,REF_6p_EF424626,5476,1,1,
NS4B,6258,REF_6q_EF424625,5476,1,1,
NS4B,6259,REF_4n_FJ462441,5477,1,1,
NS4B,6259,REF_4_unassigned_JF735138,5477,1,1,
NS4B,6259,REF_6_unassigned_DQ278891,5477,1,1,
NS4B,6260,REF_1h_KC248198,5478,1,1,
NS4B,6260,REF_1h_KC248199,5478,1,1,
NS4B,6260,REF_1m_KJ439778,5478,1,1,
NS4B,6260,REF_6i_DQ835762,5478,1,1,
NS4B,6260,REF_6i_DQ835770,5478,1,1,
NS4B,6260,REF_6j_DQ835761,5478,1,1,
NS4B,6260,REF_6j_DQ835769,5478,1,1,
NS4B,6260,REF_6k_D84264,5478,1,1,
NS4B,6260,REF_6l_EF424628,5478,1,1,
NS4B,6260,REF_6l_JX183556,5478,1,1,
NS4B,6260,REF_6m_DQ835766,5478,1,1,
NS4B,6260,REF_6m_DQ835767,5478,1,1,
NS4B,6260,REF_6s_EU408329,5478,1,1,
NS4B,6260,REF_6v_EU798760,5478,1,1,
NS4B,6260,REF_6xb_JX183552,5478,1,1,
NS4B,6260,REF_6xb_KJ567645,5478,1,1,
NS4B,6260,REF_6_unassigned_DQ278893,5478,1,1,
NS4B,6260,REF_6_unassigned_JX183551,5478,1,1,
NS4B,6260,REF_6_unassigned_JX183553,5478,1,1,
NS4B,6260,REF_6_unassigned_JX183554,5478,1,1,
NS4B,6260,REF_6_unassigned_JX183558,5478,1,1,
NS4B,6261,REF_6n_DQ278894,5479,1,1,
NS4B,6262,REF_2_unassigned_JF735117,5480,1,1,
NS4B,6263,REF_6xe_JX183557,5481,1,1,
NS4B,6263,REF_6xe_KM252792,5481,1,1,
NS4B,6263,REF_6_unassigned_KC844040,5481,1,1,
NS4B,6266,REF_2_unassigned_JF735119,5484,1,1,
NS4B,6266,REF_6e_DQ314805,5484,1,1,
NS4B,6266,REF_6g_D63822,5484,1,1,
NS4B,6266,REF_6g_DQ314806,5484,1,1,
NS4B,6267,REF_3_unassigned_JF735124,5485,1,1,
NS4B,6267,REF_6_unassigned_KJ470622,5485,1,1,
NS4B,6267,REF_7a_NC_030791,5485,1,1,
NS4B,6267,REF_7_NC_030791,5485,1,1,
NS4B,6268,REF_1e_KC248194,5486,1,1,
NS4B,6268,REF_2a_AB047639,5486,1,1,
NS4B,6268,REF_2a_D00944,5486,1,1,
NS4B,6268,REF_2c_D50409,5486,1,1,
NS4B,6268,REF_2d_JF735114,5486,1,1,
NS4B,6268,REF_2f_KC844042,5486,1,1,
NS4B,6268,REF_2f_KC844050,5486,1,1,
NS4B,6268,REF_2j_JF735113,5486,1,1,
NS4B,6268,REF_2m_JF735111,5486,1,1,
NS4B,6268,REF_2r_JF735115,5486,1,1,
NS4B,6268,REF_2u_JF735112,5486,1,1,
NS4B,6268,REF_2_D00944,5486,1,1,
NS4B,6268,REF_2_unassigned_JF735110,5486,1,1,
NS4B,6268,REF_2_unassigned_JF735116,5486,1,1,
NS4B,6268,REF_2_unassigned_JF735118,5486,1,1,
NS4B,6268,REF_6_unassigned_KJ470621,5486,1,1,
NS4B,6268,REF_6_unassigned_KJ470624,5486,1,1,
NS4B,6269,REF_1i_KJ439772,5487,1,1,
NS4B,6269,REF_2b_AB030907,5487,1,1,
NS4B,6269,REF_2b_D10988,5487,1,1,
NS4B,6269,REF_2k_AB031663,5487,1,1,
NS4B,6270,REF_3e_KJ470618,5488,1,1,
NS4B,6270,REF_3h_JF735121,5488,1,1,
NS4B,6270,REF_3h_JF735126,5488,1,1,
NS4B,6270,REF_3k_D63821,5488,1,1,
NS4B,6270,REF_3k_JF735122,5488,1,1,
NS4B,6270,REF_6w_DQ278892,5488,1,1,
NS4B,6271,REF_6_unassigned_KJ470620,5489,1,1,
NS4B,6272,REF_6xd_KM252789,5490,1,1,
NS4B,6273,REF_3a_D28917,5491,1,1,
NS4B,6273,REF_3a_NC_009824,5491,1,1,
NS4B,6273,REF_3_NC_009824,5491,1,1,
NS4B,6273,REF_6b_NC_009827,5491,1,1,
NS4B,6273,REF_6_NC_009827,5491,1,1,
NS4B,6274,REF_3d_KJ470619,5492,1,1,
NS4B,6274,REF_3i_FJ407092,5492,1,1,
NS4B,6275,REF_6xc_KJ567651,5493,1,1,
NS4B,6275,REF_6xd_KM252790,5493,1,1,
NS4B,6275,REF_6xd_KM252791,5493,1,1,
NS4B,6276,REF_1l_KC248193,5494,1,1,
NS4B,6276,REF_1l_KC248196,5494,1,1,
NS4B,6276,REF_1_unassigned_KJ439776,5494,1,1,
NS4B,6276,REF_3g_JF735123,5494,1,1,
NS4B,6277,REF_3a_JN714194,5495,1,1,
NS4B,6278,REF_6_unassigned_KC844039,5496,1,1,
NS4B,6279,REF_1l_KC248197,5497,1,1,
NS4B,6279,REF_3b_D49374,5497,1,1,
NS4B,6281,REF_1_unassigned_KC248195,5499,1,1,
NS4B,6469,REF_2e_JF735120,5687,1,1,
NS5A,6698,REF_4o_FJ462440,6258,1,1,
NS5A,6703,REF_4o_FJ462440,6701,1,1,
NS5A,6750,REF_4o_FJ462440,6706,1,1,
NS5A,6784,REF_2i_DQ155561,6242,1,1,
NS5A,6805,REF_2i_DQ155561,6785,1,1,
NS5A,6810,REF_2i_DQ155561,6808,1,1,
NS5A,6818,REF_2i_DQ155561,6813,1,1,
NS5A,6844,REF_2i_DQ155561,6821,1,1,
NS5A,6969,REF_2i_DQ155561,6847,1,1,
NS5A,6975,REF_2i_DQ155561,6973,1,1,
NS5A,6989,REF_4o_FJ462440,6753,1,1,
NS5A,6991,REF_2l_KC197240,6257,1,1,
NS5A,7015,REF_2i_DQ155561,6977,1,1,
NS5A,7031,REF_4o_FJ462440,6990,1,1,
NS5A,7034,REF_4o_FJ462440,7032,1,1,
NS5A,7036,REF_2l_KC197240,6992,1,1,
NS5A,7096,REF_2i_DQ155561,7016,1,1,
NS5A,7112,REF_4o_FJ462440,7035,1,1,
NS5A,7117,REF_2l_KC197240,7037,1,1,
NS5A,7141,REF_2i_DQ155561,7097,1,1,
NS5A,7157,REF_4o_FJ462440,7113,1,1,
NS5A,7163,REF_2l_KC197240,7118,1,1,
NS5A,7297,REF_2i_DQ155561,7145,1,1,
NS5A,7310,REF_4o_FJ462440,7158,1,1,
NS5A,7318,REF_2l_KC197240,7164,1,1,
NS5A,7326,REF_2b_AB661382,5929,1,1,
NS5A,7326,REF_2b_AB661388,5929,1,1,
NS5A,7346,REF_6w_EU643836,5994,1,1,
NS5A,7349,REF_6w_EU643834,5997,1,1,
NS5A,7381,REF_4g_JX227971,6038,1,1,
NS5A,7400,REF_4o_FJ462440,7311,1,1,
NS5A,7405,REF_1a_EF407457,6062,1,1,
NS5A,7447,REF_2i_DQ155561,7298,1,1,
NS5A,7447,REF_4_unassigned_FJ025854,6107,1,1,
NS5A,7450,REF_1a_HQ850279,6107,1,1,
NS5A,7450,REF_4w_FJ025855,6107,1,1,
NS5A,7450,REF_4w_FJ025856,6107,1,1,
NS5A,7468,REF_4v_JX227960,6143,1,1,
NS5A,7469,REF_4o_FJ462440,7401,1,1,
NS5A,7480,REF_2l_KC197240,7319,1,1,
NS5A,7482,REF_4d_DQ418786,6148,1,1,
NS5A,7486,REF_4k_EU392171,6143,1,1,
NS5A,7493,REF_4o_JX227977,6165,1,1,
NS5A,7495,REF_1_unassigned_HQ537007,6152,1,1,
NS5A,7504,REF_4v_HQ537008,6170,1,1,
NS5A,7507,REF_4a_DQ988074,6173,1,1,
NS5A,7507,REF_4d_EU392172,6176,1,1,
NS5A,7507,REF_4v_HQ537009,6173,1,1,
NS5A,7508,REF_4m_JX227972,6177,1,1,
NS5A,7510,REF_4n_JX227970,6179,1,1,
NS5A,7511,REF_4g_JX227963,6168,1,1,
NS5A,7512,REF_4a_DQ418789,6178,1,1,
NS5A,7514,REF_4l_JX227957,6174,1,1,
NS5A,7515,REF_4f_EU392175,6184,1,1,
NS5A,7515,REF_5a_AF064490,6166,1,1,
NS5A,7516,REF_4f_EU392174,6185,1,1,
NS5A,7521,REF_4v_JX227959,6187,1,1,
NS5A,7522,REF_2i_DQ155561,7460,1,1,
NS5A,7523,REF_4k_EU392173,6180,1,1,
NS5A,7525,REF_4r_JX227976,6179,1,1,
NS5A,7530,REF_4a_NC_009825,6196,1,1,
NS5A,7530,REF_4_NC_009825,6196,1,1,
NS5A,7531,REF_4f_EF589161,6197,1,1,
NS5A,7532,REF_4o_FJ462440,7470,1,1,
NS5A,7534,REF_4_unassigned_JX227964,6191,1,1,
NS5A,7535,REF_4o_FJ462440,7533,1,1,
NS5A,7545,REF_2l_KC197240,7481,1,1,
NS5A,7548,REF_5a_NC_009826,6199,1,1,
NS5A,7548,REF_5_NC_009826,6199,1,1,
NS5A,7555,REF_3i_JX227955,6200,1,1,
NS5A,7557,REF_3g_JX227954,6202,1,1,
NS5A,7559,REF_4o_FJ462440,7536,1,1,
NS5A,7561,REF_1b_EU781828,6221,1,1,
NS5A,7563,REF_6a_HQ639936,6211,1,1,
NS5A,7564,REF_6a_Y12083,6212,1,1,
NS5A,7572,REF_1b_EU781827,6232,1,1,
NS5A,7573,REF_2i_DQ155561,7571,1,1,
NS5A,7573,REF_2l_KC197240,7546,1,1,
NS5A,7574,REF_1_unassigned_AJ851228,6234,1,1,
NS5A,7579,REF_6a_AY859526,6227,1,1,
NS5A,7582,REF_2l_KC197235,6242,1,1,
NS5A,7582,REF_6v_EU158186,6230,1,1,
NS5A,7582,REF_6v_EU798761,6230,1,1,
NS5A,7583,REF_4o_FJ462440,7560,1,1,
NS5A,7585,REF_1g_AM910652,6242,1,1,
NS5A,7585,REF_4d_FJ462437,6254,1,1,
NS5A,7585,REF_4l_FJ839870,6254,1,1,
NS5A,7585,REF_4_unassigned_JF735129,6254,1,1,
NS5A,7585,REF_6n_EU246938,6233,1,1,
NS5A,7586,REF_1b_D90208,6246,1,1,
NS5A,7586,REF_2j_HM777358,6189,1,1,
NS5A,7586,REF_2j_HM777359,6189,1,1,
NS5A,7586,REF_4m_FJ462433,6255,1,1,
NS5A,7586,REF_4s_JF735136,6258,1,1,
NS5A,7586,REF_4_unassigned_JF735131,6255,1,1,
NS5A,7588,REF_2k_JX227953,6191,1,1,
NS5A,7588,REF_3a_X76918,6233,1,1,
NS5A,7588,REF_4p_FJ462431,6257,1,1,
NS5A,7588,REF_4t_FJ839869,6257,1,1,
NS5A,7588,REF_4_unassigned_JF735130,6254,1,1,
NS5A,7588,REF_4_unassigned_JF735135,6257,1,1,
NS5A,7588,REF_6o_EU246934,6233,1,1,
NS5A,7588,REF_6t_EU246939,6233,1,1,
NS5A,7589,REF_1b_M58335,6249,1,1,
NS5A,7591,REF_4n_FJ462441,6260,1,1,
NS5A,7591,REF_6u_EU246940,6239,1,1,
NS5A,7592,REF_2m_JX227967,6192,1,1,
NS5A,7592,REF_4g_FJ462432,6249,1,1,
NS5A,7594,REF_6e_EU246931,6242,1,1,
NS5A,7594,REF_6f_EU246936,6230,1,1,
NS5A,7597,REF_2l_KC197240,7574,1,1,
NS5A,7598,REF_1d_KJ439768,6258,1,1,
NS5A,7598,REF_4q_FJ462434,6255,1,1,
NS5A,7599,REF_6t_EF632071,6244,1,1,
NS5A,7600,REF_4b_FJ462435,6257,1,1,
NS5A,7600,REF_4r_FJ462439,6257,1,1,
NS5A,7600,REF_4_unassigned_JF735127,6257,1,1,
NS5A,7600,REF_4_unassigned_JF735134,6257,1,1,
NS5A,7600,REF_6a_EU246930,6248,1,1,
NS5A,7600,REF_6xa_EU408330,6245,1,1,
NS5A,7600,REF_6xa_EU408331,6245,1,1,
NS5A,7600,REF_6xa_EU408332,6245,1,1,
NS5A,7601,REF_1a_M62321,6258,1,1,
NS5A,7601,REF_1a_M67463,6258,1,1,
NS5A,7601,REF_1a_NC_004102,6258,1,1,
NS5A,7601,REF_1c_AY051292,6258,1,1,
NS5A,7601,REF_1c_AY651061,6258,1,1,
NS5A,7601,REF_1c_D14853,6258,1,1,
NS5A,7601,REF_1j_KJ439773,6258,1,1,
NS5A,7601,REF_1k_KJ439774,6258,1,1,
NS5A,7601,REF_1m_KJ439782,6258,1,1,
NS5A,7601,REF_1n_KJ439775,6258,1,1,
NS5A,7601,REF_1_NC_004102,6258,1,1,
NS5A,7601,REF_1_unassigned_KJ439777,6258,1,1,
NS5A,7601,REF_1_unassigned_KJ439780,6258,1,1,
NS5A,7601,REF_4k_FJ462438,6258,1,1,
NS5A,7601,REF_MASTER_NC_004102,6258,1,1,
NS5A,7602,REF_1n_KJ439781,6259,1,1,
NS5A,7602,REF_1_unassigned_KJ439779,6259,1,1,
NS5A,7602,REF_2a_HQ639944,6205,1,1,
NS5A,7603,REF_4_unassigned_JF735138,6260,1,1,
NS5A,7604,REF_1h_KC248198,6261,1,1,
NS5A,7604,REF_1h_KC248199,6261,1,1,
NS5A,7604,REF_1m_KJ439778,6261,1,1,
NS5A,7604,REF_6d_D84263,6249,1,1,
NS5A,7605,REF_7a_NC_030791,6268,1,1,
NS5A,7605,REF_7_NC_030791,6268,1,1,
NS5A,7606,REF_6e_EU246932,6242,1,1,
NS5A,7607,REF_3b_JQ065709,6252,1,1,
NS5A,7610,REF_1i_KJ439772,6270,1,1,
NS5A,7610,REF_6h_D84265,6258,1,1,
NS5A,7610,REF_6n_DQ835768,6258,1,1,
NS5A,7610,REF_6_unassigned_JX183549,6258,1,1,
NS5A,7610,REF_6_unassigned_JX183550,6258,1,1,
NS5A,7611,REF_6c_EF424629,6256,1,1,
NS5A,7611,REF_6q_EF424625,6259,1,1,
NS5A,7612,REF_1e_KC248194,6269,1,1,
NS5A,7612,REF_2i_DQ155561,7586,1,1,
NS5A,7612,REF_6_unassigned_DQ278891,6260,1,1,
NS5A,7613,REF_6i_DQ835762,6261,1,1,
NS5A,7613,REF_6i_DQ835770,6261,1,1,
NS5A,7613,REF_6j_DQ835761,6261,1,1,
NS5A,7613,REF_6j_DQ835769,6261,1,1,
NS5A,7613,REF_6k_D84264,6261,1,1,
NS5A,7613,REF_6l_EF424628,6261,1,1,
NS5A,7613,REF_6l_JX183556,6261,1,1,
NS5A,7613,REF_6m_DQ835766,6261,1,1,
NS5A,7613,REF_6m_DQ835767,6261,1,1,
NS5A,7613,REF_6o_EF424627,6258,1,1,
NS5A,7613,REF_6r_EU408328,6258,1,1,
NS5A,7613,REF_6s_EU408329,6261,1,1,
NS5A,7613,REF_6v_EU798760,6261,1,1,
NS5A,7613,REF_6xb_JX183552,6261,1,1,
NS5A,7613,REF_6xb_KJ567645,6261,1,1,
NS5A,7613,REF_6_unassigned_DQ278893,6261,1,1,
NS5A,7613,REF_6_unassigned_JX183551,6261,1,1,
NS5A,7613,REF_6_unassigned_JX183553,6261,1,1,
NS5A,7613,REF_6_unassigned_JX183554,6261,1,1,
NS5A,7613,REF_6_unassigned_JX183558,6261,1,1,
NS5A,7614,REF_2c_JX227949,6208,1,1,
NS5A,7614,REF_6n_DQ278894,6262,1,1,
NS5A,7614,REF_6p_EF424626,6259,1,1,
NS5A,7616,REF_6xe_JX183557,6264,1,1,
NS5A,7616,REF_6xe_KM252792,6264,1,1,
NS5A,7616,REF_6_unassigned_KC844040,6264,1,1,
NS5A,7617,REF_6_unassigned_KJ470625,6256,1,1,
NS5A,7619,REF_6f_DQ835760,6255,1,1,
NS5A,7620,REF_1l_KC248193,6277,1,1,
NS5A,7620,REF_1l_KC248196,6277,1,1,
NS5A,7620,REF_1_unassigned_KJ439776,6277,1,1,
NS5A,7620,REF_6w_DQ278892,6271,1,1,
NS5A,7623,REF_1l_KC248197,6280,1,1,
NS5A,7623,REF_3h_JF735121,6271,1,1,
NS5A,7623,REF_3h_JF735126,6271,1,1,
NS5A,7623,REF_3k_D63821,6271,1,1,
NS5A,7623,REF_3k_JF735122,6271,1,1,
NS5A,7623,REF_6_unassigned_KJ470623,6256,1,1,
NS5A,7625,REF_6xd_KM252789,6273,1,1,
NS5A,7626,REF_6b_NC_009827,6274,1,1,
NS5A,7626,REF_6_NC_009827,6274,1,1,
NS5A,7628,REF_1_unassigned_KC248195,6282,1,1,
NS5A,7628,REF_6xd_KM252790,6276,1,1,
NS5A,7628,REF_6xd_KM252791,6276,1,1,
NS5A,7629,REF_3a_D28917,6274,1,1,
NS5A,7629,REF_3a_NC_009824,6274,1,1,
NS5A,7629,REF_3e_KJ470618,6271,1,1,
NS5A,7629,REF_3_NC_009824,6274,1,1,
NS5A,7629,REF_3_unassigned_JF735124,6268,1,1,
NS5A,7630,REF_3d_KJ470619,6275,1,1,
NS5A,7630,REF_3i_FJ407092,6275,1,1,
NS5A,7631,REF_6e_DQ314805,6267,1,1,
NS5A,7631,REF_6g_D63822,6267,1,1,
NS5A,7631,REF_6g_DQ314806,6267,1,1,
NS5A,7631,REF_6xc_KJ567651,6276,1,1,
NS5A,7632,REF_6_unassigned_KJ470622,6268,1,1,
NS5A,7633,REF_3a_JN714194,6278,1,1,
NS5A,7633,REF_4c_FJ462436,6257,1,1,
NS5A,7633,REF_6_unassigned_KJ470621,6269,1,1,
NS5A,7633,REF_6_unassigned_KJ470624,6269,1,1,
NS5A,7635,REF_3b_D49374,6280,1,1,
NS5A,7636,REF_2i_DQ155561,7613,1,1,
NS5A,7636,REF_6_unassigned_KJ470620,6272,1,1,
NS5A,7637,REF_6_unassigned_KC844039,6279,1,1,
NS5A,7638,REF_3g_JF735123,6277,1,1,
NS5A,7639,REF_2q_FN666428,6242,1,1,
NS5A,7639,REF_2q_FN666429,6242,1,1,
NS5A,7639,REF_2_unassigned_KC197236,6242,1,1,
NS5A,7639,REF_2_unassigned_KC197237,6242,1,1,
NS5A,7642,REF_2_unassigned_KC197239,6245,1,1,
NS5A,7645,REF_2t_KC197238,6248,1,1,
NS5A,7660,REF_2_unassigned_JF735117,6263,1,1,
NS5A,7666,REF_2a_AB047639,6269,1,1,
NS5A,7666,REF_2a_D00944,6269,1,1,
NS5A,7666,REF_2d_JF735114,6269,1,1,
NS5A,7666,REF_2f_KC844042,6269,1,1,
NS5A,7666,REF_2f_KC844050,6269,1,1,
NS5A,7666,REF_2j_JF735113,6269,1,1,
NS5A,7666,REF_2r_JF735115,6269,1,1,
NS5A,7666,REF_2_D00944,6269,1,1,
NS5A,7666,REF_2_unassigned_JF735110,6269,1,1,
NS5A,7666,REF_2_unassigned_JF735116,6269,1,1,
NS5A,7666,REF_2_unassigned_JF735118,6269,1,1,
NS5A,7667,REF_2b_AB030907,6270,1,1,
NS5A,7667,REF_2b_D10988,6270,1,1,
NS5A,7667,REF_2k_AB031663,6270,1,1,
NS5A,7669,REF_2m_JF735111,6269,1,1,
NS5A,7676,REF_2_unassigned_JF735119,6267,1,1,
NS5A,7678,REF_2c_D50409,6269,1,1,
NS5A,7678,REF_2u_JF735112,6269,1,1,
NS5A,7693,REF_4_unassigned_JF735132,6257,1,1,
NS5A,7882,REF_2e_JF735120,6470,1,1,
NS5B,10,REF_4j_L36438,2,1,1,
NS5B,125,REF_2g_X93323,3,1,1,
NS5B,197,REF_2g_X93323,129,1,1,
NS5B,198,REF_2h_X93327,1,1,1,
NS5B,322,REF_4j_L36438,14,1,1,
NS5B,330,REF_4j_L36438,328,1,1,
NS5B,483,REF_2n_L39309_L44602,460,1,1,
NS5B,600,REF_4i_L36439_L36437,592,1,1,
NS5B,612,REF_4i_L36439_L36437,604,1,1,
NS5B,654,REF_4i_L36439_L36437,616,1,1,
NS5B,660,REF_4i_L36439_L36437,658,1,1,
NS5B,792,REF_2n_L39309_L44602,487,1,1,
NS5B,798,REF_2p_L39300_L44601,460,1,1,
NS5B,864,REF_4i_L36439_L36437,664,1,1,
NS5B,924,REF_4i_L36439_L36437,868,1,1,
NS5B,930,REF_4e_L29589_L29590,592,1,1,
NS5B,930,REF_4h_L29610_L29611,592,1,1,
NS5B,930,REF_4i_L36439_L36437,928,1,1,
NS5B,1410,REF_2s_JQ924942_HM777447_HM777332,1096,1,1,
NS5B,1510,REF_1f_L38350_L38371,1202,1,1,
NS5B,1528,REF_1f_L38350_L38371,1517,1,1,
NS5B,1543,REF_2o_L38333_L38373,1205,1,1,
NS5B,1852,REF_3c_D16612_D14198_D16613,1520,1,1,
NS5B,1853,REF_3f_D16614_D14203_D16615,1521,1,1,
NS5B,2959,REF_3c_D16612_D14198_D16613,2198,1,1,
NS5B,2960,REF_3f_D16614_D14203_D16615,2199,1,1,
NS5B,9052,REF_4a_DQ988074,7508,1,1,
NS5B,9088,REF_4d_FJ462437,7586,1,1,
NS5B,9102,REF_2b_AB661382,7327,1,1,
NS5B,9102,REF_2b_AB661388,7327,1,1,
NS5B,9110,REF_2j_HM777358,7587,1,1,
NS5B,9122,REF_6w_EU643836,7347,1,1,
NS5B,9125,REF_6w_EU643834,7350,1,1,
NS5B,9157,REF_4g_JX227971,7382,1,1,
NS5B,9172,REF_4v_HQ537008,7505,1,1,
NS5B,9175,REF_4v_HQ537009,7508,1,1,
NS5B,9181,REF_1a_EF407457,7406,1,1,
NS5B,9187,REF_1_unassigned_HQ537007,7496,1,1,
NS5B,9190,REF_1a_HQ850279,7451,1,1,
NS5B,9223,REF_4_unassigned_FJ025854,7448,1,1,
NS5B,9226,REF_4w_FJ025855,7451,1,1,
NS5B,9226,REF_4w_FJ025856,7451,1,1,
NS5B,9244,REF_4v_JX227960,7469,1,1,
NS5B,9258,REF_4d_DQ418786,7483,1,1,
NS5B,9262,REF_4k_EU392171,7487,1,1,
NS5B,9269,REF_4o_JX227977,7494,1,1,
NS5B,9283,REF_4d_EU392172,7508,1,1,
NS5B,9284,REF_4m_JX227972,7509,1,1,
NS5B,9286,REF_4n_JX227970,7511,1,1,
NS5B,9287,REF_4g_JX227963,7512,1,1,
NS5B,9288,REF_4a_DQ418789,7513,1,1,
NS5B,9290,REF_4l_JX227957,7515,1,1,
NS5B,9291,REF_4f_EU392175,7516,1,1,
NS5B,9291,REF_5a_AF064490,7516,1,1,
NS5B,9292,REF_4f_EU392174,7517,1,1,
NS5B,9294,REF_2c_JX227949,7615,1,1,
NS5B,9297,REF_4v_JX227959,7522,1,1,
NS5B,9299,REF_4k_EU392173,7524,1,1,
NS5B,9301,REF_4r_JX227976,7526,1,1,
NS5B,9304,REF_4f_EF589161,7532,1,1,
NS5B,9306,REF_4a_NC_009825,7531,1,1,
NS5B,9306,REF_4_NC_009825,7531,1,1,
NS5B,9310,REF_4_unassigned_JX227964,7535,1,1,
NS5B,9315,REF_6a_HQ639936,7564,1,1,
NS5B,9324,REF_5a_NC_009826,7549,1,1,
NS5B,9324,REF_5_NC_009826,7549,1,1,
NS5B,9331,REF_3i_JX227955,7556,1,1,
NS5B,9333,REF_3g_JX227954,7558,1,1,
NS5B,9337,REF_1b_EU781828,7562,1,1,
NS5B,9340,REF_6a_Y12083,7565,1,1,
NS5B,9343,REF_2i_DQ155561,7637,1,1,
NS5B,9348,REF_1b_EU781827,7573,1,1,
NS5B,9350,REF_1_unassigned_AJ851228,7575,1,1,
NS5B,9354,REF_2i_DQ155561,9346,1,1,
NS5B,9355,REF_6a_AY859526,7580,1,1,
NS5B,9358,REF_2l_KC197235,7583,1,1,
NS5B,9358,REF_6v_EU158186,7583,1,1,
NS5B,9358,REF_6v_EU798761,7583,1,1,
NS5B,9359,REF_2i_DQ155561,9357,1,1,
NS5B,9359,REF_4o_FJ462440,7584,1,1,
NS5B,9361,REF_1g_AM910652,7586,1,1,
NS5B,9361,REF_4l_FJ839870,7586,1,1,
NS5B,9361,REF_4_unassigned_JF735129,7586,1,1,
NS5B,9361,REF_6n_EU246938,7586,1,1,
NS5B,9362,REF_1b_D90208,7587,1,1,
NS5B,9362,REF_2j_HM777359,7587,1,1,
NS5B,9362,REF_4m_FJ462433,7587,1,1,
NS5B,9362,REF_4s_JF735136,7587,1,1,
NS5B,9362,REF_4_unassigned_JF735131,7587,1,1,
NS5B,9364,REF_2k_JX227953,7589,1,1,
NS5B,9364,REF_3a_X76918,7589,1,1,
NS5B,9364,REF_4p_FJ462431,7589,1,1,
NS5B,9364,REF_4t_FJ839869,7589,1,1,
NS5B,9364,REF_4_unassigned_JF735130,7589,1,1,
NS5B,9364,REF_4_unassigned_JF735135,7589,1,1,
NS5B,9364,REF_6o_EU246934,7589,1,1,
NS5B,9364,REF_6t_EU246939,7589,1,1,
NS5B,9365,REF_1b_M58335,7590,1,1,
NS5B,9367,REF_4n_FJ462441,7592,1,1,
NS5B,9367,REF_6u_EU246940,7592,1,1,
NS5B,9368,REF_2m_JX227967,7593,1,1,
NS5B,9368,REF_4g_FJ462432,7593,1,1,
NS5B,9369,REF_2i_DQ155561,9364,1,1,
NS5B,9370,REF_6e_EU246931,7595,1,1,
NS5B,9370,REF_6f_EU246936,7595,1,1,
NS5B,9373,REF_2l_KC197240,7598,1,1,
NS5B,9374,REF_1d_KJ439768,7599,1,1,
NS5B,9374,REF_4q_FJ462434,7599,1,1,
NS5B,9375,REF_6t_EF632071,7600,1,1,
NS5B,9376,REF_4b_FJ462435,7601,1,1,
NS5B,9376,REF_4r_FJ462439,7601,1,1,
NS5B,9376,REF_4_unassigned_JF735127,7601,1,1,
NS5B,9376,REF_4_unassigned_JF735134,7601,1,1,
NS5B,9376,REF_6a_EU246930,7601,1,1,
NS5B,9376,REF_6xa_EU408330,7601,1,1,
NS5B,9376,REF_6xa_EU408331,7601,1,1,
NS5B,9376,REF_6xa_EU408332,7601,1,1,
NS5B,9377,REF_1a_M62321,7602,1,1,
NS5B,9377,REF_1a_M67463,7602,1,1,
NS5B,9377,REF_1a_NC_004102,7602,1,1,
NS5B,9377,REF_1c_AY051292,7602,1,1,
NS5B,9377,REF_1c_AY651061,7602,1,1,
NS5B,9377,REF_1c_D14853,7602,1,1,
NS5B,9377,REF_1j_KJ439773,7602,1,1,
NS5B,9377,REF_1k_KJ439774,7602,1,1,
NS5B,9377,REF_1m_KJ439782,7602,1,1,
NS5B,9377,REF_1n_KJ439775,7602,1,1,
NS5B,9377,REF_1_NC_004102,7602,1,1,
NS5B,9377,REF_1_unassigned_KJ439777,7602,1,1,
NS5B,9377,REF_1_unassigned_KJ439780,7602,1,1,
NS5B,9377,REF_4k_FJ462438,7602,1,1,
NS5B,9377,REF_MASTER_NC_004102,7602,1,1,
NS5B,9378,REF_1n_KJ439781,7603,1,1,
NS5B,9378,REF_1_unassigned_KJ439779,7603,1,1,
NS5B,9378,REF_2a_HQ639944,7603,1,1,
NS5B,9379,REF_4_unassigned_JF735138,7604,1,1,
NS5B,9380,REF_1h_KC248198,7605,1,1,
NS5B,9380,REF_1h_KC248199,7605,1,1,
NS5B,9380,REF_1m_KJ439778,7605,1,1,
NS5B,9380,REF_6d_D84263,7605,1,1,
NS5B,9381,REF_7a_NC_030791,7606,1,1,
NS5B,9381,REF_7_NC_030791,7606,1,1,
NS5B,9382,REF_6e_EU246932,7607,1,1,
NS5B,9383,REF_3b_JQ065709,7608,1,1,
NS5B,9386,REF_1i_KJ439772,7611,1,1,
NS5B,9386,REF_6h_D84265,7611,1,1,
NS5B,9386,REF_6n_DQ835768,7611,1,1,
NS5B,9386,REF_6_unassigned_JX183549,7611,1,1,
NS5B,9386,REF_6_unassigned_JX183550,7611,1,1,
NS5B,9387,REF_6c_EF424629,7612,1,1,
NS5B,9387,REF_6q_EF424625,7612,1,1,
NS5B,9388,REF_1e_KC248194,7613,1,1,
NS5B,9388,REF_6_unassigned_DQ278891,7613,1,1,
NS5B,9389,REF_6i_DQ835762,7614,1,1,
NS5B,9389,REF_6i_DQ835770,7614,1,1,
NS5B,9389,REF_6j_DQ835761,7614,1,1,
NS5B,9389,REF_6j_DQ835769,7614,1,1,
NS5B,9389,REF_6k_D84264,7614,1,1,
NS5B,9389,REF_6l_EF424628,7614,1,1,
NS5B,9389,REF_6l_JX183556,7614,1,1,
NS5B,9389,REF_6m_DQ835766,7614,1,1,
NS5B,9389,REF_6m_DQ835767,7614,1,1,
NS5B,9389,REF_6o_EF424627,7614,1,1,
NS5B,9389,REF_6r_EU408328,7614,1,1,
NS5B,9389,REF_6s_EU408329,7614,1,1,
NS5B,9389,REF_6v_EU798760,7614,1,1,
NS5B,9389,REF_6xb_JX183552,7614,1,1,
NS5B,9389,REF_6xb_KJ567645,7614,1,1,
NS5B,9389,REF_6_unassigned_DQ278893,7614,1,1,
NS5B,9389,REF_6_unassigned_JX183551,7614,1,1,
NS5B,9389,REF_6_unassigned_JX183553,7614,1,1,
NS5B,9389,REF_6_unassigned_JX183554,7614,1,1,
NS5B,9389,REF_6_unassigned_JX183558,7614,1,1,
NS5B,9390,REF_6n_DQ278894,7615,1,1,
NS5B,9390,REF_6p_EF424626,7615,1,1,
NS5B,9392,REF_6xe_JX183557,7617,1,1,
NS5B,9392,REF_6xe_KM252792,7617,1,1,
NS5B,9392,REF_6_unassigned_KC844040,7617,1,1,
NS5B,9393,REF_6_unassigned_KJ470625,7618,1,1,
NS5B,9395,REF_6f_DQ835760,7620,1,1,
NS5B,9396,REF_1l_KC248193,7621,1,1,
NS5B,9396,REF_1l_KC248196,7621,1,1,
NS5B,9396,REF_1_unassigned_KJ439776,7621,1,1,
NS5B,9396,REF_6w_DQ278892,7621,1,1,
NS5B,9397,REF_2q_FN666429,7640,1,1,
NS5B,9399,REF_1l_KC248197,7624,1,1,
NS5B,9399,REF_3h_JF735121,7624,1,1,
NS5B,9399,REF_3h_JF735126,7624,1,1,
NS5B,9399,REF_3k_D63821,7624,1,1,
NS5B,9399,REF_3k_JF735122,7624,1,1,
NS5B,9399,REF_6_unassigned_KJ470623,7624,1,1,
NS5B,9401,REF_6xd_KM252789,7626,1,1,
NS5B,9402,REF_6b_NC_009827,7627,1,1,
NS5B,9402,REF_6_NC_009827,7627,1,1,
NS5B,9404,REF_1_unassigned_KC248195,7629,1,1,
NS5B,9404,REF_6xd_KM252790,7629,1,1,
NS5B,9404,REF_6xd_KM252791,7629,1,1,
NS5B,9405,REF_3a_D28917,7630,1,1,
NS5B,9405,REF_3a_NC_009824,7630,1,1,
NS5B,9405,REF_3e_KJ470618,7630,1,1,
NS5B,9405,REF_3_NC_009824,7630,1,1,
NS5B,9405,REF_3_unassigned_JF735124,7630,1,1,
NS5B,9406,REF_3d_KJ470619,7631,1,1,
NS5B,9406,REF_3i_FJ407092,7631,1,1,
NS5B,9407,REF_6e_DQ314805,7632,1,1,
NS5B,9407,REF_6g_D63822,7632,1,1,
NS5B,9407,REF_6g_DQ314806,7632,1,1,
NS5B,9407,REF_6xc_KJ567651,7632,1,1,
NS5B,9408,REF_6_unassigned_KJ470622,7633,1,1,
NS5B,9409,REF_3a_JN714194,7634,1,1,
NS5B,9409,REF_4c_FJ462436,7634,1,1,
NS5B,9409,REF_6_unassigned_KJ470621,7634,1,1,
NS5B,9409,REF_6_unassigned_KJ470624,7634,1,1,
NS5B,9411,REF_3b_D49374,7636,1,1,
NS5B,9412,REF_6_unassigned_KJ470620,7637,1,1,
NS5B,9413,REF_6_unassigned_KC844039,7638,1,1,
NS5B,9414,REF_3g_JF735123,7639,1,1,
NS5B,9415,REF_2q_FN666428,7640,1,1,
NS5B,9415,REF_2_unassigned_KC197236,7640,1,1,
NS5B,9415,REF_2_unassigned_KC197237,7640,1,1,
NS5B,9418,REF_2_unassigned_KC197239,7643,1,1,
NS5B,9421,REF_2t_KC197238,7646,1,1,
NS5B,9436,REF_2_unassigned_JF735117,7661,1,1,
NS5B,9442,REF_2a_AB047639,7667,1,1,
NS5B,9442,REF_2a_D00944,7667,1,1,
NS5B,9442,REF_2d_JF735114,7667,1,1,
NS5B,9442,REF_2f_KC844042,7667,1,1,
NS5B,9442,REF_2f_KC844050,7667,1,1,
NS5B,9442,REF_2j_JF735113,7667,1,1,
NS5B,9442,REF_2r_JF735115,7667,1,1,
NS5B,9442,REF_2_D00944,7667,1,1,
NS5B,9442,REF_2_unassigned_JF735110,7667,1,1,
NS5B,9442,REF_2_unassigned_JF735116,7667,1,1,
NS5B,9442,REF_2_unassigned_JF735118,7667,1,1,
NS5B,9443,REF_2b_AB030907,7668,1,1,
NS5B,9443,REF_2b_D10988,7668,1,1,
NS5B,9443,REF_2k_AB031663,7668,1,1,
NS5B,9445,REF_2m_JF735111,7670,1,1,
NS5B,9452,REF_2_unassigned_JF735119,7677,1,1,
NS5B,9454,REF_2c_D50409,7679,1,1,
NS5B,9454,REF_2u_JF735112,7679,1,1,
NS5B,9469,REF_4_unassigned_JF735132,7694,1,1,
NS5B,9658,REF_2e_JF735120,7883,1,1,
p7,2439,REF_2b_AB661382,2251,1,1,
p7,2439,REF_2b_AB661388,2251,1,1,
p7,2504,REF_6w_EU643836,2316,1,1,
p7,2507,REF_6w_EU643834,2319,1,1,
p7,2548,REF_4g_JX227971,2360,1,1,
p7,2572,REF_1a_EF407457,2384,1,1,
p7,2617,REF_1a_HQ850279,2429,1,1,
p7,2617,REF_4w_FJ025855,2429,1,1,
p7,2617,REF_4w_FJ025856,2429,1,1,
p7,2617,REF_4_unassigned_FJ025854,2429,1,1,
p7,2629,REF_2i_DQ155561,2564,1,1,
p7,2644,REF_2l_KC197240,2579,1,1,
p7,2645,REF_4o_FJ462440,2580,1,1,
p7,2653,REF_4k_EU392171,2465,1,1,
p7,2653,REF_4v_JX227960,2465,1,1,
p7,2658,REF_4d_DQ418786,2470,1,1,
p7,2662,REF_1_unassigned_HQ537007,2474,1,1,
p7,2675,REF_4o_JX227977,2487,1,1,
p7,2676,REF_5a_AF064490,2488,1,1,
p7,2678,REF_4g_JX227963,2490,1,1,
p7,2680,REF_4v_HQ537008,2492,1,1,
p7,2683,REF_4a_DQ988074,2495,1,1,
p7,2683,REF_4v_HQ537009,2495,1,1,
p7,2684,REF_4l_JX227957,2496,1,1,
p7,2686,REF_4d_EU392172,2498,1,1,
p7,2687,REF_4m_JX227972,2499,1,1,
p7,2688,REF_4a_DQ418789,2500,1,1,
p7,2689,REF_4n_JX227970,2501,1,1,
p7,2689,REF_4r_JX227976,2501,1,1,
p7,2690,REF_4k_EU392173,2502,1,1,
p7,2694,REF_2c_JX227949,2506,1,1,
p7,2694,REF_4f_EU392175,2506,1,1,
p7,2695,REF_4f_EU392174,2507,1,1,
p7,2697,REF_4v_JX227959,2509,1,1,
p7,2699,REF_2j_HM777358,2511,1,1,
p7,2699,REF_2j_HM777359,2511,1,1,
p7,2701,REF_2k_JX227953,2513,1,1,
p7,2701,REF_4_unassigned_JX227964,2513,1,1,
p7,2702,REF_2m_JX227967,2514,1,1,
p7,2706,REF_4a_NC_009825,2518,1,1,
p7,2706,REF_4_NC_009825,2518,1,1,
p7,2707,REF_4f_EF589161,2519,1,1,
p7,2709,REF_5a_NC_009826,2521,1,1,
p7,2709,REF_5_NC_009826,2521,1,1,
p7,2710,REF_3i_JX227955,2522,1,1,
p7,2712,REF_3g_JX227954,2524,1,1,
p7,2715,REF_2a_HQ639944,2527,1,1,
p7,2721,REF_6a_HQ639936,2533,1,1,
p7,2722,REF_6a_Y12083,2534,1,1,
p7,2731,REF_1b_EU781828,2543,1,1,
p7,2737,REF_6a_AY859526,2549,1,1,
p7,2740,REF_6f_EU246936,2552,1,1,
p7,2740,REF_6v_EU158186,2552,1,1,
p7,2740,REF_6v_EU798761,2552,1,1,
p7,2742,REF_1b_EU781827,2554,1,1,
p7,2743,REF_3a_X76918,2555,1,1,
p7,2743,REF_6n_EU246938,2555,1,1,
p7,2743,REF_6o_EU246934,2555,1,1,
p7,2743,REF_6t_EU246939,2555,1,1,
p7,2744,REF_1_unassigned_AJ851228,2556,1,1,
p7,2749,REF_2i_DQ155561,2630,1,1,
p7,2749,REF_6u_EU246940,2561,1,1,
p7,2752,REF_1g_AM910652,2564,1,1,
p7,2752,REF_2i_DQ155561,2750,1,1,
p7,2752,REF_2l_KC197235,2564,1,1,
p7,2752,REF_2q_FN666428,2564,1,1,
p7,2752,REF_2q_FN666429,2564,1,1,
p7,2752,REF_2_unassigned_KC197236,2564,1,1,
p7,2752,REF_2_unassigned_KC197237,2564,1,1,
p7,2752,REF_6e_EU246931,2564,1,1,
p7,2752,REF_6e_EU246932,2564,1,1,
p7,2754,REF_6t_EF632071,2566,1,1,
p7,2755,REF_2_unassigned_KC197239,2567,1,1,
p7,2755,REF_6xa_EU408330,2567,1,1,
p7,2755,REF_6xa_EU408331,2567,1,1,
p7,2755,REF_6xa_EU408332,2567,1,1,
p7,2756,REF_1b_D90208,2568,1,1,
p7,2758,REF_2t_KC197238,2570,1,1,
p7,2758,REF_6a_EU246930,2570,1,1,
p7,2759,REF_1b_M58335,2571,1,1,
p7,2759,REF_4g_FJ462432,2571,1,1,
p7,2759,REF_6d_D84263,2571,1,1,
p7,2762,REF_3b_JQ065709,2574,1,1,
p7,2764,REF_2l_KC197240,2645,1,1,
p7,2764,REF_4d_FJ462437,2576,1,1,
p7,2764,REF_4l_FJ839870,2576,1,1,
p7,2764,REF_4_unassigned_JF735129,2576,1,1,
p7,2764,REF_4_unassigned_JF735130,2576,1,1,
p7,2765,REF_4m_FJ462433,2577,1,1,
p7,2765,REF_4o_FJ462440,2646,1,1,
p7,2765,REF_4q_FJ462434,2577,1,1,
p7,2765,REF_4_unassigned_JF735131,2577,1,1,
p7,2765,REF_6f_DQ835760,2577,1,1,
p7,2766,REF_6c_EF424629,2578,1,1,
p7,2766,REF_6_unassigned_KJ470623,2578,1,1,
p7,2766,REF_6_unassigned_KJ470625,2578,1,1,
p7,2767,REF_2l_KC197240,2765,1,1,
p7,2767,REF_4b_FJ462435,2579,1,1,
p7,2767,REF_4c_FJ462436,2579,1,1,
p7,2767,REF_4p_FJ462431,2579,1,1,
p7,2767,REF_4r_FJ462439,2579,1,1,
p7,2767,REF_4t_FJ839869,2579,1,1,
p7,2767,REF_4_unassigned_JF735127,2579,1,1,
p7,2767,REF_4_unassigned_JF735132,2579,1,1,
p7,2767,REF_4_unassigned_JF735134,2579,1,1,
p7,2767,REF_4_unassigned_JF735135,2579,1,1,
p7,2768,REF_1a_M62321,2580,1,1,
p7,2768,REF_1a_M67463,2580,1,1,
p7,2768,REF_1a_NC_004102,2580,1,1,
p7,2768,REF_1c_AY051292,2580,1,1,
p7,2768,REF_1c_AY651061,2580,1,1,
p7,2768,REF_1c_D14853,2580,1,1,
p7,2768,REF_1d_KJ439768,2580,1,1,
p7,2768,REF_1j_KJ439773,2580,1,1,
p7,2768,REF_1k_KJ439774,2580,1,1,
p7,2768,REF_1m_KJ439782,2580,1,1,
p7,2768,REF_1n_KJ439775,2580,1,1,
p7,2768,REF_1_NC_004102,2580,1,1,
p7,2768,REF_1_unassigned_KJ439777,2580,1,1,
p7,2768,REF_1_unassigned_KJ439780,2580,1,1,
p7,2768,REF_4k_FJ462438,2580,1,1,
p7,2768,REF_4o_FJ462440,2766,1,1,
p7,2768,REF_4s_JF735136,2580,1,1,
p7,2768,REF_6h_D84265,2580,1,1,
p7,2768,REF_6n_DQ835768,2580,1,1,
p7,2768,REF_6o_EF424627,2580,1,1,
p7,2768,REF_6r_EU408328,2580,1,1,
p7,2768,REF_6_unassigned_JX183549,2580,1,1,
p7,2768,REF_6_unassigned_JX183550,2580,1,1,
p7,2768,REF_MASTER_NC_004102,2580,1,1,
p7,2769,REF_1n_KJ439781,2581,1,1,
p7,2769,REF_1_unassigned_KJ439779,2581,1,1,
p7,2769,REF_6p_EF424626,2581,1,1,
p7,2769,REF_6q_EF424625,2581,1,1,
p7,2770,REF_4n_FJ462441,2582,1,1,
p7,2770,REF_4_unassigned_JF735138,2582,1,1,
p7,2770,REF_6_unassigned_DQ278891,2582,1,1,
p7,2771,REF_1h_KC248198,2583,1,1,
p7,2771,REF_1h_KC248199,2583,1,1,
p7,2771,REF_1m_KJ439778,2583,1,1,
p7,2771,REF_6i_DQ835762,2583,1,1,
p7,2771,REF_6i_DQ835770,2583,1,1,
p7,2771,REF_6j_DQ835761,2583,1,1,
p7,2771,REF_6j_DQ835769,2583,1,1,
p7,2771,REF_6k_D84264,2583,1,1,
p7,2771,REF_6l_EF424628,2583,1,1,
p7,2771,REF_6l_JX183556,2583,1,1,
p7,2771,REF_6m_DQ835766,2583,1,1,
p7,2771,REF_6m_DQ835767,2583,1,1,
p7,2771,REF_6s_EU408329,2583,1,1,
p7,2771,REF_6v_EU798760,2583,1,1,
p7,2771,REF_6xb_JX183552,2583,1,1,
p7,2771,REF_6xb_KJ567645,2583,1,1,
p7,2771,REF_6_unassigned_DQ278893,2583,1,1,
p7,2771,REF_6_unassigned_JX183551,2583,1,1,
p7,2771,REF_6_unassigned_JX183553,2583,1,1,
p7,2771,REF_6_unassigned_JX183554,2583,1,1,
p7,2771,REF_6_unassigned_JX183558,2583,1,1,
p7,2772,REF_6n_DQ278894,2584,1,1,
p7,2773,REF_2_unassigned_JF735117,2585,1,1,
p7,2774,REF_6xe_JX183557,2586,1,1,
p7,2774,REF_6xe_KM252792,2586,1,1,
p7,2774,REF_6_unassigned_KC844040,2586,1,1,
p7,2777,REF_2_unassigned_JF735119,2589,1,1,
p7,2777,REF_6e_DQ314805,2589,1,1,
p7,2777,REF_6g_D63822,2589,1,1,
p7,2777,REF_6g_DQ314806,2589,1,1,
p7,2778,REF_3_unassigned_JF735124,2590,1,1,
p7,2778,REF_6_unassigned_KJ470622,2590,1,1,
p7,2778,REF_7a_NC_030791,2590,1,1,
p7,2778,REF_7_NC_030791,2590,1,1,
p7,2779,REF_1e_KC248194,2591,1,1,
p7,2779,REF_2a_AB047639,2591,1,1,
p7,2779,REF_2a_D00944,2591,1,1,
p7,2779,REF_2c_D50409,2591,1,1,
p7,2779,REF_2d_JF735114,2591,1,1,
p7,2779,REF_2f_KC844042,2591,1,1,
p7,2779,REF_2f_KC844050,2591,1,1,
p7,2779,REF_2j_JF735113,2591,1,1,
p7,2779,REF_2m_JF735111,2591,1,1,
p7,2779,REF_2r_JF735115,2591,1,1,
p7,2779,REF_2u_JF735112,2591,1,1,
p7,2779,REF_2_D00944,2591,1,1,
p7,2779,REF_2_unassigned_JF735110,2591,1,1,
p7,2779,REF_2_unassigned_JF735116,2591,1,1,
p7,2779,REF_2_unassigned_JF735118,2591,1,1,
p7,2779,REF_6_unassigned_KJ470621,2591,1,1,
p7,2779,REF_6_unassigned_KJ470624,2591,1,1,
p7,2780,REF_1i_KJ439772,2592,1,1,
p7,2780,REF_2b_AB030907,2592,1,1,
p7,2780,REF_2b_D10988,2592,1,1,
p7,2780,REF_2k_AB031663,2592,1,1,
p7,2781,REF_3e_KJ470618,2593,1,1,
p7,2781,REF_3h_JF735121,2593,1,1,
p7,2781,REF_3h_JF735126,2593,1,1,
p7,2781,REF_3k_D63821,2593,1,1,
p7,2781,REF_3k_JF735122,2593,1,1,
p7,2781,REF_6w_DQ278892,2593,1,1,
p7,2782,REF_6_unassigned_KJ470620,2594,1,1,
p7,2783,REF_6xd_KM252789,2595,1,1,
p7,2784,REF_3a_D28917,2596,1,1,
p7,2784,REF_3a_NC_009824,2596,1,1,
p7,2784,REF_3_NC_009824,2596,1,1,
p7,2784,REF_6b_NC_009827,2596,1,1,
p7,2784,REF_6_NC_009827,2596,1,1,
p7,2785,REF_3d_KJ470619,2597,1,1,
p7,2785,REF_3i_FJ407092,2597,1,1,
p7,2786,REF_6xc_KJ567651,2598,1,1,
p7,2786,REF_6xd_KM252790,2598,1,1,
p7,2786,REF_6xd_KM252791,2598,1,1,
p7,2787,REF_1l_KC248193,2599,1,1,
p7,2787,REF_1l_KC248196,2599,1,1,
p7,2787,REF_1_unassigned_KJ439776,2599,1,1,
p7,2787,REF_3g_JF735123,2599,1,1,
p7,2788,REF_3a_JN714194,2600,1,1,
p7,2789,REF_6_unassigned_KC844039,2601,1,1,
p7,2790,REF_1l_KC248197,2602,1,1,
p7,2790,REF_3b_D49374,2602,1,1,
p7,2792,REF_1_unassigned_KC248195,2604,1,1,
p7,2980,REF_2e_JF735120,2591,1,1,
precursor_polyprotein,10,REF_4j_L36438,2,1,1,
precursor_polyprotein,96,REF_2n_L39309_L44602,1,1,1,
precursor_polyprotein,96,REF_2p_L39300_L44601,1,1,1,
precursor_polyprotein,111,REF_4e_L29589_L29590,4,1,1,
precursor_polyprotein,125,REF_2g_X93323,3,1,1,
precursor_polyprotein,195,REF_4e_L29589_L29590,115,1,1,
precursor_polyprotein,195,REF_4h_L29610_L29611,1,1,1,
precursor_polyprotein,195,REF_4i_L36439_L36437,1,1,1,
precursor_polyprotein,197,REF_2g_X93323,129,1,1,
precursor_polyprotein,198,REF_2h_X93327,1,1,1,
precursor_polyprotein,225,REF_2n_L39309_L44602,97,1,1,
precursor_polyprotein,225,REF_2p_L39300_L44601,97,1,1,
precursor_polyprotein,322,REF_4j_L36438,14,1,1,
precursor_polyprotein,324,REF_4e_L29589_L29590,196,1,1,
precursor_polyprotein,324,REF_4h_L29610_L29611,196,1,1,
precursor_polyprotein,324,REF_4i_L36439_L36437,196,1,1,
precursor_polyprotein,330,REF_4j_L36438,328,1,1,
precursor_polyprotein,447,REF_2n_L39309_L44602,226,1,1,
precursor_polyprotein,447,REF_2p_L39300_L44601,226,1,1,
precursor_polyprotein,483,REF_2n_L39309_L44602,460,1,1,
precursor_polyprotein,567,REF_4i_L36439_L36437,325,1,1,
precursor_polyprotein,573,REF_2s_JQ924942_HM777447_HM777332,1,1,1,
precursor_polyprotein,579,REF_4e_L29589_L29590,325,1,1,
precursor_polyprotein,579,REF_4h_L29610_L29611,325,1,1,
precursor_polyprotein,582,REF_2s_JQ924942_HM777447_HM777332,574,1,1,
precursor_polyprotein,600,REF_4i_L36439_L36437,592,1,1,
precursor_polyprotein,612,REF_4i_L36439_L36437,604,1,1,
precursor_polyprotein,654,REF_4i_L36439_L36437,616,1,1,
precursor_polyprotein,660,REF_4i_L36439_L36437,658,1,1,
precursor_polyprotein,691,REF_1f_L38350_L38371,239,1,1,
precursor_polyprotein,712,REF_1f_L38350_L38371,695,1,1,
precursor_polyprotein,724,REF_1f_L38350_L38371,716,1,1,
precursor_polyprotein,744,REF_2s_JQ924942_HM777447_HM777332,595,1,1,
precursor_polyprotein,745,REF_1f_L38350_L38371,740,1,1,
precursor_polyprotein,757,REF_1f_L38350_L38371,749,1,1,
precursor_polyprotein,775,REF_1f_L38350_L38371,764,1,1,
precursor_polyprotein,792,REF_2n_L39309_L44602,487,1,1,
precursor_polyprotein,798,REF_2p_L39300_L44601,460,1,1,
precursor_polyprotein,811,REF_1f_L38350_L38371,779,1,1,
precursor_polyprotein,811,REF_2o_L38333_L38373,239,1,1,
precursor_polyprotein,832,REF_3c_D16612_D14198_D16613,260,1,1,
precursor_polyprotein,833,REF_3f_D16614_D14203_D16615,261,1,1,
precursor_polyprotein,864,REF_4i_L36439_L36437,664,1,1,
precursor_polyprotein,913,REF_1f_L38350_L38371,812,1,1,
precursor_polyprotein,924,REF_4i_L36439_L36437,868,1,1,
precursor_polyprotein,930,REF_4e_L29589_L29590,592,1,1,
precursor_polyprotein,930,REF_4h_L29610_L29611,592,1,1,
precursor_polyprotein,930,REF_4i_L36439_L36437,928,1,1,
precursor_polyprotein,940,REF_1f_L38350_L38371,917,1,1,
precursor_polyprotein,940,REF_2o_L38333_L38373,812,1,1,
precursor_polyprotein,961,REF_3c_D16612_D14198_D16613,833,1,1,
precursor_polyprotein,962,REF_3f_D16614_D14203_D16615,834,1,1,
precursor_polyprotein,1008,REF_2l_KC197240,314,1,1,
precursor_polyprotein,1015,REF_2i_DQ155561,314,1,1,
precursor_polyprotein,1033,REF_2l_KC197240,1027,1,1,
precursor_polyprotein,1043,REF_4o_FJ462440,342,1,1,
precursor_polyprotein,1186,REF_1f_L38350_L38371,941,1,1,
precursor_polyprotein,1192,REF_2o_L38333_L38373,941,1,1,
precursor_polyprotein,1408,REF_3c_D16612_D14198_D16613,962,1,1,
precursor_polyprotein,1409,REF_3f_D16614_D14203_D16615,963,1,1,
precursor_polyprotein,1410,REF_2s_JQ924942_HM777447_HM777332,1096,1,1,
precursor_polyprotein,1471,REF_2i_DQ155561,1016,1,1,
precursor_polyprotein,1483,REF_2l_KC197240,1034,1,1,
precursor_polyprotein,1499,REF_4o_FJ462440,1044,1,1,
precursor_polyprotein,1510,REF_1f_L38350_L38371,1202,1,1,
precursor_polyprotein,1528,REF_1f_L38350_L38371,1517,1,1,
precursor_polyprotein,1543,REF_2o_L38333_L38373,1205,1,1,
precursor_polyprotein,1639,REF_2i_DQ155561,1472,1,1,
precursor_polyprotein,1654,REF_2l_KC197240,1487,1,1,
precursor_polyprotein,1667,REF_4o_FJ462440,1500,1,1,
precursor_polyprotein,1735,REF_2i_DQ155561,1640,1,1,
precursor_polyprotein,1759,REF_2i_DQ155561,1739,1,1,
precursor_polyprotein,1763,REF_4o_FJ462440,1668,1,1,
precursor_polyprotein,1774,REF_2l_KC197240,1655,1,1,
precursor_polyprotein,1784,REF_4o_FJ462440,1764,1,1,
precursor_polyprotein,1852,REF_3c_D16612_D14198_D16613,1520,1,1,
precursor_polyprotein,1853,REF_3f_D16614_D14203_D16615,1521,1,1,
precursor_polyprotein,2038,REF_2i_DQ155561,1763,1,1,
precursor_polyprotein,2053,REF_2l_KC197240,1775,1,1,
precursor_polyprotein,2063,REF_4o_FJ462440,1785,1,1,
precursor_polyprotein,2629,REF_2i_DQ155561,2045,1,1,
precursor_polyprotein,2644,REF_2l_KC197240,2054,1,1,
precursor_polyprotein,2645,REF_4o_FJ462440,2064,1,1,
precursor_polyprotein,2749,REF_2i_DQ155561,2630,1,1,
precursor_polyprotein,2764,REF_2l_KC197240,2645,1,1,
precursor_polyprotein,2765,REF_4o_FJ462440,2646,1,1,
precursor_polyprotein,2767,REF_2i_DQ155561,2750,1,1,
precursor_polyprotein,2782,REF_2l_KC197240,2765,1,1,
precursor_polyprotein,2783,REF_4o_FJ462440,2766,1,1,
precursor_polyprotein,2959,REF_3c_D16612_D14198_D16613,2198,1,1,
precursor_polyprotein,2960,REF_3f_D16614_D14203_D16615,2199,1,1,
precursor_polyprotein,6698,REF_4o_FJ462440,2784,1,1,
precursor_polyprotein,6703,REF_4o_FJ462440,6701,1,1,
precursor_polyprotein,6750,REF_4o_FJ462440,6706,1,1,
precursor_polyprotein,6784,REF_2i_DQ155561,2768,1,1,
precursor_polyprotein,6805,REF_2i_DQ155561,6785,1,1,
precursor_polyprotein,6810,REF_2i_DQ155561,6808,1,1,
precursor_polyprotein,6818,REF_2i_DQ155561,6813,1,1,
precursor_polyprotein,6844,REF_2i_DQ155561,6821,1,1,
precursor_polyprotein,6969,REF_2i_DQ155561,6847,1,1,
precursor_polyprotein,6975,REF_2i_DQ155561,6973,1,1,
precursor_polyprotein,6989,REF_4o_FJ462440,6753,1,1,
precursor_polyprotein,6991,REF_2l_KC197240,2783,1,1,
precursor_polyprotein,7015,REF_2i_DQ155561,6977,1,1,
precursor_polyprotein,7031,REF_4o_FJ462440,6990,1,1,
precursor_polyprotein,7034,REF_4o_FJ462440,7032,1,1,
precursor_polyprotein,7036,REF_2l_KC197240,6992,1,1,
precursor_polyprotein,7096,REF_2i_DQ155561,7016,1,1,
precursor_polyprotein,7112,REF_4o_FJ462440,7035,1,1,
precursor_polyprotein,7117,REF_2l_KC197240,7037,1,1,
precursor_polyprotein,7141,REF_2i_DQ155561,7097,1,1,
precursor_polyprotein,7157,REF_4o_FJ462440,7113,1,1,
precursor_polyprotein,7163,REF_2l_KC197240,7118,1,1,
precursor_polyprotein,7297,REF_2i_DQ155561,7145,1,1,
precursor_polyprotein,7310,REF_4o_FJ462440,7158,1,1,
precursor_polyprotein,7318,REF_2l_KC197240,7164,1,1,
precursor_polyprotein,7400,REF_4o_FJ462440,7311,1,1,
precursor_polyprotein,7447,REF_2i_DQ155561,7298,1,1,
precursor_polyprotein,7469,REF_4o_FJ462440,7401,1,1,
precursor_polyprotein,7480,REF_2l_KC197240,7319,1,1,
precursor_polyprotein,7522,REF_2i_DQ155561,7460,1,1,
precursor_polyprotein,7532,REF_4o_FJ462440,7470,1,1,
precursor_polyprotein,7535,REF_4o_FJ462440,7533,1,1,
precursor_polyprotein,7545,REF_2l_KC197240,7481,1,1,
precursor_polyprotein,7559,REF_4o_FJ462440,7536,1,1,
precursor_polyprotein,7573,REF_2i_DQ155561,7571,1,1,
precursor_polyprotein,7573,REF_2l_KC197240,7546,1,1,
precursor_polyprotein,7612,REF_2i_DQ155561,7586,1,1,
precursor_polyprotein,9052,REF_4a_DQ988074,260,1,1,
precursor_polyprotein,9088,REF_4d_FJ462437,341,1,1,
precursor_polyprotein,9102,REF_2b_AB661382,1,1,1,
precursor_polyprotein,9102,REF_2b_AB661388,1,1,1,
precursor_polyprotein,9110,REF_2j_HM777358,261,1,1,
precursor_polyprotein,9122,REF_6w_EU643836,66,1,1,
precursor_polyprotein,9125,REF_6w_EU643834,66,1,1,
precursor_polyprotein,9157,REF_4g_JX227971,131,1,1,
precursor_polyprotein,9172,REF_4v_HQ537008,257,1,1,
precursor_polyprotein,9175,REF_4v_HQ537009,257,1,1,
precursor_polyprotein,9181,REF_1a_EF407457,146,1,1,
precursor_polyprotein,9187,REF_1_unassigned_HQ537007,236,1,1,
precursor_polyprotein,9190,REF_1a_HQ850279,191,1,1,
precursor_polyprotein,9223,REF_4_unassigned_FJ025854,191,1,1,
precursor_polyprotein,9226,REF_4w_FJ025855,191,1,1,
precursor_polyprotein,9226,REF_4w_FJ025856,191,1,1,
precursor_polyprotein,9244,REF_4v_JX227960,227,1,1,
precursor_polyprotein,9258,REF_4d_DQ418786,235,1,1,
precursor_polyprotein,9262,REF_4k_EU392171,227,1,1,
precursor_polyprotein,9269,REF_4o_JX227977,249,1,1,
precursor_polyprotein,9283,REF_4d_EU392172,263,1,1,
precursor_polyprotein,9284,REF_4m_JX227972,264,1,1,
precursor_polyprotein,9286,REF_4n_JX227970,263,1,1,
precursor_polyprotein,9287,REF_4g_JX227963,264,1,1,
precursor_polyprotein,9288,REF_4a_DQ418789,262,1,1,
precursor_polyprotein,9290,REF_4l_JX227957,261,1,1,
precursor_polyprotein,9291,REF_4f_EU392175,262,1,1,
precursor_polyprotein,9291,REF_5a_AF064490,247,1,1,
precursor_polyprotein,9292,REF_4f_EU392174,263,1,1,
precursor_polyprotein,9294,REF_2c_JX227949,256,1,1,
precursor_polyprotein,9297,REF_4v_JX227959,274,1,1,
precursor_polyprotein,9299,REF_4k_EU392173,264,1,1,
precursor_polyprotein,9301,REF_4r_JX227976,263,1,1,
precursor_polyprotein,9304,REF_4f_EF589161,275,1,1,
precursor_polyprotein,9306,REF_4a_NC_009825,280,1,1,
precursor_polyprotein,9306,REF_4_NC_009825,280,1,1,
precursor_polyprotein,9310,REF_4_unassigned_JX227964,275,1,1,
precursor_polyprotein,9315,REF_6a_HQ639936,280,1,1,
precursor_polyprotein,9324,REF_5a_NC_009826,280,1,1,
precursor_polyprotein,9324,REF_5_NC_009826,280,1,1,
precursor_polyprotein,9331,REF_3i_JX227955,266,1,1,
precursor_polyprotein,9333,REF_3g_JX227954,265,1,1,
precursor_polyprotein,9337,REF_1b_EU781828,305,1,1,
precursor_polyprotein,9340,REF_6a_Y12083,284,1,1,
precursor_polyprotein,9343,REF_2i_DQ155561,7613,1,1,
precursor_polyprotein,9348,REF_1b_EU781827,316,1,1,
precursor_polyprotein,9350,REF_1_unassigned_AJ851228,315,1,1,
precursor_polyprotein,9354,REF_2i_DQ155561,9346,1,1,
precursor_polyprotein,9355,REF_6a_AY859526,296,1,1,
precursor_polyprotein,9358,REF_2l_KC197235,314,1,1,
precursor_polyprotein,9358,REF_6v_EU158186,308,1,1,
precursor_polyprotein,9358,REF_6v_EU798761,308,1,1,
precursor_polyprotein,9359,REF_2i_DQ155561,9357,1,1,
precursor_polyprotein,9359,REF_4o_FJ462440,7560,1,1,
precursor_polyprotein,9361,REF_1g_AM910652,314,1,1,
precursor_polyprotein,9361,REF_4l_FJ839870,341,1,1,
precursor_polyprotein,9361,REF_4_unassigned_JF735129,341,1,1,
precursor_polyprotein,9361,REF_6n_EU246938,314,1,1,
precursor_polyprotein,9362,REF_1b_D90208,330,1,1,
precursor_polyprotein,9362,REF_2j_HM777359,261,1,1,
precursor_polyprotein,9362,REF_4m_FJ462433,342,1,1,
precursor_polyprotein,9362,REF_4s_JF735136,342,1,1,
precursor_polyprotein,9362,REF_4_unassigned_JF735131,342,1,1,
precursor_polyprotein,9364,REF_2k_JX227953,263,1,1,
precursor_polyprotein,9364,REF_3a_X76918,299,1,1,
precursor_polyprotein,9364,REF_4p_FJ462431,341,1,1,
precursor_polyprotein,9364,REF_4t_FJ839869,341,1,1,
precursor_polyprotein,9364,REF_4_unassigned_JF735130,341,1,1,
precursor_polyprotein,9364,REF_4_unassigned_JF735135,341,1,1,
precursor_polyprotein,9364,REF_6o_EU246934,314,1,1,
precursor_polyprotein,9364,REF_6t_EU246939,314,1,1,
precursor_polyprotein,9365,REF_1b_M58335,333,1,1,
precursor_polyprotein,9367,REF_4n_FJ462441,341,1,1,
precursor_polyprotein,9367,REF_6u_EU246940,314,1,1,
precursor_polyprotein,9368,REF_2m_JX227967,264,1,1,
precursor_polyprotein,9368,REF_4g_FJ462432,342,1,1,
precursor_polyprotein,9369,REF_2i_DQ155561,9364,1,1,
precursor_polyprotein,9370,REF_6e_EU246931,314,1,1,
precursor_polyprotein,9370,REF_6f_EU246936,314,1,1,
precursor_polyprotein,9373,REF_2l_KC197240,7574,1,1,
precursor_polyprotein,9374,REF_1d_KJ439768,342,1,1,
precursor_polyprotein,9374,REF_4q_FJ462434,342,1,1,
precursor_polyprotein,9375,REF_6t_EF632071,325,1,1,
precursor_polyprotein,9376,REF_4b_FJ462435,341,1,1,
precursor_polyprotein,9376,REF_4r_FJ462439,341,1,1,
precursor_polyprotein,9376,REF_4_unassigned_JF735127,341,1,1,
precursor_polyprotein,9376,REF_4_unassigned_JF735134,341,1,1,
precursor_polyprotein,9376,REF_6a_EU246930,317,1,1,
precursor_polyprotein,9376,REF_6xa_EU408330,308,1,1,
precursor_polyprotein,9376,REF_6xa_EU408331,308,1,1,
precursor_polyprotein,9376,REF_6xa_EU408332,308,1,1,
precursor_polyprotein,9377,REF_1a_M62321,342,1,1,
precursor_polyprotein,9377,REF_1a_M67463,342,1,1,
precursor_polyprotein,9377,REF_1a_NC_004102,342,1,1,
precursor_polyprotein,9377,REF_1c_AY051292,342,1,1,
precursor_polyprotein,9377,REF_1c_AY651061,342,1,1,
precursor_polyprotein,9377,REF_1c_D14853,342,1,1,
precursor_polyprotein,9377,REF_1j_KJ439773,342,1,1,
precursor_polyprotein,9377,REF_1k_KJ439774,342,1,1,
precursor_polyprotein,9377,REF_1m_KJ439782,342,1,1,
precursor_polyprotein,9377,REF_1n_KJ439775,342,1,1,
precursor_polyprotein,9377,REF_1_NC_004102,342,1,1,
precursor_polyprotein,9377,REF_1_unassigned_KJ439777,342,1,1,
precursor_polyprotein,9377,REF_1_unassigned_KJ439780,342,1,1,
precursor_polyprotein,9377,REF_4k_FJ462438,342,1,1,
precursor_polyprotein,9377,REF_MASTER_NC_004102,342,1,1,
precursor_polyprotein,9378,REF_1n_KJ439781,343,1,1,
precursor_polyprotein,9378,REF_1_unassigned_KJ439779,343,1,1,
precursor_polyprotein,9378,REF_2a_HQ639944,277,1,1,
precursor_polyprotein,9379,REF_4_unassigned_JF735138,341,1,1,
precursor_polyprotein,9380,REF_1h_KC248198,342,1,1,
precursor_polyprotein,9380,REF_1h_KC248199,342,1,1,
precursor_polyprotein,9380,REF_1m_KJ439778,342,1,1,
precursor_polyprotein,9380,REF_6d_D84263,339,1,1,
precursor_polyprotein,9381,REF_7a_NC_030791,340,1,1,
precursor_polyprotein,9381,REF_7_NC_030791,340,1,1,
precursor_polyprotein,9382,REF_6e_EU246932,314,1,1,
precursor_polyprotein,9383,REF_3b_JQ065709,315,1,1,
precursor_polyprotein,9386,REF_1i_KJ439772,342,1,1,
precursor_polyprotein,9386,REF_6h_D84265,339,1,1,
precursor_polyprotein,9386,REF_6n_DQ835768,339,1,1,
precursor_polyprotein,9386,REF_6_unassigned_JX183549,339,1,1,
precursor_polyprotein,9386,REF_6_unassigned_JX183550,339,1,1,
precursor_polyprotein,9387,REF_6c_EF424629,340,1,1,
precursor_polyprotein,9387,REF_6q_EF424625,340,1,1,
precursor_polyprotein,9388,REF_1e_KC248194,341,1,1,
precursor_polyprotein,9388,REF_6_unassigned_DQ278891,341,1,1,
precursor_polyprotein,9389,REF_6i_DQ835762,339,1,1,
precursor_polyprotein,9389,REF_6i_DQ835770,339,1,1,
precursor_polyprotein,9389,REF_6j_DQ835761,339,1,1,
precursor_polyprotein,9389,REF_6j_DQ835769,339,1,1,
precursor_polyprotein,9389,REF_6k_D84264,339,1,1,
precursor_polyprotein,9389,REF_6l_EF424628,339,1,1,
precursor_polyprotein,9389,REF_6l_JX183556,339,1,1,
precursor_polyprotein,9389,REF_6m_DQ835766,339,1,1,
precursor_polyprotein,9389,REF_6m_DQ835767,339,1,1,
precursor_polyprotein,9389,REF_6o_EF424627,339,1,1,
precursor_polyprotein,9389,REF_6r_EU408328,339,1,1,
precursor_polyprotein,9389,REF_6s_EU408329,339,1,1,
precursor_polyprotein,9389,REF_6v_EU798760,339,1,1,
precursor_polyprotein,9389,REF_6xb_JX183552,339,1,1,
precursor_polyprotein,9389,REF_6xb_KJ567645,339,1,1,
precursor_polyprotein,9389,REF_6_unassigned_DQ278893,342,1,1,
precursor_polyprotein,9389,REF_6_unassigned_JX183551,339,1,1,
precursor_polyprotein,9389,REF_6_unassigned_JX183553,339,1,1,
precursor_polyprotein,9389,REF_6_unassigned_JX183554,339,1,1,
precursor_polyprotein,9389,REF_6_unassigned_JX183558,339,1,1,
precursor_polyprotein,9390,REF_6n_DQ278894,343,1,1,
precursor_polyprotein,9390,REF_6p_EF424626,340,1,1,
precursor_polyprotein,9392,REF_6xe_JX183557,339,1,1,
precursor_polyprotein,9392,REF_6xe_KM252792,339,1,1,
precursor_polyprotein,9392,REF_6_unassigned_KC844040,339,1,1,
precursor_polyprotein,9393,REF_6_unassigned_KJ470625,340,1,1,
precursor_polyprotein,9395,REF_6f_DQ835760,339,1,1,
precursor_polyprotein,9396,REF_1l_KC248193,343,1,1,
precursor_polyprotein,9396,REF_1l_KC248196,343,1,1,
precursor_polyprotein,9396,REF_1_unassigned_KJ439776,343,1,1,
precursor_polyprotein,9396,REF_6w_DQ278892,340,1,1,
precursor_polyprotein,9397,REF_2q_FN666429,314,1,1,
precursor_polyprotein,9399,REF_1l_KC248197,343,1,1,
precursor_polyprotein,9399,REF_3h_JF735121,340,1,1,
precursor_polyprotein,9399,REF_3h_JF735126,340,1,1,
precursor_polyprotein,9399,REF_3k_D63821,340,1,1,
precursor_polyprotein,9399,REF_3k_JF735122,340,1,1,
precursor_polyprotein,9399,REF_6_unassigned_KJ470623,340,1,1,
precursor_polyprotein,9401,REF_6xd_KM252789,342,1,1,
precursor_polyprotein,9402,REF_6b_NC_009827,343,1,1,
precursor_polyprotein,9402,REF_6_NC_009827,343,1,1,
precursor_polyprotein,9404,REF_1_unassigned_KC248195,342,1,1,
precursor_polyprotein,9404,REF_6xd_KM252790,342,1,1,
precursor_polyprotein,9404,REF_6xd_KM252791,342,1,1,
precursor_polyprotein,9405,REF_3a_D28917,340,1,1,
precursor_polyprotein,9405,REF_3a_NC_009824,340,1,1,
precursor_polyprotein,9405,REF_3e_KJ470618,340,1,1,
precursor_polyprotein,9405,REF_3_NC_009824,340,1,1,
precursor_polyprotein,9405,REF_3_unassigned_JF735124,340,1,1,
precursor_polyprotein,9406,REF_3d_KJ470619,341,1,1,
precursor_polyprotein,9406,REF_3i_FJ407092,341,1,1,
precursor_polyprotein,9407,REF_6e_DQ314805,339,1,1,
precursor_polyprotein,9407,REF_6g_D63822,339,1,1,
precursor_polyprotein,9407,REF_6g_DQ314806,339,1,1,
precursor_polyprotein,9407,REF_6xc_KJ567651,339,1,1,
precursor_polyprotein,9408,REF_6_unassigned_KJ470622,340,1,1,
precursor_polyprotein,9409,REF_3a_JN714194,344,1,1,
precursor_polyprotein,9409,REF_4c_FJ462436,341,1,1,
precursor_polyprotein,9409,REF_6_unassigned_KJ470621,341,1,1,
precursor_polyprotein,9409,REF_6_unassigned_KJ470624,341,1,1,
precursor_polyprotein,9411,REF_3b_D49374,340,1,1,
precursor_polyprotein,9412,REF_6_unassigned_KJ470620,341,1,1,
precursor_polyprotein,9413,REF_6_unassigned_KC844039,339,1,1,
precursor_polyprotein,9414,REF_3g_JF735123,340,1,1,
precursor_polyprotein,9415,REF_2q_FN666428,314,1,1,
precursor_polyprotein,9415,REF_2_unassigned_KC197236,314,1,1,
precursor_polyprotein,9415,REF_2_unassigned_KC197237,314,1,1,
precursor_polyprotein,9418,REF_2_unassigned_KC197239,314,1,1,
precursor_polyprotein,9421,REF_2t_KC197238,314,1,1,
precursor_polyprotein,9436,REF_2_unassigned_JF735117,341,1,1,
precursor_polyprotein,9442,REF_2a_AB047639,341,1,1,
precursor_polyprotein,9442,REF_2a_D00944,341,1,1,
precursor_polyprotein,9442,REF_2d_JF735114,341,1,1,
precursor_polyprotein,9442,REF_2f_KC844042,341,1,1,
precursor_polyprotein,9442,REF_2f_KC844050,341,1,1,
precursor_polyprotein,9442,REF_2j_JF735113,341,1,1,
precursor_polyprotein,9442,REF_2r_JF735115,341,1,1,
precursor_polyprotein,9442,REF_2_D00944,341,1,1,
precursor_polyprotein,9442,REF_2_unassigned_JF735110,341,1,1,
precursor_polyprotein,9442,REF_2_unassigned_JF735116,341,1,1,
precursor_polyprotein,9442,REF_2_unassigned_JF735118,341,1,1,
precursor_polyprotein,9443,REF_2b_AB030907,342,1,1,
precursor_polyprotein,9443,REF_2b_D10988,342,1,1,
precursor_polyprotein,9443,REF_2k_AB031663,342,1,1,
precursor_polyprotein,9445,REF_2m_JF735111,341,1,1,
precursor_polyprotein,9452,REF_2_unassigned_JF735119,342,1,1,
precursor_polyprotein,9454,REF_2c_D50409,341,1,1,
precursor_polyprotein,9454,REF_2u_JF735112,341,1,1,
precursor_polyprotein,9469,REF_4_unassigned_JF735132,341,1,1,
precursor_polyprotein,9658,REF_2e_JF735120,341,1,1,
whole_genome,10,REF_4j_L36438,2,1,1,
whole_genome,96,REF_2n_L39309_L44602,1,1,1,
whole_genome,96,REF_2p_L39300_L44601,1,1,1,
whole_genome,111,REF_4e_L29589_L29590,4,1,1,
whole_genome,125,REF_2g_X93323,3,1,1,
whole_genome,195,REF_4e_L29589_L29590,115,1,1,
whole_genome,195,REF_4h_L29610_L29611,1,1,1,
whole_genome,195,REF_4i_L36439_L36437,1,1,1,
whole_genome,197,REF_2g_X93323,129,1,1,
whole_genome,198,REF_2h_X93327,1,1,1,
whole_genome,225,REF_2n_L39309_L44602,97,1,1,
whole_genome,225,REF_2p_L39300_L44601,97,1,1,
whole_genome,322,REF_4j_L36438,14,1,1,
whole_genome,324,REF_4e_L29589_L29590,196,1,1,
whole_genome,324,REF_4h_L29610_L29611,196,1,1,
whole_genome,324,REF_4i_L36439_L36437,196,1,1,
whole_genome,330,REF_4j_L36438,328,1,1,
whole_genome,447,REF_2n_L39309_L44602,226,1,1,
whole_genome,447,REF_2p_L39300_L44601,226,1,1,
whole_genome,483,REF_2n_L39309_L44602,460,1,1,
whole_genome,567,REF_4i_L36439_L36437,325,1,1,
whole_genome,573,REF_2s_JQ924942_HM777447_HM777332,1,1,1,
whole_genome,579,REF_4e_L29589_L29590,325,1,1,
whole_genome,579,REF_4h_L29610_L29611,325,1,1,
whole_genome,582,REF_2s_JQ924942_HM777447_HM777332,574,1,1,
whole_genome,600,REF_4i_L36439_L36437,592,1,1,
whole_genome,612,REF_4i_L36439_L36437,604,1,1,
whole_genome,654,REF_4i_L36439_L36437,616,1,1,
whole_genome,660,REF_4i_L36439_L36437,658,1,1,
whole_genome,691,REF_1f_L38350_L38371,239,1,1,
whole_genome,712,REF_1f_L38350_L38371,695,1,1,
whole_genome,724,REF_1f_L38350_L38371,716,1,1,
whole_genome,744,REF_2s_JQ924942_HM777447_HM777332,595,1,1,
whole_genome,745,REF_1f_L38350_L38371,740,1,1,
whole_genome,757,REF_1f_L38350_L38371,749,1,1,
whole_genome,775,REF_1f_L38350_L38371,764,1,1,
whole_genome,792,REF_2n_L39309_L44602,487,1,1,
whole_genome,798,REF_2p_L39300_L44601,460,1,1,
whole_genome,811,REF_1f_L38350_L38371,779,1,1,
whole_genome,811,REF_2o_L38333_L38373,239,1,1,
whole_genome,832,REF_3c_D16612_D14198_D16613,260,1,1,
whole_genome,833,REF_3f_D16614_D14203_D16615,261,1,1,
whole_genome,864,REF_4i_L36439_L36437,664,1,1,
whole_genome,913,REF_1f_L38350_L38371,812,1,1,
whole_genome,924,REF_4i_L36439_L36437,868,1,1,
whole_genome,930,REF_4e_L29589_L29590,592,1,1,
whole_genome,930,REF_4h_L29610_L29611,592,1,1,
whole_genome,930,REF_4i_L36439_L36437,928,1,1,
whole_genome,940,REF_1f_L38350_L38371,917,1,1,
whole_genome,940,REF_2o_L38333_L38373,812,1,1,
whole_genome,961,REF_3c_D16612_D14198_D16613,833,1,1,
whole_genome,962,REF_3f_D16614_D14203_D16615,834,1,1,
whole_genome,1186,REF_1f_L38350_L38371,941,1,1,
whole_genome,1192,REF_2o_L38333_L38373,941,1,1,
whole_genome,1408,REF_3c_D16612_D14198_D16613,962,1,1,
whole_genome,1409,REF_3f_D16614_D14203_D16615,963,1,1,
whole_genome,1410,REF_2s_JQ924942_HM777447_HM777332,1096,1,1,
whole_genome,1510,REF_1f_L38350_L38371,1202,1,1,
whole_genome,1528,REF_1f_L38350_L38371,1517,1,1,
whole_genome,1543,REF_2o_L38333_L38373,1205,1,1,
whole_genome,1852,REF_3c_D16612_D14198_D16613,1520,1,1,
whole_genome,1853,REF_3f_D16614_D14203_D16615,1521,1,1,
whole_genome,2959,REF_3c_D16612_D14198_D16613,2198,1,1,
whole_genome,2960,REF_3f_D16614_D14203_D16615,2199,1,1,
whole_genome,9054,REF_4a_DQ988074,1,1,1,
whole_genome,9102,REF_2b_AB661382,1,1,1,
whole_genome,9102,REF_2b_AB661388,1,1,1,
whole_genome,9112,REF_2j_HM777358,1,1,1,
whole_genome,9144,REF_6w_EU643836,1,1,1,
whole_genome,9147,REF_6w_EU643834,1,1,1,
whole_genome,9174,REF_4g_JX227971,1,1,1,
whole_genome,9174,REF_4v_HQ537008,1,1,1,
whole_genome,9177,REF_4v_HQ537009,1,1,1,
whole_genome,9187,REF_1_unassigned_HQ537007,1,1,1,
whole_genome,9191,REF_1a_HQ850279,1,1,1,
whole_genome,9242,REF_4w_FJ025855,1,1,1,
whole_genome,9267,REF_4_unassigned_FJ025854,1,1,1,
whole_genome,9270,REF_4v_JX227960,1,1,1,
whole_genome,9271,REF_4w_FJ025856,1,1,1,
whole_genome,9273,REF_4d_DQ418786,1,1,1,
whole_genome,9281,REF_4k_EU392171,1,1,1,
whole_genome,9286,REF_1a_EF407457,1,1,1,
whole_genome,9286,REF_4o_JX227977,1,1,1,
whole_genome,9295,REF_2c_JX227949,1,1,1,
whole_genome,9295,REF_4a_DQ418789,1,1,1,
whole_genome,9297,REF_4f_EU392175,1,1,1,
whole_genome,9298,REF_4f_EU392174,1,1,1,
whole_genome,9299,REF_4d_EU392172,1,1,1,
whole_genome,9301,REF_4n_JX227970,1,1,1,
whole_genome,9304,REF_4f_EF589161,1,1,1,
whole_genome,9305,REF_4m_JX227972,1,1,1,
whole_genome,9312,REF_4k_EU392173,1,1,1,
whole_genome,9314,REF_4g_JX227963,1,1,1,
whole_genome,9315,REF_6a_HQ639936,1,1,1,
whole_genome,9317,REF_4l_JX227957,1,1,1,
whole_genome,9319,REF_4r_JX227976,1,1,1,
whole_genome,9323,REF_4v_JX227959,1,1,1,
whole_genome,9337,REF_4_unassigned_JX227964,1,1,1,
whole_genome,9340,REF_6a_Y12083,1,1,1,
whole_genome,9343,REF_5a_NC_009826,1,1,1,
whole_genome,9343,REF_5_NC_009826,1,1,1,
whole_genome,9352,REF_3i_JX227955,1,1,1,
whole_genome,9353,REF_3g_JX227954,1,1,1,
whole_genome,9355,REF_4a_NC_009825,1,1,1,
whole_genome,9355,REF_4_NC_009825,1,1,1,
whole_genome,9355,REF_6a_AY859526,1,1,1,
whole_genome,9358,REF_2l_KC197235,1,1,1,
whole_genome,9359,REF_1b_EU781828,1,1,1,
whole_genome,9361,REF_6n_EU246938,1,1,1,
whole_genome,9364,REF_6o_EU246934,1,1,1,
whole_genome,9364,REF_6t_EU246939,1,1,1,
whole_genome,9367,REF_6u_EU246940,1,1,1,
whole_genome,9370,REF_2i_DQ155561,1,1,1,
whole_genome,9370,REF_6e_EU246931,1,1,1,
whole_genome,9370,REF_6f_EU246936,1,1,1,
whole_genome,9376,REF_6a_EU246930,1,1,1,
whole_genome,9380,REF_2k_JX227953,1,1,1,
whole_genome,9382,REF_6e_EU246932,1,1,1,
whole_genome,9383,REF_2j_HM777359,1,1,1,
whole_genome,9383,REF_2m_JX227967,1,1,1,
whole_genome,9383,REF_3b_JQ065709,1,1,1,
whole_genome,9388,REF_4l_FJ839870,1,1,1,
whole_genome,9390,REF_3a_X76918,1,1,1,
whole_genome,9392,REF_2a_HQ639944,1,1,1,
whole_genome,9398,REF_1_unassigned_KJ439777,1,1,1,
whole_genome,9398,REF_2q_FN666429,1,1,1,
whole_genome,9399,REF_1_unassigned_KJ439780,1,1,1,
whole_genome,9401,REF_1a_M62321,1,1,1,
whole_genome,9401,REF_6xb_KJ567645,1,1,1,
whole_genome,9401,REF_6xe_KM252792,1,1,1,
whole_genome,9402,REF_2l_KC197240,1,1,1,
whole_genome,9406,REF_6t_EF632071,1,1,1,
whole_genome,9408,REF_5a_AF064490,1,1,1,
whole_genome,9411,REF_1n_KJ439775,1,1,1,
whole_genome,9412,REF_6_unassigned_JX183551,1,1,1,
whole_genome,9413,REF_1b_D90208,1,1,1,
whole_genome,9413,REF_1b_EU781827,1,1,1,
whole_genome,9413,REF_1j_KJ439773,1,1,1,
whole_genome,9413,REF_1_unassigned_KJ439779,1,1,1,
whole_genome,9413,REF_6l_JX183556,1,1,1,
whole_genome,9415,REF_2_unassigned_KC197236,1,1,1,
whole_genome,9415,REF_2_unassigned_KC197237,1,1,1,
whole_genome,9416,REF_1a_M67463,1,1,1,
whole_genome,9416,REF_1b_M58335,1,1,1,
whole_genome,9420,REF_1h_KC248199,1,1,1,
whole_genome,9421,REF_1h_KC248198,1,1,1,
whole_genome,9421,REF_1i_KJ439772,1,1,1,
whole_genome,9421,REF_4d_FJ462437,1,1,1,
whole_genome,9422,REF_1e_KC248194,1,1,1,
whole_genome,9422,REF_4o_FJ462440,1,1,1,
whole_genome,9423,REF_6_unassigned_JX183554,1,1,1,
whole_genome,9425,REF_4m_FJ462433,1,1,1,
whole_genome,9426,REF_4s_JF735136,1,1,1,
whole_genome,9426,REF_4_unassigned_JF735129,1,1,1,
whole_genome,9426,REF_4_unassigned_JF735131,1,1,1,
whole_genome,9428,REF_1l_KC248196,1,1,1,
whole_genome,9429,REF_3a_JN714194,1,1,1,
whole_genome,9429,REF_6v_EU158186,1,1,1,
whole_genome,9429,REF_6v_EU798761,1,1,1,
whole_genome,9430,REF_1l_KC248193,1,1,1,
whole_genome,9430,REF_4_unassigned_JF735130,1,1,1,
whole_genome,9430,REF_6_unassigned_DQ278893,1,1,1,
whole_genome,9430,REF_6_unassigned_KJ470625,1,1,1,
whole_genome,9431,REF_4_unassigned_JF735135,1,1,1,
whole_genome,9432,REF_6xd_KM252789,1,1,1,
whole_genome,9433,REF_1l_KC248197,1,1,1,
whole_genome,9433,REF_3i_FJ407092,1,1,1,
whole_genome,9433,REF_4q_FJ462434,1,1,1,
whole_genome,9434,REF_6xd_KM252791,1,1,1,
whole_genome,9435,REF_4g_FJ462432,1,1,1,
whole_genome,9435,REF_4n_FJ462441,1,1,1,
whole_genome,9435,REF_6xd_KM252790,1,1,1,
whole_genome,9435,REF_6_unassigned_KJ470623,1,1,1,
whole_genome,9437,REF_4_unassigned_JF735134,1,1,1,
whole_genome,9438,REF_4k_FJ462438,1,1,1,
whole_genome,9439,REF_1_unassigned_KC248195,1,1,1,
whole_genome,9440,REF_4b_FJ462435,1,1,1,
whole_genome,9440,REF_4r_FJ462439,1,1,1,
whole_genome,9440,REF_6_unassigned_DQ278891,1,1,1,
whole_genome,9441,REF_1c_AY051292,1,1,1,
whole_genome,9441,REF_1c_AY651061,1,1,1,
whole_genome,9441,REF_4_unassigned_JF735127,1,1,1,
whole_genome,9441,REF_6n_DQ278894,1,1,1,
whole_genome,9442,REF_6j_DQ835761,1,1,1,
whole_genome,9442,REF_6xc_KJ567651,1,1,1,
whole_genome,9443,REF_6xa_EU408332,1,1,1,
whole_genome,9443,REF_7a_NC_030791,1,1,1,
whole_genome,9443,REF_7_NC_030791,1,1,1,
whole_genome,9444,REF_3b_D49374,1,1,1,
whole_genome,9444,REF_6m_DQ835767,1,1,1,
whole_genome,9446,REF_1k_KJ439774,1,1,1,
whole_genome,9446,REF_6_unassigned_JX183553,1,1,1,
whole_genome,9447,REF_1n_KJ439781,1,1,1,
whole_genome,9447,REF_6i_DQ835770,1,1,1,
whole_genome,9447,REF_6n_DQ835768,1,1,1,
whole_genome,9447,REF_6_unassigned_KC844040,1,1,1,
whole_genome,9448,REF_1m_KJ439778,1,1,1,
whole_genome,9448,REF_1m_KJ439782,1,1,1,
whole_genome,9448,REF_2_unassigned_KC197239,1,1,1,
whole_genome,9448,REF_6w_DQ278892,1,1,1,
whole_genome,9448,REF_6_unassigned_JX183549,1,1,1,
whole_genome,9449,REF_6m_DQ835766,1,1,1,
whole_genome,9449,REF_6r_EU408328,1,1,1,
whole_genome,9450,REF_3k_D63821,1,1,1,
whole_genome,9450,REF_6o_EF424627,1,1,1,
whole_genome,9451,REF_1d_KJ439768,1,1,1,
whole_genome,9451,REF_6xa_EU408330,1,1,1,
whole_genome,9453,REF_6l_EF424628,1,1,1,
whole_genome,9453,REF_6p_EF424626,1,1,1,
whole_genome,9454,REF_3a_D28917,1,1,1,
whole_genome,9454,REF_6f_DQ835760,1,1,1,
whole_genome,9454,REF_6j_DQ835769,1,1,1,
whole_genome,9454,REF_6_unassigned_JX183558,1,1,1,
whole_genome,9456,REF_3a_NC_009824,1,1,1,
whole_genome,9456,REF_3_NC_009824,1,1,1,
whole_genome,9458,REF_3d_KJ470619,1,1,1,
whole_genome,9458,REF_3e_KJ470618,1,1,1,
whole_genome,9458,REF_6i_DQ835762,1,1,1,
whole_genome,9459,REF_6c_EF424629,1,1,1,
whole_genome,9459,REF_6_unassigned_JX183550,1,1,1,
whole_genome,9460,REF_6xe_JX183557,1,1,1,
whole_genome,9461,REF_6g_D63822,1,1,1,
whole_genome,9461,REF_6v_EU798760,1,1,1,
whole_genome,9462,REF_1_unassigned_KJ439776,1,1,1,
whole_genome,9462,REF_6g_DQ314806,1,1,1,
whole_genome,9463,REF_6q_EF424625,1,1,1,
whole_genome,9468,REF_4c_FJ462436,1,1,1,
whole_genome,9468,REF_6e_DQ314805,1,1,1,
whole_genome,9470,REF_2f_KC844050,1,1,1,
whole_genome,9470,REF_6xa_EU408331,1,1,1,
whole_genome,9471,REF_6_unassigned_KJ470620,1,1,1,
whole_genome,9472,REF_2f_KC844042,1,1,1,
whole_genome,9473,REF_6s_EU408329,1,1,1,
whole_genome,9474,REF_6_unassigned_KJ470622,1,1,1,
whole_genome,9474,REF_6_unassigned_KJ470624,1,1,1,
whole_genome,9475,REF_4p_FJ462431,1,1,1,
whole_genome,9475,REF_6_unassigned_KJ470621,1,1,1,
whole_genome,9481,REF_1_unassigned_AJ851228,1,1,1,
whole_genome,9487,REF_1c_D14853,1,1,1,
whole_genome,9488,REF_2k_AB031663,1,1,1,
whole_genome,9488,REF_4t_FJ839869,1,1,1,
whole_genome,9488,REF_6_unassigned_KC844039,1,1,1,
whole_genome,9490,REF_1g_AM910652,1,1,1,
whole_genome,9508,REF_2d_JF735114,1,1,1,
whole_genome,9508,REF_2_unassigned_JF735110,1,1,1,
whole_genome,9509,REF_2j_JF735113,1,1,1,
whole_genome,9510,REF_2_unassigned_JF735117,1,1,1,
whole_genome,9511,REF_2b_D10988,1,1,1,
whole_genome,9512,REF_2r_JF735115,1,1,1,
whole_genome,9513,REF_2c_D50409,1,1,1,
whole_genome,9514,REF_2_unassigned_JF735116,1,1,1,
whole_genome,9520,REF_2u_JF735112,1,1,1,
whole_genome,9533,REF_6xb_JX183552,1,1,1,
whole_genome,9535,REF_4_unassigned_JF735132,1,1,1,
whole_genome,9563,REF_4_unassigned_JF735138,1,1,1,
whole_genome,9566,REF_2q_FN666428,1,1,1,
whole_genome,9579,REF_3h_JF735121,1,1,1,
whole_genome,9583,REF_3_unassigned_JF735124,1,1,1,
whole_genome,9589,REF_2a_D00944,1,1,1,
whole_genome,9589,REF_2_D00944,1,1,1,
whole_genome,9601,REF_6k_D84264,1,1,1,
whole_genome,9615,REF_2_unassigned_JF735118,1,1,1,
whole_genome,9615,REF_6d_D84263,1,1,1,
whole_genome,9616,REF_2t_KC197238,1,1,1,
whole_genome,9618,REF_2m_JF735111,1,1,1,
whole_genome,9621,REF_6h_D84265,1,1,1,
whole_genome,9628,REF_2_unassigned_JF735119,1,1,1,
whole_genome,9628,REF_6b_NC_009827,1,1,1,
whole_genome,9628,REF_6_NC_009827,1,1,1,
whole_genome,9633,REF_3h_JF735126,1,1,1,
whole_genome,9634,REF_3g_JF735123,1,1,1,
whole_genome,9646,REF_1a_NC_004102,1,1,1,
whole_genome,9646,REF_1_NC_004102,1,1,1,
whole_genome,9646,REF_MASTER_NC_004102,1,1,1,
whole_genome,9654,REF_2b_AB030907,1,1,1,
whole_genome,9660,REF_3k_JF735122,1,1,1,
whole_genome,9678,REF_2a_AB047639,1,1,1,
whole_genome,9825,REF_2e_JF735120,1,1,1,
