protein_name	segment	aa_position	alt_residue	reference_accession	mutation_id	mutation_type	signature_id	signature_kind	combination_id	combination_size	component_order	source_variation_name	source_phdr_ras_id	alignment_name	display_structure	id	resistance_category	display_resistance_category	numeric_resistance_category	any_in_vitro_evidence	in_vitro_max_ec50_midpoint	any_in_vivo_evidence	in_vivo_baseline	in_vivo_treatment_emergent	phdr_alignment_ras_id	phdr_drug_id	drug	phenotype	drug_producer	drug_category	pubmed_id	DOI
NS3	1	107	I	REF_MASTER_NC_004102	NS3:107I	aminoAcidSimplePolymorphism	NS3:107I	single				phdr_ras:NS3:107I	NS3:107I	AL_1a	V107I	NS3:107I:AL_1a:grazoprevir	category_I	I	1.0	1.0	0.8	1.0	1.0	1.0	NS3:107I:AL_1a	grazoprevir	grazoprevir	drug_resistance	Merck	NS3/4A protease inhibitors	27773808;28228479;27720838	https://doi.org/10.1053/j.gastro.2016.10.017;https://doi.org/10.1074/jbc.M116.772996;https://doi.org/10.1053/j.gastro.2016.09.045
NS3	1	107	I	REF_MASTER_NC_004102	NS3:107I	aminoAcidSimplePolymorphism	NS3:107I	single				phdr_ras:NS3:107I	NS3:107I	AL_1b	V107I	NS3:107I:AL_1b:grazoprevir	category_II	II	2.0	0.0		1.0	0.0	1.0	NS3:107I:AL_1b	grazoprevir	grazoprevir	drug_resistance	Merck	NS3/4A protease inhibitors	27773808	https://doi.org/10.1053/j.gastro.2016.10.017
NS3	1	107	I	REF_MASTER_NC_004102	NS3:107I	aminoAcidSimplePolymorphism	NS3:36M+80K+107I	combination	NS3:36M+80K+107I	3.0	3.0	phdr_ras:NS3:36M+80K+107I	NS3:36M+80K+107I	AL_1a	V36M+K/Q80K+V107I	NS3:36M+80K+107I:AL_1a:grazoprevir	category_II	II	2.0	0.0		1.0	0.0	1.0	NS3:36M+80K+107I:AL_1a	grazoprevir	grazoprevir	drug_resistance	Merck	NS3/4A protease inhibitors	25467591	https://doi.org/10.1016/S0140-6736(14)61795-5
NS3	1	107	I	REF_MASTER_NC_004102	NS3:107I	aminoAcidSimplePolymorphism	NS3:80K+107I	combination	NS3:80K+107I	2.0	2.0	phdr_ras:NS3:80K+107I	NS3:80K+107I	AL_1a	K/Q80K+V107I	NS3:80K+107I:AL_1a:grazoprevir	category_II	II	2.0	0.0		1.0	0.0	1.0	NS3:80K+107I:AL_1a	grazoprevir	grazoprevir	drug_resistance	Merck	NS3/4A protease inhibitors	25467591	https://doi.org/10.1016/S0140-6736(14)61795-5
NS3	1	109	K	REF_MASTER_NC_004102	NS3:109K	aminoAcidSimplePolymorphism	NS3:109K	single				phdr_ras:NS3:109K	NS3:109K	AL_1a	R109K	NS3:109K:AL_1a:grazoprevir	insignificant	-	4.0	1.0	2.0	0.0			NS3:109K:AL_1a	grazoprevir	grazoprevir	drug_resistance	Merck	NS3/4A protease inhibitors	26926625	https://doi.org/10.1128/AAC.00051-16
NS3	1	117	L	REF_MASTER_NC_004102	NS3:117L	aminoAcidSimplePolymorphism	NS3:117L	single				phdr_ras:NS3:117L	NS3:117L															drug_resistance				
NS3	1	117	L	REF_MASTER_NC_004102	NS3:117L	aminoAcidSimplePolymorphism	NS3:117L+156S	combination	NS3:117L+156S	2.0	1.0	phdr_ras:NS3:117L+156S	NS3:117L+156S	AL_5a	R117L+A156S	NS3:117L+156S:AL_5a:paritaprevir	insignificant	-	4.0	1.0	3.7	0.0			NS3:117L+156S:AL_5a	paritaprevir	paritaprevir	drug_resistance	Abbvie	NS3/4A protease inhibitors	27021330	https://doi.org/10.1128/AAC.02929-15
NS3	1	122	C	REF_MASTER_NC_004102	NS3:122C	aminoAcidSimplePolymorphism	NS3:122C	single				phdr_ras:NS3:122C	NS3:122C															drug_resistance				
NS3	1	122	C	REF_MASTER_NC_004102	NS3:122C	aminoAcidSimplePolymorphism	NS3:36L+80K+122C	combination	NS3:36L+80K+122C	3.0	3.0	phdr_ras:NS3:36L+80K+122C	NS3:36L+80K+122C	AL_1a	V36L+K/Q80K+S122C	NS3:36L+80K+122C:AL_1a:grazoprevir	category_II	II	2.0	0.0		1.0	1.0	0.0	NS3:36L+80K+122C:AL_1a	grazoprevir	grazoprevir	drug_resistance	Merck	NS3/4A protease inhibitors	25266289	https://doi.org/10.1093/cid/ciu696
NS3	1	122	D	REF_MASTER_NC_004102	NS3:122D	aminoAcidSimplePolymorphism	NS3:122D	single				phdr_ras:NS3:122D	NS3:122D	AL_1b	S122D	NS3:122D:AL_1b:voxilaprevir	category_III	III	3.0	1.0	11.25	0.0			NS3:122D:AL_1b	voxilaprevir	voxilaprevir	drug_resistance	Gilead Sciences	NS3/4A protease inhibitors	AASLD_2017_Abs_1176	https://doi.org/10.1002/hep.29501
NS3	1	122	G	REF_MASTER_NC_004102	NS3:122G	aminoAcidSimplePolymorphism	NS3:122G	single				phdr_ras:NS3:122G	NS3:122G	AL_1a	S122G	NS3:122G:AL_1a:grazoprevir	category_II	II	2.0	0.0		1.0	1.0	0.0	NS3:122G:AL_1a	grazoprevir	grazoprevir	drug_resistance	Merck	NS3/4A protease inhibitors	25266289	https://doi.org/10.1093/cid/ciu696
NS3	1	122	G	REF_MASTER_NC_004102	NS3:122G	aminoAcidSimplePolymorphism	NS3:122G	single				phdr_ras:NS3:122G	NS3:122G	AL_1b	S122G	NS3:122G:AL_1b:grazoprevir	category_II	II	2.0	0.0		1.0	1.0	0.0	NS3:122G:AL_1b	grazoprevir	grazoprevir	drug_resistance	Merck	NS3/4A protease inhibitors	30957170	https://doi.org/10.1093/infdis/jiz154
NS3	1	122	G	REF_MASTER_NC_004102	NS3:122G	aminoAcidSimplePolymorphism	NS3:122G+155K	combination	NS3:122G+155K	2.0	1.0	phdr_ras:NS3:122G+155K	NS3:122G+155K	AL_1a	S122G+R155K	NS3:122G+155K:AL_1a:voxilaprevir	category_III	III	3.0	1.0	6.2	0.0			NS3:122G+155K:AL_1a	voxilaprevir	voxilaprevir	drug_resistance	Gilead Sciences	NS3/4A protease inhibitors	AASLD_2017_Abs_1176	https://doi.org/10.1002/hep.29501
NS3	1	122	G	REF_MASTER_NC_004102	NS3:122G	aminoAcidSimplePolymorphism	NS3:122G+155K+170V	combination	NS3:122G+155K+170V	3.0	1.0	phdr_ras:NS3:122G+155K+170V	NS3:122G+155K+170V	AL_1a	S122G+R155K+I170V	NS3:122G+155K+170V:AL_1a:voxilaprevir	category_III	III	3.0	1.0	5.2	0.0			NS3:122G+155K+170V:AL_1a	voxilaprevir	voxilaprevir	drug_resistance	Gilead Sciences	NS3/4A protease inhibitors	AASLD_2017_Abs_1176	https://doi.org/10.1002/hep.29501
NS3	1	122	G	REF_MASTER_NC_004102	NS3:122G	aminoAcidSimplePolymorphism	NS3:122G+168A	combination	NS3:122G+168A	2.0	1.0	phdr_ras:NS3:122G+168A	NS3:122G+168A	AL_1a	S122G+D168A	NS3:122G+168A:AL_1a:grazoprevir	category_II	II	2.0	0.0		1.0	0.0	1.0	NS3:122G+168A:AL_1a	grazoprevir	grazoprevir	drug_resistance	Merck	NS3/4A protease inhibitors	25266289	https://doi.org/10.1093/cid/ciu696
NS3	1	122	G	REF_MASTER_NC_004102	NS3:122G	aminoAcidSimplePolymorphism	NS3:36M+80K+122G+168A	combination	NS3:36M+80K+122G+168A	4.0	3.0	phdr_ras:NS3:36M+80K+122G+168A	NS3:36M+80K+122G+168A	AL_1a	V36M+K/Q80K+S122G+D168A	NS3:36M+80K+122G+168A:AL_1a:grazoprevir	category_II	II	2.0	0.0		1.0	0.0	1.0	NS3:36M+80K+122G+168A:AL_1a	grazoprevir	grazoprevir	drug_resistance	Merck	NS3/4A protease inhibitors	27773808	https://doi.org/10.1053/j.gastro.2016.10.017
NS3	1	122	G	REF_MASTER_NC_004102	NS3:122G	aminoAcidSimplePolymorphism	NS3:41H+80K+122G	combination	NS3:41H+80K+122G	3.0	3.0	phdr_ras:NS3:41H+80K+122G	NS3:41H+80K+122G	AL_1a	Q41H+K/Q80K+S122G	NS3:41H+80K+122G:AL_1a:voxilaprevir	insignificant	-	4.0	1.0	2.0	0.0			NS3:41H+80K+122G:AL_1a	voxilaprevir	voxilaprevir	drug_resistance	Gilead Sciences	NS3/4A protease inhibitors	AASLD_2017_Abs_1176	https://doi.org/10.1002/hep.29501
NS3	1	122	G	REF_MASTER_NC_004102	NS3:122G	aminoAcidSimplePolymorphism	NS3:54S+122G+155K+180V	combination	NS3:54S+122G+155K+180V	4.0	2.0	phdr_ras:NS3:54S+122G+155K+180V	NS3:54S+122G+155K+180V	AL_1a	T54S+S122G+R155K+R180V	NS3:54S+122G+155K+180V:AL_1a:voxilaprevir	category_III	III	3.0	1.0	9.2	0.0			NS3:54S+122G+155K+180V:AL_1a	voxilaprevir	voxilaprevir	drug_resistance	Gilead Sciences	NS3/4A protease inhibitors	AASLD_2017_Abs_1176	https://doi.org/10.1002/hep.29501
NS3	1	122	G	REF_MASTER_NC_004102	NS3:122G	aminoAcidSimplePolymorphism	NS3:54S+55I+122G+155K	combination	NS3:54S+55I+122G+155K	4.0	3.0	phdr_ras:NS3:54S+55I+122G+155K	NS3:54S+55I+122G+155K	AL_1a	T54S+V55I+S122G+R155K	NS3:54S+55I+122G+155K:AL_1a:voxilaprevir	category_III	III	3.0	1.0	5.9	0.0			NS3:54S+55I+122G+155K:AL_1a	voxilaprevir	voxilaprevir	drug_resistance	Gilead Sciences	NS3/4A protease inhibitors	AASLD_2017_Abs_1176	https://doi.org/10.1002/hep.29501
NS3	1	122	G	REF_MASTER_NC_004102	NS3:122G	aminoAcidSimplePolymorphism	NS3:54S+55I+122G+155K+170V	combination	NS3:54S+55I+122G+155K+170V	5.0	3.0	phdr_ras:NS3:54S+55I+122G+155K+170V	NS3:54S+55I+122G+155K+170V	AL_1a	T54S+V55I+S122G+R155K+I170V	NS3:54S+55I+122G+155K+170V:AL_1a:voxilaprevir	insignificant	-	4.0	1.0	4.1	0.0			NS3:54S+55I+122G+155K+170V:AL_1a	voxilaprevir	voxilaprevir	drug_resistance	Gilead Sciences	NS3/4A protease inhibitors	AASLD_2017_Abs_1176	https://doi.org/10.1002/hep.29501
NS3	1	122	G	REF_MASTER_NC_004102	NS3:122G	aminoAcidSimplePolymorphism	NS3:80K+122G	combination	NS3:80K+122G	2.0	2.0	phdr_ras:NS3:80K+122G	NS3:80K+122G	AL_1a	K/Q80K+S122G	NS3:80K+122G:AL_1a:grazoprevir	category_II	II	2.0	0.0		1.0	1.0	0.0	NS3:80K+122G:AL_1a	grazoprevir	grazoprevir	drug_resistance	Merck	NS3/4A protease inhibitors	27773808;25467591	https://doi.org/10.1053/j.gastro.2016.10.017;https://doi.org/10.1016/S0140-6736(14)61795-5
NS3	1	122	G	REF_MASTER_NC_004102	NS3:122G	aminoAcidSimplePolymorphism	NS3:80K+122G+168Y	combination	NS3:80K+122G+168Y	3.0	2.0	phdr_ras:NS3:80K+122G+168Y	NS3:80K+122G+168Y	AL_1a	K/Q80K+S122G+D168Y	NS3:80K+122G+168Y:AL_1a:grazoprevir	category_II	II	2.0	0.0		1.0	0.0	1.0	NS3:80K+122G+168Y:AL_1a	grazoprevir	grazoprevir	drug_resistance	Merck	NS3/4A protease inhibitors	27773808;25467591	https://doi.org/10.1053/j.gastro.2016.10.017;https://doi.org/10.1016/S0140-6736(14)61795-5
NS3	1	122	N	REF_MASTER_NC_004102	NS3:122N	aminoAcidSimplePolymorphism	NS3:122N	single				phdr_ras:NS3:122N	NS3:122N	AL_1a	S122N	NS3:122N:AL_1a:grazoprevir	category_II	II	2.0	0.0		1.0	1.0	0.0	NS3:122N:AL_1a	grazoprevir	grazoprevir	drug_resistance	Merck	NS3/4A protease inhibitors	25266289	https://doi.org/10.1093/cid/ciu696
NS3	1	122	N	REF_MASTER_NC_004102	NS3:122N	aminoAcidSimplePolymorphism	NS3:122N+155G	combination	NS3:122N+155G	2.0	1.0	phdr_ras:NS3:122N+155G	NS3:122N+155G	AL_1a	S122N+R155G	NS3:122N+155G:AL_1a:grazoprevir	category_II	II	2.0	0.0		1.0	1.0	0.0	NS3:122N+155G:AL_1a	grazoprevir	grazoprevir	drug_resistance	Merck	NS3/4A protease inhibitors	25266289	https://doi.org/10.1093/cid/ciu696
NS3	1	122	N	REF_MASTER_NC_004102	NS3:122N	aminoAcidSimplePolymorphism	NS3:122N+168A	combination	NS3:122N+168A	2.0	1.0	phdr_ras:NS3:122N+168A	NS3:122N+168A	AL_5a	A/T122N+D/E168A	NS3:122N+168A:AL_5a:voxilaprevir	category_III	III	3.0	1.0	11.25	0.0			NS3:122N+168A:AL_5a	voxilaprevir	voxilaprevir	drug_resistance	Gilead Sciences	NS3/4A protease inhibitors	AASLD_2017_Abs_1176	https://doi.org/10.1002/hep.29501
NS3	1	122	N	REF_MASTER_NC_004102	NS3:122N	aminoAcidSimplePolymorphism	NS3:122N+168N	combination	NS3:122N+168N	2.0	1.0	phdr_ras:NS3:122N+168N	NS3:122N+168N	AL_1a	S122N+D168N	NS3:122N+168N:AL_1a:grazoprevir	category_II	II	2.0	0.0		1.0	1.0	0.0	NS3:122N+168N:AL_1a	grazoprevir	grazoprevir	drug_resistance	Merck	NS3/4A protease inhibitors	25266289	https://doi.org/10.1093/cid/ciu696
NS3	1	122	N	REF_MASTER_NC_004102	NS3:122N	aminoAcidSimplePolymorphism	NS3:122N+168Y	combination	NS3:122N+168Y	2.0	1.0	phdr_ras:NS3:122N+168Y	NS3:122N+168Y	AL_1a	S122N+D168Y	NS3:122N+168Y:AL_1a:voxilaprevir	category_III	III	3.0	1.0	11.25	0.0			NS3:122N+168Y:AL_1a	voxilaprevir	voxilaprevir	drug_resistance	Gilead Sciences	NS3/4A protease inhibitors	AASLD_2017_Abs_1176	https://doi.org/10.1002/hep.29501
NS3	1	122	N	REF_MASTER_NC_004102	NS3:122N	aminoAcidSimplePolymorphism	NS3:168A+122N	combination	NS3:168A+122N	2.0	2.0	phdr_ras:NS3:168A+122N	NS3:168A+122N	AL_6a	D168A+N/S122N	NS3:168A+122N:AL_6a:voxilaprevir	category_III	III	3.0	1.0	11.25	0.0			NS3:168A+122N:AL_6a	voxilaprevir	voxilaprevir	drug_resistance	Gilead Sciences	NS3/4A protease inhibitors	AASLD_2017_Abs_1176	https://doi.org/10.1002/hep.29501
NS3	1	122	N	REF_MASTER_NC_004102	NS3:122N	aminoAcidSimplePolymorphism	NS3:36M+122N	combination	NS3:36M+122N	2.0	2.0	phdr_ras:NS3:36M+122N	NS3:36M+122N	AL_1a	V36M+S122N	NS3:36M+122N:AL_1a:voxilaprevir	category_III	III	3.0	1.0	11.25	0.0			NS3:36M+122N:AL_1a	voxilaprevir	voxilaprevir	drug_resistance	Gilead Sciences	NS3/4A protease inhibitors	AASLD_2017_Abs_1176	https://doi.org/10.1002/hep.29501
NS3	1	122	N	REF_MASTER_NC_004102	NS3:122N	aminoAcidSimplePolymorphism	NS3:55A+80K+122N	combination	NS3:55A+80K+122N	3.0	3.0	phdr_ras:NS3:55A+80K+122N	NS3:55A+80K+122N	AL_6a	V55A+K80K+N/S122N	NS3:55A+80K+122N:AL_6a:voxilaprevir	insignificant	-	4.0	1.0	2.0	0.0			NS3:55A+80K+122N:AL_6a	voxilaprevir	voxilaprevir	drug_resistance	Gilead Sciences	NS3/4A protease inhibitors	AASLD_2017_Abs_1176	https://doi.org/10.1002/hep.29501
NS3	1	122	N	REF_MASTER_NC_004102	NS3:122N	aminoAcidSimplePolymorphism	NS3:56F+122N	combination	NS3:56F+122N	2.0	2.0	phdr_ras:NS3:56F+122N	NS3:56F+122N	AL_1b	F/Y56F+S122N	NS3:56F+122N:AL_1b:voxilaprevir	insignificant	-	4.0	1.0	3.4	0.0			NS3:56F+122N:AL_1b	voxilaprevir	voxilaprevir	drug_resistance	Gilead Sciences	NS3/4A protease inhibitors	AASLD_2017_Abs_1176	https://doi.org/10.1002/hep.29501
NS3	1	122	N	REF_MASTER_NC_004102	NS3:122N	aminoAcidSimplePolymorphism	NS3:56F+122N+170I	combination	NS3:56F+122N+170I	3.0	2.0	phdr_ras:NS3:56F+122N+170I	NS3:56F+122N+170I	AL_1b	F/Y56F+S122N+I/V170I	NS3:56F+122N+170I:AL_1b:voxilaprevir	insignificant	-	4.0	1.0	3.3	0.0			NS3:56F+122N+170I:AL_1b	voxilaprevir	voxilaprevir	drug_resistance	Gilead Sciences	NS3/4A protease inhibitors	AASLD_2017_Abs_1176	https://doi.org/10.1002/hep.29501
NS3	1	122	R	REF_MASTER_NC_004102	NS3:122R	aminoAcidSimplePolymorphism	NS3:122R	single				phdr_ras:NS3:122R	NS3:122R	AL_1a	S122R	NS3:122R:AL_1a:grazoprevir	insignificant	-	4.0	1.0	1.8	0.0			NS3:122R:AL_1a	grazoprevir	grazoprevir	drug_resistance	Merck	NS3/4A protease inhibitors	28228479;26926625	https://doi.org/10.1074/jbc.M116.772996;https://doi.org/10.1128/AAC.00051-16
NS3	1	122	R	REF_MASTER_NC_004102	NS3:122R	aminoAcidSimplePolymorphism	NS3:122R	single				phdr_ras:NS3:122R	NS3:122R	AL_1b	S122R	NS3:122R:AL_1b:paritaprevir	category_II	II	2.0	0.0		1.0	1.0	0.0	NS3:122R:AL_1b	paritaprevir	paritaprevir	drug_resistance	Abbvie	NS3/4A protease inhibitors	29575060	https://doi.org/10.1002/jmv.25073
NS3	1	122	R	REF_MASTER_NC_004102	NS3:122R	aminoAcidSimplePolymorphism	NS3:122R+155N+168E	combination	NS3:122R+155N+168E	3.0	1.0	phdr_ras:NS3:122R+155N+168E	NS3:122R+155N+168E	AL_1a	S122R+R155N+D168E	NS3:122R+155N+168E:AL_1a:voxilaprevir	category_III	III	3.0	1.0	10.7	0.0			NS3:122R+155N+168E:AL_1a	voxilaprevir	voxilaprevir	drug_resistance	Gilead Sciences	NS3/4A protease inhibitors	AASLD_2017_Abs_1176	https://doi.org/10.1002/hep.29501
NS3	1	122	T	REF_MASTER_NC_004102	NS3:122T	aminoAcidSimplePolymorphism	NS3:122T	single				phdr_ras:NS3:122T	NS3:122T	AL_1a	S122T	NS3:122T:AL_1a:grazoprevir	category_II	II	2.0	0.0		1.0	0.0	1.0	NS3:122T:AL_1a	grazoprevir	grazoprevir	drug_resistance	Merck	NS3/4A protease inhibitors	27291249;30127629	https://doi.org/10.1111/jvh.12552;https://doi.org/10.2147/IDR.S156581
NS3	1	122	T	REF_MASTER_NC_004102	NS3:122T	aminoAcidSimplePolymorphism	NS3:122T+170I	combination	NS3:122T+170I	2.0	1.0	phdr_ras:NS3:122T+170I	NS3:122T+170I	AL_1b	S122T+I/V170I	NS3:122T+170I:AL_1b:grazoprevir	category_II	II	2.0	0.0		1.0	1.0	0.0	NS3:122T+170I:AL_1b	grazoprevir	grazoprevir	drug_resistance	Merck	NS3/4A protease inhibitors	30127629	https://doi.org/10.2147/IDR.S156581
NS3	1	123	Q	REF_MASTER_NC_004102	NS3:123Q	aminoAcidSimplePolymorphism	NS3:123Q	single				phdr_ras:NS3:123Q	NS3:123Q	AL_2a	R123Q	NS3:123Q:AL_2a:paritaprevir	insignificant	-	4.0	1.0	2.9	0.0			NS3:123Q:AL_2a	paritaprevir	paritaprevir	drug_resistance	Abbvie	NS3/4A protease inhibitors	27021330	https://doi.org/10.1128/AAC.02929-15
NS3	1	132	I	REF_MASTER_NC_004102	NS3:132I	aminoAcidSimplePolymorphism	NS3:132I	single				phdr_ras:NS3:132I	NS3:132I															drug_resistance				
NS3	1	132	I	REF_MASTER_NC_004102	NS3:132I	aminoAcidSimplePolymorphism	NS3:132I+170I	combination	NS3:132I+170I	2.0	1.0	phdr_ras:NS3:132I+170I	NS3:132I+170I	AL_3	L132I+I/V170I	NS3:132I+170I:AL_3:grazoprevir	category_II	II	2.0	0.0		1.0	1.0	0.0	NS3:132I+170I:AL_3	grazoprevir	grazoprevir	drug_resistance	Merck	NS3/4A protease inhibitors	25467591	https://doi.org/10.1016/S0140-6736(14)61795-5
NS3	1	132	I	REF_MASTER_NC_004102	NS3:132I	aminoAcidSimplePolymorphism	NS3:77S+80K+132I+156G	combination	NS3:77S+80K+132I+156G	4.0	3.0	phdr_ras:NS3:77S+80K+132I+156G	NS3:77S+80K+132I+156G	AL_1a	N77S+K/Q80K+I132I+A156G	NS3:77S+80K+132I+156G:AL_1a:grazoprevir	category_II	II	2.0	0.0		1.0	0.0	1.0	NS3:77S+80K+132I+156G:AL_1a	grazoprevir	grazoprevir	drug_resistance	Merck	NS3/4A protease inhibitors	25467591	https://doi.org/10.1016/S0140-6736(14)61795-5
NS3	1	132	I	REF_MASTER_NC_004102	NS3:132I	aminoAcidSimplePolymorphism	NS3:80K+132I	combination	NS3:80K+132I	2.0	2.0	phdr_ras:NS3:80K+132I	NS3:80K+132I	AL_1a	K/Q80K+I132I	NS3:80K+132I:AL_1a:grazoprevir	category_II	II	2.0	0.0		1.0	1.0	0.0	NS3:80K+132I:AL_1a	grazoprevir	grazoprevir	drug_resistance	Merck	NS3/4A protease inhibitors	25467591	https://doi.org/10.1016/S0140-6736(14)61795-5
NS3	1	132	I	REF_MASTER_NC_004102	NS3:132I	aminoAcidSimplePolymorphism	NS3:80R+132I+170I	combination	NS3:80R+132I+170I	3.0	2.0	phdr_ras:NS3:80R+132I+170I	NS3:80R+132I+170I	AL_3	Q80R+L132I+I/V170I	NS3:80R+132I+170I:AL_3:grazoprevir	category_II	II	2.0	0.0		1.0	0.0	1.0	NS3:80R+132I+170I:AL_3	grazoprevir	grazoprevir	drug_resistance	Merck	NS3/4A protease inhibitors	25467591	https://doi.org/10.1016/S0140-6736(14)61795-5
NS3	1	132	V	REF_MASTER_NC_004102	NS3:132V	aminoAcidSimplePolymorphism	NS3:132V	single				phdr_ras:NS3:132V	NS3:132V	AL_2a	I/L132V	NS3:132V:AL_2a:paritaprevir	insignificant	-	4.0	1.0	2.6	0.0			NS3:132V:AL_2a	paritaprevir	paritaprevir	drug_resistance	Abbvie	NS3/4A protease inhibitors	27021330	https://doi.org/10.1128/AAC.02929-15
NS3	1	132	V	REF_MASTER_NC_004102	NS3:132V	aminoAcidSimplePolymorphism	NS3:80K+132V	combination	NS3:80K+132V	2.0	2.0	phdr_ras:NS3:80K+132V	NS3:80K+132V	AL_1a	K/Q80K+I132V	NS3:80K+132V:AL_1a:grazoprevir	category_II	II	2.0	0.0		1.0	1.0	0.0	NS3:80K+132V:AL_1a	grazoprevir	grazoprevir	drug_resistance	Merck	NS3/4A protease inhibitors	27773808	https://doi.org/10.1053/j.gastro.2016.10.017
NS3	1	132	V	REF_MASTER_NC_004102	NS3:132V	aminoAcidSimplePolymorphism	NS3:80K+132V+156G	combination	NS3:80K+132V+156G	3.0	2.0	phdr_ras:NS3:80K+132V+156G	NS3:80K+132V+156G	AL_1a	K/Q80K+I132V+A156G	NS3:80K+132V+156G:AL_1a:grazoprevir	category_II	II	2.0	0.0		1.0	0.0	1.0	NS3:80K+132V+156G:AL_1a	grazoprevir	grazoprevir	drug_resistance	Merck	NS3/4A protease inhibitors	27773808	https://doi.org/10.1053/j.gastro.2016.10.017
NS3	1	155	C	REF_MASTER_NC_004102	NS3:155C	aminoAcidSimplePolymorphism	NS3:155C	single				phdr_ras:NS3:155C	NS3:155C	AL_4a	R155C	NS3:155C:AL_4a:glecaprevir	insignificant	-	4.0	1.0	2.6	0.0			NS3:155C:AL_4a	glecaprevir	glecaprevir	drug_resistance	Abbvie	NS3/4A protease inhibitors	29084747	https://doi.org/10.1128/AAC.01620-17
NS3	1	155	D	REF_MASTER_NC_004102	NS3:155D	aminoAcidSimplePolymorphism	NS3:155D	single				phdr_ras:NS3:155D	NS3:155D	AL_1a	R155D	NS3:155D:AL_1a:grazoprevir	category_II	II	2.0	0.0		1.0	1.0	0.0	NS3:155D:AL_1a	grazoprevir	grazoprevir	drug_resistance	Merck	NS3/4A protease inhibitors	27773808	https://doi.org/10.1053/j.gastro.2016.10.017
NS3	1	155	G	REF_MASTER_NC_004102	NS3:155G	aminoAcidSimplePolymorphism	NS3:122N+155G	combination	NS3:122N+155G	2.0	2.0	phdr_ras:NS3:122N+155G	NS3:122N+155G	AL_1a	S122N+R155G	NS3:122N+155G:AL_1a:grazoprevir	category_II	II	2.0	0.0		1.0	1.0	0.0	NS3:122N+155G:AL_1a	grazoprevir	grazoprevir	drug_resistance	Merck	NS3/4A protease inhibitors	25266289	https://doi.org/10.1093/cid/ciu696
NS3	1	155	G	REF_MASTER_NC_004102	NS3:155G	aminoAcidSimplePolymorphism	NS3:155G	single				phdr_ras:NS3:155G	NS3:155G	AL_1a	R155G	NS3:155G:AL_1a:paritaprevir	category_III	III	3.0	1.0	14.0	0.0			NS3:155G:AL_1a	paritaprevir	paritaprevir	drug_resistance	Abbvie	NS3/4A protease inhibitors	25451053	https://doi.org/10.1128/AAC.04227-14
NS3	1	155	G	REF_MASTER_NC_004102	NS3:155G	aminoAcidSimplePolymorphism	NS3:155G	single				phdr_ras:NS3:155G	NS3:155G	AL_1a	R155G	NS3:155G:AL_1a:voxilaprevir	insignificant	-	4.0	1.0	4.6	0.0			NS3:155G:AL_1a	voxilaprevir	voxilaprevir	drug_resistance	Gilead Sciences	NS3/4A protease inhibitors	AASLD_2015_Abs_718	https://www.aasld.org/sites/default/files/2015SupplementFULLTEXT.pdf
NS3	1	155	G	REF_MASTER_NC_004102	NS3:155G	aminoAcidSimplePolymorphism	NS3:155G	single				phdr_ras:NS3:155G	NS3:155G	AL_1b	R155G	NS3:155G:AL_1b:grazoprevir	category_III	III	3.0	1.0	28.0	0.0			NS3:155G:AL_1b	grazoprevir	grazoprevir	drug_resistance	Merck	NS3/4A protease inhibitors	25266289	https://doi.org/10.1093/cid/ciu696
NS3	1	155	G	REF_MASTER_NC_004102	NS3:155G	aminoAcidSimplePolymorphism	NS3:36A+155G+168G	combination	NS3:36A+155G+168G	3.0	2.0	phdr_ras:NS3:36A+155G+168G	NS3:36A+155G+168G	AL_1a	V36A+R155G+D168G	NS3:36A+155G+168G:AL_1a:grazoprevir	category_II	II	2.0	0.0		1.0	0.0	1.0	NS3:36A+155G+168G:AL_1a	grazoprevir	grazoprevir	drug_resistance	Merck	NS3/4A protease inhibitors	25266289	https://doi.org/10.1093/cid/ciu696
NS3	1	155	G	REF_MASTER_NC_004102	NS3:155G	aminoAcidSimplePolymorphism	NS3:36M+155G+168G	combination	NS3:36M+155G+168G	3.0	2.0	phdr_ras:NS3:36M+155G+168G	NS3:36M+155G+168G	AL_1a	V36M+R155G+D168G	NS3:36M+155G+168G:AL_1a:grazoprevir	category_II	II	2.0	0.0		1.0	0.0	1.0	NS3:36M+155G+168G:AL_1a	grazoprevir	grazoprevir	drug_resistance	Merck	NS3/4A protease inhibitors	25266289	https://doi.org/10.1093/cid/ciu696
NS3	1	155	I	REF_MASTER_NC_004102	NS3:155I	aminoAcidSimplePolymorphism	NS3:155I	single				phdr_ras:NS3:155I	NS3:155I	AL_1a	R155I	NS3:155I:AL_1a:grazoprevir	category_II	II	2.0	0.0		1.0	0.0	1.0	NS3:155I:AL_1a	grazoprevir	grazoprevir	drug_resistance	Merck	NS3/4A protease inhibitors	27773808	https://doi.org/10.1053/j.gastro.2016.10.017
NS3	1	155	I	REF_MASTER_NC_004102	NS3:155I	aminoAcidSimplePolymorphism	NS3:56H+80K+155I+168V	combination	NS3:56H+80K+155I+168V	4.0	3.0	phdr_ras:NS3:56H+80K+155I+168V	NS3:56H+80K+155I+168V	AL_1a	Y56H+K/Q80K+R155I+D168V	NS3:56H+80K+155I+168V:AL_1a:grazoprevir	category_II	II	2.0	0.0		1.0	0.0	1.0	NS3:56H+80K+155I+168V:AL_1a	grazoprevir	grazoprevir	drug_resistance	Merck	NS3/4A protease inhibitors	27773808;27720838	https://doi.org/10.1053/j.gastro.2016.10.017;https://doi.org/10.1053/j.gastro.2016.09.045
NS3	1	155	K	REF_MASTER_NC_004102	NS3:155K	aminoAcidSimplePolymorphism	NS3:122G+155K	combination	NS3:122G+155K	2.0	2.0	phdr_ras:NS3:122G+155K	NS3:122G+155K	AL_1a	S122G+R155K	NS3:122G+155K:AL_1a:voxilaprevir	category_III	III	3.0	1.0	6.2	0.0			NS3:122G+155K:AL_1a	voxilaprevir	voxilaprevir	drug_resistance	Gilead Sciences	NS3/4A protease inhibitors	AASLD_2017_Abs_1176	https://doi.org/10.1002/hep.29501
NS3	1	155	K	REF_MASTER_NC_004102	NS3:155K	aminoAcidSimplePolymorphism	NS3:122G+155K+170V	combination	NS3:122G+155K+170V	3.0	2.0	phdr_ras:NS3:122G+155K+170V	NS3:122G+155K+170V	AL_1a	S122G+R155K+I170V	NS3:122G+155K+170V:AL_1a:voxilaprevir	category_III	III	3.0	1.0	5.2	0.0			NS3:122G+155K+170V:AL_1a	voxilaprevir	voxilaprevir	drug_resistance	Gilead Sciences	NS3/4A protease inhibitors	AASLD_2017_Abs_1176	https://doi.org/10.1002/hep.29501
NS3	1	155	K	REF_MASTER_NC_004102	NS3:155K	aminoAcidSimplePolymorphism	NS3:155K	single				phdr_ras:NS3:155K	NS3:155K	AL_1a	R155K	NS3:155K:AL_1a:grazoprevir	category_I	I	1.0	1.0	4.5	1.0	1.0	1.0	NS3:155K:AL_1a	grazoprevir	grazoprevir	drug_resistance	Merck	NS3/4A protease inhibitors	27720838;27773808;28228479;25266289;26926625	https://doi.org/10.1053/j.gastro.2016.09.045;https://doi.org/10.1053/j.gastro.2016.10.017;https://doi.org/10.1074/jbc.M116.772996;https://doi.org/10.1093/cid/ciu696;https://doi.org/10.1128/AAC.00051-16
NS3	1	155	K	REF_MASTER_NC_004102	NS3:155K	aminoAcidSimplePolymorphism	NS3:155K	single				phdr_ras:NS3:155K	NS3:155K	AL_1a	R155K	NS3:155K:AL_1a:paritaprevir	category_I	I	1.0	1.0	95.0	1.0	1.0	1.0	NS3:155K:AL_1a	paritaprevir	paritaprevir	drug_resistance	Abbvie	NS3/4A protease inhibitors	26392503;EASL_2016_Abs_LBP503;25706092;25451053;29146520	https://doi.org/10.1128/AAC.01953-15;https://doi.org/10.1016/S0168-8278(16)00180-X;https://doi.org/10.1001/jama.2015.1328;https://doi.org/10.1128/AAC.04227-14;https://doi.org/10.1053/j.gastro.2017.11.007
NS3	1	155	K	REF_MASTER_NC_004102	NS3:155K	aminoAcidSimplePolymorphism	NS3:155K	single				phdr_ras:NS3:155K	NS3:155K	AL_1b	R155K	NS3:155K:AL_1b:grazoprevir	insignificant	-	4.0	1.0	2.2	0.0			NS3:155K:AL_1b	grazoprevir	grazoprevir	drug_resistance	Merck	NS3/4A protease inhibitors	25266289	https://doi.org/10.1093/cid/ciu696
NS3	1	155	K	REF_MASTER_NC_004102	NS3:155K	aminoAcidSimplePolymorphism	NS3:155K	single				phdr_ras:NS3:155K	NS3:155K	AL_1b	R155K	NS3:155K:AL_1b:paritaprevir	category_III	III	3.0	1.0	40.0	0.0			NS3:155K:AL_1b	paritaprevir	paritaprevir	drug_resistance	Abbvie	NS3/4A protease inhibitors	25451053	https://doi.org/10.1128/AAC.04227-14
NS3	1	155	K	REF_MASTER_NC_004102	NS3:155K	aminoAcidSimplePolymorphism	NS3:155K	single				phdr_ras:NS3:155K	NS3:155K	AL_2a	R155K	NS3:155K:AL_2a:paritaprevir	insignificant	-	4.0	1.0	4.0	0.0			NS3:155K:AL_2a	paritaprevir	paritaprevir	drug_resistance	Abbvie	NS3/4A protease inhibitors	26392503	https://doi.org/10.1128/AAC.01953-15
NS3	1	155	K	REF_MASTER_NC_004102	NS3:155K	aminoAcidSimplePolymorphism	NS3:155K	single				phdr_ras:NS3:155K	NS3:155K	AL_4a	R155K	NS3:155K:AL_4a:paritaprevir	category_III	III	3.0	1.0	45.0	0.0			NS3:155K:AL_4a	paritaprevir	paritaprevir	drug_resistance	Abbvie	NS3/4A protease inhibitors	26392503	https://doi.org/10.1128/AAC.01953-15
NS3	1	155	K	REF_MASTER_NC_004102	NS3:155K	aminoAcidSimplePolymorphism	NS3:155K	single				phdr_ras:NS3:155K	NS3:155K	AL_5a	R155K	NS3:155K:AL_5a:paritaprevir	category_III	III	3.0	1.0	46.0	0.0			NS3:155K:AL_5a	paritaprevir	paritaprevir	drug_resistance	Abbvie	NS3/4A protease inhibitors	27021330;26392503	https://doi.org/10.1128/AAC.02929-15;https://doi.org/10.1128/AAC.01953-15
NS3	1	155	K	REF_MASTER_NC_004102	NS3:155K	aminoAcidSimplePolymorphism	NS3:155K	single				phdr_ras:NS3:155K	NS3:155K	AL_6a	R155K	NS3:155K:AL_6a:paritaprevir	category_III	III	3.0	1.0	7.0	0.0			NS3:155K:AL_6a	paritaprevir	paritaprevir	drug_resistance	Abbvie	NS3/4A protease inhibitors	26392503	https://doi.org/10.1128/AAC.01953-15
NS3	1	155	K	REF_MASTER_NC_004102	NS3:155K	aminoAcidSimplePolymorphism	NS3:155K+168A	combination	NS3:155K+168A	2.0	1.0	phdr_ras:NS3:155K+168A	NS3:155K+168A	AL_1a	R155K+D168A	NS3:155K+168A:AL_1a:grazoprevir	category_III	III	3.0	1.0	6.0	0.0			NS3:155K+168A:AL_1a	grazoprevir	grazoprevir	drug_resistance	Merck	NS3/4A protease inhibitors	28228479;26926625	https://doi.org/10.1074/jbc.M116.772996;https://doi.org/10.1128/AAC.00051-16
NS3	1	155	K	REF_MASTER_NC_004102	NS3:155K	aminoAcidSimplePolymorphism	NS3:155K+168R	combination	NS3:155K+168R	2.0	1.0	phdr_ras:NS3:155K+168R	NS3:155K+168R	AL_3a	R155K+Q168R	NS3:155K+168R:AL_3a:paritaprevir	insignificant	-	4.0	1.0	2.6	0.0			NS3:155K+168R:AL_3a	paritaprevir	paritaprevir	drug_resistance	Abbvie	NS3/4A protease inhibitors	27021330	https://doi.org/10.1128/AAC.02929-15
NS3	1	155	K	REF_MASTER_NC_004102	NS3:155K	aminoAcidSimplePolymorphism	NS3:155K+168V	combination	NS3:155K+168V	2.0	1.0	phdr_ras:NS3:155K+168V	NS3:155K+168V	AL_1a	R155K+D168V	NS3:155K+168V:AL_1a:paritaprevir	category_II	II	2.0	0.0		1.0	0.0	1.0	NS3:155K+168V:AL_1a	paritaprevir	paritaprevir	drug_resistance	Abbvie	NS3/4A protease inhibitors	26100711	https://doi.org/10.1128/AAC.00998-15
NS3	1	155	K	REF_MASTER_NC_004102	NS3:155K	aminoAcidSimplePolymorphism	NS3:18V+155K	combination	NS3:18V+155K	2.0	2.0	phdr_ras:NS3:18V+155K	NS3:18V+155K	AL_5a	I/V18V+R155K	NS3:18V+155K:AL_5a:paritaprevir	category_III	III	3.0	1.0	14.1	0.0			NS3:18V+155K:AL_5a	paritaprevir	paritaprevir	drug_resistance	Abbvie	NS3/4A protease inhibitors	27021330	https://doi.org/10.1128/AAC.02929-15
NS3	1	155	K	REF_MASTER_NC_004102	NS3:155K	aminoAcidSimplePolymorphism	NS3:36A+155K	combination	NS3:36A+155K	2.0	2.0	phdr_ras:NS3:36A+155K	NS3:36A+155K	AL_1a	V36A+R155K	NS3:36A+155K:AL_1a:paritaprevir	category_II	II	2.0	0.0		1.0	0.0	1.0	NS3:36A+155K:AL_1a	paritaprevir	paritaprevir	drug_resistance	Abbvie	NS3/4A protease inhibitors	26100711	https://doi.org/10.1128/AAC.00998-15
NS3	1	155	K	REF_MASTER_NC_004102	NS3:155K	aminoAcidSimplePolymorphism	NS3:36A+80R+155K	combination	NS3:36A+80R+155K	3.0	3.0	phdr_ras:NS3:36A+80R+155K	NS3:36A+80R+155K	AL_1a	V36A+K/Q80R+R155K	NS3:36A+80R+155K:AL_1a:grazoprevir	category_II	II	2.0	0.0		1.0	1.0	0.0	NS3:36A+80R+155K:AL_1a	grazoprevir	grazoprevir	drug_resistance	Merck	NS3/4A protease inhibitors	25266289	https://doi.org/10.1093/cid/ciu696
NS3	1	155	K	REF_MASTER_NC_004102	NS3:155K	aminoAcidSimplePolymorphism	NS3:36L+155K	combination	NS3:36L+155K	2.0	2.0	phdr_ras:NS3:36L+155K	NS3:36L+155K	AL_1a	V36L+R155K	NS3:36L+155K:AL_1a:grazoprevir	category_I	I	1.0	0.0		1.0	1.0	1.0	NS3:36L+155K:AL_1a	grazoprevir	grazoprevir	drug_resistance	Merck	NS3/4A protease inhibitors	27773808;26371152	https://doi.org/10.1053/j.gastro.2016.10.017;https://doi.org/10.1093/cid/civ722
NS3	1	155	K	REF_MASTER_NC_004102	NS3:155K	aminoAcidSimplePolymorphism	NS3:36L+155K+156T+158A+168N	combination	NS3:36L+155K+156T+158A+168N	5.0	2.0	phdr_ras:NS3:36L+155K+156T+158A+168N	NS3:36L+155K+156T+158A+168N	AL_1a	V36L+R155K+A156T+V158A+D168N	NS3:36L+155K+156T+158A+168N:AL_1a:grazoprevir	category_II	II	2.0	0.0		1.0	0.0	1.0	NS3:36L+155K+156T+158A+168N:AL_1a	grazoprevir	grazoprevir	drug_resistance	Merck	NS3/4A protease inhibitors	27773808	https://doi.org/10.1053/j.gastro.2016.10.017
NS3	1	155	K	REF_MASTER_NC_004102	NS3:155K	aminoAcidSimplePolymorphism	NS3:36L+155K+156T+168N	combination	NS3:36L+155K+156T+168N	4.0	2.0	phdr_ras:NS3:36L+155K+156T+168N	NS3:36L+155K+156T+168N	AL_1a	V36L+R155K+A156T+D168N	NS3:36L+155K+156T+168N:AL_1a:grazoprevir	category_II	II	2.0	0.0		1.0	0.0	1.0	NS3:36L+155K+156T+168N:AL_1a	grazoprevir	grazoprevir	drug_resistance	Merck	NS3/4A protease inhibitors	26371152	https://doi.org/10.1093/cid/civ722
NS3	1	155	K	REF_MASTER_NC_004102	NS3:155K	aminoAcidSimplePolymorphism	NS3:36M+155K	combination	NS3:36M+155K	2.0	2.0	phdr_ras:NS3:36M+155K	NS3:36M+155K	AL_1a	V36M+R155K	NS3:36M+155K:AL_1a:glecaprevir	category_II	II	2.0	0.0		1.0	1.0	0.0	NS3:36M+155K:AL_1a	glecaprevir	glecaprevir	drug_resistance	Abbvie	NS3/4A protease inhibitors	29152781	https://doi.org/10.1002/hep.29671
NS3	1	155	K	REF_MASTER_NC_004102	NS3:155K	aminoAcidSimplePolymorphism	NS3:36M+155K	combination	NS3:36M+155K	2.0	2.0	phdr_ras:NS3:36M+155K	NS3:36M+155K	AL_1a	V36M+R155K	NS3:36M+155K:AL_1a:grazoprevir	category_III	III	3.0	1.0	8.8	0.0			NS3:36M+155K:AL_1a	grazoprevir	grazoprevir	drug_resistance	Merck	NS3/4A protease inhibitors	28228479	https://doi.org/10.1074/jbc.M116.772996
NS3	1	155	K	REF_MASTER_NC_004102	NS3:155K	aminoAcidSimplePolymorphism	NS3:36M+155K	combination	NS3:36M+155K	2.0	2.0	phdr_ras:NS3:36M+155K	NS3:36M+155K	AL_1a	V36M+R155K	NS3:36M+155K:AL_1a:paritaprevir	category_I	I	1.0	1.0	79.0	1.0	0.0	1.0	NS3:36M+155K:AL_1a	paritaprevir	paritaprevir	drug_resistance	Abbvie	NS3/4A protease inhibitors	26100711;25451053	https://doi.org/10.1128/AAC.00998-15;https://doi.org/10.1128/AAC.04227-14
NS3	1	155	K	REF_MASTER_NC_004102	NS3:155K	aminoAcidSimplePolymorphism	NS3:36M+155K+170V	combination	NS3:36M+155K+170V	3.0	2.0	phdr_ras:NS3:36M+155K+170V	NS3:36M+155K+170V	AL_1a	V36M+R155K+I170V	NS3:36M+155K+170V:AL_1a:voxilaprevir	insignificant	-	4.0	1.0	3.6	0.0			NS3:36M+155K+170V:AL_1a	voxilaprevir	voxilaprevir	drug_resistance	Gilead Sciences	NS3/4A protease inhibitors	AASLD_2017_Abs_1176	https://doi.org/10.1002/hep.29501
NS3	1	155	K	REF_MASTER_NC_004102	NS3:155K	aminoAcidSimplePolymorphism	NS3:54S+122G+155K+180V	combination	NS3:54S+122G+155K+180V	4.0	3.0	phdr_ras:NS3:54S+122G+155K+180V	NS3:54S+122G+155K+180V	AL_1a	T54S+S122G+R155K+R180V	NS3:54S+122G+155K+180V:AL_1a:voxilaprevir	category_III	III	3.0	1.0	9.2	0.0			NS3:54S+122G+155K+180V:AL_1a	voxilaprevir	voxilaprevir	drug_resistance	Gilead Sciences	NS3/4A protease inhibitors	AASLD_2017_Abs_1176	https://doi.org/10.1002/hep.29501
NS3	1	155	K	REF_MASTER_NC_004102	NS3:155K	aminoAcidSimplePolymorphism	NS3:54S+155K	combination	NS3:54S+155K	2.0	2.0	phdr_ras:NS3:54S+155K	NS3:54S+155K	AL_5a	T54S+R155K	NS3:54S+155K:AL_5a:paritaprevir	category_III	III	3.0	1.0	14.0	0.0			NS3:54S+155K:AL_5a	paritaprevir	paritaprevir	drug_resistance	Abbvie	NS3/4A protease inhibitors	27021330	https://doi.org/10.1128/AAC.02929-15
NS3	1	155	K	REF_MASTER_NC_004102	NS3:155K	aminoAcidSimplePolymorphism	NS3:54S+55I+122G+155K	combination	NS3:54S+55I+122G+155K	4.0	4.0	phdr_ras:NS3:54S+55I+122G+155K	NS3:54S+55I+122G+155K	AL_1a	T54S+V55I+S122G+R155K	NS3:54S+55I+122G+155K:AL_1a:voxilaprevir	category_III	III	3.0	1.0	5.9	0.0			NS3:54S+55I+122G+155K:AL_1a	voxilaprevir	voxilaprevir	drug_resistance	Gilead Sciences	NS3/4A protease inhibitors	AASLD_2017_Abs_1176	https://doi.org/10.1002/hep.29501
NS3	1	155	K	REF_MASTER_NC_004102	NS3:155K	aminoAcidSimplePolymorphism	NS3:54S+55I+122G+155K+170V	combination	NS3:54S+55I+122G+155K+170V	5.0	4.0	phdr_ras:NS3:54S+55I+122G+155K+170V	NS3:54S+55I+122G+155K+170V	AL_1a	T54S+V55I+S122G+R155K+I170V	NS3:54S+55I+122G+155K+170V:AL_1a:voxilaprevir	insignificant	-	4.0	1.0	4.1	0.0			NS3:54S+55I+122G+155K+170V:AL_1a	voxilaprevir	voxilaprevir	drug_resistance	Gilead Sciences	NS3/4A protease inhibitors	AASLD_2017_Abs_1176	https://doi.org/10.1002/hep.29501
NS3	1	155	K	REF_MASTER_NC_004102	NS3:155K	aminoAcidSimplePolymorphism	NS3:80K+155K	combination	NS3:80K+155K	2.0	2.0	phdr_ras:NS3:80K+155K	NS3:80K+155K	AL_1a	K/Q80K+R155K	NS3:80K+155K:AL_1a:paritaprevir	category_I	I	1.0	1.0	19.0	1.0	1.0	0.0	NS3:80K+155K:AL_1a	paritaprevir	paritaprevir	drug_resistance	Abbvie	NS3/4A protease inhibitors	EASL_2016_Abs_LBP503;25451053	https://doi.org/10.1016/S0168-8278(16)00180-X;https://doi.org/10.1128/AAC.04227-14
NS3	1	155	K	REF_MASTER_NC_004102	NS3:155K	aminoAcidSimplePolymorphism	NS3:80R+155K+156T+168A	combination	NS3:80R+155K+156T+168A	4.0	2.0	phdr_ras:NS3:80R+155K+156T+168A	NS3:80R+155K+156T+168A	AL_1a	K/Q80R+R155K+A156T+D168A	NS3:80R+155K+156T+168A:AL_1a:grazoprevir	category_II	II	2.0	0.0		1.0	0.0	1.0	NS3:80R+155K+156T+168A:AL_1a	grazoprevir	grazoprevir	drug_resistance	Merck	NS3/4A protease inhibitors	25266289	https://doi.org/10.1093/cid/ciu696
NS3	1	155	K	REF_MASTER_NC_004102	NS3:155K	aminoAcidSimplePolymorphism	NS3:80R+155K+156T+168E	combination	NS3:80R+155K+156T+168E	4.0	2.0	phdr_ras:NS3:80R+155K+156T+168E	NS3:80R+155K+156T+168E	AL_1a	K/Q80R+R155K+A156T+D168E	NS3:80R+155K+156T+168E:AL_1a:grazoprevir	category_II	II	2.0	0.0		1.0	0.0	1.0	NS3:80R+155K+156T+168E:AL_1a	grazoprevir	grazoprevir	drug_resistance	Merck	NS3/4A protease inhibitors	25266289	https://doi.org/10.1093/cid/ciu696
NS3	1	155	K	REF_MASTER_NC_004102	NS3:155K	aminoAcidSimplePolymorphism	NS3:80R+155K+156T+168K	combination	NS3:80R+155K+156T+168K	4.0	2.0	phdr_ras:NS3:80R+155K+156T+168K	NS3:80R+155K+156T+168K	AL_1a	K/Q80R+R155K+A156T+D168K	NS3:80R+155K+156T+168K:AL_1a:grazoprevir	category_II	II	2.0	0.0		1.0	0.0	1.0	NS3:80R+155K+156T+168K:AL_1a	grazoprevir	grazoprevir	drug_resistance	Merck	NS3/4A protease inhibitors	25266289	https://doi.org/10.1093/cid/ciu696
NS3	1	155	N	REF_MASTER_NC_004102	NS3:155N	aminoAcidSimplePolymorphism	NS3:122R+155N+168E	combination	NS3:122R+155N+168E	3.0	2.0	phdr_ras:NS3:122R+155N+168E	NS3:122R+155N+168E	AL_1a	S122R+R155N+D168E	NS3:122R+155N+168E:AL_1a:voxilaprevir	category_III	III	3.0	1.0	10.7	0.0			NS3:122R+155N+168E:AL_1a	voxilaprevir	voxilaprevir	drug_resistance	Gilead Sciences	NS3/4A protease inhibitors	AASLD_2017_Abs_1176	https://doi.org/10.1002/hep.29501
NS3	1	155	N	REF_MASTER_NC_004102	NS3:155N	aminoAcidSimplePolymorphism	NS3:155N	single				phdr_ras:NS3:155N	NS3:155N															drug_resistance				
NS3	1	155	Q	REF_MASTER_NC_004102	NS3:155Q	aminoAcidSimplePolymorphism	NS3:155Q	single				phdr_ras:NS3:155Q	NS3:155Q	AL_1a	R155Q	NS3:155Q:AL_1a:paritaprevir	category_III	III	3.0	1.0	30.0	0.0			NS3:155Q:AL_1a	paritaprevir	paritaprevir	drug_resistance	Abbvie	NS3/4A protease inhibitors	26392503	https://doi.org/10.1128/AAC.01953-15
NS3	1	155	R	REF_MASTER_NC_004102	NS3:155R	aminoAcidSimplePolymorphism	NS3:155R	single				phdr_ras:NS3:155R	NS3:155R															drug_resistance				
NS3	1	155	R	REF_MASTER_NC_004102	NS3:155R	aminoAcidSimplePolymorphism	NS3:56H+80K+155R+168V	combination	NS3:56H+80K+155R+168V	4.0	3.0	phdr_ras:NS3:56H+80K+155R+168V	NS3:56H+80K+155R+168V	AL_1a	Y56H+K/Q80K+R155R+D168V	NS3:56H+80K+155R+168V:AL_1a:grazoprevir	category_II	II	2.0	0.0		1.0	0.0	1.0	NS3:56H+80K+155R+168V:AL_1a	grazoprevir	grazoprevir	drug_resistance	Merck	NS3/4A protease inhibitors	27720838	https://doi.org/10.1053/j.gastro.2016.09.045
NS3	1	155	S	REF_MASTER_NC_004102	NS3:155S	aminoAcidSimplePolymorphism	NS3:155S	single				phdr_ras:NS3:155S	NS3:155S	AL_1a	R155S	NS3:155S:AL_1a:paritaprevir	category_III	III	3.0	1.0	7.0	0.0			NS3:155S:AL_1a	paritaprevir	paritaprevir	drug_resistance	Abbvie	NS3/4A protease inhibitors	25451053	https://doi.org/10.1128/AAC.04227-14
NS3	1	155	S	REF_MASTER_NC_004102	NS3:155S	aminoAcidSimplePolymorphism	NS3:36L+80K+155S	combination	NS3:36L+80K+155S	3.0	3.0	phdr_ras:NS3:36L+80K+155S	NS3:36L+80K+155S	AL_1a	V36L+K/Q80K+R155S	NS3:36L+80K+155S:AL_1a:grazoprevir	category_I	I	1.0	1.0	51.0	1.0	0.0	1.0	NS3:36L+80K+155S:AL_1a	grazoprevir	grazoprevir	drug_resistance	Merck	NS3/4A protease inhibitors	25266289	https://doi.org/10.1093/cid/ciu696
NS3	1	155	S	REF_MASTER_NC_004102	NS3:155S	aminoAcidSimplePolymorphism	NS3:80R+155S+156T+168A	combination	NS3:80R+155S+156T+168A	4.0	2.0	phdr_ras:NS3:80R+155S+156T+168A	NS3:80R+155S+156T+168A	AL_1a	K/Q80R+R155S+A156T+D168A	NS3:80R+155S+156T+168A:AL_1a:grazoprevir	category_II	II	2.0	0.0		1.0	0.0	1.0	NS3:80R+155S+156T+168A:AL_1a	grazoprevir	grazoprevir	drug_resistance	Merck	NS3/4A protease inhibitors	25266289	https://doi.org/10.1093/cid/ciu696
NS3	1	155	S	REF_MASTER_NC_004102	NS3:155S	aminoAcidSimplePolymorphism	NS3:80R+155S+156T+168E	combination	NS3:80R+155S+156T+168E	4.0	2.0	phdr_ras:NS3:80R+155S+156T+168E	NS3:80R+155S+156T+168E	AL_1a	K/Q80R+R155S+A156T+D168E	NS3:80R+155S+156T+168E:AL_1a:grazoprevir	category_II	II	2.0	0.0		1.0	0.0	1.0	NS3:80R+155S+156T+168E:AL_1a	grazoprevir	grazoprevir	drug_resistance	Merck	NS3/4A protease inhibitors	25266289	https://doi.org/10.1093/cid/ciu696
NS3	1	155	S	REF_MASTER_NC_004102	NS3:155S	aminoAcidSimplePolymorphism	NS3:80R+155S+156T+168K	combination	NS3:80R+155S+156T+168K	4.0	2.0	phdr_ras:NS3:80R+155S+156T+168K	NS3:80R+155S+156T+168K	AL_1a	K/Q80R+R155S+A156T+D168K	NS3:80R+155S+156T+168K:AL_1a:grazoprevir	category_II	II	2.0	0.0		1.0	0.0	1.0	NS3:80R+155S+156T+168K:AL_1a	grazoprevir	grazoprevir	drug_resistance	Merck	NS3/4A protease inhibitors	25266289	https://doi.org/10.1093/cid/ciu696
NS3	1	155	T	REF_MASTER_NC_004102	NS3:155T	aminoAcidSimplePolymorphism	NS3:155T	single				phdr_ras:NS3:155T	NS3:155T	AL_1a	R155T	NS3:155T:AL_1a:grazoprevir	category_II	II	2.0	0.0		1.0	1.0	0.0	NS3:155T:AL_1a	grazoprevir	grazoprevir	drug_resistance	Merck	NS3/4A protease inhibitors	27773808	https://doi.org/10.1053/j.gastro.2016.10.017
NS3	1	155	T	REF_MASTER_NC_004102	NS3:155T	aminoAcidSimplePolymorphism	NS3:155T	single				phdr_ras:NS3:155T	NS3:155T	AL_1a	R155T	NS3:155T:AL_1a:paritaprevir	category_III	III	3.0	1.0	7.0	0.0			NS3:155T:AL_1a	paritaprevir	paritaprevir	drug_resistance	Abbvie	NS3/4A protease inhibitors	25451053	https://doi.org/10.1128/AAC.04227-14
NS3	1	155	T	REF_MASTER_NC_004102	NS3:155T	aminoAcidSimplePolymorphism	NS3:155T	single				phdr_ras:NS3:155T	NS3:155T	AL_6a	R155T	NS3:155T:AL_6a:paritaprevir	insignificant	-	4.0	1.0	2.0	0.0			NS3:155T:AL_6a	paritaprevir	paritaprevir	drug_resistance	Abbvie	NS3/4A protease inhibitors	26392503	https://doi.org/10.1128/AAC.01953-15
NS3	1	155	T	REF_MASTER_NC_004102	NS3:155T	aminoAcidSimplePolymorphism	NS3:155T+156V	combination	NS3:155T+156V	2.0	1.0	phdr_ras:NS3:155T+156V	NS3:155T+156V	AL_1a	R155T+A156V	NS3:155T+156V:AL_1a:glecaprevir	category_II	II	2.0	0.0		1.0	0.0	1.0	NS3:155T+156V:AL_1a	glecaprevir	glecaprevir	drug_resistance	Abbvie	NS3/4A protease inhibitors	29152781	https://doi.org/10.1002/hep.29671
NS3	1	155	T	REF_MASTER_NC_004102	NS3:155T	aminoAcidSimplePolymorphism	NS3:155T+168N	combination	NS3:155T+168N	2.0	1.0	phdr_ras:NS3:155T+168N	NS3:155T+168N	AL_1a	R155T+D168N	NS3:155T+168N:AL_1a:grazoprevir	category_II	II	2.0	0.0		1.0	0.0	1.0	NS3:155T+168N:AL_1a	grazoprevir	grazoprevir	drug_resistance	Merck	NS3/4A protease inhibitors	27773808	https://doi.org/10.1053/j.gastro.2016.10.017
NS3	1	155	T	REF_MASTER_NC_004102	NS3:155T	aminoAcidSimplePolymorphism	NS3:155T+168N	combination	NS3:155T+168N	2.0	1.0	phdr_ras:NS3:155T+168N	NS3:155T+168N	AL_1a	R155T+D168N	NS3:155T+168N:AL_1a:voxilaprevir	category_II	II	2.0	1.0	60.0	0.0			NS3:155T+168N:AL_1a	voxilaprevir	voxilaprevir	drug_resistance	Gilead Sciences	NS3/4A protease inhibitors	AASLD_2017_Abs_1176	https://doi.org/10.1002/hep.29501
NS3	1	155	T	REF_MASTER_NC_004102	NS3:155T	aminoAcidSimplePolymorphism	NS3:54S+155T+168N	combination	NS3:54S+155T+168N	3.0	2.0	phdr_ras:NS3:54S+155T+168N	NS3:54S+155T+168N	AL_1a	T54S+R155T+D168N	NS3:54S+155T+168N:AL_1a:voxilaprevir	category_III	III	3.0	1.0	11.25	0.0			NS3:54S+155T+168N:AL_1a	voxilaprevir	voxilaprevir	drug_resistance	Gilead Sciences	NS3/4A protease inhibitors	AASLD_2017_Abs_1176	https://doi.org/10.1002/hep.29501
NS3	1	155	T	REF_MASTER_NC_004102	NS3:155T	aminoAcidSimplePolymorphism	NS3:80K+155T+156T+168N	combination	NS3:80K+155T+156T+168N	4.0	2.0	phdr_ras:NS3:80K+155T+156T+168N	NS3:80K+155T+156T+168N	AL_1a	K/Q80K+R155T+A156T+D168N	NS3:80K+155T+156T+168N:AL_1a:grazoprevir	category_II	II	2.0	0.0		1.0	0.0	1.0	NS3:80K+155T+156T+168N:AL_1a	grazoprevir	grazoprevir	drug_resistance	Merck	NS3/4A protease inhibitors	26371152	https://doi.org/10.1093/cid/civ722
NS3	1	155	T	REF_MASTER_NC_004102	NS3:155T	aminoAcidSimplePolymorphism	NS3:80K+155T+168N	combination	NS3:80K+155T+168N	3.0	2.0	phdr_ras:NS3:80K+155T+168N	NS3:80K+155T+168N	AL_1a	K/Q80K+R155T+D168N	NS3:80K+155T+168N:AL_1a:grazoprevir	category_II	II	2.0	0.0		1.0	1.0	0.0	NS3:80K+155T+168N:AL_1a	grazoprevir	grazoprevir	drug_resistance	Merck	NS3/4A protease inhibitors	26371152	https://doi.org/10.1093/cid/civ722
NS3	1	155	T	REF_MASTER_NC_004102	NS3:155T	aminoAcidSimplePolymorphism	NS3:80K+155T+168N	combination	NS3:80K+155T+168N	3.0	2.0	phdr_ras:NS3:80K+155T+168N	NS3:80K+155T+168N	AL_1a	K/Q80K+R155T+D168N	NS3:80K+155T+168N:AL_1a:voxilaprevir	category_III	III	3.0	1.0	11.25	0.0			NS3:80K+155T+168N:AL_1a	voxilaprevir	voxilaprevir	drug_resistance	Gilead Sciences	NS3/4A protease inhibitors	AASLD_2017_Abs_1176	https://doi.org/10.1002/hep.29501
NS3	1	155	W	REF_MASTER_NC_004102	NS3:155W	aminoAcidSimplePolymorphism	NS3:155W	single				phdr_ras:NS3:155W	NS3:155W	AL_1a	R155W	NS3:155W:AL_1a:paritaprevir	category_III	III	3.0	1.0	11.0	0.0			NS3:155W:AL_1a	paritaprevir	paritaprevir	drug_resistance	Abbvie	NS3/4A protease inhibitors	25451053	https://doi.org/10.1128/AAC.04227-14
NS3	1	155	W	REF_MASTER_NC_004102	NS3:155W	aminoAcidSimplePolymorphism	NS3:155W	single				phdr_ras:NS3:155W	NS3:155W	AL_1a	R155W	NS3:155W:AL_1a:voxilaprevir	category_II	II	2.0	1.0	56.0	0.0			NS3:155W:AL_1a	voxilaprevir	voxilaprevir	drug_resistance	Gilead Sciences	NS3/4A protease inhibitors	AASLD_2015_Abs_718	https://www.aasld.org/sites/default/files/2015SupplementFULLTEXT.pdf
NS3	1	155	W	REF_MASTER_NC_004102	NS3:155W	aminoAcidSimplePolymorphism	NS3:155W	single				phdr_ras:NS3:155W	NS3:155W	AL_1b	R155W	NS3:155W:AL_1b:voxilaprevir	category_II	II	2.0	1.0	95.9	0.0			NS3:155W:AL_1b	voxilaprevir	voxilaprevir	drug_resistance	Gilead Sciences	NS3/4A protease inhibitors	AASLD_2015_Abs_718	https://www.aasld.org/sites/default/files/2015SupplementFULLTEXT.pdf
NS3	1	155	W	REF_MASTER_NC_004102	NS3:155W	aminoAcidSimplePolymorphism	NS3:56F+155W+156G+168N	combination	NS3:56F+155W+156G+168N	4.0	2.0	phdr_ras:NS3:56F+155W+156G+168N	NS3:56F+155W+156G+168N	AL_1b	F/Y56F+R155W+A156G+D168N	NS3:56F+155W+156G+168N:AL_1b:grazoprevir	category_II	II	2.0	0.0		1.0	0.0	1.0	NS3:56F+155W+156G+168N:AL_1b	grazoprevir	grazoprevir	drug_resistance	Merck	NS3/4A protease inhibitors	30127629	https://doi.org/10.2147/IDR.S156581
NS3	1	156	A	REF_MASTER_NC_004102	NS3:156A	aminoAcidSimplePolymorphism	NS3:156A	single				phdr_ras:NS3:156A	NS3:156A															drug_resistance				
NS3	1	156	A	REF_MASTER_NC_004102	NS3:156A	aminoAcidSimplePolymorphism	NS3:80K+156A	combination	NS3:80K+156A	2.0	2.0	phdr_ras:NS3:80K+156A	NS3:80K+156A	AL_1a	K/Q80K+A156A	NS3:80K+156A:AL_1a:grazoprevir	category_II	II	2.0	0.0		1.0	0.0	1.0	NS3:80K+156A:AL_1a	grazoprevir	grazoprevir	drug_resistance	Merck	NS3/4A protease inhibitors	25467591	https://doi.org/10.1016/S0140-6736(14)61795-5
NS3	1	156	G	REF_MASTER_NC_004102	NS3:156G	aminoAcidSimplePolymorphism	NS3:156G	single				phdr_ras:NS3:156G	NS3:156G	AL_1a	A156G	NS3:156G:AL_1a:glecaprevir	category_II	II	2.0	0.0		1.0	0.0	1.0	NS3:156G:AL_1a	glecaprevir	glecaprevir	drug_resistance	Abbvie	NS3/4A protease inhibitors	29152781	https://doi.org/10.1002/hep.29671
NS3	1	156	G	REF_MASTER_NC_004102	NS3:156G	aminoAcidSimplePolymorphism	NS3:156G	single				phdr_ras:NS3:156G	NS3:156G	AL_1a	A156G	NS3:156G:AL_1a:grazoprevir	category_II	II	2.0	1.0	4.3	1.0	0.0	1.0	NS3:156G:AL_1a	grazoprevir	grazoprevir	drug_resistance	Merck	NS3/4A protease inhibitors	27773808;28228479	https://doi.org/10.1053/j.gastro.2016.10.017;https://doi.org/10.1074/jbc.M116.772996
NS3	1	156	G	REF_MASTER_NC_004102	NS3:156G	aminoAcidSimplePolymorphism	NS3:156G	single				phdr_ras:NS3:156G	NS3:156G	AL_1a	A156G	NS3:156G:AL_1a:paritaprevir	insignificant	-	4.0	1.0	4.0	0.0			NS3:156G:AL_1a	paritaprevir	paritaprevir	drug_resistance	Abbvie	NS3/4A protease inhibitors	26392503	https://doi.org/10.1128/AAC.01953-15
NS3	1	156	G	REF_MASTER_NC_004102	NS3:156G	aminoAcidSimplePolymorphism	NS3:156G	single				phdr_ras:NS3:156G	NS3:156G	AL_1b	A156G	NS3:156G:AL_1b:grazoprevir	category_II	II	2.0	0.0		1.0	0.0	1.0	NS3:156G:AL_1b	grazoprevir	grazoprevir	drug_resistance	Merck	NS3/4A protease inhibitors	27773808	https://doi.org/10.1053/j.gastro.2016.10.017
NS3	1	156	G	REF_MASTER_NC_004102	NS3:156G	aminoAcidSimplePolymorphism	NS3:156G	single				phdr_ras:NS3:156G	NS3:156G	AL_2a	A156G	NS3:156G:AL_2a:paritaprevir	insignificant	-	4.0	1.0	2.0	0.0			NS3:156G:AL_2a	paritaprevir	paritaprevir	drug_resistance	Abbvie	NS3/4A protease inhibitors	26392503	https://doi.org/10.1128/AAC.01953-15
NS3	1	156	G	REF_MASTER_NC_004102	NS3:156G	aminoAcidSimplePolymorphism	NS3:156G	single				phdr_ras:NS3:156G	NS3:156G	AL_3	A156G	NS3:156G:AL_3:glecaprevir	category_II	II	2.0	0.0		1.0	0.0	1.0	NS3:156G:AL_3	glecaprevir	glecaprevir	drug_resistance	Abbvie	NS3/4A protease inhibitors	EASL_2017_FRI_205	https://doi.org/10.1016/S0168-8278(17)31399-5
NS3	1	156	G	REF_MASTER_NC_004102	NS3:156G	aminoAcidSimplePolymorphism	NS3:156G	single				phdr_ras:NS3:156G	NS3:156G	AL_3	A156G	NS3:156G:AL_3:grazoprevir	category_II	II	2.0	0.0		1.0	0.0	1.0	NS3:156G:AL_3	grazoprevir	grazoprevir	drug_resistance	Merck	NS3/4A protease inhibitors	25467591	https://doi.org/10.1016/S0140-6736(14)61795-5
NS3	1	156	G	REF_MASTER_NC_004102	NS3:156G	aminoAcidSimplePolymorphism	NS3:156G	single				phdr_ras:NS3:156G	NS3:156G	AL_3a	A156G	NS3:156G:AL_3a:glecaprevir	category_II	II	2.0	1.0	1654.0	0.0			NS3:156G:AL_3a	glecaprevir	glecaprevir	drug_resistance	Abbvie	NS3/4A protease inhibitors	29084747	https://doi.org/10.1128/AAC.01620-17
NS3	1	156	G	REF_MASTER_NC_004102	NS3:156G	aminoAcidSimplePolymorphism	NS3:156G	single				phdr_ras:NS3:156G	NS3:156G	AL_3a	A156G	NS3:156G:AL_3a:paritaprevir	insignificant	-	4.0	1.0	3.5	0.0			NS3:156G:AL_3a	paritaprevir	paritaprevir	drug_resistance	Abbvie	NS3/4A protease inhibitors	26392503;27021330	https://doi.org/10.1128/AAC.01953-15;https://doi.org/10.1128/AAC.02929-15
NS3	1	156	G	REF_MASTER_NC_004102	NS3:156G	aminoAcidSimplePolymorphism	NS3:156G	single				phdr_ras:NS3:156G	NS3:156G	AL_4	A156G	NS3:156G:AL_4:grazoprevir	category_II	II	2.0	0.0		1.0	0.0	1.0	NS3:156G:AL_4	grazoprevir	grazoprevir	drug_resistance	Merck	NS3/4A protease inhibitors	27773808	https://doi.org/10.1053/j.gastro.2016.10.017
NS3	1	156	G	REF_MASTER_NC_004102	NS3:156G	aminoAcidSimplePolymorphism	NS3:156G	single				phdr_ras:NS3:156G	NS3:156G	AL_4a	A156G	NS3:156G:AL_4a:paritaprevir	insignificant	-	4.0	1.0	2.0	0.0			NS3:156G:AL_4a	paritaprevir	paritaprevir	drug_resistance	Abbvie	NS3/4A protease inhibitors	26392503	https://doi.org/10.1128/AAC.01953-15
NS3	1	156	G	REF_MASTER_NC_004102	NS3:156G	aminoAcidSimplePolymorphism	NS3:156G+170I	combination	NS3:156G+170I	2.0	1.0	phdr_ras:NS3:156G+170I	NS3:156G+170I	AL_3	A156G+I/V170I	NS3:156G+170I:AL_3:grazoprevir	category_II	II	2.0	0.0		1.0	0.0	1.0	NS3:156G+170I:AL_3	grazoprevir	grazoprevir	drug_resistance	Merck	NS3/4A protease inhibitors	25467591	https://doi.org/10.1016/S0140-6736(14)61795-5
NS3	1	156	G	REF_MASTER_NC_004102	NS3:156G	aminoAcidSimplePolymorphism	NS3:56F+155W+156G+168N	combination	NS3:56F+155W+156G+168N	4.0	3.0	phdr_ras:NS3:56F+155W+156G+168N	NS3:56F+155W+156G+168N	AL_1b	F/Y56F+R155W+A156G+D168N	NS3:56F+155W+156G+168N:AL_1b:grazoprevir	category_II	II	2.0	0.0		1.0	0.0	1.0	NS3:56F+155W+156G+168N:AL_1b	grazoprevir	grazoprevir	drug_resistance	Merck	NS3/4A protease inhibitors	30127629	https://doi.org/10.2147/IDR.S156581
NS3	1	156	G	REF_MASTER_NC_004102	NS3:156G	aminoAcidSimplePolymorphism	NS3:77S+80K+132I+156G	combination	NS3:77S+80K+132I+156G	4.0	4.0	phdr_ras:NS3:77S+80K+132I+156G	NS3:77S+80K+132I+156G	AL_1a	N77S+K/Q80K+I132I+A156G	NS3:77S+80K+132I+156G:AL_1a:grazoprevir	category_II	II	2.0	0.0		1.0	0.0	1.0	NS3:77S+80K+132I+156G:AL_1a	grazoprevir	grazoprevir	drug_resistance	Merck	NS3/4A protease inhibitors	25467591	https://doi.org/10.1016/S0140-6736(14)61795-5
NS3	1	156	G	REF_MASTER_NC_004102	NS3:156G	aminoAcidSimplePolymorphism	NS3:80K+132V+156G	combination	NS3:80K+132V+156G	3.0	3.0	phdr_ras:NS3:80K+132V+156G	NS3:80K+132V+156G	AL_1a	K/Q80K+I132V+A156G	NS3:80K+132V+156G:AL_1a:grazoprevir	category_II	II	2.0	0.0		1.0	0.0	1.0	NS3:80K+132V+156G:AL_1a	grazoprevir	grazoprevir	drug_resistance	Merck	NS3/4A protease inhibitors	27773808	https://doi.org/10.1053/j.gastro.2016.10.017
NS3	1	156	G	REF_MASTER_NC_004102	NS3:156G	aminoAcidSimplePolymorphism	NS3:80K+156G	combination	NS3:80K+156G	2.0	2.0	phdr_ras:NS3:80K+156G	NS3:80K+156G	AL_1a	K/Q80K+A156G	NS3:80K+156G:AL_1a:grazoprevir	category_II	II	2.0	0.0		1.0	0.0	1.0	NS3:80K+156G:AL_1a	grazoprevir	grazoprevir	drug_resistance	Merck	NS3/4A protease inhibitors	25467591	https://doi.org/10.1016/S0140-6736(14)61795-5
NS3	1	156	G	REF_MASTER_NC_004102	NS3:156G	aminoAcidSimplePolymorphism	NS3:80K+156G+170I	combination	NS3:80K+156G+170I	3.0	2.0	phdr_ras:NS3:80K+156G+170I	NS3:80K+156G+170I	AL_3	Q80K+A156G+I/V170I	NS3:80K+156G+170I:AL_3:grazoprevir	category_II	II	2.0	0.0		1.0	0.0	1.0	NS3:80K+156G+170I:AL_3	grazoprevir	grazoprevir	drug_resistance	Merck	NS3/4A protease inhibitors	25467591	https://doi.org/10.1016/S0140-6736(14)61795-5
NS3	1	156	L	REF_MASTER_NC_004102	NS3:156L	aminoAcidSimplePolymorphism	NS3:156L	single				phdr_ras:NS3:156L	NS3:156L	AL_1a	A156L	NS3:156L:AL_1a:grazoprevir	category_II	II	2.0	0.0		1.0	0.0	1.0	NS3:156L:AL_1a	grazoprevir	grazoprevir	drug_resistance	Merck	NS3/4A protease inhibitors	30127629	https://doi.org/10.2147/IDR.S156581
NS3	1	156	L	REF_MASTER_NC_004102	NS3:156L	aminoAcidSimplePolymorphism	NS3:156L	single				phdr_ras:NS3:156L	NS3:156L	AL_1a	A156L	NS3:156L:AL_1a:voxilaprevir	category_II	II	2.0	1.0	100.0	0.0			NS3:156L:AL_1a	voxilaprevir	voxilaprevir	drug_resistance	Gilead Sciences	NS3/4A protease inhibitors	AASLD_2017_Abs_1176	https://doi.org/10.1002/hep.29501
NS3	1	156	L	REF_MASTER_NC_004102	NS3:156L	aminoAcidSimplePolymorphism	NS3:156L	single				phdr_ras:NS3:156L	NS3:156L	AL_2a	A156L	NS3:156L:AL_2a:paritaprevir	category_II	II	2.0	1.0	54.5	0.0			NS3:156L:AL_2a	paritaprevir	paritaprevir	drug_resistance	Abbvie	NS3/4A protease inhibitors	30964552	https://doi.org/10.1002/hep.30647
NS3	1	156	L	REF_MASTER_NC_004102	NS3:156L	aminoAcidSimplePolymorphism	NS3:156L	single				phdr_ras:NS3:156L	NS3:156L	AL_2a	A156L	NS3:156L:AL_2a:voxilaprevir	category_II	II	2.0	1.0	100.0	0.0			NS3:156L:AL_2a	voxilaprevir	voxilaprevir	drug_resistance	Gilead Sciences	NS3/4A protease inhibitors	AASLD_2017_Abs_1176	https://doi.org/10.1002/hep.29501
NS3	1	156	L	REF_MASTER_NC_004102	NS3:156L	aminoAcidSimplePolymorphism	NS3:156L	single				phdr_ras:NS3:156L	NS3:156L	AL_3a	A156L	NS3:156L:AL_3a:paritaprevir	category_III	III	3.0	1.0	19.0	0.0			NS3:156L:AL_3a	paritaprevir	paritaprevir	drug_resistance	Abbvie	NS3/4A protease inhibitors	30964552	https://doi.org/10.1002/hep.30647
NS3	1	156	L	REF_MASTER_NC_004102	NS3:156L	aminoAcidSimplePolymorphism	NS3:156L	single				phdr_ras:NS3:156L	NS3:156L	AL_4a	A156L	NS3:156L:AL_4a:voxilaprevir	category_II	II	2.0	1.0	100.0	0.0			NS3:156L:AL_4a	voxilaprevir	voxilaprevir	drug_resistance	Gilead Sciences	NS3/4A protease inhibitors	AASLD_2017_Abs_1176	https://doi.org/10.1002/hep.29501
NS3	1	156	M	REF_MASTER_NC_004102	NS3:156M	aminoAcidSimplePolymorphism	NS3:156M	single				phdr_ras:NS3:156M	NS3:156M	AL_1a	A156M	NS3:156M:AL_1a:grazoprevir	category_II	II	2.0	0.0		1.0	0.0	1.0	NS3:156M:AL_1a	grazoprevir	grazoprevir	drug_resistance	Merck	NS3/4A protease inhibitors	27773808	https://doi.org/10.1053/j.gastro.2016.10.017
NS3	1	156	M	REF_MASTER_NC_004102	NS3:156M	aminoAcidSimplePolymorphism	NS3:156M	single				phdr_ras:NS3:156M	NS3:156M	AL_1b	A156M	NS3:156M:AL_1b:grazoprevir	category_II	II	2.0	0.0		1.0	0.0	1.0	NS3:156M:AL_1b	grazoprevir	grazoprevir	drug_resistance	Merck	NS3/4A protease inhibitors	27773808	https://doi.org/10.1053/j.gastro.2016.10.017
NS3	1	156	M	REF_MASTER_NC_004102	NS3:156M	aminoAcidSimplePolymorphism	NS3:156M	single				phdr_ras:NS3:156M	NS3:156M	AL_4	A156M	NS3:156M:AL_4:grazoprevir	category_II	II	2.0	0.0		1.0	0.0	1.0	NS3:156M:AL_4	grazoprevir	grazoprevir	drug_resistance	Merck	NS3/4A protease inhibitors	29461687;27773808	https://doi.org/10.1111/liv.13727;https://doi.org/10.1053/j.gastro.2016.10.017
NS3	1	156	M	REF_MASTER_NC_004102	NS3:156M	aminoAcidSimplePolymorphism	NS3:156M+168A+170I	combination	NS3:156M+168A+170I	3.0	1.0	phdr_ras:NS3:156M+168A+170I	NS3:156M+168A+170I	AL_4a	A156M+D168A+V170I	NS3:156M+168A+170I:AL_4a:grazoprevir	category_II	II	2.0	0.0		1.0	0.0	1.0	NS3:156M+168A+170I:AL_4a	grazoprevir	grazoprevir	drug_resistance	Merck	NS3/4A protease inhibitors	28193518	https://doi.org/10.1053/j.gastro.2017.01.050
NS3	1	156	M	REF_MASTER_NC_004102	NS3:156M	aminoAcidSimplePolymorphism	NS3:156M+168G+170I	combination	NS3:156M+168G+170I	3.0	1.0	phdr_ras:NS3:156M+168G+170I	NS3:156M+168G+170I	AL_4a	A156M+D168G+V170I	NS3:156M+168G+170I:AL_4a:grazoprevir	category_II	II	2.0	0.0		1.0	0.0	1.0	NS3:156M+168G+170I:AL_4a	grazoprevir	grazoprevir	drug_resistance	Merck	NS3/4A protease inhibitors	28193518	https://doi.org/10.1053/j.gastro.2017.01.050
NS3	1	156	S	REF_MASTER_NC_004102	NS3:156S	aminoAcidSimplePolymorphism	NS3:117L+156S	combination	NS3:117L+156S	2.0	2.0	phdr_ras:NS3:117L+156S	NS3:117L+156S	AL_5a	R117L+A156S	NS3:117L+156S:AL_5a:paritaprevir	insignificant	-	4.0	1.0	3.7	0.0			NS3:117L+156S:AL_5a	paritaprevir	paritaprevir	drug_resistance	Abbvie	NS3/4A protease inhibitors	27021330	https://doi.org/10.1128/AAC.02929-15
NS3	1	156	S	REF_MASTER_NC_004102	NS3:156S	aminoAcidSimplePolymorphism	NS3:156S	single				phdr_ras:NS3:156S	NS3:156S	AL_1a	A156S	NS3:156S:AL_1a:grazoprevir	insignificant	-	4.0	1.0	2.5	0.0			NS3:156S:AL_1a	grazoprevir	grazoprevir	drug_resistance	Merck	NS3/4A protease inhibitors	26926625	https://doi.org/10.1128/AAC.00051-16
NS3	1	156	S	REF_MASTER_NC_004102	NS3:156S	aminoAcidSimplePolymorphism	NS3:156S	single				phdr_ras:NS3:156S	NS3:156S	AL_1a	A156S	NS3:156S:AL_1a:paritaprevir	category_III	III	3.0	1.0	9.0	0.0			NS3:156S:AL_1a	paritaprevir	paritaprevir	drug_resistance	Abbvie	NS3/4A protease inhibitors	26392503	https://doi.org/10.1128/AAC.01953-15
NS3	1	156	S	REF_MASTER_NC_004102	NS3:156S	aminoAcidSimplePolymorphism	NS3:156S	single				phdr_ras:NS3:156S	NS3:156S	AL_1b	A156S	NS3:156S:AL_1b:voxilaprevir	category_III	III	3.0	1.0	11.25	0.0			NS3:156S:AL_1b	voxilaprevir	voxilaprevir	drug_resistance	Gilead Sciences	NS3/4A protease inhibitors	AASLD_2017_Abs_1176	https://doi.org/10.1002/hep.29501
NS3	1	156	S	REF_MASTER_NC_004102	NS3:156S	aminoAcidSimplePolymorphism	NS3:156S	single				phdr_ras:NS3:156S	NS3:156S	AL_2a	A156S	NS3:156S:AL_2a:paritaprevir	insignificant	-	4.0	1.0	2.7	0.0			NS3:156S:AL_2a	paritaprevir	paritaprevir	drug_resistance	Abbvie	NS3/4A protease inhibitors	26392503;27021330	https://doi.org/10.1128/AAC.01953-15;https://doi.org/10.1128/AAC.02929-15
NS3	1	156	S	REF_MASTER_NC_004102	NS3:156S	aminoAcidSimplePolymorphism	NS3:156S	single				phdr_ras:NS3:156S	NS3:156S	AL_3a	A156S	NS3:156S:AL_3a:paritaprevir	insignificant	-	4.0	1.0	2.0	0.0			NS3:156S:AL_3a	paritaprevir	paritaprevir	drug_resistance	Abbvie	NS3/4A protease inhibitors	26392503	https://doi.org/10.1128/AAC.01953-15
NS3	1	156	S	REF_MASTER_NC_004102	NS3:156S	aminoAcidSimplePolymorphism	NS3:156S	single				phdr_ras:NS3:156S	NS3:156S	AL_4a	A156S	NS3:156S:AL_4a:paritaprevir	category_III	III	3.0	1.0	8.0	0.0			NS3:156S:AL_4a	paritaprevir	paritaprevir	drug_resistance	Abbvie	NS3/4A protease inhibitors	26392503;27021330	https://doi.org/10.1128/AAC.01953-15;https://doi.org/10.1128/AAC.02929-15
NS3	1	156	S	REF_MASTER_NC_004102	NS3:156S	aminoAcidSimplePolymorphism	NS3:156S	single				phdr_ras:NS3:156S	NS3:156S	AL_5a	A156S	NS3:156S:AL_5a:paritaprevir	category_III	III	3.0	1.0	6.0	0.0			NS3:156S:AL_5a	paritaprevir	paritaprevir	drug_resistance	Abbvie	NS3/4A protease inhibitors	26392503;27021330	https://doi.org/10.1128/AAC.01953-15;https://doi.org/10.1128/AAC.02929-15
NS3	1	156	S	REF_MASTER_NC_004102	NS3:156S	aminoAcidSimplePolymorphism	NS3:156S+177V	combination	NS3:156S+177V	2.0	1.0	phdr_ras:NS3:156S+177V	NS3:156S+177V	AL_2a	A156S+I/V177V	NS3:156S+177V:AL_2a:paritaprevir	insignificant	-	4.0	1.0	2.0	0.0			NS3:156S+177V:AL_2a	paritaprevir	paritaprevir	drug_resistance	Abbvie	NS3/4A protease inhibitors	27021330	https://doi.org/10.1128/AAC.02929-15
NS3	1	156	S	REF_MASTER_NC_004102	NS3:156S	aminoAcidSimplePolymorphism	NS3:30V+156S	combination	NS3:30V+156S	2.0	2.0	phdr_ras:NS3:30V+156S	NS3:30V+156S	AL_5a	E30V+A156S	NS3:30V+156S:AL_5a:paritaprevir	category_III	III	3.0	1.0	5.7	0.0			NS3:30V+156S:AL_5a	paritaprevir	paritaprevir	drug_resistance	Abbvie	NS3/4A protease inhibitors	27021330	https://doi.org/10.1128/AAC.02929-15
NS3	1	156	S	REF_MASTER_NC_004102	NS3:156S	aminoAcidSimplePolymorphism	NS3:36M+156S	combination	NS3:36M+156S	2.0	2.0	phdr_ras:NS3:36M+156S	NS3:36M+156S	AL_1b	V36M+A156S	NS3:36M+156S:AL_1b:voxilaprevir	category_III	III	3.0	1.0	11.25	0.0			NS3:36M+156S:AL_1b	voxilaprevir	voxilaprevir	drug_resistance	Gilead Sciences	NS3/4A protease inhibitors	AASLD_2017_Abs_1176	https://doi.org/10.1002/hep.29501
NS3	1	156	S	REF_MASTER_NC_004102	NS3:156S	aminoAcidSimplePolymorphism	NS3:54A+156S	combination	NS3:54A+156S	2.0	2.0	phdr_ras:NS3:54A+156S	NS3:54A+156S	AL_6a	T54A+A156S	NS3:54A+156S:AL_6a:paritaprevir	insignificant	-	4.0	1.0	2.7	0.0			NS3:54A+156S:AL_6a	paritaprevir	paritaprevir	drug_resistance	Abbvie	NS3/4A protease inhibitors	27021330	https://doi.org/10.1128/AAC.02929-15
NS3	1	156	S	REF_MASTER_NC_004102	NS3:156S	aminoAcidSimplePolymorphism	NS3:54S+156S	combination	NS3:54S+156S	2.0	2.0	phdr_ras:NS3:54S+156S	NS3:54S+156S	AL_2a	T54S+A156S	NS3:54S+156S:AL_2a:paritaprevir	insignificant	-	4.0	1.0	2.3	0.0			NS3:54S+156S:AL_2a	paritaprevir	paritaprevir	drug_resistance	Abbvie	NS3/4A protease inhibitors	27021330	https://doi.org/10.1128/AAC.02929-15
NS3	1	156	S	REF_MASTER_NC_004102	NS3:156S	aminoAcidSimplePolymorphism	NS3:54S+156S+177V	combination	NS3:54S+156S+177V	3.0	2.0	phdr_ras:NS3:54S+156S+177V	NS3:54S+156S+177V	AL_2a	T54S+A156S+I/V177V	NS3:54S+156S+177V:AL_2a:paritaprevir	insignificant	-	4.0	1.0	3.7	0.0			NS3:54S+156S+177V:AL_2a	paritaprevir	paritaprevir	drug_resistance	Abbvie	NS3/4A protease inhibitors	27021330	https://doi.org/10.1128/AAC.02929-15
NS3	1	156	T	REF_MASTER_NC_004102	NS3:156T	aminoAcidSimplePolymorphism	NS3:156T	single				phdr_ras:NS3:156T	NS3:156T	AL_1a	A156T	NS3:156T:AL_1a:glecaprevir	category_I	I	1.0	1.0	1361.0	1.0	0.0	1.0	NS3:156T:AL_1a	glecaprevir	glecaprevir	drug_resistance	Abbvie	NS3/4A protease inhibitors	29152781;29084747	https://doi.org/10.1002/hep.29671;https://doi.org/10.1128/AAC.01620-17
NS3	1	156	T	REF_MASTER_NC_004102	NS3:156T	aminoAcidSimplePolymorphism	NS3:156T	single				phdr_ras:NS3:156T	NS3:156T	AL_1a	A156T	NS3:156T:AL_1a:grazoprevir	category_II	II	2.0	0.0		1.0	0.0	1.0	NS3:156T:AL_1a	grazoprevir	grazoprevir	drug_resistance	Merck	NS3/4A protease inhibitors	27720838;27773808;25467591	https://doi.org/10.1053/j.gastro.2016.09.045;https://doi.org/10.1053/j.gastro.2016.10.017;https://doi.org/10.1016/S0140-6736(14)61795-5
NS3	1	156	T	REF_MASTER_NC_004102	NS3:156T	aminoAcidSimplePolymorphism	NS3:156T	single				phdr_ras:NS3:156T	NS3:156T	AL_1a	A156T	NS3:156T:AL_1a:paritaprevir	category_II	II	2.0	1.0	184.5	0.0			NS3:156T:AL_1a	paritaprevir	paritaprevir	drug_resistance	Abbvie	NS3/4A protease inhibitors	25451053;30964552	https://doi.org/10.1128/AAC.04227-14;https://doi.org/10.1002/hep.30647
NS3	1	156	T	REF_MASTER_NC_004102	NS3:156T	aminoAcidSimplePolymorphism	NS3:156T	single				phdr_ras:NS3:156T	NS3:156T	AL_1a	A156T	NS3:156T:AL_1a:voxilaprevir	category_II	II	2.0	1.0	581.0	0.0			NS3:156T:AL_1a	voxilaprevir	voxilaprevir	drug_resistance	Gilead Sciences	NS3/4A protease inhibitors	AASLD_2015_Abs_718	https://www.aasld.org/sites/default/files/2015SupplementFULLTEXT.pdf
NS3	1	156	T	REF_MASTER_NC_004102	NS3:156T	aminoAcidSimplePolymorphism	NS3:156T	single				phdr_ras:NS3:156T	NS3:156T	AL_1b	A156T	NS3:156T:AL_1b:glecaprevir	category_II	II	2.0	1.0	640.0	0.0			NS3:156T:AL_1b	glecaprevir	glecaprevir	drug_resistance	Abbvie	NS3/4A protease inhibitors	29084747	https://doi.org/10.1128/AAC.01620-17
NS3	1	156	T	REF_MASTER_NC_004102	NS3:156T	aminoAcidSimplePolymorphism	NS3:156T	single				phdr_ras:NS3:156T	NS3:156T	AL_1b	A156T	NS3:156T:AL_1b:grazoprevir	category_I	I	1.0	1.0	208.0	1.0	0.0	1.0	NS3:156T:AL_1b	grazoprevir	grazoprevir	drug_resistance	Merck	NS3/4A protease inhibitors	27773808;25266289	https://doi.org/10.1053/j.gastro.2016.10.017;https://doi.org/10.1093/cid/ciu696
NS3	1	156	T	REF_MASTER_NC_004102	NS3:156T	aminoAcidSimplePolymorphism	NS3:156T	single				phdr_ras:NS3:156T	NS3:156T	AL_1b	A156T	NS3:156T:AL_1b:paritaprevir	category_III	III	3.0	1.0	7.0	0.0			NS3:156T:AL_1b	paritaprevir	paritaprevir	drug_resistance	Abbvie	NS3/4A protease inhibitors	25451053	https://doi.org/10.1128/AAC.04227-14
NS3	1	156	T	REF_MASTER_NC_004102	NS3:156T	aminoAcidSimplePolymorphism	NS3:156T	single				phdr_ras:NS3:156T	NS3:156T	AL_1b	A156T	NS3:156T:AL_1b:voxilaprevir	category_II	II	2.0	1.0	552.8	0.0			NS3:156T:AL_1b	voxilaprevir	voxilaprevir	drug_resistance	Gilead Sciences	NS3/4A protease inhibitors	AASLD_2015_Abs_718	https://www.aasld.org/sites/default/files/2015SupplementFULLTEXT.pdf
NS3	1	156	T	REF_MASTER_NC_004102	NS3:156T	aminoAcidSimplePolymorphism	NS3:156T	single				phdr_ras:NS3:156T	NS3:156T	AL_2a	A156T	NS3:156T:AL_2a:glecaprevir	category_II	II	2.0	1.0	216.0	0.0			NS3:156T:AL_2a	glecaprevir	glecaprevir	drug_resistance	Abbvie	NS3/4A protease inhibitors	29084747	https://doi.org/10.1128/AAC.01620-17
NS3	1	156	T	REF_MASTER_NC_004102	NS3:156T	aminoAcidSimplePolymorphism	NS3:156T	single				phdr_ras:NS3:156T	NS3:156T	AL_2a	A156T	NS3:156T:AL_2a:voxilaprevir	category_II	II	2.0	1.0	60.0	0.0			NS3:156T:AL_2a	voxilaprevir	voxilaprevir	drug_resistance	Gilead Sciences	NS3/4A protease inhibitors	AASLD_2017_Abs_1176	https://doi.org/10.1002/hep.29501
NS3	1	156	T	REF_MASTER_NC_004102	NS3:156T	aminoAcidSimplePolymorphism	NS3:156T	single				phdr_ras:NS3:156T	NS3:156T	AL_2b	A156T	NS3:156T:AL_2b:glecaprevir	category_II	II	2.0	1.0	148.0	0.0			NS3:156T:AL_2b	glecaprevir	glecaprevir	drug_resistance	Abbvie	NS3/4A protease inhibitors	29084747	https://doi.org/10.1128/AAC.01620-17
NS3	1	156	T	REF_MASTER_NC_004102	NS3:156T	aminoAcidSimplePolymorphism	NS3:156T	single				phdr_ras:NS3:156T	NS3:156T	AL_3a	A156T	NS3:156T:AL_3a:paritaprevir	category_III	III	3.0	1.0	11.0	0.0			NS3:156T:AL_3a	paritaprevir	paritaprevir	drug_resistance	Abbvie	NS3/4A protease inhibitors	30964552	https://doi.org/10.1002/hep.30647
NS3	1	156	T	REF_MASTER_NC_004102	NS3:156T	aminoAcidSimplePolymorphism	NS3:156T	single				phdr_ras:NS3:156T	NS3:156T	AL_3a	A156T	NS3:156T:AL_3a:voxilaprevir	category_II	II	2.0	1.0	100.0	0.0			NS3:156T:AL_3a	voxilaprevir	voxilaprevir	drug_resistance	Gilead Sciences	NS3/4A protease inhibitors	AASLD_2017_Abs_1176	https://doi.org/10.1002/hep.29501
NS3	1	156	T	REF_MASTER_NC_004102	NS3:156T	aminoAcidSimplePolymorphism	NS3:156T	single				phdr_ras:NS3:156T	NS3:156T	AL_4	A156T	NS3:156T:AL_4:grazoprevir	category_II	II	2.0	0.0		1.0	0.0	1.0	NS3:156T:AL_4	grazoprevir	grazoprevir	drug_resistance	Merck	NS3/4A protease inhibitors	29461687;27773808	https://doi.org/10.1111/liv.13727;https://doi.org/10.1053/j.gastro.2016.10.017
NS3	1	156	T	REF_MASTER_NC_004102	NS3:156T	aminoAcidSimplePolymorphism	NS3:156T	single				phdr_ras:NS3:156T	NS3:156T	AL_4a	A156T	NS3:156T:AL_4a:glecaprevir	category_II	II	2.0	1.0	1436.0	0.0			NS3:156T:AL_4a	glecaprevir	glecaprevir	drug_resistance	Abbvie	NS3/4A protease inhibitors	29084747	https://doi.org/10.1128/AAC.01620-17
NS3	1	156	T	REF_MASTER_NC_004102	NS3:156T	aminoAcidSimplePolymorphism	NS3:156T	single				phdr_ras:NS3:156T	NS3:156T	AL_4a	A156T	NS3:156T:AL_4a:voxilaprevir	category_II	II	2.0	1.0	100.0	0.0			NS3:156T:AL_4a	voxilaprevir	voxilaprevir	drug_resistance	Gilead Sciences	NS3/4A protease inhibitors	AASLD_2017_Abs_1176	https://doi.org/10.1002/hep.29501
NS3	1	156	T	REF_MASTER_NC_004102	NS3:156T	aminoAcidSimplePolymorphism	NS3:156T+158A	combination	NS3:156T+158A	2.0	1.0	phdr_ras:NS3:156T+158A	NS3:156T+158A	AL_1a	A156T+V158A	NS3:156T+158A:AL_1a:grazoprevir	category_II	II	2.0	0.0		1.0	0.0	1.0	NS3:156T+158A:AL_1a	grazoprevir	grazoprevir	drug_resistance	Merck	NS3/4A protease inhibitors	27720838	https://doi.org/10.1053/j.gastro.2016.09.045
NS3	1	156	T	REF_MASTER_NC_004102	NS3:156T	aminoAcidSimplePolymorphism	NS3:156T+168A+170I	combination	NS3:156T+168A+170I	3.0	1.0	phdr_ras:NS3:156T+168A+170I	NS3:156T+168A+170I	AL_4a	A156T+D168A+V170I	NS3:156T+168A+170I:AL_4a:grazoprevir	category_II	II	2.0	0.0		1.0	0.0	1.0	NS3:156T+168A+170I:AL_4a	grazoprevir	grazoprevir	drug_resistance	Merck	NS3/4A protease inhibitors	28193518	https://doi.org/10.1053/j.gastro.2017.01.050
NS3	1	156	T	REF_MASTER_NC_004102	NS3:156T	aminoAcidSimplePolymorphism	NS3:156T+168G+170I	combination	NS3:156T+168G+170I	3.0	1.0	phdr_ras:NS3:156T+168G+170I	NS3:156T+168G+170I	AL_4a	A156T+D168G+V170I	NS3:156T+168G+170I:AL_4a:grazoprevir	category_II	II	2.0	0.0		1.0	0.0	1.0	NS3:156T+168G+170I:AL_4a	grazoprevir	grazoprevir	drug_resistance	Merck	NS3/4A protease inhibitors	28193518	https://doi.org/10.1053/j.gastro.2017.01.050
NS3	1	156	T	REF_MASTER_NC_004102	NS3:156T	aminoAcidSimplePolymorphism	NS3:156T+168N	combination	NS3:156T+168N	2.0	1.0	phdr_ras:NS3:156T+168N	NS3:156T+168N	AL_1a	A156T+D168N	NS3:156T+168N:AL_1a:grazoprevir	category_II	II	2.0	0.0		1.0	0.0	1.0	NS3:156T+168N:AL_1a	grazoprevir	grazoprevir	drug_resistance	Merck	NS3/4A protease inhibitors	30127629	https://doi.org/10.2147/IDR.S156581
NS3	1	156	T	REF_MASTER_NC_004102	NS3:156T	aminoAcidSimplePolymorphism	NS3:156T+170I	combination	NS3:156T+170I	2.0	1.0	phdr_ras:NS3:156T+170I	NS3:156T+170I	AL_1a	A156T+I170I	NS3:156T+170I:AL_1a:grazoprevir	category_II	II	2.0	0.0		1.0	0.0	1.0	NS3:156T+170I:AL_1a	grazoprevir	grazoprevir	drug_resistance	Merck	NS3/4A protease inhibitors	27720838	https://doi.org/10.1053/j.gastro.2016.09.045
NS3	1	156	T	REF_MASTER_NC_004102	NS3:156T	aminoAcidSimplePolymorphism	NS3:36A+156T	combination	NS3:36A+156T	2.0	2.0	phdr_ras:NS3:36A+156T	NS3:36A+156T	AL_3	L36A+A156T	NS3:36A+156T:AL_3:grazoprevir	category_II	II	2.0	0.0		1.0	1.0	0.0	NS3:36A+156T:AL_3	grazoprevir	grazoprevir	drug_resistance	Merck	NS3/4A protease inhibitors	25266289	https://doi.org/10.1093/cid/ciu696
NS3	1	156	T	REF_MASTER_NC_004102	NS3:156T	aminoAcidSimplePolymorphism	NS3:36L+155K+156T+158A+168N	combination	NS3:36L+155K+156T+158A+168N	5.0	3.0	phdr_ras:NS3:36L+155K+156T+158A+168N	NS3:36L+155K+156T+158A+168N	AL_1a	V36L+R155K+A156T+V158A+D168N	NS3:36L+155K+156T+158A+168N:AL_1a:grazoprevir	category_II	II	2.0	0.0		1.0	0.0	1.0	NS3:36L+155K+156T+158A+168N:AL_1a	grazoprevir	grazoprevir	drug_resistance	Merck	NS3/4A protease inhibitors	27773808	https://doi.org/10.1053/j.gastro.2016.10.017
NS3	1	156	T	REF_MASTER_NC_004102	NS3:156T	aminoAcidSimplePolymorphism	NS3:36L+155K+156T+168N	combination	NS3:36L+155K+156T+168N	4.0	3.0	phdr_ras:NS3:36L+155K+156T+168N	NS3:36L+155K+156T+168N	AL_1a	V36L+R155K+A156T+D168N	NS3:36L+155K+156T+168N:AL_1a:grazoprevir	category_II	II	2.0	0.0		1.0	0.0	1.0	NS3:36L+155K+156T+168N:AL_1a	grazoprevir	grazoprevir	drug_resistance	Merck	NS3/4A protease inhibitors	26371152	https://doi.org/10.1093/cid/civ722
NS3	1	156	T	REF_MASTER_NC_004102	NS3:156T	aminoAcidSimplePolymorphism	NS3:41R+156T	combination	NS3:41R+156T	2.0	2.0	phdr_ras:NS3:41R+156T	NS3:41R+156T	AL_1a	Q41R+A156T	NS3:41R+156T:AL_1a:voxilaprevir	category_II	II	2.0	1.0	100.0	0.0			NS3:41R+156T:AL_1a	voxilaprevir	voxilaprevir	drug_resistance	Gilead Sciences	NS3/4A protease inhibitors	AASLD_2017_Abs_1176	https://doi.org/10.1002/hep.29501
NS3	1	156	T	REF_MASTER_NC_004102	NS3:156T	aminoAcidSimplePolymorphism	NS3:54S+156T	combination	NS3:54S+156T	2.0	2.0	phdr_ras:NS3:54S+156T	NS3:54S+156T	AL_1b	T54S+A156T	NS3:54S+156T:AL_1b:grazoprevir	category_II	II	2.0	0.0		1.0	0.0	1.0	NS3:54S+156T:AL_1b	grazoprevir	grazoprevir	drug_resistance	Merck	NS3/4A protease inhibitors	26371152	https://doi.org/10.1093/cid/civ722
NS3	1	156	T	REF_MASTER_NC_004102	NS3:156T	aminoAcidSimplePolymorphism	NS3:54S+56F+80L+156T+170I	combination	NS3:54S+56F+80L+156T+170I	5.0	4.0	phdr_ras:NS3:54S+56F+80L+156T+170I	NS3:54S+56F+80L+156T+170I	AL_1b	T54S+F/Y56F+Q80L+A156T+I/V170I	NS3:54S+56F+80L+156T+170I:AL_1b:grazoprevir	category_II	II	2.0	0.0		1.0	0.0	1.0	NS3:54S+56F+80L+156T+170I:AL_1b	grazoprevir	grazoprevir	drug_resistance	Merck	NS3/4A protease inhibitors	28193518	https://doi.org/10.1053/j.gastro.2017.01.050
NS3	1	156	T	REF_MASTER_NC_004102	NS3:156T	aminoAcidSimplePolymorphism	NS3:56H+156T+168N	combination	NS3:56H+156T+168N	3.0	2.0	phdr_ras:NS3:56H+156T+168N	NS3:56H+156T+168N	AL_1a	Y56H+A156T+D168N	NS3:56H+156T+168N:AL_1a:grazoprevir	category_II	II	2.0	0.0		1.0	0.0	1.0	NS3:56H+156T+168N:AL_1a	grazoprevir	grazoprevir	drug_resistance	Merck	NS3/4A protease inhibitors	27291249	https://doi.org/10.1111/jvh.12552
NS3	1	156	T	REF_MASTER_NC_004102	NS3:156T	aminoAcidSimplePolymorphism	NS3:80K+155T+156T+168N	combination	NS3:80K+155T+156T+168N	4.0	3.0	phdr_ras:NS3:80K+155T+156T+168N	NS3:80K+155T+156T+168N	AL_1a	K/Q80K+R155T+A156T+D168N	NS3:80K+155T+156T+168N:AL_1a:grazoprevir	category_II	II	2.0	0.0		1.0	0.0	1.0	NS3:80K+155T+156T+168N:AL_1a	grazoprevir	grazoprevir	drug_resistance	Merck	NS3/4A protease inhibitors	26371152	https://doi.org/10.1093/cid/civ722
NS3	1	156	T	REF_MASTER_NC_004102	NS3:156T	aminoAcidSimplePolymorphism	NS3:80K+156T+168A	combination	NS3:80K+156T+168A	3.0	2.0	phdr_ras:NS3:80K+156T+168A	NS3:80K+156T+168A	AL_1a	K/Q80K+A156T+D168A	NS3:80K+156T+168A:AL_1a:grazoprevir	category_II	II	2.0	0.0		1.0	0.0	1.0	NS3:80K+156T+168A:AL_1a	grazoprevir	grazoprevir	drug_resistance	Merck	NS3/4A protease inhibitors	27773808;27720838	https://doi.org/10.1053/j.gastro.2016.10.017;https://doi.org/10.1053/j.gastro.2016.09.045
NS3	1	156	T	REF_MASTER_NC_004102	NS3:156T	aminoAcidSimplePolymorphism	NS3:80R+155K+156T+168A	combination	NS3:80R+155K+156T+168A	4.0	3.0	phdr_ras:NS3:80R+155K+156T+168A	NS3:80R+155K+156T+168A	AL_1a	K/Q80R+R155K+A156T+D168A	NS3:80R+155K+156T+168A:AL_1a:grazoprevir	category_II	II	2.0	0.0		1.0	0.0	1.0	NS3:80R+155K+156T+168A:AL_1a	grazoprevir	grazoprevir	drug_resistance	Merck	NS3/4A protease inhibitors	25266289	https://doi.org/10.1093/cid/ciu696
NS3	1	156	T	REF_MASTER_NC_004102	NS3:156T	aminoAcidSimplePolymorphism	NS3:80R+155K+156T+168E	combination	NS3:80R+155K+156T+168E	4.0	3.0	phdr_ras:NS3:80R+155K+156T+168E	NS3:80R+155K+156T+168E	AL_1a	K/Q80R+R155K+A156T+D168E	NS3:80R+155K+156T+168E:AL_1a:grazoprevir	category_II	II	2.0	0.0		1.0	0.0	1.0	NS3:80R+155K+156T+168E:AL_1a	grazoprevir	grazoprevir	drug_resistance	Merck	NS3/4A protease inhibitors	25266289	https://doi.org/10.1093/cid/ciu696
NS3	1	156	T	REF_MASTER_NC_004102	NS3:156T	aminoAcidSimplePolymorphism	NS3:80R+155K+156T+168K	combination	NS3:80R+155K+156T+168K	4.0	3.0	phdr_ras:NS3:80R+155K+156T+168K	NS3:80R+155K+156T+168K	AL_1a	K/Q80R+R155K+A156T+D168K	NS3:80R+155K+156T+168K:AL_1a:grazoprevir	category_II	II	2.0	0.0		1.0	0.0	1.0	NS3:80R+155K+156T+168K:AL_1a	grazoprevir	grazoprevir	drug_resistance	Merck	NS3/4A protease inhibitors	25266289	https://doi.org/10.1093/cid/ciu696
NS3	1	156	T	REF_MASTER_NC_004102	NS3:156T	aminoAcidSimplePolymorphism	NS3:80R+155S+156T+168A	combination	NS3:80R+155S+156T+168A	4.0	3.0	phdr_ras:NS3:80R+155S+156T+168A	NS3:80R+155S+156T+168A	AL_1a	K/Q80R+R155S+A156T+D168A	NS3:80R+155S+156T+168A:AL_1a:grazoprevir	category_II	II	2.0	0.0		1.0	0.0	1.0	NS3:80R+155S+156T+168A:AL_1a	grazoprevir	grazoprevir	drug_resistance	Merck	NS3/4A protease inhibitors	25266289	https://doi.org/10.1093/cid/ciu696
NS3	1	156	T	REF_MASTER_NC_004102	NS3:156T	aminoAcidSimplePolymorphism	NS3:80R+155S+156T+168E	combination	NS3:80R+155S+156T+168E	4.0	3.0	phdr_ras:NS3:80R+155S+156T+168E	NS3:80R+155S+156T+168E	AL_1a	K/Q80R+R155S+A156T+D168E	NS3:80R+155S+156T+168E:AL_1a:grazoprevir	category_II	II	2.0	0.0		1.0	0.0	1.0	NS3:80R+155S+156T+168E:AL_1a	grazoprevir	grazoprevir	drug_resistance	Merck	NS3/4A protease inhibitors	25266289	https://doi.org/10.1093/cid/ciu696
NS3	1	156	T	REF_MASTER_NC_004102	NS3:156T	aminoAcidSimplePolymorphism	NS3:80R+155S+156T+168K	combination	NS3:80R+155S+156T+168K	4.0	3.0	phdr_ras:NS3:80R+155S+156T+168K	NS3:80R+155S+156T+168K	AL_1a	K/Q80R+R155S+A156T+D168K	NS3:80R+155S+156T+168K:AL_1a:grazoprevir	category_II	II	2.0	0.0		1.0	0.0	1.0	NS3:80R+155S+156T+168K:AL_1a	grazoprevir	grazoprevir	drug_resistance	Merck	NS3/4A protease inhibitors	25266289	https://doi.org/10.1093/cid/ciu696
NS3	1	156	T	REF_MASTER_NC_004102	NS3:156T	aminoAcidSimplePolymorphism	NS3:89L+156T	combination	NS3:89L+156T	2.0	2.0	phdr_ras:NS3:89L+156T	NS3:89L+156T	AL_1b	P/S89L+A156T	NS3:89L+156T:AL_1b:glecaprevir	category_II	II	2.0	1.0	1674.0	0.0			NS3:89L+156T:AL_1b	glecaprevir	glecaprevir	drug_resistance	Abbvie	NS3/4A protease inhibitors	29084747	https://doi.org/10.1128/AAC.01620-17
NS3	1	156	T	REF_MASTER_NC_004102	NS3:156T	aminoAcidSimplePolymorphism	NS3:89R+156T	combination	NS3:89R+156T	2.0	2.0	phdr_ras:NS3:89R+156T	NS3:89R+156T	AL_1a	Q89R+A156T	NS3:89R+156T:AL_1a:glecaprevir	category_II	II	2.0	1.0	3585.0	0.0			NS3:89R+156T:AL_1a	glecaprevir	glecaprevir	drug_resistance	Abbvie	NS3/4A protease inhibitors	29084747	https://doi.org/10.1128/AAC.01620-17
NS3	1	156	V	REF_MASTER_NC_004102	NS3:156V	aminoAcidSimplePolymorphism	NS3:155T+156V	combination	NS3:155T+156V	2.0	2.0	phdr_ras:NS3:155T+156V	NS3:155T+156V	AL_1a	R155T+A156V	NS3:155T+156V:AL_1a:glecaprevir	category_II	II	2.0	0.0		1.0	0.0	1.0	NS3:155T+156V:AL_1a	glecaprevir	glecaprevir	drug_resistance	Abbvie	NS3/4A protease inhibitors	29152781	https://doi.org/10.1002/hep.29671
NS3	1	156	V	REF_MASTER_NC_004102	NS3:156V	aminoAcidSimplePolymorphism	NS3:156V	single				phdr_ras:NS3:156V	NS3:156V	AL_1a	A156V	NS3:156V:AL_1a:glecaprevir	category_II	II	2.0	0.0		1.0	0.0	1.0	NS3:156V:AL_1a	glecaprevir	glecaprevir	drug_resistance	Abbvie	NS3/4A protease inhibitors	EASL_2017_FRI_205;28128852;29152781	https://doi.org/10.1016/S0168-8278(17)31399-5;https://doi.org/10.1002/hep.29081;https://doi.org/10.1002/hep.29671
NS3	1	156	V	REF_MASTER_NC_004102	NS3:156V	aminoAcidSimplePolymorphism	NS3:156V	single				phdr_ras:NS3:156V	NS3:156V	AL_1a	A156V	NS3:156V:AL_1a:grazoprevir	category_II	II	2.0	0.0		1.0	0.0	1.0	NS3:156V:AL_1a	grazoprevir	grazoprevir	drug_resistance	Merck	NS3/4A protease inhibitors	27773808	https://doi.org/10.1053/j.gastro.2016.10.017
NS3	1	156	V	REF_MASTER_NC_004102	NS3:156V	aminoAcidSimplePolymorphism	NS3:156V	single				phdr_ras:NS3:156V	NS3:156V	AL_1b	A156V	NS3:156V:AL_1b:glecaprevir	category_II	II	2.0	1.0	1786.0	0.0			NS3:156V:AL_1b	glecaprevir	glecaprevir	drug_resistance	Abbvie	NS3/4A protease inhibitors	29084747	https://doi.org/10.1128/AAC.01620-17
NS3	1	156	V	REF_MASTER_NC_004102	NS3:156V	aminoAcidSimplePolymorphism	NS3:156V	single				phdr_ras:NS3:156V	NS3:156V	AL_1b	A156V	NS3:156V:AL_1b:grazoprevir	category_II	II	2.0	0.0		1.0	0.0	1.0	NS3:156V:AL_1b	grazoprevir	grazoprevir	drug_resistance	Merck	NS3/4A protease inhibitors	27773808	https://doi.org/10.1053/j.gastro.2016.10.017
NS3	1	156	V	REF_MASTER_NC_004102	NS3:156V	aminoAcidSimplePolymorphism	NS3:156V	single				phdr_ras:NS3:156V	NS3:156V	AL_1b	A156V	NS3:156V:AL_1b:voxilaprevir	category_II	II	2.0	1.0	458.2	0.0			NS3:156V:AL_1b	voxilaprevir	voxilaprevir	drug_resistance	Gilead Sciences	NS3/4A protease inhibitors	AASLD_2015_Abs_718	https://www.aasld.org/sites/default/files/2015SupplementFULLTEXT.pdf
NS3	1	156	V	REF_MASTER_NC_004102	NS3:156V	aminoAcidSimplePolymorphism	NS3:156V	single				phdr_ras:NS3:156V	NS3:156V	AL_2a	A156V	NS3:156V:AL_2a:glecaprevir	category_II	II	2.0	1.0	1143.0	0.0			NS3:156V:AL_2a	glecaprevir	glecaprevir	drug_resistance	Abbvie	NS3/4A protease inhibitors	29084747	https://doi.org/10.1128/AAC.01620-17
NS3	1	156	V	REF_MASTER_NC_004102	NS3:156V	aminoAcidSimplePolymorphism	NS3:156V	single				phdr_ras:NS3:156V	NS3:156V	AL_2a	A156V	NS3:156V:AL_2a:paritaprevir	category_II	II	2.0	1.0	73.0	0.0			NS3:156V:AL_2a	paritaprevir	paritaprevir	drug_resistance	Abbvie	NS3/4A protease inhibitors	30964552	https://doi.org/10.1002/hep.30647
NS3	1	156	V	REF_MASTER_NC_004102	NS3:156V	aminoAcidSimplePolymorphism	NS3:156V	single				phdr_ras:NS3:156V	NS3:156V	AL_2a	A156V	NS3:156V:AL_2a:voxilaprevir	category_II	II	2.0	1.0	100.0	0.0			NS3:156V:AL_2a	voxilaprevir	voxilaprevir	drug_resistance	Gilead Sciences	NS3/4A protease inhibitors	AASLD_2017_Abs_1176	https://doi.org/10.1002/hep.29501
NS3	1	156	V	REF_MASTER_NC_004102	NS3:156V	aminoAcidSimplePolymorphism	NS3:156V	single				phdr_ras:NS3:156V	NS3:156V	AL_2b	A156V	NS3:156V:AL_2b:glecaprevir	category_II	II	2.0	1.0	1455.0	0.0			NS3:156V:AL_2b	glecaprevir	glecaprevir	drug_resistance	Abbvie	NS3/4A protease inhibitors	29084747	https://doi.org/10.1128/AAC.01620-17
NS3	1	156	V	REF_MASTER_NC_004102	NS3:156V	aminoAcidSimplePolymorphism	NS3:156V	single				phdr_ras:NS3:156V	NS3:156V	AL_3a	A156V	NS3:156V:AL_3a:paritaprevir	category_III	III	3.0	1.0	11.0	0.0			NS3:156V:AL_3a	paritaprevir	paritaprevir	drug_resistance	Abbvie	NS3/4A protease inhibitors	30964552	https://doi.org/10.1002/hep.30647
NS3	1	156	V	REF_MASTER_NC_004102	NS3:156V	aminoAcidSimplePolymorphism	NS3:156V	single				phdr_ras:NS3:156V	NS3:156V	AL_3a	A156V	NS3:156V:AL_3a:voxilaprevir	category_II	II	2.0	1.0	100.0	0.0			NS3:156V:AL_3a	voxilaprevir	voxilaprevir	drug_resistance	Gilead Sciences	NS3/4A protease inhibitors	AASLD_2017_Abs_1176	https://doi.org/10.1002/hep.29501
NS3	1	156	V	REF_MASTER_NC_004102	NS3:156V	aminoAcidSimplePolymorphism	NS3:156V	single				phdr_ras:NS3:156V	NS3:156V	AL_4	A156V	NS3:156V:AL_4:grazoprevir	category_II	II	2.0	0.0		1.0	0.0	1.0	NS3:156V:AL_4	grazoprevir	grazoprevir	drug_resistance	Merck	NS3/4A protease inhibitors	29461687;27773808	https://doi.org/10.1111/liv.13727;https://doi.org/10.1053/j.gastro.2016.10.017
NS3	1	156	V	REF_MASTER_NC_004102	NS3:156V	aminoAcidSimplePolymorphism	NS3:156V	single				phdr_ras:NS3:156V	NS3:156V	AL_4a	A156V	NS3:156V:AL_4a:glecaprevir	category_II	II	2.0	1.0	3106.0	0.0			NS3:156V:AL_4a	glecaprevir	glecaprevir	drug_resistance	Abbvie	NS3/4A protease inhibitors	29084747	https://doi.org/10.1128/AAC.01620-17
NS3	1	156	V	REF_MASTER_NC_004102	NS3:156V	aminoAcidSimplePolymorphism	NS3:156V	single				phdr_ras:NS3:156V	NS3:156V	AL_4a	A156V	NS3:156V:AL_4a:voxilaprevir	category_II	II	2.0	1.0	100.0	0.0			NS3:156V:AL_4a	voxilaprevir	voxilaprevir	drug_resistance	Gilead Sciences	NS3/4A protease inhibitors	AASLD_2017_Abs_1176	https://doi.org/10.1002/hep.29501
NS3	1	156	V	REF_MASTER_NC_004102	NS3:156V	aminoAcidSimplePolymorphism	NS3:156V+168A+170I	combination	NS3:156V+168A+170I	3.0	1.0	phdr_ras:NS3:156V+168A+170I	NS3:156V+168A+170I	AL_4a	A156V+D168A+V170I	NS3:156V+168A+170I:AL_4a:grazoprevir	category_II	II	2.0	0.0		1.0	0.0	1.0	NS3:156V+168A+170I:AL_4a	grazoprevir	grazoprevir	drug_resistance	Merck	NS3/4A protease inhibitors	28193518	https://doi.org/10.1053/j.gastro.2017.01.050
NS3	1	156	V	REF_MASTER_NC_004102	NS3:156V	aminoAcidSimplePolymorphism	NS3:156V+168G+170I	combination	NS3:156V+168G+170I	3.0	1.0	phdr_ras:NS3:156V+168G+170I	NS3:156V+168G+170I	AL_4a	A156V+D168G+V170I	NS3:156V+168G+170I:AL_4a:grazoprevir	category_II	II	2.0	0.0		1.0	0.0	1.0	NS3:156V+168G+170I:AL_4a	grazoprevir	grazoprevir	drug_resistance	Merck	NS3/4A protease inhibitors	28193518	https://doi.org/10.1053/j.gastro.2017.01.050
NS3	1	156	V	REF_MASTER_NC_004102	NS3:156V	aminoAcidSimplePolymorphism	NS3:156V+168V	combination	NS3:156V+168V	2.0	1.0	phdr_ras:NS3:156V+168V	NS3:156V+168V	AL_1b	A156V+D168V	NS3:156V+168V:AL_1b:glecaprevir	category_II	II	2.0	1.0	5244.0	0.0			NS3:156V+168V:AL_1b	glecaprevir	glecaprevir	drug_resistance	Abbvie	NS3/4A protease inhibitors	29084747	https://doi.org/10.1128/AAC.01620-17
NS3	1	156	V	REF_MASTER_NC_004102	NS3:156V	aminoAcidSimplePolymorphism	NS3:80K+156V	combination	NS3:80K+156V	2.0	2.0	phdr_ras:NS3:80K+156V	NS3:80K+156V	AL_1a	K/Q80K+A156V	NS3:80K+156V:AL_1a:grazoprevir	category_II	II	2.0	0.0		1.0	0.0	1.0	NS3:80K+156V:AL_1a	grazoprevir	grazoprevir	drug_resistance	Merck	NS3/4A protease inhibitors	25467591	https://doi.org/10.1016/S0140-6736(14)61795-5
NS3	1	156	V	REF_MASTER_NC_004102	NS3:156V	aminoAcidSimplePolymorphism	NS3:89L+156V	combination	NS3:89L+156V	2.0	2.0	phdr_ras:NS3:89L+156V	NS3:89L+156V	AL_1b	P/S89L+A156V	NS3:89L+156V:AL_1b:glecaprevir	category_II	II	2.0	1.0	4234.0	0.0			NS3:89L+156V:AL_1b	glecaprevir	glecaprevir	drug_resistance	Abbvie	NS3/4A protease inhibitors	29084747	https://doi.org/10.1128/AAC.01620-17
NS3	1	158	A	REF_MASTER_NC_004102	NS3:158A	aminoAcidSimplePolymorphism	NS3:156T+158A	combination	NS3:156T+158A	2.0	2.0	phdr_ras:NS3:156T+158A	NS3:156T+158A	AL_1a	A156T+V158A	NS3:156T+158A:AL_1a:grazoprevir	category_II	II	2.0	0.0		1.0	0.0	1.0	NS3:156T+158A:AL_1a	grazoprevir	grazoprevir	drug_resistance	Merck	NS3/4A protease inhibitors	27720838	https://doi.org/10.1053/j.gastro.2016.09.045
NS3	1	158	A	REF_MASTER_NC_004102	NS3:158A	aminoAcidSimplePolymorphism	NS3:158A	single				phdr_ras:NS3:158A	NS3:158A	AL_1a	V158A	NS3:158A:AL_1a:grazoprevir	category_II	II	2.0	0.0		1.0	0.0	1.0	NS3:158A:AL_1a	grazoprevir	grazoprevir	drug_resistance	Merck	NS3/4A protease inhibitors	27773808	https://doi.org/10.1053/j.gastro.2016.10.017
NS3	1	158	A	REF_MASTER_NC_004102	NS3:158A	aminoAcidSimplePolymorphism	NS3:36L+155K+156T+158A+168N	combination	NS3:36L+155K+156T+158A+168N	5.0	4.0	phdr_ras:NS3:36L+155K+156T+158A+168N	NS3:36L+155K+156T+158A+168N	AL_1a	V36L+R155K+A156T+V158A+D168N	NS3:36L+155K+156T+158A+168N:AL_1a:grazoprevir	category_II	II	2.0	0.0		1.0	0.0	1.0	NS3:36L+155K+156T+158A+168N:AL_1a	grazoprevir	grazoprevir	drug_resistance	Merck	NS3/4A protease inhibitors	27773808	https://doi.org/10.1053/j.gastro.2016.10.017
NS3	1	158	I	REF_MASTER_NC_004102	NS3:158I	aminoAcidSimplePolymorphism	NS3:158I	single				phdr_ras:NS3:158I	NS3:158I	AL_6a	V158I	NS3:158I:AL_6a:paritaprevir	insignificant	-	4.0	1.0	2.9	0.0			NS3:158I:AL_6a	paritaprevir	paritaprevir	drug_resistance	Abbvie	NS3/4A protease inhibitors	27021330	https://doi.org/10.1128/AAC.02929-15
NS3	1	158	I	REF_MASTER_NC_004102	NS3:158I	aminoAcidSimplePolymorphism	NS3:54A+158I	combination	NS3:54A+158I	2.0	2.0	phdr_ras:NS3:54A+158I	NS3:54A+158I	AL_6a	T54A+V158I	NS3:54A+158I:AL_6a:paritaprevir	insignificant	-	4.0	1.0	3.8	0.0			NS3:54A+158I:AL_6a	paritaprevir	paritaprevir	drug_resistance	Abbvie	NS3/4A protease inhibitors	27021330	https://doi.org/10.1128/AAC.02929-15
NS3	1	166	S	REF_MASTER_NC_004102	NS3:166S	aminoAcidSimplePolymorphism	NS3:166S	single				phdr_ras:NS3:166S	NS3:166S	AL_3a	A166S	NS3:166S:AL_3a:glecaprevir	category_II	II	2.0	0.0		1.0	1.0	0.0	NS3:166S:AL_3a	glecaprevir	glecaprevir	drug_resistance	Abbvie	NS3/4A protease inhibitors	EASL_2017_FRI_205	https://doi.org/10.1016/S0168-8278(17)31399-5
NS3	1	166	S	REF_MASTER_NC_004102	NS3:166S	aminoAcidSimplePolymorphism	NS3:166S	single				phdr_ras:NS3:166S	NS3:166S	AL_3a	A166S	NS3:166S:AL_3a:paritaprevir	category_II	II	2.0	0.0		1.0	1.0	0.0	NS3:166S:AL_3a	paritaprevir	paritaprevir	drug_resistance	Abbvie	NS3/4A protease inhibitors	26778412	https://doi.org/10.1111/liv.13067
NS3	1	166	S	REF_MASTER_NC_004102	NS3:166S	aminoAcidSimplePolymorphism	NS3:166S+168R	combination	NS3:166S+168R	2.0	1.0	phdr_ras:NS3:166S+168R	NS3:166S+168R	AL_3	A166S+Q168R	NS3:166S+168R:AL_3:glecaprevir	category_II	II	2.0	0.0		1.0	1.0	0.0	NS3:166S+168R:AL_3	glecaprevir	glecaprevir	drug_resistance	Abbvie	NS3/4A protease inhibitors	EASL_2017_FRI_205	https://doi.org/10.1016/S0168-8278(17)31399-5
NS3	1	166	T	REF_MASTER_NC_004102	NS3:166T	aminoAcidSimplePolymorphism	NS3:166T	single				phdr_ras:NS3:166T	NS3:166T	AL_3a	A166T	NS3:166T:AL_3a:glecaprevir	category_II	II	2.0	1.0	4.7	1.0	1.0	0.0	NS3:166T:AL_3a	glecaprevir	glecaprevir	drug_resistance	Abbvie	NS3/4A protease inhibitors	EASL_2017_FRI_205;28412293	https://doi.org/10.1016/S0168-8278(17)31399-5;https://doi.org/10.1016/j.jhep.2017.03.039
NS3	1	168	A	REF_MASTER_NC_004102	NS3:168A	aminoAcidSimplePolymorphism	NS3:122G+168A	combination	NS3:122G+168A	2.0	2.0	phdr_ras:NS3:122G+168A	NS3:122G+168A	AL_1a	S122G+D168A	NS3:122G+168A:AL_1a:grazoprevir	category_II	II	2.0	0.0		1.0	0.0	1.0	NS3:122G+168A:AL_1a	grazoprevir	grazoprevir	drug_resistance	Merck	NS3/4A protease inhibitors	25266289	https://doi.org/10.1093/cid/ciu696
NS3	1	168	A	REF_MASTER_NC_004102	NS3:168A	aminoAcidSimplePolymorphism	NS3:122N+168A	combination	NS3:122N+168A	2.0	2.0	phdr_ras:NS3:122N+168A	NS3:122N+168A	AL_5a	A/T122N+D/E168A	NS3:122N+168A:AL_5a:voxilaprevir	category_III	III	3.0	1.0	11.25	0.0			NS3:122N+168A:AL_5a	voxilaprevir	voxilaprevir	drug_resistance	Gilead Sciences	NS3/4A protease inhibitors	AASLD_2017_Abs_1176	https://doi.org/10.1002/hep.29501
NS3	1	168	A	REF_MASTER_NC_004102	NS3:168A	aminoAcidSimplePolymorphism	NS3:155K+168A	combination	NS3:155K+168A	2.0	2.0	phdr_ras:NS3:155K+168A	NS3:155K+168A	AL_1a	R155K+D168A	NS3:155K+168A:AL_1a:grazoprevir	category_III	III	3.0	1.0	6.0	0.0			NS3:155K+168A:AL_1a	grazoprevir	grazoprevir	drug_resistance	Merck	NS3/4A protease inhibitors	28228479;26926625	https://doi.org/10.1074/jbc.M116.772996;https://doi.org/10.1128/AAC.00051-16
NS3	1	168	A	REF_MASTER_NC_004102	NS3:168A	aminoAcidSimplePolymorphism	NS3:156M+168A+170I	combination	NS3:156M+168A+170I	3.0	2.0	phdr_ras:NS3:156M+168A+170I	NS3:156M+168A+170I	AL_4a	A156M+D168A+V170I	NS3:156M+168A+170I:AL_4a:grazoprevir	category_II	II	2.0	0.0		1.0	0.0	1.0	NS3:156M+168A+170I:AL_4a	grazoprevir	grazoprevir	drug_resistance	Merck	NS3/4A protease inhibitors	28193518	https://doi.org/10.1053/j.gastro.2017.01.050
NS3	1	168	A	REF_MASTER_NC_004102	NS3:168A	aminoAcidSimplePolymorphism	NS3:156T+168A+170I	combination	NS3:156T+168A+170I	3.0	2.0	phdr_ras:NS3:156T+168A+170I	NS3:156T+168A+170I	AL_4a	A156T+D168A+V170I	NS3:156T+168A+170I:AL_4a:grazoprevir	category_II	II	2.0	0.0		1.0	0.0	1.0	NS3:156T+168A+170I:AL_4a	grazoprevir	grazoprevir	drug_resistance	Merck	NS3/4A protease inhibitors	28193518	https://doi.org/10.1053/j.gastro.2017.01.050
NS3	1	168	A	REF_MASTER_NC_004102	NS3:168A	aminoAcidSimplePolymorphism	NS3:156V+168A+170I	combination	NS3:156V+168A+170I	3.0	2.0	phdr_ras:NS3:156V+168A+170I	NS3:156V+168A+170I	AL_4a	A156V+D168A+V170I	NS3:156V+168A+170I:AL_4a:grazoprevir	category_II	II	2.0	0.0		1.0	0.0	1.0	NS3:156V+168A+170I:AL_4a	grazoprevir	grazoprevir	drug_resistance	Merck	NS3/4A protease inhibitors	28193518	https://doi.org/10.1053/j.gastro.2017.01.050
NS3	1	168	A	REF_MASTER_NC_004102	NS3:168A	aminoAcidSimplePolymorphism	NS3:168A	single				phdr_ras:NS3:168A	NS3:168A	AL_1a	D168A	NS3:168A:AL_1a:glecaprevir	category_II	II	2.0	1.0	4.0	1.0	1.0	0.0	NS3:168A:AL_1a	glecaprevir	glecaprevir	drug_resistance	Abbvie	NS3/4A protease inhibitors	29084747;28128852;29152781	https://doi.org/10.1128/AAC.01620-17;https://doi.org/10.1002/hep.29081;https://doi.org/10.1002/hep.29671
NS3	1	168	A	REF_MASTER_NC_004102	NS3:168A	aminoAcidSimplePolymorphism	NS3:168A	single				phdr_ras:NS3:168A	NS3:168A	AL_1a	D168A	NS3:168A:AL_1a:grazoprevir	category_I	I	1.0	1.0	273.0	1.0	0.0	1.0	NS3:168A:AL_1a	grazoprevir	grazoprevir	drug_resistance	Merck	NS3/4A protease inhibitors	27773808;28228479;25266289;26926625;30127629	https://doi.org/10.1053/j.gastro.2016.10.017;https://doi.org/10.1074/jbc.M116.772996;https://doi.org/10.1093/cid/ciu696;https://doi.org/10.1128/AAC.00051-16;https://doi.org/10.2147/IDR.S156581
NS3	1	168	A	REF_MASTER_NC_004102	NS3:168A	aminoAcidSimplePolymorphism	NS3:168A	single				phdr_ras:NS3:168A	NS3:168A	AL_1a	D168A	NS3:168A:AL_1a:paritaprevir	category_I	I	1.0	1.0	951.0	1.0	1.0	0.0	NS3:168A:AL_1a	paritaprevir	paritaprevir	drug_resistance	Abbvie	NS3/4A protease inhibitors	26392503;26100711;25451053	https://doi.org/10.1128/AAC.01953-15;https://doi.org/10.1128/AAC.00998-15;https://doi.org/10.1128/AAC.04227-14
NS3	1	168	A	REF_MASTER_NC_004102	NS3:168A	aminoAcidSimplePolymorphism	NS3:168A	single				phdr_ras:NS3:168A	NS3:168A	AL_1a	D168A	NS3:168A:AL_1a:voxilaprevir	insignificant	-	4.0	1.0	3.4	0.0			NS3:168A:AL_1a	voxilaprevir	voxilaprevir	drug_resistance	Gilead Sciences	NS3/4A protease inhibitors	AASLD_2017_Abs_1176	https://doi.org/10.1002/hep.29501
NS3	1	168	A	REF_MASTER_NC_004102	NS3:168A	aminoAcidSimplePolymorphism	NS3:168A	single				phdr_ras:NS3:168A	NS3:168A	AL_1b	D168A	NS3:168A:AL_1b:grazoprevir	category_III	III	3.0	1.0	13.6	0.0			NS3:168A:AL_1b	grazoprevir	grazoprevir	drug_resistance	Merck	NS3/4A protease inhibitors	25266289	https://doi.org/10.1093/cid/ciu696
NS3	1	168	A	REF_MASTER_NC_004102	NS3:168A	aminoAcidSimplePolymorphism	NS3:168A	single				phdr_ras:NS3:168A	NS3:168A	AL_1b	D168A	NS3:168A:AL_1b:paritaprevir	category_III	III	3.0	1.0	27.0	0.0			NS3:168A:AL_1b	paritaprevir	paritaprevir	drug_resistance	Abbvie	NS3/4A protease inhibitors	26643326;25451053	https://doi.org/10.1128/AAC.02606-15;https://doi.org/10.1128/AAC.04227-14
NS3	1	168	A	REF_MASTER_NC_004102	NS3:168A	aminoAcidSimplePolymorphism	NS3:168A	single				phdr_ras:NS3:168A	NS3:168A	AL_2a	D168A	NS3:168A:AL_2a:paritaprevir	category_III	III	3.0	1.0	19.0	0.0			NS3:168A:AL_2a	paritaprevir	paritaprevir	drug_resistance	Abbvie	NS3/4A protease inhibitors	26392503	https://doi.org/10.1128/AAC.01953-15
NS3	1	168	A	REF_MASTER_NC_004102	NS3:168A	aminoAcidSimplePolymorphism	NS3:168A	single				phdr_ras:NS3:168A	NS3:168A	AL_4	D168A	NS3:168A:AL_4:grazoprevir	category_I	I	1.0	1.0	137.0	1.0	0.0	1.0	NS3:168A:AL_4	grazoprevir	grazoprevir	drug_resistance	Merck	NS3/4A protease inhibitors	28416549;29461687;27773808	https://doi.org/10.1128/AAC.00363-17;https://doi.org/10.1111/liv.13727;https://doi.org/10.1053/j.gastro.2016.10.017
NS3	1	168	A	REF_MASTER_NC_004102	NS3:168A	aminoAcidSimplePolymorphism	NS3:168A	single				phdr_ras:NS3:168A	NS3:168A	AL_5a	D/E168A	NS3:168A:AL_5a:paritaprevir	category_II	II	2.0	1.0	223.0	0.0			NS3:168A:AL_5a	paritaprevir	paritaprevir	drug_resistance	Abbvie	NS3/4A protease inhibitors	26392503	https://doi.org/10.1128/AAC.01953-15
NS3	1	168	A	REF_MASTER_NC_004102	NS3:168A	aminoAcidSimplePolymorphism	NS3:168A	single				phdr_ras:NS3:168A	NS3:168A	AL_5a	D/E168A	NS3:168A:AL_5a:voxilaprevir	category_III	III	3.0	1.0	11.25	0.0			NS3:168A:AL_5a	voxilaprevir	voxilaprevir	drug_resistance	Gilead Sciences	NS3/4A protease inhibitors	AASLD_2017_Abs_1176	https://doi.org/10.1002/hep.29501
NS3	1	168	A	REF_MASTER_NC_004102	NS3:168A	aminoAcidSimplePolymorphism	NS3:168A	single				phdr_ras:NS3:168A	NS3:168A	AL_6a	D168A	NS3:168A:AL_6a:glecaprevir	category_II	II	2.0	1.0	81.0	0.0			NS3:168A:AL_6a	glecaprevir	glecaprevir	drug_resistance	Abbvie	NS3/4A protease inhibitors	29084747	https://doi.org/10.1128/AAC.01620-17
NS3	1	168	A	REF_MASTER_NC_004102	NS3:168A	aminoAcidSimplePolymorphism	NS3:168A	single				phdr_ras:NS3:168A	NS3:168A	AL_6a	D168A	NS3:168A:AL_6a:paritaprevir	category_II	II	2.0	1.0	109.0	0.0			NS3:168A:AL_6a	paritaprevir	paritaprevir	drug_resistance	Abbvie	NS3/4A protease inhibitors	26392503	https://doi.org/10.1128/AAC.01953-15
NS3	1	168	A	REF_MASTER_NC_004102	NS3:168A	aminoAcidSimplePolymorphism	NS3:168A	single				phdr_ras:NS3:168A	NS3:168A	AL_6a	D168A	NS3:168A:AL_6a:voxilaprevir	category_III	III	3.0	1.0	11.25	0.0			NS3:168A:AL_6a	voxilaprevir	voxilaprevir	drug_resistance	Gilead Sciences	NS3/4A protease inhibitors	AASLD_2017_Abs_1176	https://doi.org/10.1002/hep.29501
NS3	1	168	A	REF_MASTER_NC_004102	NS3:168A	aminoAcidSimplePolymorphism	NS3:168A+122N	combination	NS3:168A+122N	2.0	1.0	phdr_ras:NS3:168A+122N	NS3:168A+122N	AL_6a	D168A+N/S122N	NS3:168A+122N:AL_6a:voxilaprevir	category_III	III	3.0	1.0	11.25	0.0			NS3:168A+122N:AL_6a	voxilaprevir	voxilaprevir	drug_resistance	Gilead Sciences	NS3/4A protease inhibitors	AASLD_2017_Abs_1176	https://doi.org/10.1002/hep.29501
NS3	1	168	A	REF_MASTER_NC_004102	NS3:168A	aminoAcidSimplePolymorphism	NS3:168A+170T	combination	NS3:168A+170T	2.0	1.0	phdr_ras:NS3:168A+170T	NS3:168A+170T	AL_1a	D168A+I170T	NS3:168A+170T:AL_1a:voxilaprevir	category_III	III	3.0	1.0	11.25	0.0			NS3:168A+170T:AL_1a	voxilaprevir	voxilaprevir	drug_resistance	Gilead Sciences	NS3/4A protease inhibitors	AASLD_2017_Abs_1176	https://doi.org/10.1002/hep.29501
NS3	1	168	A	REF_MASTER_NC_004102	NS3:168A	aminoAcidSimplePolymorphism	NS3:36A+168A	combination	NS3:36A+168A	2.0	2.0	phdr_ras:NS3:36A+168A	NS3:36A+168A	AL_6a	V36A+D168A	NS3:36A+168A:AL_6a:voxilaprevir	category_III	III	3.0	1.0	11.25	0.0			NS3:36A+168A:AL_6a	voxilaprevir	voxilaprevir	drug_resistance	Gilead Sciences	NS3/4A protease inhibitors	AASLD_2017_Abs_1176	https://doi.org/10.1002/hep.29501
NS3	1	168	A	REF_MASTER_NC_004102	NS3:168A	aminoAcidSimplePolymorphism	NS3:36L+80K+168A	combination	NS3:36L+80K+168A	3.0	3.0	phdr_ras:NS3:36L+80K+168A	NS3:36L+80K+168A	AL_1a	V36L+K/Q80K+D168A	NS3:36L+80K+168A:AL_1a:grazoprevir	category_II	II	2.0	0.0		1.0	0.0	1.0	NS3:36L+80K+168A:AL_1a	grazoprevir	grazoprevir	drug_resistance	Merck	NS3/4A protease inhibitors	27720838	https://doi.org/10.1053/j.gastro.2016.09.045
NS3	1	168	A	REF_MASTER_NC_004102	NS3:168A	aminoAcidSimplePolymorphism	NS3:36M+80K+122G+168A	combination	NS3:36M+80K+122G+168A	4.0	4.0	phdr_ras:NS3:36M+80K+122G+168A	NS3:36M+80K+122G+168A	AL_1a	V36M+K/Q80K+S122G+D168A	NS3:36M+80K+122G+168A:AL_1a:grazoprevir	category_II	II	2.0	0.0		1.0	0.0	1.0	NS3:36M+80K+122G+168A:AL_1a	grazoprevir	grazoprevir	drug_resistance	Merck	NS3/4A protease inhibitors	27773808	https://doi.org/10.1053/j.gastro.2016.10.017
NS3	1	168	A	REF_MASTER_NC_004102	NS3:168A	aminoAcidSimplePolymorphism	NS3:41R+168A	combination	NS3:41R+168A	2.0	2.0	phdr_ras:NS3:41R+168A	NS3:41R+168A	AL_1a	Q41R+D168A	NS3:41R+168A:AL_1a:voxilaprevir	category_II	II	2.0	1.0	60.0	0.0			NS3:41R+168A:AL_1a	voxilaprevir	voxilaprevir	drug_resistance	Gilead Sciences	NS3/4A protease inhibitors	AASLD_2017_Abs_1176	https://doi.org/10.1002/hep.29501
NS3	1	168	A	REF_MASTER_NC_004102	NS3:168A	aminoAcidSimplePolymorphism	NS3:41R+168A	combination	NS3:41R+168A	2.0	2.0	phdr_ras:NS3:41R+168A	NS3:41R+168A	AL_5a	Q41R+D/E168A	NS3:41R+168A:AL_5a:voxilaprevir	category_II	II	2.0	1.0	60.0	0.0			NS3:41R+168A:AL_5a	voxilaprevir	voxilaprevir	drug_resistance	Gilead Sciences	NS3/4A protease inhibitors	AASLD_2017_Abs_1176	https://doi.org/10.1002/hep.29501
NS3	1	168	A	REF_MASTER_NC_004102	NS3:168A	aminoAcidSimplePolymorphism	NS3:41R+168A	combination	NS3:41R+168A	2.0	2.0	phdr_ras:NS3:41R+168A	NS3:41R+168A	AL_6a	Q41R+D168A	NS3:41R+168A:AL_6a:voxilaprevir	category_III	III	3.0	1.0	11.25	0.0			NS3:41R+168A:AL_6a	voxilaprevir	voxilaprevir	drug_resistance	Gilead Sciences	NS3/4A protease inhibitors	AASLD_2017_Abs_1176	https://doi.org/10.1002/hep.29501
NS3	1	168	A	REF_MASTER_NC_004102	NS3:168A	aminoAcidSimplePolymorphism	NS3:55A+168A	combination	NS3:55A+168A	2.0	2.0	phdr_ras:NS3:55A+168A	NS3:55A+168A	AL_1a	V55A+D168A	NS3:55A+168A:AL_1a:grazoprevir	category_II	II	2.0	0.0		1.0	0.0	1.0	NS3:55A+168A:AL_1a	grazoprevir	grazoprevir	drug_resistance	Merck	NS3/4A protease inhibitors	30127629	https://doi.org/10.2147/IDR.S156581
NS3	1	168	A	REF_MASTER_NC_004102	NS3:168A	aminoAcidSimplePolymorphism	NS3:56H+168A	combination	NS3:56H+168A	2.0	2.0	phdr_ras:NS3:56H+168A	NS3:56H+168A	AL_1a	Y56H+D168A	NS3:56H+168A:AL_1a:glecaprevir	category_II	II	2.0	0.0		1.0	1.0	0.0	NS3:56H+168A:AL_1a	glecaprevir	glecaprevir	drug_resistance	Abbvie	NS3/4A protease inhibitors	29152781	https://doi.org/10.1002/hep.29671
NS3	1	168	A	REF_MASTER_NC_004102	NS3:168A	aminoAcidSimplePolymorphism	NS3:56H+168A	combination	NS3:56H+168A	2.0	2.0	phdr_ras:NS3:56H+168A	NS3:56H+168A	AL_1a	Y56H+D168A	NS3:56H+168A:AL_1a:grazoprevir	category_I	I	1.0	1.0	1638.0	1.0	0.0	1.0	NS3:56H+168A:AL_1a	grazoprevir	grazoprevir	drug_resistance	Merck	NS3/4A protease inhibitors	28228479;25467591;27291249	https://doi.org/10.1074/jbc.M116.772996;https://doi.org/10.1016/S0140-6736(14)61795-5;https://doi.org/10.1111/jvh.12552
NS3	1	168	A	REF_MASTER_NC_004102	NS3:168A	aminoAcidSimplePolymorphism	NS3:56H+168A	combination	NS3:56H+168A	2.0	2.0	phdr_ras:NS3:56H+168A	NS3:56H+168A	AL_1b	F/Y56H+D168A	NS3:56H+168A:AL_1b:grazoprevir	category_II	II	2.0	0.0		1.0	0.0	1.0	NS3:56H+168A:AL_1b	grazoprevir	grazoprevir	drug_resistance	Merck	NS3/4A protease inhibitors	30127629	https://doi.org/10.2147/IDR.S156581
NS3	1	168	A	REF_MASTER_NC_004102	NS3:168A	aminoAcidSimplePolymorphism	NS3:56H+168A	combination	NS3:56H+168A	2.0	2.0	phdr_ras:NS3:56H+168A	NS3:56H+168A	AL_1b	F/Y56H+D168A	NS3:56H+168A:AL_1b:paritaprevir	category_I	I	1.0	1.0	700.0	1.0	0.0	1.0	NS3:56H+168A:AL_1b	paritaprevir	paritaprevir	drug_resistance	Abbvie	NS3/4A protease inhibitors	26643326;24720679	https://doi.org/10.1128/AAC.02606-15;https://doi.org/10.1056/NEJMoa1401561
NS3	1	168	A	REF_MASTER_NC_004102	NS3:168A	aminoAcidSimplePolymorphism	NS3:80K+156T+168A	combination	NS3:80K+156T+168A	3.0	3.0	phdr_ras:NS3:80K+156T+168A	NS3:80K+156T+168A	AL_1a	K/Q80K+A156T+D168A	NS3:80K+156T+168A:AL_1a:grazoprevir	category_II	II	2.0	0.0		1.0	0.0	1.0	NS3:80K+156T+168A:AL_1a	grazoprevir	grazoprevir	drug_resistance	Merck	NS3/4A protease inhibitors	27773808;27720838	https://doi.org/10.1053/j.gastro.2016.10.017;https://doi.org/10.1053/j.gastro.2016.09.045
NS3	1	168	A	REF_MASTER_NC_004102	NS3:168A	aminoAcidSimplePolymorphism	NS3:80K+168A	combination	NS3:80K+168A	2.0	2.0	phdr_ras:NS3:80K+168A	NS3:80K+168A	AL_1a	K/Q80K+D168A	NS3:80K+168A:AL_1a:grazoprevir	category_II	II	2.0	0.0		1.0	0.0	1.0	NS3:80K+168A:AL_1a	grazoprevir	grazoprevir	drug_resistance	Merck	NS3/4A protease inhibitors	27720838;26423374;30127629	https://doi.org/10.1053/j.gastro.2016.09.045;https://doi.org/10.1016/S2352-3018(15)00114-9;https://doi.org/10.2147/IDR.S156581
NS3	1	168	A	REF_MASTER_NC_004102	NS3:168A	aminoAcidSimplePolymorphism	NS3:80R+155K+156T+168A	combination	NS3:80R+155K+156T+168A	4.0	4.0	phdr_ras:NS3:80R+155K+156T+168A	NS3:80R+155K+156T+168A	AL_1a	K/Q80R+R155K+A156T+D168A	NS3:80R+155K+156T+168A:AL_1a:grazoprevir	category_II	II	2.0	0.0		1.0	0.0	1.0	NS3:80R+155K+156T+168A:AL_1a	grazoprevir	grazoprevir	drug_resistance	Merck	NS3/4A protease inhibitors	25266289	https://doi.org/10.1093/cid/ciu696
NS3	1	168	A	REF_MASTER_NC_004102	NS3:168A	aminoAcidSimplePolymorphism	NS3:80R+155S+156T+168A	combination	NS3:80R+155S+156T+168A	4.0	4.0	phdr_ras:NS3:80R+155S+156T+168A	NS3:80R+155S+156T+168A	AL_1a	K/Q80R+R155S+A156T+D168A	NS3:80R+155S+156T+168A:AL_1a:grazoprevir	category_II	II	2.0	0.0		1.0	0.0	1.0	NS3:80R+155S+156T+168A:AL_1a	grazoprevir	grazoprevir	drug_resistance	Merck	NS3/4A protease inhibitors	25266289	https://doi.org/10.1093/cid/ciu696
NS3	1	168	C	REF_MASTER_NC_004102	NS3:168C	aminoAcidSimplePolymorphism	NS3:168C	single				phdr_ras:NS3:168C	NS3:168C	AL_1a	D168C	NS3:168C:AL_1a:grazoprevir	category_II	II	2.0	0.0		1.0	0.0	1.0	NS3:168C:AL_1a	grazoprevir	grazoprevir	drug_resistance	Merck	NS3/4A protease inhibitors	27773808	https://doi.org/10.1053/j.gastro.2016.10.017
NS3	1	168	C	REF_MASTER_NC_004102	NS3:168C	aminoAcidSimplePolymorphism	NS3:168C	single				phdr_ras:NS3:168C	NS3:168C	AL_4	D168C	NS3:168C:AL_4:grazoprevir	category_II	II	2.0	0.0		1.0	0.0	1.0	NS3:168C:AL_4	grazoprevir	grazoprevir	drug_resistance	Merck	NS3/4A protease inhibitors	27773808	https://doi.org/10.1053/j.gastro.2016.10.017
NS3	1	168	D	REF_MASTER_NC_004102	NS3:168D	aminoAcidSimplePolymorphism	NS3:168D	single				phdr_ras:NS3:168D	NS3:168D															drug_resistance				
NS3	1	168	D	REF_MASTER_NC_004102	NS3:168D	aminoAcidSimplePolymorphism	NS3:80K+168D	combination	NS3:80K+168D	2.0	2.0	phdr_ras:NS3:80K+168D	NS3:80K+168D	AL_1a	K/Q80K+D168D	NS3:80K+168D:AL_1a:grazoprevir	category_II	II	2.0	0.0		1.0	0.0	1.0	NS3:80K+168D:AL_1a	grazoprevir	grazoprevir	drug_resistance	Merck	NS3/4A protease inhibitors	30127629	https://doi.org/10.2147/IDR.S156581
NS3	1	168	E	REF_MASTER_NC_004102	NS3:168E	aminoAcidSimplePolymorphism	NS3:122R+155N+168E	combination	NS3:122R+155N+168E	3.0	3.0	phdr_ras:NS3:122R+155N+168E	NS3:122R+155N+168E	AL_1a	S122R+R155N+D168E	NS3:122R+155N+168E:AL_1a:voxilaprevir	category_III	III	3.0	1.0	10.7	0.0			NS3:122R+155N+168E:AL_1a	voxilaprevir	voxilaprevir	drug_resistance	Gilead Sciences	NS3/4A protease inhibitors	AASLD_2017_Abs_1176	https://doi.org/10.1002/hep.29501
NS3	1	168	E	REF_MASTER_NC_004102	NS3:168E	aminoAcidSimplePolymorphism	NS3:168E	single				phdr_ras:NS3:168E	NS3:168E	AL_1a	D168E	NS3:168E:AL_1a:grazoprevir	category_I	I	1.0	1.0	37.0	1.0	1.0	1.0	NS3:168E:AL_1a	grazoprevir	grazoprevir	drug_resistance	Merck	NS3/4A protease inhibitors	27773808;28228479;25266289;26926625	https://doi.org/10.1053/j.gastro.2016.10.017;https://doi.org/10.1074/jbc.M116.772996;https://doi.org/10.1093/cid/ciu696;https://doi.org/10.1128/AAC.00051-16
NS3	1	168	E	REF_MASTER_NC_004102	NS3:168E	aminoAcidSimplePolymorphism	NS3:168E	single				phdr_ras:NS3:168E	NS3:168E	AL_1a	D168E	NS3:168E:AL_1a:paritaprevir	category_III	III	3.0	1.0	14.0	0.0			NS3:168E:AL_1a	paritaprevir	paritaprevir	drug_resistance	Abbvie	NS3/4A protease inhibitors	25451053	https://doi.org/10.1128/AAC.04227-14
NS3	1	168	E	REF_MASTER_NC_004102	NS3:168E	aminoAcidSimplePolymorphism	NS3:168E	single				phdr_ras:NS3:168E	NS3:168E	AL_1b	D168E	NS3:168E:AL_1b:grazoprevir	insignificant	-	4.0	1.0	3.2	0.0			NS3:168E:AL_1b	grazoprevir	grazoprevir	drug_resistance	Merck	NS3/4A protease inhibitors	25266289	https://doi.org/10.1093/cid/ciu696
NS3	1	168	E	REF_MASTER_NC_004102	NS3:168E	aminoAcidSimplePolymorphism	NS3:168E	single				phdr_ras:NS3:168E	NS3:168E	AL_1b	D168E	NS3:168E:AL_1b:paritaprevir	insignificant	-	4.0	1.0	4.0	0.0			NS3:168E:AL_1b	paritaprevir	paritaprevir	drug_resistance	Abbvie	NS3/4A protease inhibitors	26643326;25451053	https://doi.org/10.1128/AAC.02606-15;https://doi.org/10.1128/AAC.04227-14
NS3	1	168	E	REF_MASTER_NC_004102	NS3:168E	aminoAcidSimplePolymorphism	NS3:168E	single				phdr_ras:NS3:168E	NS3:168E	AL_2a	D168E	NS3:168E:AL_2a:glecaprevir	insignificant	-	4.0	1.0	3.3	0.0			NS3:168E:AL_2a	glecaprevir	glecaprevir	drug_resistance	Abbvie	NS3/4A protease inhibitors	29084747	https://doi.org/10.1128/AAC.01620-17
NS3	1	168	E	REF_MASTER_NC_004102	NS3:168E	aminoAcidSimplePolymorphism	NS3:168E	single				phdr_ras:NS3:168E	NS3:168E	AL_2a	D168E	NS3:168E:AL_2a:paritaprevir	category_III	III	3.0	1.0	6.0	0.0			NS3:168E:AL_2a	paritaprevir	paritaprevir	drug_resistance	Abbvie	NS3/4A protease inhibitors	26392503	https://doi.org/10.1128/AAC.01953-15
NS3	1	168	E	REF_MASTER_NC_004102	NS3:168E	aminoAcidSimplePolymorphism	NS3:168E	single				phdr_ras:NS3:168E	NS3:168E	AL_2b	D168E	NS3:168E:AL_2b:glecaprevir	insignificant	-	4.0	1.0	2.1	0.0			NS3:168E:AL_2b	glecaprevir	glecaprevir	drug_resistance	Abbvie	NS3/4A protease inhibitors	29084747	https://doi.org/10.1128/AAC.01620-17
NS3	1	168	E	REF_MASTER_NC_004102	NS3:168E	aminoAcidSimplePolymorphism	NS3:168E	single				phdr_ras:NS3:168E	NS3:168E	AL_4	D168E	NS3:168E:AL_4:grazoprevir	category_I	I	1.0	0.0		1.0	1.0	1.0	NS3:168E:AL_4	grazoprevir	grazoprevir	drug_resistance	Merck	NS3/4A protease inhibitors	27773808;29461687	https://doi.org/10.1053/j.gastro.2016.10.017;https://doi.org/10.1111/liv.13727
NS3	1	168	E	REF_MASTER_NC_004102	NS3:168E	aminoAcidSimplePolymorphism	NS3:168E	single				phdr_ras:NS3:168E	NS3:168E	AL_4a	D168E	NS3:168E:AL_4a:voxilaprevir	category_III	III	3.0	1.0	11.25	0.0			NS3:168E:AL_4a	voxilaprevir	voxilaprevir	drug_resistance	Gilead Sciences	NS3/4A protease inhibitors	AASLD_2017_Abs_1176	https://doi.org/10.1002/hep.29501
NS3	1	168	E	REF_MASTER_NC_004102	NS3:168E	aminoAcidSimplePolymorphism	NS3:168E	single				phdr_ras:NS3:168E	NS3:168E	AL_5a	D/E168E	NS3:168E:AL_5a:glecaprevir	insignificant	-	4.0	1.0	4.2	0.0			NS3:168E:AL_5a	glecaprevir	glecaprevir	drug_resistance	Abbvie	NS3/4A protease inhibitors	29084747	https://doi.org/10.1128/AAC.01620-17
NS3	1	168	E	REF_MASTER_NC_004102	NS3:168E	aminoAcidSimplePolymorphism	NS3:168E	single				phdr_ras:NS3:168E	NS3:168E	AL_5a	D/E168E	NS3:168E:AL_5a:paritaprevir	category_III	III	3.0	1.0	15.0	0.0			NS3:168E:AL_5a	paritaprevir	paritaprevir	drug_resistance	Abbvie	NS3/4A protease inhibitors	26392503	https://doi.org/10.1128/AAC.01953-15
NS3	1	168	E	REF_MASTER_NC_004102	NS3:168E	aminoAcidSimplePolymorphism	NS3:168E	single				phdr_ras:NS3:168E	NS3:168E	AL_5a	D/E168E	NS3:168E:AL_5a:voxilaprevir	category_II	II	2.0	0.0		1.0	1.0	0.0	NS3:168E:AL_5a	voxilaprevir	voxilaprevir	drug_resistance	Gilead Sciences	NS3/4A protease inhibitors	EASL_2017_Abs_THU-257	https://doi.org/10.1016/S0168-8278(17)30924-8
NS3	1	168	E	REF_MASTER_NC_004102	NS3:168E	aminoAcidSimplePolymorphism	NS3:168E	single				phdr_ras:NS3:168E	NS3:168E	AL_6a	D168E	NS3:168E:AL_6a:paritaprevir	insignificant	-	4.0	1.0	3.0	0.0			NS3:168E:AL_6a	paritaprevir	paritaprevir	drug_resistance	Abbvie	NS3/4A protease inhibitors	26392503	https://doi.org/10.1128/AAC.01953-15
NS3	1	168	E	REF_MASTER_NC_004102	NS3:168E	aminoAcidSimplePolymorphism	NS3:55A+168E	combination	NS3:55A+168E	2.0	2.0	phdr_ras:NS3:55A+168E	NS3:55A+168E	AL_1a	V55A+D168E	NS3:55A+168E:AL_1a:grazoprevir	category_II	II	2.0	0.0		1.0	0.0	1.0	NS3:55A+168E:AL_1a	grazoprevir	grazoprevir	drug_resistance	Merck	NS3/4A protease inhibitors	30127629	https://doi.org/10.2147/IDR.S156581
NS3	1	168	E	REF_MASTER_NC_004102	NS3:168E	aminoAcidSimplePolymorphism	NS3:55A+80R+168E+170V	combination	NS3:55A+80R+168E+170V	4.0	3.0	phdr_ras:NS3:55A+80R+168E+170V	NS3:55A+80R+168E+170V	AL_1a	V55A+K/Q80R+D168E+I170V	NS3:55A+80R+168E+170V:AL_1a:voxilaprevir	insignificant	-	4.0	1.0	4.9	0.0			NS3:55A+80R+168E+170V:AL_1a	voxilaprevir	voxilaprevir	drug_resistance	Gilead Sciences	NS3/4A protease inhibitors	AASLD_2017_Abs_1176	https://doi.org/10.1002/hep.29501
NS3	1	168	E	REF_MASTER_NC_004102	NS3:168E	aminoAcidSimplePolymorphism	NS3:56F+168E+170I	combination	NS3:56F+168E+170I	3.0	2.0	phdr_ras:NS3:56F+168E+170I	NS3:56F+168E+170I	AL_1b	F/Y56F+D168E+I/V170I	NS3:56F+168E+170I:AL_1b:grazoprevir	category_II	II	2.0	0.0		1.0	0.0	1.0	NS3:56F+168E+170I:AL_1b	grazoprevir	grazoprevir	drug_resistance	Merck	NS3/4A protease inhibitors	30127629	https://doi.org/10.2147/IDR.S156581
NS3	1	168	E	REF_MASTER_NC_004102	NS3:168E	aminoAcidSimplePolymorphism	NS3:56H+168E	combination	NS3:56H+168E	2.0	2.0	phdr_ras:NS3:56H+168E	NS3:56H+168E	AL_1a	Y56H+D168E	NS3:56H+168E:AL_1a:glecaprevir	category_II	II	2.0	0.0		1.0	1.0	0.0	NS3:56H+168E:AL_1a	glecaprevir	glecaprevir	drug_resistance	Abbvie	NS3/4A protease inhibitors	29152781	https://doi.org/10.1002/hep.29671
NS3	1	168	E	REF_MASTER_NC_004102	NS3:168E	aminoAcidSimplePolymorphism	NS3:56H+168E	combination	NS3:56H+168E	2.0	2.0	phdr_ras:NS3:56H+168E	NS3:56H+168E	AL_6a	Y56H+D168E	NS3:56H+168E:AL_6a:voxilaprevir	category_II	II	2.0	1.0	60.0	0.0			NS3:56H+168E:AL_6a	voxilaprevir	voxilaprevir	drug_resistance	Gilead Sciences	NS3/4A protease inhibitors	AASLD_2017_Abs_1176	https://doi.org/10.1002/hep.29501
NS3	1	168	E	REF_MASTER_NC_004102	NS3:168E	aminoAcidSimplePolymorphism	NS3:80K+168E	combination	NS3:80K+168E	2.0	2.0	phdr_ras:NS3:80K+168E	NS3:80K+168E	AL_1a	K/Q80K+D168E	NS3:80K+168E:AL_1a:grazoprevir	category_II	II	2.0	0.0		1.0	0.0	1.0	NS3:80K+168E:AL_1a	grazoprevir	grazoprevir	drug_resistance	Merck	NS3/4A protease inhibitors	30127629	https://doi.org/10.2147/IDR.S156581
NS3	1	168	E	REF_MASTER_NC_004102	NS3:168E	aminoAcidSimplePolymorphism	NS3:80K+168E	combination	NS3:80K+168E	2.0	2.0	phdr_ras:NS3:80K+168E	NS3:80K+168E	AL_1a	K/Q80K+D168E	NS3:80K+168E:AL_1a:voxilaprevir	category_III	III	3.0	1.0	11.25	0.0			NS3:80K+168E:AL_1a	voxilaprevir	voxilaprevir	drug_resistance	Gilead Sciences	NS3/4A protease inhibitors	AASLD_2017_Abs_1176	https://doi.org/10.1002/hep.29501
NS3	1	168	E	REF_MASTER_NC_004102	NS3:168E	aminoAcidSimplePolymorphism	NS3:80K+168E+170V	combination	NS3:80K+168E+170V	3.0	2.0	phdr_ras:NS3:80K+168E+170V	NS3:80K+168E+170V	AL_1a	K/Q80K+D168E+I170V	NS3:80K+168E+170V:AL_1a:voxilaprevir	category_III	III	3.0	1.0	8.0	0.0			NS3:80K+168E+170V:AL_1a	voxilaprevir	voxilaprevir	drug_resistance	Gilead Sciences	NS3/4A protease inhibitors	AASLD_2017_Abs_1176	https://doi.org/10.1002/hep.29501
NS3	1	168	E	REF_MASTER_NC_004102	NS3:168E	aminoAcidSimplePolymorphism	NS3:80L+168E	combination	NS3:80L+168E	2.0	2.0	phdr_ras:NS3:80L+168E	NS3:80L+168E	AL_1a	K/Q80L+D168E	NS3:80L+168E:AL_1a:voxilaprevir	category_III	III	3.0	1.0	10.8	0.0			NS3:80L+168E:AL_1a	voxilaprevir	voxilaprevir	drug_resistance	Gilead Sciences	NS3/4A protease inhibitors	AASLD_2017_Abs_1176	https://doi.org/10.1002/hep.29501
NS3	1	168	E	REF_MASTER_NC_004102	NS3:168E	aminoAcidSimplePolymorphism	NS3:80R+155K+156T+168E	combination	NS3:80R+155K+156T+168E	4.0	4.0	phdr_ras:NS3:80R+155K+156T+168E	NS3:80R+155K+156T+168E	AL_1a	K/Q80R+R155K+A156T+D168E	NS3:80R+155K+156T+168E:AL_1a:grazoprevir	category_II	II	2.0	0.0		1.0	0.0	1.0	NS3:80R+155K+156T+168E:AL_1a	grazoprevir	grazoprevir	drug_resistance	Merck	NS3/4A protease inhibitors	25266289	https://doi.org/10.1093/cid/ciu696
NS3	1	168	E	REF_MASTER_NC_004102	NS3:168E	aminoAcidSimplePolymorphism	NS3:80R+155S+156T+168E	combination	NS3:80R+155S+156T+168E	4.0	4.0	phdr_ras:NS3:80R+155S+156T+168E	NS3:80R+155S+156T+168E	AL_1a	K/Q80R+R155S+A156T+D168E	NS3:80R+155S+156T+168E:AL_1a:grazoprevir	category_II	II	2.0	0.0		1.0	0.0	1.0	NS3:80R+155S+156T+168E:AL_1a	grazoprevir	grazoprevir	drug_resistance	Merck	NS3/4A protease inhibitors	25266289	https://doi.org/10.1093/cid/ciu696
NS3	1	168	F	REF_MASTER_NC_004102	NS3:168F	aminoAcidSimplePolymorphism	NS3:168F	single				phdr_ras:NS3:168F	NS3:168F	AL_1a	D168F	NS3:168F:AL_1a:voxilaprevir	category_III	III	3.0	1.0	11.25	0.0			NS3:168F:AL_1a	voxilaprevir	voxilaprevir	drug_resistance	Gilead Sciences	NS3/4A protease inhibitors	AASLD_2017_Abs_1176	https://doi.org/10.1002/hep.29501
NS3	1	168	G	REF_MASTER_NC_004102	NS3:168G	aminoAcidSimplePolymorphism	NS3:156M+168G+170I	combination	NS3:156M+168G+170I	3.0	2.0	phdr_ras:NS3:156M+168G+170I	NS3:156M+168G+170I	AL_4a	A156M+D168G+V170I	NS3:156M+168G+170I:AL_4a:grazoprevir	category_II	II	2.0	0.0		1.0	0.0	1.0	NS3:156M+168G+170I:AL_4a	grazoprevir	grazoprevir	drug_resistance	Merck	NS3/4A protease inhibitors	28193518	https://doi.org/10.1053/j.gastro.2017.01.050
NS3	1	168	G	REF_MASTER_NC_004102	NS3:168G	aminoAcidSimplePolymorphism	NS3:156T+168G+170I	combination	NS3:156T+168G+170I	3.0	2.0	phdr_ras:NS3:156T+168G+170I	NS3:156T+168G+170I	AL_4a	A156T+D168G+V170I	NS3:156T+168G+170I:AL_4a:grazoprevir	category_II	II	2.0	0.0		1.0	0.0	1.0	NS3:156T+168G+170I:AL_4a	grazoprevir	grazoprevir	drug_resistance	Merck	NS3/4A protease inhibitors	28193518	https://doi.org/10.1053/j.gastro.2017.01.050
NS3	1	168	G	REF_MASTER_NC_004102	NS3:168G	aminoAcidSimplePolymorphism	NS3:156V+168G+170I	combination	NS3:156V+168G+170I	3.0	2.0	phdr_ras:NS3:156V+168G+170I	NS3:156V+168G+170I	AL_4a	A156V+D168G+V170I	NS3:156V+168G+170I:AL_4a:grazoprevir	category_II	II	2.0	0.0		1.0	0.0	1.0	NS3:156V+168G+170I:AL_4a	grazoprevir	grazoprevir	drug_resistance	Merck	NS3/4A protease inhibitors	28193518	https://doi.org/10.1053/j.gastro.2017.01.050
NS3	1	168	G	REF_MASTER_NC_004102	NS3:168G	aminoAcidSimplePolymorphism	NS3:168G	single				phdr_ras:NS3:168G	NS3:168G	AL_1a	D168G	NS3:168G:AL_1a:grazoprevir	category_I	I	1.0	1.0	34.0	1.0	0.0	1.0	NS3:168G:AL_1a	grazoprevir	grazoprevir	drug_resistance	Merck	NS3/4A protease inhibitors	27773808;28228479;25266289	https://doi.org/10.1053/j.gastro.2016.10.017;https://doi.org/10.1074/jbc.M116.772996;https://doi.org/10.1093/cid/ciu696
NS3	1	168	G	REF_MASTER_NC_004102	NS3:168G	aminoAcidSimplePolymorphism	NS3:168G	single				phdr_ras:NS3:168G	NS3:168G	AL_1b	D168G	NS3:168G:AL_1b:grazoprevir	category_III	III	3.0	1.0	11.0	0.0			NS3:168G:AL_1b	grazoprevir	grazoprevir	drug_resistance	Merck	NS3/4A protease inhibitors	25266289	https://doi.org/10.1093/cid/ciu696
NS3	1	168	G	REF_MASTER_NC_004102	NS3:168G	aminoAcidSimplePolymorphism	NS3:168G	single				phdr_ras:NS3:168G	NS3:168G	AL_2a	D168G	NS3:168G:AL_2a:paritaprevir	category_III	III	3.0	1.0	5.0	0.0			NS3:168G:AL_2a	paritaprevir	paritaprevir	drug_resistance	Abbvie	NS3/4A protease inhibitors	26392503	https://doi.org/10.1128/AAC.01953-15
NS3	1	168	G	REF_MASTER_NC_004102	NS3:168G	aminoAcidSimplePolymorphism	NS3:168G	single				phdr_ras:NS3:168G	NS3:168G	AL_4	D168G	NS3:168G:AL_4:grazoprevir	category_I	I	1.0	1.0	10.0	1.0	0.0	1.0	NS3:168G:AL_4	grazoprevir	grazoprevir	drug_resistance	Merck	NS3/4A protease inhibitors	27773808;29461687;28416549	https://doi.org/10.1053/j.gastro.2016.10.017;https://doi.org/10.1111/liv.13727;https://doi.org/10.1128/AAC.00363-17
NS3	1	168	G	REF_MASTER_NC_004102	NS3:168G	aminoAcidSimplePolymorphism	NS3:168G	single				phdr_ras:NS3:168G	NS3:168G	AL_6a	D168G	NS3:168G:AL_6a:paritaprevir	category_III	III	3.0	1.0	22.0	0.0			NS3:168G:AL_6a	paritaprevir	paritaprevir	drug_resistance	Abbvie	NS3/4A protease inhibitors	26392503	https://doi.org/10.1128/AAC.01953-15
NS3	1	168	G	REF_MASTER_NC_004102	NS3:168G	aminoAcidSimplePolymorphism	NS3:36A+155G+168G	combination	NS3:36A+155G+168G	3.0	3.0	phdr_ras:NS3:36A+155G+168G	NS3:36A+155G+168G	AL_1a	V36A+R155G+D168G	NS3:36A+155G+168G:AL_1a:grazoprevir	category_II	II	2.0	0.0		1.0	0.0	1.0	NS3:36A+155G+168G:AL_1a	grazoprevir	grazoprevir	drug_resistance	Merck	NS3/4A protease inhibitors	25266289	https://doi.org/10.1093/cid/ciu696
NS3	1	168	G	REF_MASTER_NC_004102	NS3:168G	aminoAcidSimplePolymorphism	NS3:36L+80K+168G	combination	NS3:36L+80K+168G	3.0	3.0	phdr_ras:NS3:36L+80K+168G	NS3:36L+80K+168G	AL_1a	V36L+K/Q80K+D168G	NS3:36L+80K+168G:AL_1a:grazoprevir	category_II	II	2.0	0.0		1.0	1.0	0.0	NS3:36L+80K+168G:AL_1a	grazoprevir	grazoprevir	drug_resistance	Merck	NS3/4A protease inhibitors	25266289	https://doi.org/10.1093/cid/ciu696
NS3	1	168	G	REF_MASTER_NC_004102	NS3:168G	aminoAcidSimplePolymorphism	NS3:36M+155G+168G	combination	NS3:36M+155G+168G	3.0	3.0	phdr_ras:NS3:36M+155G+168G	NS3:36M+155G+168G	AL_1a	V36M+R155G+D168G	NS3:36M+155G+168G:AL_1a:grazoprevir	category_II	II	2.0	0.0		1.0	0.0	1.0	NS3:36M+155G+168G:AL_1a	grazoprevir	grazoprevir	drug_resistance	Merck	NS3/4A protease inhibitors	25266289	https://doi.org/10.1093/cid/ciu696
NS3	1	168	G	REF_MASTER_NC_004102	NS3:168G	aminoAcidSimplePolymorphism	NS3:36M+41R+168G	combination	NS3:36M+41R+168G	3.0	3.0	phdr_ras:NS3:36M+41R+168G	NS3:36M+41R+168G	AL_1a	V36M+Q41R+D168G	NS3:36M+41R+168G:AL_1a:voxilaprevir	category_III	III	3.0	1.0	11.25	0.0			NS3:36M+41R+168G:AL_1a	voxilaprevir	voxilaprevir	drug_resistance	Gilead Sciences	NS3/4A protease inhibitors	AASLD_2017_Abs_1176	https://doi.org/10.1002/hep.29501
NS3	1	168	G	REF_MASTER_NC_004102	NS3:168G	aminoAcidSimplePolymorphism	NS3:41R+168G	combination	NS3:41R+168G	2.0	2.0	phdr_ras:NS3:41R+168G	NS3:41R+168G	AL_1a	Q41R+D168G	NS3:41R+168G:AL_1a:voxilaprevir	category_III	III	3.0	1.0	11.25	0.0			NS3:41R+168G:AL_1a	voxilaprevir	voxilaprevir	drug_resistance	Gilead Sciences	NS3/4A protease inhibitors	AASLD_2017_Abs_1176	https://doi.org/10.1002/hep.29501
NS3	1	168	H	REF_MASTER_NC_004102	NS3:168H	aminoAcidSimplePolymorphism	NS3:168H	single				phdr_ras:NS3:168H	NS3:168H	AL_1a	D168H	NS3:168H:AL_1a:paritaprevir	category_II	II	2.0	1.0	62.0	0.0			NS3:168H:AL_1a	paritaprevir	paritaprevir	drug_resistance	Abbvie	NS3/4A protease inhibitors	25451053	https://doi.org/10.1128/AAC.04227-14
NS3	1	168	H	REF_MASTER_NC_004102	NS3:168H	aminoAcidSimplePolymorphism	NS3:168H	single				phdr_ras:NS3:168H	NS3:168H	AL_1b	D168H	NS3:168H:AL_1b:paritaprevir	category_II	II	2.0	1.0	76.0	0.0			NS3:168H:AL_1b	paritaprevir	paritaprevir	drug_resistance	Abbvie	NS3/4A protease inhibitors	25451053	https://doi.org/10.1128/AAC.04227-14
NS3	1	168	H	REF_MASTER_NC_004102	NS3:168H	aminoAcidSimplePolymorphism	NS3:168H	single				phdr_ras:NS3:168H	NS3:168H	AL_2a	D168H	NS3:168H:AL_2a:paritaprevir	category_III	III	3.0	1.0	23.0	0.0			NS3:168H:AL_2a	paritaprevir	paritaprevir	drug_resistance	Abbvie	NS3/4A protease inhibitors	26392503	https://doi.org/10.1128/AAC.01953-15
NS3	1	168	H	REF_MASTER_NC_004102	NS3:168H	aminoAcidSimplePolymorphism	NS3:168H	single				phdr_ras:NS3:168H	NS3:168H	AL_3a	Q168H	NS3:168H:AL_3a:paritaprevir	insignificant	-	4.0	1.0	2.0	0.0			NS3:168H:AL_3a	paritaprevir	paritaprevir	drug_resistance	Abbvie	NS3/4A protease inhibitors	26392503	https://doi.org/10.1128/AAC.01953-15
NS3	1	168	H	REF_MASTER_NC_004102	NS3:168H	aminoAcidSimplePolymorphism	NS3:168H	single				phdr_ras:NS3:168H	NS3:168H	AL_4	D168H	NS3:168H:AL_4:paritaprevir	category_II	II	2.0	0.0		1.0	0.0	1.0	NS3:168H:AL_4	paritaprevir	paritaprevir	drug_resistance	Abbvie	NS3/4A protease inhibitors	30882744	https://doi.org/10.1097/INF.0000000000002137
NS3	1	168	H	REF_MASTER_NC_004102	NS3:168H	aminoAcidSimplePolymorphism	NS3:168H	single				phdr_ras:NS3:168H	NS3:168H	AL_4a	D168H	NS3:168H:AL_4a:glecaprevir	category_III	III	3.0	1.0	22.0	0.0			NS3:168H:AL_4a	glecaprevir	glecaprevir	drug_resistance	Abbvie	NS3/4A protease inhibitors	29084747	https://doi.org/10.1128/AAC.01620-17
NS3	1	168	H	REF_MASTER_NC_004102	NS3:168H	aminoAcidSimplePolymorphism	NS3:168H	single				phdr_ras:NS3:168H	NS3:168H	AL_5a	D/E168H	NS3:168H:AL_5a:glecaprevir	category_III	III	3.0	1.0	38.0	0.0			NS3:168H:AL_5a	glecaprevir	glecaprevir	drug_resistance	Abbvie	NS3/4A protease inhibitors	29084747	https://doi.org/10.1128/AAC.01620-17
NS3	1	168	H	REF_MASTER_NC_004102	NS3:168H	aminoAcidSimplePolymorphism	NS3:168H	single				phdr_ras:NS3:168H	NS3:168H	AL_5a	D/E168H	NS3:168H:AL_5a:paritaprevir	category_II	II	2.0	1.0	114.0	0.0			NS3:168H:AL_5a	paritaprevir	paritaprevir	drug_resistance	Abbvie	NS3/4A protease inhibitors	26392503	https://doi.org/10.1128/AAC.01953-15
NS3	1	168	H	REF_MASTER_NC_004102	NS3:168H	aminoAcidSimplePolymorphism	NS3:168H	single				phdr_ras:NS3:168H	NS3:168H	AL_5a	D/E168H	NS3:168H:AL_5a:voxilaprevir	category_III	III	3.0	1.0	11.25	0.0			NS3:168H:AL_5a	voxilaprevir	voxilaprevir	drug_resistance	Gilead Sciences	NS3/4A protease inhibitors	AASLD_2017_Abs_1176	https://doi.org/10.1002/hep.29501
NS3	1	168	H	REF_MASTER_NC_004102	NS3:168H	aminoAcidSimplePolymorphism	NS3:168H	single				phdr_ras:NS3:168H	NS3:168H	AL_6a	D168H	NS3:168H:AL_6a:glecaprevir	category_II	II	2.0	1.0	146.0	0.0			NS3:168H:AL_6a	glecaprevir	glecaprevir	drug_resistance	Abbvie	NS3/4A protease inhibitors	29084747	https://doi.org/10.1128/AAC.01620-17
NS3	1	168	H	REF_MASTER_NC_004102	NS3:168H	aminoAcidSimplePolymorphism	NS3:168H	single				phdr_ras:NS3:168H	NS3:168H	AL_6a	D168H	NS3:168H:AL_6a:voxilaprevir	category_III	III	3.0	1.0	11.25	0.0			NS3:168H:AL_6a	voxilaprevir	voxilaprevir	drug_resistance	Gilead Sciences	NS3/4A protease inhibitors	AASLD_2017_Abs_1176	https://doi.org/10.1002/hep.29501
NS3	1	168	H	REF_MASTER_NC_004102	NS3:168H	aminoAcidSimplePolymorphism	NS3:168H+179T	combination	NS3:168H+179T	2.0	1.0	phdr_ras:NS3:168H+179T	NS3:168H+179T	AL_6a	D168H+M179T	NS3:168H+179T:AL_6a:glecaprevir	category_II	II	2.0	1.0	153.0	0.0			NS3:168H+179T:AL_6a	glecaprevir	glecaprevir	drug_resistance	Abbvie	NS3/4A protease inhibitors	29084747	https://doi.org/10.1128/AAC.01620-17
NS3	1	168	H	REF_MASTER_NC_004102	NS3:168H	aminoAcidSimplePolymorphism	NS3:168H+41R	combination	NS3:168H+41R	2.0	1.0	phdr_ras:NS3:168H+41R	NS3:168H+41R	AL_6a	D168H+Q41R	NS3:168H+41R:AL_6a:voxilaprevir	category_II	II	2.0	1.0	60.0	0.0			NS3:168H+41R:AL_6a	voxilaprevir	voxilaprevir	drug_resistance	Gilead Sciences	NS3/4A protease inhibitors	AASLD_2017_Abs_1176	https://doi.org/10.1002/hep.29501
NS3	1	168	H	REF_MASTER_NC_004102	NS3:168H	aminoAcidSimplePolymorphism	NS3:41R+168H	combination	NS3:41R+168H	2.0	2.0	phdr_ras:NS3:41R+168H	NS3:41R+168H	AL_1a	Q41R+D168H	NS3:41R+168H:AL_1a:voxilaprevir	category_III	III	3.0	1.0	11.25	0.0			NS3:41R+168H:AL_1a	voxilaprevir	voxilaprevir	drug_resistance	Gilead Sciences	NS3/4A protease inhibitors	AASLD_2017_Abs_1176	https://doi.org/10.1002/hep.29501
NS3	1	168	H	REF_MASTER_NC_004102	NS3:168H	aminoAcidSimplePolymorphism	NS3:41R+168H	combination	NS3:41R+168H	2.0	2.0	phdr_ras:NS3:41R+168H	NS3:41R+168H	AL_5a	Q41R+D/E168H	NS3:41R+168H:AL_5a:voxilaprevir	category_II	II	2.0	1.0	60.0	0.0			NS3:41R+168H:AL_5a	voxilaprevir	voxilaprevir	drug_resistance	Gilead Sciences	NS3/4A protease inhibitors	AASLD_2017_Abs_1176	https://doi.org/10.1002/hep.29501
NS3	1	168	I	REF_MASTER_NC_004102	NS3:168I	aminoAcidSimplePolymorphism	NS3:168I	single				phdr_ras:NS3:168I	NS3:168I	AL_1a	D168I	NS3:168I:AL_1a:voxilaprevir	category_III	III	3.0	1.0	11.25	0.0			NS3:168I:AL_1a	voxilaprevir	voxilaprevir	drug_resistance	Gilead Sciences	NS3/4A protease inhibitors	AASLD_2017_Abs_1176	https://doi.org/10.1002/hep.29501
NS3	1	168	K	REF_MASTER_NC_004102	NS3:168K	aminoAcidSimplePolymorphism	NS3:168K	single				phdr_ras:NS3:168K	NS3:168K	AL_1a	D168K	NS3:168K:AL_1a:voxilaprevir	category_II	II	2.0	1.0	60.0	0.0			NS3:168K:AL_1a	voxilaprevir	voxilaprevir	drug_resistance	Gilead Sciences	NS3/4A protease inhibitors	AASLD_2017_Abs_1176	https://doi.org/10.1002/hep.29501
NS3	1	168	K	REF_MASTER_NC_004102	NS3:168K	aminoAcidSimplePolymorphism	NS3:168K	single				phdr_ras:NS3:168K	NS3:168K	AL_1b	D168K	NS3:168K:AL_1b:grazoprevir	category_II	II	2.0	1.0	120.0	0.0			NS3:168K:AL_1b	grazoprevir	grazoprevir	drug_resistance	Merck	NS3/4A protease inhibitors	25266289	https://doi.org/10.1093/cid/ciu696
NS3	1	168	K	REF_MASTER_NC_004102	NS3:168K	aminoAcidSimplePolymorphism	NS3:168K	single				phdr_ras:NS3:168K	NS3:168K	AL_5a	D/E168K	NS3:168K:AL_5a:voxilaprevir	category_III	III	3.0	1.0	11.25	0.0			NS3:168K:AL_5a	voxilaprevir	voxilaprevir	drug_resistance	Gilead Sciences	NS3/4A protease inhibitors	AASLD_2017_Abs_1176	https://doi.org/10.1002/hep.29501
NS3	1	168	K	REF_MASTER_NC_004102	NS3:168K	aminoAcidSimplePolymorphism	NS3:56H+168K	combination	NS3:56H+168K	2.0	2.0	phdr_ras:NS3:56H+168K	NS3:56H+168K	AL_3a	Y56H+Q168K	NS3:56H+168K:AL_3a:glecaprevir	category_II	II	2.0	0.0		1.0	0.0	1.0	NS3:56H+168K:AL_3a	glecaprevir	glecaprevir	drug_resistance	Abbvie	NS3/4A protease inhibitors	28412293	https://doi.org/10.1016/j.jhep.2017.03.039
NS3	1	168	K	REF_MASTER_NC_004102	NS3:168K	aminoAcidSimplePolymorphism	NS3:56H+168K+170I	combination	NS3:56H+168K+170I	3.0	2.0	phdr_ras:NS3:56H+168K+170I	NS3:56H+168K+170I	AL_3	Y56H+Q168K+I/V170I	NS3:56H+168K+170I:AL_3:grazoprevir	category_II	II	2.0	0.0		1.0	0.0	1.0	NS3:56H+168K+170I:AL_3	grazoprevir	grazoprevir	drug_resistance	Merck	NS3/4A protease inhibitors	25467591	https://doi.org/10.1016/S0140-6736(14)61795-5
NS3	1	168	K	REF_MASTER_NC_004102	NS3:168K	aminoAcidSimplePolymorphism	NS3:56Y+168K+170I	combination	NS3:56Y+168K+170I	3.0	2.0	phdr_ras:NS3:56Y+168K+170I	NS3:56Y+168K+170I	AL_3	Y56Y+Q168K+I/V170I	NS3:56Y+168K+170I:AL_3:grazoprevir	category_II	II	2.0	0.0		1.0	0.0	1.0	NS3:56Y+168K+170I:AL_3	grazoprevir	grazoprevir	drug_resistance	Merck	NS3/4A protease inhibitors	25467591	https://doi.org/10.1016/S0140-6736(14)61795-5
NS3	1	168	K	REF_MASTER_NC_004102	NS3:168K	aminoAcidSimplePolymorphism	NS3:80R+155K+156T+168K	combination	NS3:80R+155K+156T+168K	4.0	4.0	phdr_ras:NS3:80R+155K+156T+168K	NS3:80R+155K+156T+168K	AL_1a	K/Q80R+R155K+A156T+D168K	NS3:80R+155K+156T+168K:AL_1a:grazoprevir	category_II	II	2.0	0.0		1.0	0.0	1.0	NS3:80R+155K+156T+168K:AL_1a	grazoprevir	grazoprevir	drug_resistance	Merck	NS3/4A protease inhibitors	25266289	https://doi.org/10.1093/cid/ciu696
NS3	1	168	K	REF_MASTER_NC_004102	NS3:168K	aminoAcidSimplePolymorphism	NS3:80R+155S+156T+168K	combination	NS3:80R+155S+156T+168K	4.0	4.0	phdr_ras:NS3:80R+155S+156T+168K	NS3:80R+155S+156T+168K	AL_1a	K/Q80R+R155S+A156T+D168K	NS3:80R+155S+156T+168K:AL_1a:grazoprevir	category_II	II	2.0	0.0		1.0	0.0	1.0	NS3:80R+155S+156T+168K:AL_1a	grazoprevir	grazoprevir	drug_resistance	Merck	NS3/4A protease inhibitors	25266289	https://doi.org/10.1093/cid/ciu696
NS3	1	168	L	REF_MASTER_NC_004102	NS3:168L	aminoAcidSimplePolymorphism	NS3:168L	single				phdr_ras:NS3:168L	NS3:168L	AL_1a	D168L	NS3:168L:AL_1a:voxilaprevir	category_II	II	2.0	1.0	60.0	0.0			NS3:168L:AL_1a	voxilaprevir	voxilaprevir	drug_resistance	Gilead Sciences	NS3/4A protease inhibitors	AASLD_2017_Abs_1176	https://doi.org/10.1002/hep.29501
NS3	1	168	L	REF_MASTER_NC_004102	NS3:168L	aminoAcidSimplePolymorphism	NS3:168L	single				phdr_ras:NS3:168L	NS3:168L	AL_3	Q168L	NS3:168L:AL_3:glecaprevir	category_II	II	2.0	0.0		1.0	0.0	1.0	NS3:168L:AL_3	glecaprevir	glecaprevir	drug_resistance	Abbvie	NS3/4A protease inhibitors	EASL_2017_FRI_205	https://doi.org/10.1016/S0168-8278(17)31399-5
NS3	1	168	L	REF_MASTER_NC_004102	NS3:168L	aminoAcidSimplePolymorphism	NS3:168L	single				phdr_ras:NS3:168L	NS3:168L	AL_3a	Q168L	NS3:168L:AL_3a:glecaprevir	category_III	III	3.0	1.0	13.0	0.0			NS3:168L:AL_3a	glecaprevir	glecaprevir	drug_resistance	Abbvie	NS3/4A protease inhibitors	EASL_2017_FRI_205	https://doi.org/10.1016/S0168-8278(17)31399-5
NS3	1	168	L	REF_MASTER_NC_004102	NS3:168L	aminoAcidSimplePolymorphism	NS3:56H+168L	combination	NS3:56H+168L	2.0	2.0	phdr_ras:NS3:56H+168L	NS3:56H+168L	AL_3a	Y56H+Q168L	NS3:56H+168L:AL_3a:glecaprevir	category_II	II	2.0	0.0		1.0	0.0	1.0	NS3:56H+168L:AL_3a	glecaprevir	glecaprevir	drug_resistance	Abbvie	NS3/4A protease inhibitors	28412293	https://doi.org/10.1016/j.jhep.2017.03.039
NS3	1	168	N	REF_MASTER_NC_004102	NS3:168N	aminoAcidSimplePolymorphism	NS3:122N+168N	combination	NS3:122N+168N	2.0	2.0	phdr_ras:NS3:122N+168N	NS3:122N+168N	AL_1a	S122N+D168N	NS3:122N+168N:AL_1a:grazoprevir	category_II	II	2.0	0.0		1.0	1.0	0.0	NS3:122N+168N:AL_1a	grazoprevir	grazoprevir	drug_resistance	Merck	NS3/4A protease inhibitors	25266289	https://doi.org/10.1093/cid/ciu696
NS3	1	168	N	REF_MASTER_NC_004102	NS3:168N	aminoAcidSimplePolymorphism	NS3:155T+168N	combination	NS3:155T+168N	2.0	2.0	phdr_ras:NS3:155T+168N	NS3:155T+168N	AL_1a	R155T+D168N	NS3:155T+168N:AL_1a:grazoprevir	category_II	II	2.0	0.0		1.0	0.0	1.0	NS3:155T+168N:AL_1a	grazoprevir	grazoprevir	drug_resistance	Merck	NS3/4A protease inhibitors	27773808	https://doi.org/10.1053/j.gastro.2016.10.017
NS3	1	168	N	REF_MASTER_NC_004102	NS3:168N	aminoAcidSimplePolymorphism	NS3:155T+168N	combination	NS3:155T+168N	2.0	2.0	phdr_ras:NS3:155T+168N	NS3:155T+168N	AL_1a	R155T+D168N	NS3:155T+168N:AL_1a:voxilaprevir	category_II	II	2.0	1.0	60.0	0.0			NS3:155T+168N:AL_1a	voxilaprevir	voxilaprevir	drug_resistance	Gilead Sciences	NS3/4A protease inhibitors	AASLD_2017_Abs_1176	https://doi.org/10.1002/hep.29501
NS3	1	168	N	REF_MASTER_NC_004102	NS3:168N	aminoAcidSimplePolymorphism	NS3:156T+168N	combination	NS3:156T+168N	2.0	2.0	phdr_ras:NS3:156T+168N	NS3:156T+168N	AL_1a	A156T+D168N	NS3:156T+168N:AL_1a:grazoprevir	category_II	II	2.0	0.0		1.0	0.0	1.0	NS3:156T+168N:AL_1a	grazoprevir	grazoprevir	drug_resistance	Merck	NS3/4A protease inhibitors	30127629	https://doi.org/10.2147/IDR.S156581
NS3	1	168	N	REF_MASTER_NC_004102	NS3:168N	aminoAcidSimplePolymorphism	NS3:168N	single				phdr_ras:NS3:168N	NS3:168N	AL_1a	D168N	NS3:168N:AL_1a:grazoprevir	category_I	I	1.0	1.0	2.3	1.0	1.0	1.0	NS3:168N:AL_1a	grazoprevir	grazoprevir	drug_resistance	Merck	NS3/4A protease inhibitors	27773808;28228479	https://doi.org/10.1053/j.gastro.2016.10.017;https://doi.org/10.1074/jbc.M116.772996
NS3	1	168	N	REF_MASTER_NC_004102	NS3:168N	aminoAcidSimplePolymorphism	NS3:168N	single				phdr_ras:NS3:168N	NS3:168N	AL_1a	D168N	NS3:168N:AL_1a:paritaprevir	category_III	III	3.0	1.0	13.0	0.0			NS3:168N:AL_1a	paritaprevir	paritaprevir	drug_resistance	Abbvie	NS3/4A protease inhibitors	25451053	https://doi.org/10.1128/AAC.04227-14
NS3	1	168	N	REF_MASTER_NC_004102	NS3:168N	aminoAcidSimplePolymorphism	NS3:168N	single				phdr_ras:NS3:168N	NS3:168N	AL_2a	D168N	NS3:168N:AL_2a:paritaprevir	insignificant	-	4.0	1.0	3.0	0.0			NS3:168N:AL_2a	paritaprevir	paritaprevir	drug_resistance	Abbvie	NS3/4A protease inhibitors	26392503	https://doi.org/10.1128/AAC.01953-15
NS3	1	168	N	REF_MASTER_NC_004102	NS3:168N	aminoAcidSimplePolymorphism	NS3:168N	single				phdr_ras:NS3:168N	NS3:168N	AL_4	D168N	NS3:168N:AL_4:grazoprevir	category_II	II	2.0	0.0		1.0	0.0	1.0	NS3:168N:AL_4	grazoprevir	grazoprevir	drug_resistance	Merck	NS3/4A protease inhibitors	27773808	https://doi.org/10.1053/j.gastro.2016.10.017
NS3	1	168	N	REF_MASTER_NC_004102	NS3:168N	aminoAcidSimplePolymorphism	NS3:168N	single				phdr_ras:NS3:168N	NS3:168N	AL_5a	D/E168N	NS3:168N:AL_5a:paritaprevir	insignificant	-	4.0	1.0	4.0	0.0			NS3:168N:AL_5a	paritaprevir	paritaprevir	drug_resistance	Abbvie	NS3/4A protease inhibitors	26392503	https://doi.org/10.1128/AAC.01953-15
NS3	1	168	N	REF_MASTER_NC_004102	NS3:168N	aminoAcidSimplePolymorphism	NS3:168N	single				phdr_ras:NS3:168N	NS3:168N	AL_6a	D168N	NS3:168N:AL_6a:paritaprevir	insignificant	-	4.0	1.0	3.0	0.0			NS3:168N:AL_6a	paritaprevir	paritaprevir	drug_resistance	Abbvie	NS3/4A protease inhibitors	26392503	https://doi.org/10.1128/AAC.01953-15
NS3	1	168	N	REF_MASTER_NC_004102	NS3:168N	aminoAcidSimplePolymorphism	NS3:36L+155K+156T+158A+168N	combination	NS3:36L+155K+156T+158A+168N	5.0	5.0	phdr_ras:NS3:36L+155K+156T+158A+168N	NS3:36L+155K+156T+158A+168N	AL_1a	V36L+R155K+A156T+V158A+D168N	NS3:36L+155K+156T+158A+168N:AL_1a:grazoprevir	category_II	II	2.0	0.0		1.0	0.0	1.0	NS3:36L+155K+156T+158A+168N:AL_1a	grazoprevir	grazoprevir	drug_resistance	Merck	NS3/4A protease inhibitors	27773808	https://doi.org/10.1053/j.gastro.2016.10.017
NS3	1	168	N	REF_MASTER_NC_004102	NS3:168N	aminoAcidSimplePolymorphism	NS3:36L+155K+156T+168N	combination	NS3:36L+155K+156T+168N	4.0	4.0	phdr_ras:NS3:36L+155K+156T+168N	NS3:36L+155K+156T+168N	AL_1a	V36L+R155K+A156T+D168N	NS3:36L+155K+156T+168N:AL_1a:grazoprevir	category_II	II	2.0	0.0		1.0	0.0	1.0	NS3:36L+155K+156T+168N:AL_1a	grazoprevir	grazoprevir	drug_resistance	Merck	NS3/4A protease inhibitors	26371152	https://doi.org/10.1093/cid/civ722
NS3	1	168	N	REF_MASTER_NC_004102	NS3:168N	aminoAcidSimplePolymorphism	NS3:54S+155T+168N	combination	NS3:54S+155T+168N	3.0	3.0	phdr_ras:NS3:54S+155T+168N	NS3:54S+155T+168N	AL_1a	T54S+R155T+D168N	NS3:54S+155T+168N:AL_1a:voxilaprevir	category_III	III	3.0	1.0	11.25	0.0			NS3:54S+155T+168N:AL_1a	voxilaprevir	voxilaprevir	drug_resistance	Gilead Sciences	NS3/4A protease inhibitors	AASLD_2017_Abs_1176	https://doi.org/10.1002/hep.29501
NS3	1	168	N	REF_MASTER_NC_004102	NS3:168N	aminoAcidSimplePolymorphism	NS3:56F+155W+156G+168N	combination	NS3:56F+155W+156G+168N	4.0	4.0	phdr_ras:NS3:56F+155W+156G+168N	NS3:56F+155W+156G+168N	AL_1b	F/Y56F+R155W+A156G+D168N	NS3:56F+155W+156G+168N:AL_1b:grazoprevir	category_II	II	2.0	0.0		1.0	0.0	1.0	NS3:56F+155W+156G+168N:AL_1b	grazoprevir	grazoprevir	drug_resistance	Merck	NS3/4A protease inhibitors	30127629	https://doi.org/10.2147/IDR.S156581
NS3	1	168	N	REF_MASTER_NC_004102	NS3:168N	aminoAcidSimplePolymorphism	NS3:56H+156T+168N	combination	NS3:56H+156T+168N	3.0	3.0	phdr_ras:NS3:56H+156T+168N	NS3:56H+156T+168N	AL_1a	Y56H+A156T+D168N	NS3:56H+156T+168N:AL_1a:grazoprevir	category_II	II	2.0	0.0		1.0	0.0	1.0	NS3:56H+156T+168N:AL_1a	grazoprevir	grazoprevir	drug_resistance	Merck	NS3/4A protease inhibitors	27291249	https://doi.org/10.1111/jvh.12552
NS3	1	168	N	REF_MASTER_NC_004102	NS3:168N	aminoAcidSimplePolymorphism	NS3:80K+155T+156T+168N	combination	NS3:80K+155T+156T+168N	4.0	4.0	phdr_ras:NS3:80K+155T+156T+168N	NS3:80K+155T+156T+168N	AL_1a	K/Q80K+R155T+A156T+D168N	NS3:80K+155T+156T+168N:AL_1a:grazoprevir	category_II	II	2.0	0.0		1.0	0.0	1.0	NS3:80K+155T+156T+168N:AL_1a	grazoprevir	grazoprevir	drug_resistance	Merck	NS3/4A protease inhibitors	26371152	https://doi.org/10.1093/cid/civ722
NS3	1	168	N	REF_MASTER_NC_004102	NS3:168N	aminoAcidSimplePolymorphism	NS3:80K+155T+168N	combination	NS3:80K+155T+168N	3.0	3.0	phdr_ras:NS3:80K+155T+168N	NS3:80K+155T+168N	AL_1a	K/Q80K+R155T+D168N	NS3:80K+155T+168N:AL_1a:grazoprevir	category_II	II	2.0	0.0		1.0	1.0	0.0	NS3:80K+155T+168N:AL_1a	grazoprevir	grazoprevir	drug_resistance	Merck	NS3/4A protease inhibitors	26371152	https://doi.org/10.1093/cid/civ722
NS3	1	168	N	REF_MASTER_NC_004102	NS3:168N	aminoAcidSimplePolymorphism	NS3:80K+155T+168N	combination	NS3:80K+155T+168N	3.0	3.0	phdr_ras:NS3:80K+155T+168N	NS3:80K+155T+168N	AL_1a	K/Q80K+R155T+D168N	NS3:80K+155T+168N:AL_1a:voxilaprevir	category_III	III	3.0	1.0	11.25	0.0			NS3:80K+155T+168N:AL_1a	voxilaprevir	voxilaprevir	drug_resistance	Gilead Sciences	NS3/4A protease inhibitors	AASLD_2017_Abs_1176	https://doi.org/10.1002/hep.29501
NS3	1	168	N	REF_MASTER_NC_004102	NS3:168N	aminoAcidSimplePolymorphism	NS3:80K+168N	combination	NS3:80K+168N	2.0	2.0	phdr_ras:NS3:80K+168N	NS3:80K+168N	AL_1a	K/Q80K+D168N	NS3:80K+168N:AL_1a:grazoprevir	category_II	II	2.0	0.0		1.0	0.0	1.0	NS3:80K+168N:AL_1a	grazoprevir	grazoprevir	drug_resistance	Merck	NS3/4A protease inhibitors	30127629	https://doi.org/10.2147/IDR.S156581
NS3	1	168	Q	REF_MASTER_NC_004102	NS3:168Q	aminoAcidSimplePolymorphism	NS3:168Q	single				phdr_ras:NS3:168Q	NS3:168Q															drug_resistance				
NS3	1	168	Q	REF_MASTER_NC_004102	NS3:168Q	aminoAcidSimplePolymorphism	NS3:56H+168Q+170I	combination	NS3:56H+168Q+170I	3.0	2.0	phdr_ras:NS3:56H+168Q+170I	NS3:56H+168Q+170I	AL_3	Y56H+Q168Q+I/V170I	NS3:56H+168Q+170I:AL_3:grazoprevir	category_II	II	2.0	0.0		1.0	0.0	1.0	NS3:56H+168Q+170I:AL_3	grazoprevir	grazoprevir	drug_resistance	Merck	NS3/4A protease inhibitors	25467591	https://doi.org/10.1016/S0140-6736(14)61795-5
NS3	1	168	Q	REF_MASTER_NC_004102	NS3:168Q	aminoAcidSimplePolymorphism	NS3:56Y+168Q+170I	combination	NS3:56Y+168Q+170I	3.0	2.0	phdr_ras:NS3:56Y+168Q+170I	NS3:56Y+168Q+170I	AL_3	Y56Y+Q168Q+I/V170I	NS3:56Y+168Q+170I:AL_3:grazoprevir	category_II	II	2.0	0.0		1.0	0.0	1.0	NS3:56Y+168Q+170I:AL_3	grazoprevir	grazoprevir	drug_resistance	Merck	NS3/4A protease inhibitors	25467591	https://doi.org/10.1016/S0140-6736(14)61795-5
NS3	1	168	R	REF_MASTER_NC_004102	NS3:168R	aminoAcidSimplePolymorphism	NS3:155K+168R	combination	NS3:155K+168R	2.0	2.0	phdr_ras:NS3:155K+168R	NS3:155K+168R	AL_3a	R155K+Q168R	NS3:155K+168R:AL_3a:paritaprevir	insignificant	-	4.0	1.0	2.6	0.0			NS3:155K+168R:AL_3a	paritaprevir	paritaprevir	drug_resistance	Abbvie	NS3/4A protease inhibitors	27021330	https://doi.org/10.1128/AAC.02929-15
NS3	1	168	R	REF_MASTER_NC_004102	NS3:168R	aminoAcidSimplePolymorphism	NS3:166S+168R	combination	NS3:166S+168R	2.0	2.0	phdr_ras:NS3:166S+168R	NS3:166S+168R	AL_3	A166S+Q168R	NS3:166S+168R:AL_3:glecaprevir	category_II	II	2.0	0.0		1.0	1.0	0.0	NS3:166S+168R:AL_3	glecaprevir	glecaprevir	drug_resistance	Abbvie	NS3/4A protease inhibitors	EASL_2017_FRI_205	https://doi.org/10.1016/S0168-8278(17)31399-5
NS3	1	168	R	REF_MASTER_NC_004102	NS3:168R	aminoAcidSimplePolymorphism	NS3:168R	single				phdr_ras:NS3:168R	NS3:168R	AL_1a	D168R	NS3:168R:AL_1a:voxilaprevir	category_II	II	2.0	1.0	60.0	0.0			NS3:168R:AL_1a	voxilaprevir	voxilaprevir	drug_resistance	Gilead Sciences	NS3/4A protease inhibitors	AASLD_2017_Abs_1176	https://doi.org/10.1002/hep.29501
NS3	1	168	R	REF_MASTER_NC_004102	NS3:168R	aminoAcidSimplePolymorphism	NS3:168R	single				phdr_ras:NS3:168R	NS3:168R	AL_3	Q168R	NS3:168R:AL_3:glecaprevir	category_I	I	1.0	0.0		1.0	1.0	1.0	NS3:168R:AL_3	glecaprevir	glecaprevir	drug_resistance	Abbvie	NS3/4A protease inhibitors	EASL_2017_FRI_205	https://doi.org/10.1016/S0168-8278(17)31399-5
NS3	1	168	R	REF_MASTER_NC_004102	NS3:168R	aminoAcidSimplePolymorphism	NS3:168R	single				phdr_ras:NS3:168R	NS3:168R	AL_3a	Q168R	NS3:168R:AL_3a:glecaprevir	category_II	II	2.0	1.0	54.0	0.0			NS3:168R:AL_3a	glecaprevir	glecaprevir	drug_resistance	Abbvie	NS3/4A protease inhibitors	29084747	https://doi.org/10.1128/AAC.01620-17
NS3	1	168	R	REF_MASTER_NC_004102	NS3:168R	aminoAcidSimplePolymorphism	NS3:168R	single				phdr_ras:NS3:168R	NS3:168R	AL_3a	Q168R	NS3:168R:AL_3a:paritaprevir	category_III	III	3.0	1.0	15.2	0.0			NS3:168R:AL_3a	paritaprevir	paritaprevir	drug_resistance	Abbvie	NS3/4A protease inhibitors	27021330	https://doi.org/10.1128/AAC.02929-15
NS3	1	168	R	REF_MASTER_NC_004102	NS3:168R	aminoAcidSimplePolymorphism	NS3:168R	single				phdr_ras:NS3:168R	NS3:168R	AL_5a	D/E168R	NS3:168R:AL_5a:voxilaprevir	category_III	III	3.0	1.0	11.25	0.0			NS3:168R:AL_5a	voxilaprevir	voxilaprevir	drug_resistance	Gilead Sciences	NS3/4A protease inhibitors	AASLD_2017_Abs_1176	https://doi.org/10.1002/hep.29501
NS3	1	168	R	REF_MASTER_NC_004102	NS3:168R	aminoAcidSimplePolymorphism	NS3:168R+170I	combination	NS3:168R+170I	2.0	1.0	phdr_ras:NS3:168R+170I	NS3:168R+170I	AL_3	Q168R+I/V170I	NS3:168R+170I:AL_3:grazoprevir	category_II	II	2.0	0.0		1.0	1.0	0.0	NS3:168R+170I:AL_3	grazoprevir	grazoprevir	drug_resistance	Merck	NS3/4A protease inhibitors	25467591	https://doi.org/10.1016/S0140-6736(14)61795-5
NS3	1	168	R	REF_MASTER_NC_004102	NS3:168R	aminoAcidSimplePolymorphism	NS3:56H+168R	combination	NS3:56H+168R	2.0	2.0	phdr_ras:NS3:56H+168R	NS3:56H+168R	AL_3a	Y56H+Q168R	NS3:56H+168R:AL_3a:glecaprevir	category_I	I	1.0	1.0	1387.0	1.0	0.0	1.0	NS3:56H+168R:AL_3a	glecaprevir	glecaprevir	drug_resistance	Abbvie	NS3/4A protease inhibitors	29084747;28412293	https://doi.org/10.1128/AAC.01620-17;https://doi.org/10.1016/j.jhep.2017.03.039
NS3	1	168	R	REF_MASTER_NC_004102	NS3:168R	aminoAcidSimplePolymorphism	NS3:56H+168R	combination	NS3:56H+168R	2.0	2.0	phdr_ras:NS3:56H+168R	NS3:56H+168R	AL_3a	Y56H+Q168R	NS3:56H+168R:AL_3a:voxilaprevir	category_II	II	2.0	1.0	100.0	0.0			NS3:56H+168R:AL_3a	voxilaprevir	voxilaprevir	drug_resistance	Gilead Sciences	NS3/4A protease inhibitors	AASLD_2017_Abs_1176	https://doi.org/10.1002/hep.29501
NS3	1	168	T	REF_MASTER_NC_004102	NS3:168T	aminoAcidSimplePolymorphism	NS3:168T	single				phdr_ras:NS3:168T	NS3:168T	AL_1a	D168T	NS3:168T:AL_1a:voxilaprevir	category_III	III	3.0	1.0	11.25	0.0			NS3:168T:AL_1a	voxilaprevir	voxilaprevir	drug_resistance	Gilead Sciences	NS3/4A protease inhibitors	AASLD_2017_Abs_1176	https://doi.org/10.1002/hep.29501
NS3	1	168	T	REF_MASTER_NC_004102	NS3:168T	aminoAcidSimplePolymorphism	NS3:168T	single				phdr_ras:NS3:168T	NS3:168T	AL_1b	D168T	NS3:168T:AL_1b:paritaprevir	category_III	III	3.0	1.0	49.0	0.0			NS3:168T:AL_1b	paritaprevir	paritaprevir	drug_resistance	Abbvie	NS3/4A protease inhibitors	25451053	https://doi.org/10.1128/AAC.04227-14
NS3	1	168	T	REF_MASTER_NC_004102	NS3:168T	aminoAcidSimplePolymorphism	NS3:168T	single				phdr_ras:NS3:168T	NS3:168T	AL_4a	D168T	NS3:168T:AL_4a:voxilaprevir	category_III	III	3.0	1.0	11.25	0.0			NS3:168T:AL_4a	voxilaprevir	voxilaprevir	drug_resistance	Gilead Sciences	NS3/4A protease inhibitors	AASLD_2017_Abs_1176	https://doi.org/10.1002/hep.29501
NS3	1	168	T	REF_MASTER_NC_004102	NS3:168T	aminoAcidSimplePolymorphism	NS3:80K+168T	combination	NS3:80K+168T	2.0	2.0	phdr_ras:NS3:80K+168T	NS3:80K+168T	AL_1a	K/Q80K+D168T	NS3:80K+168T:AL_1a:grazoprevir	category_II	II	2.0	0.0		1.0	0.0	1.0	NS3:80K+168T:AL_1a	grazoprevir	grazoprevir	drug_resistance	Merck	NS3/4A protease inhibitors	30127629	https://doi.org/10.2147/IDR.S156581
NS3	1	168	V	REF_MASTER_NC_004102	NS3:168V	aminoAcidSimplePolymorphism	NS3:155K+168V	combination	NS3:155K+168V	2.0	2.0	phdr_ras:NS3:155K+168V	NS3:155K+168V	AL_1a	R155K+D168V	NS3:155K+168V:AL_1a:paritaprevir	category_II	II	2.0	0.0		1.0	0.0	1.0	NS3:155K+168V:AL_1a	paritaprevir	paritaprevir	drug_resistance	Abbvie	NS3/4A protease inhibitors	26100711	https://doi.org/10.1128/AAC.00998-15
NS3	1	168	V	REF_MASTER_NC_004102	NS3:168V	aminoAcidSimplePolymorphism	NS3:156V+168V	combination	NS3:156V+168V	2.0	2.0	phdr_ras:NS3:156V+168V	NS3:156V+168V	AL_1b	A156V+D168V	NS3:156V+168V:AL_1b:glecaprevir	category_II	II	2.0	1.0	5244.0	0.0			NS3:156V+168V:AL_1b	glecaprevir	glecaprevir	drug_resistance	Abbvie	NS3/4A protease inhibitors	29084747	https://doi.org/10.1128/AAC.01620-17
NS3	1	168	V	REF_MASTER_NC_004102	NS3:168V	aminoAcidSimplePolymorphism	NS3:168V	single				phdr_ras:NS3:168V	NS3:168V	AL_1a	D168V	NS3:168V:AL_1a:glecaprevir	insignificant	-	4.0	1.0	4.4	0.0			NS3:168V:AL_1a	glecaprevir	glecaprevir	drug_resistance	Abbvie	NS3/4A protease inhibitors	29084747	https://doi.org/10.1128/AAC.01620-17
NS3	1	168	V	REF_MASTER_NC_004102	NS3:168V	aminoAcidSimplePolymorphism	NS3:168V	single				phdr_ras:NS3:168V	NS3:168V	AL_1a	D168V	NS3:168V:AL_1a:grazoprevir	category_I	I	1.0	1.0	153.0	1.0	0.0	1.0	NS3:168V:AL_1a	grazoprevir	grazoprevir	drug_resistance	Merck	NS3/4A protease inhibitors	27773808;28228479;26926625;30127629	https://doi.org/10.1053/j.gastro.2016.10.017;https://doi.org/10.1074/jbc.M116.772996;https://doi.org/10.1128/AAC.00051-16;https://doi.org/10.2147/IDR.S156581
NS3	1	168	V	REF_MASTER_NC_004102	NS3:168V	aminoAcidSimplePolymorphism	NS3:168V	single				phdr_ras:NS3:168V	NS3:168V	AL_1a	D168V	NS3:168V:AL_1a:paritaprevir	category_I	I	1.0	1.0	96.0	1.0	0.0	1.0	NS3:168V:AL_1a	paritaprevir	paritaprevir	drug_resistance	Abbvie	NS3/4A protease inhibitors	24720679;25706092;24795200;25451053;26100711;29146520	https://doi.org/10.1056/NEJMoa1401561;https://doi.org/10.1001/jama.2015.1328;https://doi.org/10.1056/NEJMoa1402338;https://doi.org/10.1128/AAC.04227-14;https://doi.org/10.1128/AAC.00998-15;https://doi.org/10.1053/j.gastro.2017.11.007
NS3	1	168	V	REF_MASTER_NC_004102	NS3:168V	aminoAcidSimplePolymorphism	NS3:168V	single				phdr_ras:NS3:168V	NS3:168V	AL_1a	D168V	NS3:168V:AL_1a:voxilaprevir	insignificant	-	4.0	1.0	4.2	0.0			NS3:168V:AL_1a	voxilaprevir	voxilaprevir	drug_resistance	Gilead Sciences	NS3/4A protease inhibitors	AASLD_2017_Abs_1176	https://doi.org/10.1002/hep.29501
NS3	1	168	V	REF_MASTER_NC_004102	NS3:168V	aminoAcidSimplePolymorphism	NS3:168V	single				phdr_ras:NS3:168V	NS3:168V	AL_1b	D168V	NS3:168V:AL_1b:glecaprevir	insignificant	-	4.0	1.0	3.2	0.0			NS3:168V:AL_1b	glecaprevir	glecaprevir	drug_resistance	Abbvie	NS3/4A protease inhibitors	29084747	https://doi.org/10.1128/AAC.01620-17
NS3	1	168	V	REF_MASTER_NC_004102	NS3:168V	aminoAcidSimplePolymorphism	NS3:168V	single				phdr_ras:NS3:168V	NS3:168V	AL_1b	D168V	NS3:168V:AL_1b:paritaprevir	category_I	I	1.0	1.0	159.0	1.0	0.0	1.0	NS3:168V:AL_1b	paritaprevir	paritaprevir	drug_resistance	Abbvie	NS3/4A protease inhibitors	26170136;26643326;25644279;25451053;29146520	https://doi.org/10.1053/j.gastro.2015.07.001;https://doi.org/10.1128/AAC.02606-15;https://doi.org/10.1002/hep.27705;https://doi.org/10.1128/AAC.04227-14;https://doi.org/10.1053/j.gastro.2017.11.007
NS3	1	168	V	REF_MASTER_NC_004102	NS3:168V	aminoAcidSimplePolymorphism	NS3:168V	single				phdr_ras:NS3:168V	NS3:168V	AL_1b	D168V	NS3:168V:AL_1b:voxilaprevir	insignificant	-	4.0	1.0	2.6	0.0			NS3:168V:AL_1b	voxilaprevir	voxilaprevir	drug_resistance	Gilead Sciences	NS3/4A protease inhibitors	AASLD_2015_Abs_718	https://www.aasld.org/sites/default/files/2015SupplementFULLTEXT.pdf
NS3	1	168	V	REF_MASTER_NC_004102	NS3:168V	aminoAcidSimplePolymorphism	NS3:168V	single				phdr_ras:NS3:168V	NS3:168V	AL_2	D168V	NS3:168V:AL_2:paritaprevir	category_II	II	2.0	0.0		1.0	0.0	1.0	NS3:168V:AL_2	paritaprevir	paritaprevir	drug_resistance	Abbvie	NS3/4A protease inhibitors	25644279	https://doi.org/10.1002/hep.27705
NS3	1	168	V	REF_MASTER_NC_004102	NS3:168V	aminoAcidSimplePolymorphism	NS3:168V	single				phdr_ras:NS3:168V	NS3:168V	AL_2a	D168V	NS3:168V:AL_2a:glecaprevir	insignificant	-	4.0	1.0	2.0	0.0			NS3:168V:AL_2a	glecaprevir	glecaprevir	drug_resistance	Abbvie	NS3/4A protease inhibitors	29084747	https://doi.org/10.1128/AAC.01620-17
NS3	1	168	V	REF_MASTER_NC_004102	NS3:168V	aminoAcidSimplePolymorphism	NS3:168V	single				phdr_ras:NS3:168V	NS3:168V	AL_2a	D168V	NS3:168V:AL_2a:paritaprevir	category_I	I	1.0	1.0	29.0	1.0	0.0	1.0	NS3:168V:AL_2a	paritaprevir	paritaprevir	drug_resistance	Abbvie	NS3/4A protease inhibitors	26392503;30485638	https://doi.org/10.1128/AAC.01953-15;https://doi.org/10.1111/hepr.13292
NS3	1	168	V	REF_MASTER_NC_004102	NS3:168V	aminoAcidSimplePolymorphism	NS3:168V	single				phdr_ras:NS3:168V	NS3:168V	AL_2b	D168V	NS3:168V:AL_2b:glecaprevir	insignificant	-	4.0	1.0	2.9	0.0			NS3:168V:AL_2b	glecaprevir	glecaprevir	drug_resistance	Abbvie	NS3/4A protease inhibitors	29084747	https://doi.org/10.1128/AAC.01620-17
NS3	1	168	V	REF_MASTER_NC_004102	NS3:168V	aminoAcidSimplePolymorphism	NS3:168V	single				phdr_ras:NS3:168V	NS3:168V	AL_3a	Q168V	NS3:168V:AL_3a:paritaprevir	insignificant	-	4.0	1.0	4.0	0.0			NS3:168V:AL_3a	paritaprevir	paritaprevir	drug_resistance	Abbvie	NS3/4A protease inhibitors	26392503	https://doi.org/10.1128/AAC.01953-15
NS3	1	168	V	REF_MASTER_NC_004102	NS3:168V	aminoAcidSimplePolymorphism	NS3:168V	single				phdr_ras:NS3:168V	NS3:168V	AL_4	D168V	NS3:168V:AL_4:grazoprevir	category_I	I	1.0	1.0	47.0	1.0	0.0	1.0	NS3:168V:AL_4	grazoprevir	grazoprevir	drug_resistance	Merck	NS3/4A protease inhibitors	27773808;28416549	https://doi.org/10.1053/j.gastro.2016.10.017;https://doi.org/10.1128/AAC.00363-17
NS3	1	168	V	REF_MASTER_NC_004102	NS3:168V	aminoAcidSimplePolymorphism	NS3:168V	single				phdr_ras:NS3:168V	NS3:168V	AL_4	D168V	NS3:168V:AL_4:paritaprevir	category_I	I	1.0	1.0	100.0	1.0	0.0	1.0	NS3:168V:AL_4	paritaprevir	paritaprevir	drug_resistance	Abbvie	NS3/4A protease inhibitors	29146520	https://doi.org/10.1053/j.gastro.2017.11.007
NS3	1	168	V	REF_MASTER_NC_004102	NS3:168V	aminoAcidSimplePolymorphism	NS3:168V	single				phdr_ras:NS3:168V	NS3:168V	AL_4a	D168V	NS3:168V:AL_4a:glecaprevir	category_III	III	3.0	1.0	9.7	0.0			NS3:168V:AL_4a	glecaprevir	glecaprevir	drug_resistance	Abbvie	NS3/4A protease inhibitors	29084747	https://doi.org/10.1128/AAC.01620-17
NS3	1	168	V	REF_MASTER_NC_004102	NS3:168V	aminoAcidSimplePolymorphism	NS3:168V	single				phdr_ras:NS3:168V	NS3:168V	AL_4a	D168V	NS3:168V:AL_4a:paritaprevir	category_II	II	2.0	1.0	313.0	0.0			NS3:168V:AL_4a	paritaprevir	paritaprevir	drug_resistance	Abbvie	NS3/4A protease inhibitors	26282418	https://doi.org/10.1128/AAC.01229-15
NS3	1	168	V	REF_MASTER_NC_004102	NS3:168V	aminoAcidSimplePolymorphism	NS3:168V	single				phdr_ras:NS3:168V	NS3:168V	AL_4a	D168V	NS3:168V:AL_4a:voxilaprevir	category_III	III	3.0	1.0	11.25	0.0			NS3:168V:AL_4a	voxilaprevir	voxilaprevir	drug_resistance	Gilead Sciences	NS3/4A protease inhibitors	AASLD_2017_Abs_1176	https://doi.org/10.1002/hep.29501
NS3	1	168	V	REF_MASTER_NC_004102	NS3:168V	aminoAcidSimplePolymorphism	NS3:168V	single				phdr_ras:NS3:168V	NS3:168V	AL_4d	D168V	NS3:168V:AL_4d:paritaprevir	category_I	I	1.0	1.0	313.0	1.0	0.0	1.0	NS3:168V:AL_4d	paritaprevir	paritaprevir	drug_resistance	Abbvie	NS3/4A protease inhibitors	26282418	https://doi.org/10.1128/AAC.01229-15
NS3	1	168	V	REF_MASTER_NC_004102	NS3:168V	aminoAcidSimplePolymorphism	NS3:168V	single				phdr_ras:NS3:168V	NS3:168V	AL_5a	D/E168V	NS3:168V:AL_5a:paritaprevir	category_II	II	2.0	1.0	254.0	0.0			NS3:168V:AL_5a	paritaprevir	paritaprevir	drug_resistance	Abbvie	NS3/4A protease inhibitors	26392503	https://doi.org/10.1128/AAC.01953-15
NS3	1	168	V	REF_MASTER_NC_004102	NS3:168V	aminoAcidSimplePolymorphism	NS3:168V	single				phdr_ras:NS3:168V	NS3:168V	AL_6a	D168V	NS3:168V:AL_6a:glecaprevir	category_III	III	3.0	1.0	38.0	0.0			NS3:168V:AL_6a	glecaprevir	glecaprevir	drug_resistance	Abbvie	NS3/4A protease inhibitors	29084747	https://doi.org/10.1128/AAC.01620-17
NS3	1	168	V	REF_MASTER_NC_004102	NS3:168V	aminoAcidSimplePolymorphism	NS3:168V	single				phdr_ras:NS3:168V	NS3:168V	AL_6a	D168V	NS3:168V:AL_6a:paritaprevir	category_II	II	2.0	1.0	165.0	0.0			NS3:168V:AL_6a	paritaprevir	paritaprevir	drug_resistance	Abbvie	NS3/4A protease inhibitors	26392503	https://doi.org/10.1128/AAC.01953-15
NS3	1	168	V	REF_MASTER_NC_004102	NS3:168V	aminoAcidSimplePolymorphism	NS3:56H+168V	combination	NS3:56H+168V	2.0	2.0	phdr_ras:NS3:56H+168V	NS3:56H+168V	AL_1b	F/Y56H+D168V	NS3:56H+168V:AL_1b:paritaprevir	category_II	II	2.0	1.0	2.0	1.0	0.0	1.0	NS3:56H+168V:AL_1b	paritaprevir	paritaprevir	drug_resistance	Abbvie	NS3/4A protease inhibitors	26643326	https://doi.org/10.1128/AAC.02606-15
NS3	1	168	V	REF_MASTER_NC_004102	NS3:168V	aminoAcidSimplePolymorphism	NS3:56H+168V	combination	NS3:56H+168V	2.0	2.0	phdr_ras:NS3:56H+168V	NS3:56H+168V	AL_4d	Y56H+D168V	NS3:56H+168V:AL_4d:paritaprevir	category_I	I	1.0	1.0	12.0	1.0	0.0	1.0	NS3:56H+168V:AL_4d	paritaprevir	paritaprevir	drug_resistance	Abbvie	NS3/4A protease inhibitors	26282418	https://doi.org/10.1128/AAC.01229-15
NS3	1	168	V	REF_MASTER_NC_004102	NS3:168V	aminoAcidSimplePolymorphism	NS3:56H+80K+155I+168V	combination	NS3:56H+80K+155I+168V	4.0	4.0	phdr_ras:NS3:56H+80K+155I+168V	NS3:56H+80K+155I+168V	AL_1a	Y56H+K/Q80K+R155I+D168V	NS3:56H+80K+155I+168V:AL_1a:grazoprevir	category_II	II	2.0	0.0		1.0	0.0	1.0	NS3:56H+80K+155I+168V:AL_1a	grazoprevir	grazoprevir	drug_resistance	Merck	NS3/4A protease inhibitors	27773808;27720838	https://doi.org/10.1053/j.gastro.2016.10.017;https://doi.org/10.1053/j.gastro.2016.09.045
NS3	1	168	V	REF_MASTER_NC_004102	NS3:168V	aminoAcidSimplePolymorphism	NS3:56H+80K+155R+168V	combination	NS3:56H+80K+155R+168V	4.0	4.0	phdr_ras:NS3:56H+80K+155R+168V	NS3:56H+80K+155R+168V	AL_1a	Y56H+K/Q80K+R155R+D168V	NS3:56H+80K+155R+168V:AL_1a:grazoprevir	category_II	II	2.0	0.0		1.0	0.0	1.0	NS3:56H+80K+155R+168V:AL_1a	grazoprevir	grazoprevir	drug_resistance	Merck	NS3/4A protease inhibitors	27720838	https://doi.org/10.1053/j.gastro.2016.09.045
NS3	1	168	Y	REF_MASTER_NC_004102	NS3:168Y	aminoAcidSimplePolymorphism	NS3:122N+168Y	combination	NS3:122N+168Y	2.0	2.0	phdr_ras:NS3:122N+168Y	NS3:122N+168Y	AL_1a	S122N+D168Y	NS3:122N+168Y:AL_1a:voxilaprevir	category_III	III	3.0	1.0	11.25	0.0			NS3:122N+168Y:AL_1a	voxilaprevir	voxilaprevir	drug_resistance	Gilead Sciences	NS3/4A protease inhibitors	AASLD_2017_Abs_1176	https://doi.org/10.1002/hep.29501
NS3	1	168	Y	REF_MASTER_NC_004102	NS3:168Y	aminoAcidSimplePolymorphism	NS3:168Y	single				phdr_ras:NS3:168Y	NS3:168Y	AL_1a	D168Y	NS3:168Y:AL_1a:grazoprevir	category_I	I	1.0	1.0	27.0	1.0	0.0	1.0	NS3:168Y:AL_1a	grazoprevir	grazoprevir	drug_resistance	Merck	NS3/4A protease inhibitors	27773808;28228479;26926625	https://doi.org/10.1053/j.gastro.2016.10.017;https://doi.org/10.1074/jbc.M116.772996;https://doi.org/10.1128/AAC.00051-16
NS3	1	168	Y	REF_MASTER_NC_004102	NS3:168Y	aminoAcidSimplePolymorphism	NS3:168Y	single				phdr_ras:NS3:168Y	NS3:168Y	AL_1a	D168Y	NS3:168Y:AL_1a:paritaprevir	category_I	I	1.0	1.0	219.0	1.0	0.0	1.0	NS3:168Y:AL_1a	paritaprevir	paritaprevir	drug_resistance	Abbvie	NS3/4A protease inhibitors	26100711;25451053	https://doi.org/10.1128/AAC.00998-15;https://doi.org/10.1128/AAC.04227-14
NS3	1	168	Y	REF_MASTER_NC_004102	NS3:168Y	aminoAcidSimplePolymorphism	NS3:168Y	single				phdr_ras:NS3:168Y	NS3:168Y	AL_1b	D168Y	NS3:168Y:AL_1b:paritaprevir	category_II	II	2.0	1.0	337.0	0.0			NS3:168Y:AL_1b	paritaprevir	paritaprevir	drug_resistance	Abbvie	NS3/4A protease inhibitors	25451053	https://doi.org/10.1128/AAC.04227-14
NS3	1	168	Y	REF_MASTER_NC_004102	NS3:168Y	aminoAcidSimplePolymorphism	NS3:168Y	single				phdr_ras:NS3:168Y	NS3:168Y	AL_1b	D168Y	NS3:168Y:AL_1b:voxilaprevir	category_III	III	3.0	1.0	11.25	0.0			NS3:168Y:AL_1b	voxilaprevir	voxilaprevir	drug_resistance	Gilead Sciences	NS3/4A protease inhibitors	AASLD_2017_Abs_1176	https://doi.org/10.1002/hep.29501
NS3	1	168	Y	REF_MASTER_NC_004102	NS3:168Y	aminoAcidSimplePolymorphism	NS3:168Y	single				phdr_ras:NS3:168Y	NS3:168Y	AL_2	D168Y	NS3:168Y:AL_2:paritaprevir	category_II	II	2.0	0.0		1.0	0.0	1.0	NS3:168Y:AL_2	paritaprevir	paritaprevir	drug_resistance	Abbvie	NS3/4A protease inhibitors	25644279	https://doi.org/10.1002/hep.27705
NS3	1	168	Y	REF_MASTER_NC_004102	NS3:168Y	aminoAcidSimplePolymorphism	NS3:168Y	single				phdr_ras:NS3:168Y	NS3:168Y	AL_4	D168Y	NS3:168Y:AL_4:grazoprevir	category_II	II	2.0	0.0		1.0	0.0	1.0	NS3:168Y:AL_4	grazoprevir	grazoprevir	drug_resistance	Merck	NS3/4A protease inhibitors	27773808	https://doi.org/10.1053/j.gastro.2016.10.017
NS3	1	168	Y	REF_MASTER_NC_004102	NS3:168Y	aminoAcidSimplePolymorphism	NS3:168Y	single				phdr_ras:NS3:168Y	NS3:168Y	AL_5a	D/E168Y	NS3:168Y:AL_5a:voxilaprevir	category_III	III	3.0	1.0	11.25	0.0			NS3:168Y:AL_5a	voxilaprevir	voxilaprevir	drug_resistance	Gilead Sciences	NS3/4A protease inhibitors	AASLD_2017_Abs_1176	https://doi.org/10.1002/hep.29501
NS3	1	168	Y	REF_MASTER_NC_004102	NS3:168Y	aminoAcidSimplePolymorphism	NS3:168Y+41R	combination	NS3:168Y+41R	2.0	1.0	phdr_ras:NS3:168Y+41R	NS3:168Y+41R	AL_6a	D168Y+Q41R	NS3:168Y+41R:AL_6a:voxilaprevir	category_III	III	3.0	1.0	11.25	0.0			NS3:168Y+41R:AL_6a	voxilaprevir	voxilaprevir	drug_resistance	Gilead Sciences	NS3/4A protease inhibitors	AASLD_2017_Abs_1176	https://doi.org/10.1002/hep.29501
NS3	1	168	Y	REF_MASTER_NC_004102	NS3:168Y	aminoAcidSimplePolymorphism	NS3:41K+43L+80K+168Y	combination	NS3:41K+43L+80K+168Y	4.0	4.0	phdr_ras:NS3:41K+43L+80K+168Y	NS3:41K+43L+80K+168Y	AL_1a	Q41K+F43L+K/Q80K+D168Y	NS3:41K+43L+80K+168Y:AL_1a:voxilaprevir	category_II	II	2.0	1.0	232.7	0.0			NS3:41K+43L+80K+168Y:AL_1a	voxilaprevir	voxilaprevir	drug_resistance	Gilead Sciences	NS3/4A protease inhibitors	AASLD_2017_Abs_1176	https://doi.org/10.1002/hep.29501
NS3	1	168	Y	REF_MASTER_NC_004102	NS3:168Y	aminoAcidSimplePolymorphism	NS3:56H+168Y	combination	NS3:56H+168Y	2.0	2.0	phdr_ras:NS3:56H+168Y	NS3:56H+168Y	AL_1a	Y56H+D168Y	NS3:56H+168Y:AL_1a:paritaprevir	category_II	II	2.0	0.0		1.0	0.0	1.0	NS3:56H+168Y:AL_1a	paritaprevir	paritaprevir	drug_resistance	Abbvie	NS3/4A protease inhibitors	26100711	https://doi.org/10.1128/AAC.00998-15
NS3	1	168	Y	REF_MASTER_NC_004102	NS3:168Y	aminoAcidSimplePolymorphism	NS3:56H+168Y	combination	NS3:56H+168Y	2.0	2.0	phdr_ras:NS3:56H+168Y	NS3:56H+168Y	AL_1b	F/Y56H+D168Y	NS3:56H+168Y:AL_1b:paritaprevir	category_II	II	2.0	0.0		1.0	0.0	1.0	NS3:56H+168Y:AL_1b	paritaprevir	paritaprevir	drug_resistance	Abbvie	NS3/4A protease inhibitors	26170136	https://doi.org/10.1053/j.gastro.2015.07.001
NS3	1	168	Y	REF_MASTER_NC_004102	NS3:168Y	aminoAcidSimplePolymorphism	NS3:80K+122G+168Y	combination	NS3:80K+122G+168Y	3.0	3.0	phdr_ras:NS3:80K+122G+168Y	NS3:80K+122G+168Y	AL_1a	K/Q80K+S122G+D168Y	NS3:80K+122G+168Y:AL_1a:grazoprevir	category_II	II	2.0	0.0		1.0	0.0	1.0	NS3:80K+122G+168Y:AL_1a	grazoprevir	grazoprevir	drug_resistance	Merck	NS3/4A protease inhibitors	27773808;25467591	https://doi.org/10.1053/j.gastro.2016.10.017;https://doi.org/10.1016/S0140-6736(14)61795-5
NS3	1	168	Y	REF_MASTER_NC_004102	NS3:168Y	aminoAcidSimplePolymorphism	NS3:80K+168Y	combination	NS3:80K+168Y	2.0	2.0	phdr_ras:NS3:80K+168Y	NS3:80K+168Y	AL_1a	K/Q80K+D168Y	NS3:80K+168Y:AL_1a:grazoprevir	category_II	II	2.0	0.0		1.0	0.0	1.0	NS3:80K+168Y:AL_1a	grazoprevir	grazoprevir	drug_resistance	Merck	NS3/4A protease inhibitors	27720838;30127629	https://doi.org/10.1053/j.gastro.2016.09.045;https://doi.org/10.2147/IDR.S156581
NS3	1	168	Y	REF_MASTER_NC_004102	NS3:168Y	aminoAcidSimplePolymorphism	NS3:80K+168Y	combination	NS3:80K+168Y	2.0	2.0	phdr_ras:NS3:80K+168Y	NS3:80K+168Y	AL_1a	K/Q80K+D168Y	NS3:80K+168Y:AL_1a:voxilaprevir	category_II	II	2.0	1.0	116.5	0.0			NS3:80K+168Y:AL_1a	voxilaprevir	voxilaprevir	drug_resistance	Gilead Sciences	NS3/4A protease inhibitors	AASLD_2017_Abs_1176	https://doi.org/10.1002/hep.29501
NS3	1	170	A	REF_MASTER_NC_004102	NS3:170A	aminoAcidSimplePolymorphism	NS3:170A	single				phdr_ras:NS3:170A	NS3:170A	AL_1b	I/V170A	NS3:170A:AL_1b:voxilaprevir	category_III	III	3.0	1.0	5.7	0.0			NS3:170A:AL_1b	voxilaprevir	voxilaprevir	drug_resistance	Gilead Sciences	NS3/4A protease inhibitors	AASLD_2015_Abs_718	https://www.aasld.org/sites/default/files/2015SupplementFULLTEXT.pdf
NS3	1	170	I	REF_MASTER_NC_004102	NS3:170I	aminoAcidSimplePolymorphism	NS3:122T+170I	combination	NS3:122T+170I	2.0	2.0	phdr_ras:NS3:122T+170I	NS3:122T+170I	AL_1b	S122T+I/V170I	NS3:122T+170I:AL_1b:grazoprevir	category_II	II	2.0	0.0		1.0	1.0	0.0	NS3:122T+170I:AL_1b	grazoprevir	grazoprevir	drug_resistance	Merck	NS3/4A protease inhibitors	30127629	https://doi.org/10.2147/IDR.S156581
NS3	1	170	I	REF_MASTER_NC_004102	NS3:170I	aminoAcidSimplePolymorphism	NS3:132I+170I	combination	NS3:132I+170I	2.0	2.0	phdr_ras:NS3:132I+170I	NS3:132I+170I	AL_3	L132I+I/V170I	NS3:132I+170I:AL_3:grazoprevir	category_II	II	2.0	0.0		1.0	1.0	0.0	NS3:132I+170I:AL_3	grazoprevir	grazoprevir	drug_resistance	Merck	NS3/4A protease inhibitors	25467591	https://doi.org/10.1016/S0140-6736(14)61795-5
NS3	1	170	I	REF_MASTER_NC_004102	NS3:170I	aminoAcidSimplePolymorphism	NS3:156G+170I	combination	NS3:156G+170I	2.0	2.0	phdr_ras:NS3:156G+170I	NS3:156G+170I	AL_3	A156G+I/V170I	NS3:156G+170I:AL_3:grazoprevir	category_II	II	2.0	0.0		1.0	0.0	1.0	NS3:156G+170I:AL_3	grazoprevir	grazoprevir	drug_resistance	Merck	NS3/4A protease inhibitors	25467591	https://doi.org/10.1016/S0140-6736(14)61795-5
NS3	1	170	I	REF_MASTER_NC_004102	NS3:170I	aminoAcidSimplePolymorphism	NS3:156M+168A+170I	combination	NS3:156M+168A+170I	3.0	3.0	phdr_ras:NS3:156M+168A+170I	NS3:156M+168A+170I	AL_4a	A156M+D168A+V170I	NS3:156M+168A+170I:AL_4a:grazoprevir	category_II	II	2.0	0.0		1.0	0.0	1.0	NS3:156M+168A+170I:AL_4a	grazoprevir	grazoprevir	drug_resistance	Merck	NS3/4A protease inhibitors	28193518	https://doi.org/10.1053/j.gastro.2017.01.050
NS3	1	170	I	REF_MASTER_NC_004102	NS3:170I	aminoAcidSimplePolymorphism	NS3:156M+168G+170I	combination	NS3:156M+168G+170I	3.0	3.0	phdr_ras:NS3:156M+168G+170I	NS3:156M+168G+170I	AL_4a	A156M+D168G+V170I	NS3:156M+168G+170I:AL_4a:grazoprevir	category_II	II	2.0	0.0		1.0	0.0	1.0	NS3:156M+168G+170I:AL_4a	grazoprevir	grazoprevir	drug_resistance	Merck	NS3/4A protease inhibitors	28193518	https://doi.org/10.1053/j.gastro.2017.01.050
NS3	1	170	I	REF_MASTER_NC_004102	NS3:170I	aminoAcidSimplePolymorphism	NS3:156T+168A+170I	combination	NS3:156T+168A+170I	3.0	3.0	phdr_ras:NS3:156T+168A+170I	NS3:156T+168A+170I	AL_4a	A156T+D168A+V170I	NS3:156T+168A+170I:AL_4a:grazoprevir	category_II	II	2.0	0.0		1.0	0.0	1.0	NS3:156T+168A+170I:AL_4a	grazoprevir	grazoprevir	drug_resistance	Merck	NS3/4A protease inhibitors	28193518	https://doi.org/10.1053/j.gastro.2017.01.050
NS3	1	170	I	REF_MASTER_NC_004102	NS3:170I	aminoAcidSimplePolymorphism	NS3:156T+168G+170I	combination	NS3:156T+168G+170I	3.0	3.0	phdr_ras:NS3:156T+168G+170I	NS3:156T+168G+170I	AL_4a	A156T+D168G+V170I	NS3:156T+168G+170I:AL_4a:grazoprevir	category_II	II	2.0	0.0		1.0	0.0	1.0	NS3:156T+168G+170I:AL_4a	grazoprevir	grazoprevir	drug_resistance	Merck	NS3/4A protease inhibitors	28193518	https://doi.org/10.1053/j.gastro.2017.01.050
NS3	1	170	I	REF_MASTER_NC_004102	NS3:170I	aminoAcidSimplePolymorphism	NS3:156T+170I	combination	NS3:156T+170I	2.0	2.0	phdr_ras:NS3:156T+170I	NS3:156T+170I	AL_1a	A156T+I170I	NS3:156T+170I:AL_1a:grazoprevir	category_II	II	2.0	0.0		1.0	0.0	1.0	NS3:156T+170I:AL_1a	grazoprevir	grazoprevir	drug_resistance	Merck	NS3/4A protease inhibitors	27720838	https://doi.org/10.1053/j.gastro.2016.09.045
NS3	1	170	I	REF_MASTER_NC_004102	NS3:170I	aminoAcidSimplePolymorphism	NS3:156V+168A+170I	combination	NS3:156V+168A+170I	3.0	3.0	phdr_ras:NS3:156V+168A+170I	NS3:156V+168A+170I	AL_4a	A156V+D168A+V170I	NS3:156V+168A+170I:AL_4a:grazoprevir	category_II	II	2.0	0.0		1.0	0.0	1.0	NS3:156V+168A+170I:AL_4a	grazoprevir	grazoprevir	drug_resistance	Merck	NS3/4A protease inhibitors	28193518	https://doi.org/10.1053/j.gastro.2017.01.050
NS3	1	170	I	REF_MASTER_NC_004102	NS3:170I	aminoAcidSimplePolymorphism	NS3:156V+168G+170I	combination	NS3:156V+168G+170I	3.0	3.0	phdr_ras:NS3:156V+168G+170I	NS3:156V+168G+170I	AL_4a	A156V+D168G+V170I	NS3:156V+168G+170I:AL_4a:grazoprevir	category_II	II	2.0	0.0		1.0	0.0	1.0	NS3:156V+168G+170I:AL_4a	grazoprevir	grazoprevir	drug_resistance	Merck	NS3/4A protease inhibitors	28193518	https://doi.org/10.1053/j.gastro.2017.01.050
NS3	1	170	I	REF_MASTER_NC_004102	NS3:170I	aminoAcidSimplePolymorphism	NS3:168R+170I	combination	NS3:168R+170I	2.0	2.0	phdr_ras:NS3:168R+170I	NS3:168R+170I	AL_3	Q168R+I/V170I	NS3:168R+170I:AL_3:grazoprevir	category_II	II	2.0	0.0		1.0	1.0	0.0	NS3:168R+170I:AL_3	grazoprevir	grazoprevir	drug_resistance	Merck	NS3/4A protease inhibitors	25467591	https://doi.org/10.1016/S0140-6736(14)61795-5
NS3	1	170	I	REF_MASTER_NC_004102	NS3:170I	aminoAcidSimplePolymorphism	NS3:170I	single				phdr_ras:NS3:170I	NS3:170I	AL_4	V170I	NS3:170I:AL_4:grazoprevir	category_II	II	2.0	0.0		1.0	0.0	1.0	NS3:170I:AL_4	grazoprevir	grazoprevir	drug_resistance	Merck	NS3/4A protease inhibitors	27773808	https://doi.org/10.1053/j.gastro.2016.10.017
NS3	1	170	I	REF_MASTER_NC_004102	NS3:170I	aminoAcidSimplePolymorphism	NS3:41R+170I	combination	NS3:41R+170I	2.0	2.0	phdr_ras:NS3:41R+170I	NS3:41R+170I	AL_3a	Q41R+I/V170I	NS3:41R+170I:AL_3a:voxilaprevir	category_III	III	3.0	1.0	11.25	0.0			NS3:41R+170I:AL_3a	voxilaprevir	voxilaprevir	drug_resistance	Gilead Sciences	NS3/4A protease inhibitors	AASLD_2017_Abs_1176	https://doi.org/10.1002/hep.29501
NS3	1	170	I	REF_MASTER_NC_004102	NS3:170I	aminoAcidSimplePolymorphism	NS3:54S+56F+80L+156T+170I	combination	NS3:54S+56F+80L+156T+170I	5.0	5.0	phdr_ras:NS3:54S+56F+80L+156T+170I	NS3:54S+56F+80L+156T+170I	AL_1b	T54S+F/Y56F+Q80L+A156T+I/V170I	NS3:54S+56F+80L+156T+170I:AL_1b:grazoprevir	category_II	II	2.0	0.0		1.0	0.0	1.0	NS3:54S+56F+80L+156T+170I:AL_1b	grazoprevir	grazoprevir	drug_resistance	Merck	NS3/4A protease inhibitors	28193518	https://doi.org/10.1053/j.gastro.2017.01.050
NS3	1	170	I	REF_MASTER_NC_004102	NS3:170I	aminoAcidSimplePolymorphism	NS3:56F+122N+170I	combination	NS3:56F+122N+170I	3.0	3.0	phdr_ras:NS3:56F+122N+170I	NS3:56F+122N+170I	AL_1b	F/Y56F+S122N+I/V170I	NS3:56F+122N+170I:AL_1b:voxilaprevir	insignificant	-	4.0	1.0	3.3	0.0			NS3:56F+122N+170I:AL_1b	voxilaprevir	voxilaprevir	drug_resistance	Gilead Sciences	NS3/4A protease inhibitors	AASLD_2017_Abs_1176	https://doi.org/10.1002/hep.29501
NS3	1	170	I	REF_MASTER_NC_004102	NS3:170I	aminoAcidSimplePolymorphism	NS3:56F+168E+170I	combination	NS3:56F+168E+170I	3.0	3.0	phdr_ras:NS3:56F+168E+170I	NS3:56F+168E+170I	AL_1b	F/Y56F+D168E+I/V170I	NS3:56F+168E+170I:AL_1b:grazoprevir	category_II	II	2.0	0.0		1.0	0.0	1.0	NS3:56F+168E+170I:AL_1b	grazoprevir	grazoprevir	drug_resistance	Merck	NS3/4A protease inhibitors	30127629	https://doi.org/10.2147/IDR.S156581
NS3	1	170	I	REF_MASTER_NC_004102	NS3:170I	aminoAcidSimplePolymorphism	NS3:56F+170I	combination	NS3:56F+170I	2.0	2.0	phdr_ras:NS3:56F+170I	NS3:56F+170I	AL_1b	F/Y56F+I/V170I	NS3:56F+170I:AL_1b:grazoprevir	category_II	II	2.0	0.0		1.0	1.0	0.0	NS3:56F+170I:AL_1b	grazoprevir	grazoprevir	drug_resistance	Merck	NS3/4A protease inhibitors	30127629	https://doi.org/10.2147/IDR.S156581
NS3	1	170	I	REF_MASTER_NC_004102	NS3:170I	aminoAcidSimplePolymorphism	NS3:56H+168K+170I	combination	NS3:56H+168K+170I	3.0	3.0	phdr_ras:NS3:56H+168K+170I	NS3:56H+168K+170I	AL_3	Y56H+Q168K+I/V170I	NS3:56H+168K+170I:AL_3:grazoprevir	category_II	II	2.0	0.0		1.0	0.0	1.0	NS3:56H+168K+170I:AL_3	grazoprevir	grazoprevir	drug_resistance	Merck	NS3/4A protease inhibitors	25467591	https://doi.org/10.1016/S0140-6736(14)61795-5
NS3	1	170	I	REF_MASTER_NC_004102	NS3:170I	aminoAcidSimplePolymorphism	NS3:56H+168Q+170I	combination	NS3:56H+168Q+170I	3.0	3.0	phdr_ras:NS3:56H+168Q+170I	NS3:56H+168Q+170I	AL_3	Y56H+Q168Q+I/V170I	NS3:56H+168Q+170I:AL_3:grazoprevir	category_II	II	2.0	0.0		1.0	0.0	1.0	NS3:56H+168Q+170I:AL_3	grazoprevir	grazoprevir	drug_resistance	Merck	NS3/4A protease inhibitors	25467591	https://doi.org/10.1016/S0140-6736(14)61795-5
NS3	1	170	I	REF_MASTER_NC_004102	NS3:170I	aminoAcidSimplePolymorphism	NS3:56Y+168K+170I	combination	NS3:56Y+168K+170I	3.0	3.0	phdr_ras:NS3:56Y+168K+170I	NS3:56Y+168K+170I	AL_3	Y56Y+Q168K+I/V170I	NS3:56Y+168K+170I:AL_3:grazoprevir	category_II	II	2.0	0.0		1.0	0.0	1.0	NS3:56Y+168K+170I:AL_3	grazoprevir	grazoprevir	drug_resistance	Merck	NS3/4A protease inhibitors	25467591	https://doi.org/10.1016/S0140-6736(14)61795-5
NS3	1	170	I	REF_MASTER_NC_004102	NS3:170I	aminoAcidSimplePolymorphism	NS3:56Y+168Q+170I	combination	NS3:56Y+168Q+170I	3.0	3.0	phdr_ras:NS3:56Y+168Q+170I	NS3:56Y+168Q+170I	AL_3	Y56Y+Q168Q+I/V170I	NS3:56Y+168Q+170I:AL_3:grazoprevir	category_II	II	2.0	0.0		1.0	0.0	1.0	NS3:56Y+168Q+170I:AL_3	grazoprevir	grazoprevir	drug_resistance	Merck	NS3/4A protease inhibitors	25467591	https://doi.org/10.1016/S0140-6736(14)61795-5
NS3	1	170	I	REF_MASTER_NC_004102	NS3:170I	aminoAcidSimplePolymorphism	NS3:80K+156G+170I	combination	NS3:80K+156G+170I	3.0	3.0	phdr_ras:NS3:80K+156G+170I	NS3:80K+156G+170I	AL_3	Q80K+A156G+I/V170I	NS3:80K+156G+170I:AL_3:grazoprevir	category_II	II	2.0	0.0		1.0	0.0	1.0	NS3:80K+156G+170I:AL_3	grazoprevir	grazoprevir	drug_resistance	Merck	NS3/4A protease inhibitors	25467591	https://doi.org/10.1016/S0140-6736(14)61795-5
NS3	1	170	I	REF_MASTER_NC_004102	NS3:170I	aminoAcidSimplePolymorphism	NS3:80K+170I	combination	NS3:80K+170I	2.0	2.0	phdr_ras:NS3:80K+170I	NS3:80K+170I	AL_3	Q80K+I/V170I	NS3:80K+170I:AL_3:grazoprevir	category_II	II	2.0	0.0		1.0	0.0	1.0	NS3:80K+170I:AL_3	grazoprevir	grazoprevir	drug_resistance	Merck	NS3/4A protease inhibitors	25467591	https://doi.org/10.1016/S0140-6736(14)61795-5
NS3	1	170	I	REF_MASTER_NC_004102	NS3:170I	aminoAcidSimplePolymorphism	NS3:80R+132I+170I	combination	NS3:80R+132I+170I	3.0	3.0	phdr_ras:NS3:80R+132I+170I	NS3:80R+132I+170I	AL_3	Q80R+L132I+I/V170I	NS3:80R+132I+170I:AL_3:grazoprevir	category_II	II	2.0	0.0		1.0	0.0	1.0	NS3:80R+132I+170I:AL_3	grazoprevir	grazoprevir	drug_resistance	Merck	NS3/4A protease inhibitors	25467591	https://doi.org/10.1016/S0140-6736(14)61795-5
NS3	1	170	T	REF_MASTER_NC_004102	NS3:170T	aminoAcidSimplePolymorphism	NS3:168A+170T	combination	NS3:168A+170T	2.0	2.0	phdr_ras:NS3:168A+170T	NS3:168A+170T	AL_1a	D168A+I170T	NS3:168A+170T:AL_1a:voxilaprevir	category_III	III	3.0	1.0	11.25	0.0			NS3:168A+170T:AL_1a	voxilaprevir	voxilaprevir	drug_resistance	Gilead Sciences	NS3/4A protease inhibitors	AASLD_2017_Abs_1176	https://doi.org/10.1002/hep.29501
NS3	1	170	T	REF_MASTER_NC_004102	NS3:170T	aminoAcidSimplePolymorphism	NS3:170T	single				phdr_ras:NS3:170T	NS3:170T	AL_1a	I170T	NS3:170T:AL_1a:grazoprevir	insignificant	-	4.0	1.0	2.3	0.0			NS3:170T:AL_1a	grazoprevir	grazoprevir	drug_resistance	Merck	NS3/4A protease inhibitors	28228479;25266289;26926625	https://doi.org/10.1074/jbc.M116.772996;https://doi.org/10.1093/cid/ciu696;https://doi.org/10.1128/AAC.00051-16
NS3	1	170	T	REF_MASTER_NC_004102	NS3:170T	aminoAcidSimplePolymorphism	NS3:170T	single				phdr_ras:NS3:170T	NS3:170T	AL_1b	I/V170T	NS3:170T:AL_1b:grazoprevir	insignificant	-	4.0	1.0	1.0	0.0			NS3:170T:AL_1b	grazoprevir	grazoprevir	drug_resistance	Merck	NS3/4A protease inhibitors	25266289	https://doi.org/10.1093/cid/ciu696
NS3	1	170	V	REF_MASTER_NC_004102	NS3:170V	aminoAcidSimplePolymorphism	NS3:122G+155K+170V	combination	NS3:122G+155K+170V	3.0	3.0	phdr_ras:NS3:122G+155K+170V	NS3:122G+155K+170V	AL_1a	S122G+R155K+I170V	NS3:122G+155K+170V:AL_1a:voxilaprevir	category_III	III	3.0	1.0	5.2	0.0			NS3:122G+155K+170V:AL_1a	voxilaprevir	voxilaprevir	drug_resistance	Gilead Sciences	NS3/4A protease inhibitors	AASLD_2017_Abs_1176	https://doi.org/10.1002/hep.29501
NS3	1	170	V	REF_MASTER_NC_004102	NS3:170V	aminoAcidSimplePolymorphism	NS3:170V	single				phdr_ras:NS3:170V	NS3:170V	AL_1a	I170V	NS3:170V:AL_1a:grazoprevir	category_II	II	2.0	0.0		1.0	1.0	0.0	NS3:170V:AL_1a	grazoprevir	grazoprevir	drug_resistance	Merck	NS3/4A protease inhibitors	27773808;27720838;30127629	https://doi.org/10.1053/j.gastro.2016.10.017;https://doi.org/10.1053/j.gastro.2016.09.045;https://doi.org/10.2147/IDR.S156581
NS3	1	170	V	REF_MASTER_NC_004102	NS3:170V	aminoAcidSimplePolymorphism	NS3:36M+155K+170V	combination	NS3:36M+155K+170V	3.0	3.0	phdr_ras:NS3:36M+155K+170V	NS3:36M+155K+170V	AL_1a	V36M+R155K+I170V	NS3:36M+155K+170V:AL_1a:voxilaprevir	insignificant	-	4.0	1.0	3.6	0.0			NS3:36M+155K+170V:AL_1a	voxilaprevir	voxilaprevir	drug_resistance	Gilead Sciences	NS3/4A protease inhibitors	AASLD_2017_Abs_1176	https://doi.org/10.1002/hep.29501
NS3	1	170	V	REF_MASTER_NC_004102	NS3:170V	aminoAcidSimplePolymorphism	NS3:54S+55I+122G+155K+170V	combination	NS3:54S+55I+122G+155K+170V	5.0	5.0	phdr_ras:NS3:54S+55I+122G+155K+170V	NS3:54S+55I+122G+155K+170V	AL_1a	T54S+V55I+S122G+R155K+I170V	NS3:54S+55I+122G+155K+170V:AL_1a:voxilaprevir	insignificant	-	4.0	1.0	4.1	0.0			NS3:54S+55I+122G+155K+170V:AL_1a	voxilaprevir	voxilaprevir	drug_resistance	Gilead Sciences	NS3/4A protease inhibitors	AASLD_2017_Abs_1176	https://doi.org/10.1002/hep.29501
NS3	1	170	V	REF_MASTER_NC_004102	NS3:170V	aminoAcidSimplePolymorphism	NS3:54S+56H+170V	combination	NS3:54S+56H+170V	3.0	3.0	phdr_ras:NS3:54S+56H+170V	NS3:54S+56H+170V	AL_1a	T54S+Y56H+I170V	NS3:54S+56H+170V:AL_1a:voxilaprevir	category_III	III	3.0	1.0	11.1	0.0			NS3:54S+56H+170V:AL_1a	voxilaprevir	voxilaprevir	drug_resistance	Gilead Sciences	NS3/4A protease inhibitors	AASLD_2017_Abs_1176	https://doi.org/10.1002/hep.29501
NS3	1	170	V	REF_MASTER_NC_004102	NS3:170V	aminoAcidSimplePolymorphism	NS3:55A+80R+168E+170V	combination	NS3:55A+80R+168E+170V	4.0	4.0	phdr_ras:NS3:55A+80R+168E+170V	NS3:55A+80R+168E+170V	AL_1a	V55A+K/Q80R+D168E+I170V	NS3:55A+80R+168E+170V:AL_1a:voxilaprevir	insignificant	-	4.0	1.0	4.9	0.0			NS3:55A+80R+168E+170V:AL_1a	voxilaprevir	voxilaprevir	drug_resistance	Gilead Sciences	NS3/4A protease inhibitors	AASLD_2017_Abs_1176	https://doi.org/10.1002/hep.29501
NS3	1	170	V	REF_MASTER_NC_004102	NS3:170V	aminoAcidSimplePolymorphism	NS3:71A+170V	combination	NS3:71A+170V	2.0	2.0	phdr_ras:NS3:71A+170V	NS3:71A+170V	AL_1a	V71A+I170V	NS3:71A+170V:AL_1a:glecaprevir	insignificant	-	4.0	1.0	3.3	0.0			NS3:71A+170V:AL_1a	glecaprevir	glecaprevir	drug_resistance	Abbvie	NS3/4A protease inhibitors	29084747	https://doi.org/10.1128/AAC.01620-17
NS3	1	170	V	REF_MASTER_NC_004102	NS3:170V	aminoAcidSimplePolymorphism	NS3:80K+168E+170V	combination	NS3:80K+168E+170V	3.0	3.0	phdr_ras:NS3:80K+168E+170V	NS3:80K+168E+170V	AL_1a	K/Q80K+D168E+I170V	NS3:80K+168E+170V:AL_1a:voxilaprevir	category_III	III	3.0	1.0	8.0	0.0			NS3:80K+168E+170V:AL_1a	voxilaprevir	voxilaprevir	drug_resistance	Gilead Sciences	NS3/4A protease inhibitors	AASLD_2017_Abs_1176	https://doi.org/10.1002/hep.29501
NS3	1	175	M	REF_MASTER_NC_004102	NS3:175M	aminoAcidSimplePolymorphism	NS3:175M	single				phdr_ras:NS3:175M	NS3:175M	AL_3a	L175M	NS3:175M:AL_3a:voxilaprevir	category_III	III	3.0	1.0	11.25	0.0			NS3:175M:AL_3a	voxilaprevir	voxilaprevir	drug_resistance	Gilead Sciences	NS3/4A protease inhibitors	AASLD_2017_Abs_1176	https://doi.org/10.1002/hep.29501
NS3	1	177	V	REF_MASTER_NC_004102	NS3:177V	aminoAcidSimplePolymorphism	NS3:156S+177V	combination	NS3:156S+177V	2.0	2.0	phdr_ras:NS3:156S+177V	NS3:156S+177V	AL_2a	A156S+I/V177V	NS3:156S+177V:AL_2a:paritaprevir	insignificant	-	4.0	1.0	2.0	0.0			NS3:156S+177V:AL_2a	paritaprevir	paritaprevir	drug_resistance	Abbvie	NS3/4A protease inhibitors	27021330	https://doi.org/10.1128/AAC.02929-15
NS3	1	177	V	REF_MASTER_NC_004102	NS3:177V	aminoAcidSimplePolymorphism	NS3:177V	single				phdr_ras:NS3:177V	NS3:177V	AL_2a	I/V177V	NS3:177V:AL_2a:paritaprevir	insignificant	-	4.0	1.0	2.0	0.0			NS3:177V:AL_2a	paritaprevir	paritaprevir	drug_resistance	Abbvie	NS3/4A protease inhibitors	27021330	https://doi.org/10.1128/AAC.02929-15
NS3	1	177	V	REF_MASTER_NC_004102	NS3:177V	aminoAcidSimplePolymorphism	NS3:54S+156S+177V	combination	NS3:54S+156S+177V	3.0	3.0	phdr_ras:NS3:54S+156S+177V	NS3:54S+156S+177V	AL_2a	T54S+A156S+I/V177V	NS3:54S+156S+177V:AL_2a:paritaprevir	insignificant	-	4.0	1.0	3.7	0.0			NS3:54S+156S+177V:AL_2a	paritaprevir	paritaprevir	drug_resistance	Abbvie	NS3/4A protease inhibitors	27021330	https://doi.org/10.1128/AAC.02929-15
NS3	1	179	T	REF_MASTER_NC_004102	NS3:179T	aminoAcidSimplePolymorphism	NS3:168H+179T	combination	NS3:168H+179T	2.0	2.0	phdr_ras:NS3:168H+179T	NS3:168H+179T	AL_6a	D168H+M179T	NS3:168H+179T:AL_6a:glecaprevir	category_II	II	2.0	1.0	153.0	0.0			NS3:168H+179T:AL_6a	glecaprevir	glecaprevir	drug_resistance	Abbvie	NS3/4A protease inhibitors	29084747	https://doi.org/10.1128/AAC.01620-17
NS3	1	179	T	REF_MASTER_NC_004102	NS3:179T	aminoAcidSimplePolymorphism	NS3:179T	single				phdr_ras:NS3:179T	NS3:179T															drug_resistance				
NS3	1	18	V	REF_MASTER_NC_004102	NS3:18V	aminoAcidSimplePolymorphism	NS3:18V	single				phdr_ras:NS3:18V	NS3:18V															drug_resistance				
NS3	1	18	V	REF_MASTER_NC_004102	NS3:18V	aminoAcidSimplePolymorphism	NS3:18V+155K	combination	NS3:18V+155K	2.0	1.0	phdr_ras:NS3:18V+155K	NS3:18V+155K	AL_5a	I/V18V+R155K	NS3:18V+155K:AL_5a:paritaprevir	category_III	III	3.0	1.0	14.1	0.0			NS3:18V+155K:AL_5a	paritaprevir	paritaprevir	drug_resistance	Abbvie	NS3/4A protease inhibitors	27021330	https://doi.org/10.1128/AAC.02929-15
NS3	1	180	V	REF_MASTER_NC_004102	NS3:180V	aminoAcidSimplePolymorphism	NS3:180V	single				phdr_ras:NS3:180V	NS3:180V															drug_resistance				
NS3	1	180	V	REF_MASTER_NC_004102	NS3:180V	aminoAcidSimplePolymorphism	NS3:54S+122G+155K+180V	combination	NS3:54S+122G+155K+180V	4.0	4.0	phdr_ras:NS3:54S+122G+155K+180V	NS3:54S+122G+155K+180V	AL_1a	T54S+S122G+R155K+R180V	NS3:54S+122G+155K+180V:AL_1a:voxilaprevir	category_III	III	3.0	1.0	9.2	0.0			NS3:54S+122G+155K+180V:AL_1a	voxilaprevir	voxilaprevir	drug_resistance	Gilead Sciences	NS3/4A protease inhibitors	AASLD_2017_Abs_1176	https://doi.org/10.1002/hep.29501
NS3	1	30	V	REF_MASTER_NC_004102	NS3:30V	aminoAcidSimplePolymorphism	NS3:30V	single				phdr_ras:NS3:30V	NS3:30V															drug_resistance				
NS3	1	30	V	REF_MASTER_NC_004102	NS3:30V	aminoAcidSimplePolymorphism	NS3:30V+156S	combination	NS3:30V+156S	2.0	1.0	phdr_ras:NS3:30V+156S	NS3:30V+156S	AL_5a	E30V+A156S	NS3:30V+156S:AL_5a:paritaprevir	category_III	III	3.0	1.0	5.7	0.0			NS3:30V+156S:AL_5a	paritaprevir	paritaprevir	drug_resistance	Abbvie	NS3/4A protease inhibitors	27021330	https://doi.org/10.1128/AAC.02929-15
NS3	1	36	A	REF_MASTER_NC_004102	NS3:36A	aminoAcidSimplePolymorphism	NS3:36A	single				phdr_ras:NS3:36A	NS3:36A	AL_1a	V36A	NS3:36A:AL_1a:grazoprevir	insignificant	-	4.0	1.0	1.7	0.0			NS3:36A:AL_1a	grazoprevir	grazoprevir	drug_resistance	Merck	NS3/4A protease inhibitors	25266289;26926625	https://doi.org/10.1093/cid/ciu696;https://doi.org/10.1128/AAC.00051-16
NS3	1	36	A	REF_MASTER_NC_004102	NS3:36A	aminoAcidSimplePolymorphism	NS3:36A	single				phdr_ras:NS3:36A	NS3:36A	AL_1a	V36A	NS3:36A:AL_1a:paritaprevir	insignificant	-	4.0	1.0	3.0	0.0			NS3:36A:AL_1a	paritaprevir	paritaprevir	drug_resistance	Abbvie	NS3/4A protease inhibitors	25451053	https://doi.org/10.1128/AAC.04227-14
NS3	1	36	A	REF_MASTER_NC_004102	NS3:36A	aminoAcidSimplePolymorphism	NS3:36A	single				phdr_ras:NS3:36A	NS3:36A	AL_1a	V36A	NS3:36A:AL_1a:voxilaprevir	insignificant	-	4.0	1.0	2.0	0.0			NS3:36A:AL_1a	voxilaprevir	voxilaprevir	drug_resistance	Gilead Sciences	NS3/4A protease inhibitors	AASLD_2017_Abs_1176	https://doi.org/10.1002/hep.29501
NS3	1	36	A	REF_MASTER_NC_004102	NS3:36A	aminoAcidSimplePolymorphism	NS3:36A	single				phdr_ras:NS3:36A	NS3:36A	AL_1b	V36A	NS3:36A:AL_1b:grazoprevir	insignificant	-	4.0	1.0	2.0	0.0			NS3:36A:AL_1b	grazoprevir	grazoprevir	drug_resistance	Merck	NS3/4A protease inhibitors	25266289	https://doi.org/10.1093/cid/ciu696
NS3	1	36	A	REF_MASTER_NC_004102	NS3:36A	aminoAcidSimplePolymorphism	NS3:36A	single				phdr_ras:NS3:36A	NS3:36A	AL_1b	V36A	NS3:36A:AL_1b:voxilaprevir	insignificant	-	4.0	1.0	4.3	0.0			NS3:36A:AL_1b	voxilaprevir	voxilaprevir	drug_resistance	Gilead Sciences	NS3/4A protease inhibitors	AASLD_2015_Abs_718	https://www.aasld.org/sites/default/files/2015SupplementFULLTEXT.pdf
NS3	1	36	A	REF_MASTER_NC_004102	NS3:36A	aminoAcidSimplePolymorphism	NS3:36A	single				phdr_ras:NS3:36A	NS3:36A	AL_6a	V36A	NS3:36A:AL_6a:paritaprevir	insignificant	-	4.0	1.0	3.0	0.0			NS3:36A:AL_6a	paritaprevir	paritaprevir	drug_resistance	Abbvie	NS3/4A protease inhibitors	27021330	https://doi.org/10.1128/AAC.02929-15
NS3	1	36	A	REF_MASTER_NC_004102	NS3:36A	aminoAcidSimplePolymorphism	NS3:36A+155G+168G	combination	NS3:36A+155G+168G	3.0	1.0	phdr_ras:NS3:36A+155G+168G	NS3:36A+155G+168G	AL_1a	V36A+R155G+D168G	NS3:36A+155G+168G:AL_1a:grazoprevir	category_II	II	2.0	0.0		1.0	0.0	1.0	NS3:36A+155G+168G:AL_1a	grazoprevir	grazoprevir	drug_resistance	Merck	NS3/4A protease inhibitors	25266289	https://doi.org/10.1093/cid/ciu696
NS3	1	36	A	REF_MASTER_NC_004102	NS3:36A	aminoAcidSimplePolymorphism	NS3:36A+155K	combination	NS3:36A+155K	2.0	1.0	phdr_ras:NS3:36A+155K	NS3:36A+155K	AL_1a	V36A+R155K	NS3:36A+155K:AL_1a:paritaprevir	category_II	II	2.0	0.0		1.0	0.0	1.0	NS3:36A+155K:AL_1a	paritaprevir	paritaprevir	drug_resistance	Abbvie	NS3/4A protease inhibitors	26100711	https://doi.org/10.1128/AAC.00998-15
NS3	1	36	A	REF_MASTER_NC_004102	NS3:36A	aminoAcidSimplePolymorphism	NS3:36A+156T	combination	NS3:36A+156T	2.0	1.0	phdr_ras:NS3:36A+156T	NS3:36A+156T	AL_3	L36A+A156T	NS3:36A+156T:AL_3:grazoprevir	category_II	II	2.0	0.0		1.0	1.0	0.0	NS3:36A+156T:AL_3	grazoprevir	grazoprevir	drug_resistance	Merck	NS3/4A protease inhibitors	25266289	https://doi.org/10.1093/cid/ciu696
NS3	1	36	A	REF_MASTER_NC_004102	NS3:36A	aminoAcidSimplePolymorphism	NS3:36A+168A	combination	NS3:36A+168A	2.0	1.0	phdr_ras:NS3:36A+168A	NS3:36A+168A	AL_6a	V36A+D168A	NS3:36A+168A:AL_6a:voxilaprevir	category_III	III	3.0	1.0	11.25	0.0			NS3:36A+168A:AL_6a	voxilaprevir	voxilaprevir	drug_resistance	Gilead Sciences	NS3/4A protease inhibitors	AASLD_2017_Abs_1176	https://doi.org/10.1002/hep.29501
NS3	1	36	A	REF_MASTER_NC_004102	NS3:36A	aminoAcidSimplePolymorphism	NS3:36A+41R	combination	NS3:36A+41R	2.0	1.0	phdr_ras:NS3:36A+41R	NS3:36A+41R	AL_6a	V36A+Q41R	NS3:36A+41R:AL_6a:voxilaprevir	category_III	III	3.0	1.0	11.25	0.0			NS3:36A+41R:AL_6a	voxilaprevir	voxilaprevir	drug_resistance	Gilead Sciences	NS3/4A protease inhibitors	AASLD_2017_Abs_1176	https://doi.org/10.1002/hep.29501
NS3	1	36	A	REF_MASTER_NC_004102	NS3:36A	aminoAcidSimplePolymorphism	NS3:36A+80R+155K	combination	NS3:36A+80R+155K	3.0	1.0	phdr_ras:NS3:36A+80R+155K	NS3:36A+80R+155K	AL_1a	V36A+K/Q80R+R155K	NS3:36A+80R+155K:AL_1a:grazoprevir	category_II	II	2.0	0.0		1.0	1.0	0.0	NS3:36A+80R+155K:AL_1a	grazoprevir	grazoprevir	drug_resistance	Merck	NS3/4A protease inhibitors	25266289	https://doi.org/10.1093/cid/ciu696
NS3	1	36	G	REF_MASTER_NC_004102	NS3:36G	aminoAcidSimplePolymorphism	NS3:36G	single				phdr_ras:NS3:36G	NS3:36G	AL_1a	V36G	NS3:36G:AL_1a:voxilaprevir	category_III	III	3.0	1.0	11.25	0.0			NS3:36G:AL_1a	voxilaprevir	voxilaprevir	drug_resistance	Gilead Sciences	NS3/4A protease inhibitors	AASLD_2017_Abs_1176	https://doi.org/10.1002/hep.29501
NS3	1	36	L	REF_MASTER_NC_004102	NS3:36L	aminoAcidSimplePolymorphism	NS3:36L	single				phdr_ras:NS3:36L	NS3:36L	AL_1a	V36L	NS3:36L:AL_1a:grazoprevir	category_I	I	1.0	1.0	1.7	1.0	1.0	1.0	NS3:36L:AL_1a	grazoprevir	grazoprevir	drug_resistance	Merck	NS3/4A protease inhibitors	27773808;25266289	https://doi.org/10.1053/j.gastro.2016.10.017;https://doi.org/10.1093/cid/ciu696
NS3	1	36	L	REF_MASTER_NC_004102	NS3:36L	aminoAcidSimplePolymorphism	NS3:36L	single				phdr_ras:NS3:36L	NS3:36L	AL_1a	V36L	NS3:36L:AL_1a:paritaprevir	insignificant	-	4.0	1.0	2.0	0.0			NS3:36L:AL_1a	paritaprevir	paritaprevir	drug_resistance	Abbvie	NS3/4A protease inhibitors	25451053	https://doi.org/10.1128/AAC.04227-14
NS3	1	36	L	REF_MASTER_NC_004102	NS3:36L	aminoAcidSimplePolymorphism	NS3:36L	single				phdr_ras:NS3:36L	NS3:36L	AL_1a	V36L	NS3:36L:AL_1a:voxilaprevir	insignificant	-	4.0	1.0	2.1	0.0			NS3:36L:AL_1a	voxilaprevir	voxilaprevir	drug_resistance	Gilead Sciences	NS3/4A protease inhibitors	AASLD_2017_Abs_1176	https://doi.org/10.1002/hep.29501
NS3	1	36	L	REF_MASTER_NC_004102	NS3:36L	aminoAcidSimplePolymorphism	NS3:36L	single				phdr_ras:NS3:36L	NS3:36L	AL_1b	V36L	NS3:36L:AL_1b:grazoprevir	insignificant	-	4.0	1.0	1.0	0.0			NS3:36L:AL_1b	grazoprevir	grazoprevir	drug_resistance	Merck	NS3/4A protease inhibitors	25266289	https://doi.org/10.1093/cid/ciu696
NS3	1	36	L	REF_MASTER_NC_004102	NS3:36L	aminoAcidSimplePolymorphism	NS3:36L+155K	combination	NS3:36L+155K	2.0	1.0	phdr_ras:NS3:36L+155K	NS3:36L+155K	AL_1a	V36L+R155K	NS3:36L+155K:AL_1a:grazoprevir	category_I	I	1.0	0.0		1.0	1.0	1.0	NS3:36L+155K:AL_1a	grazoprevir	grazoprevir	drug_resistance	Merck	NS3/4A protease inhibitors	27773808;26371152	https://doi.org/10.1053/j.gastro.2016.10.017;https://doi.org/10.1093/cid/civ722
NS3	1	36	L	REF_MASTER_NC_004102	NS3:36L	aminoAcidSimplePolymorphism	NS3:36L+155K+156T+158A+168N	combination	NS3:36L+155K+156T+158A+168N	5.0	1.0	phdr_ras:NS3:36L+155K+156T+158A+168N	NS3:36L+155K+156T+158A+168N	AL_1a	V36L+R155K+A156T+V158A+D168N	NS3:36L+155K+156T+158A+168N:AL_1a:grazoprevir	category_II	II	2.0	0.0		1.0	0.0	1.0	NS3:36L+155K+156T+158A+168N:AL_1a	grazoprevir	grazoprevir	drug_resistance	Merck	NS3/4A protease inhibitors	27773808	https://doi.org/10.1053/j.gastro.2016.10.017
NS3	1	36	L	REF_MASTER_NC_004102	NS3:36L	aminoAcidSimplePolymorphism	NS3:36L+155K+156T+168N	combination	NS3:36L+155K+156T+168N	4.0	1.0	phdr_ras:NS3:36L+155K+156T+168N	NS3:36L+155K+156T+168N	AL_1a	V36L+R155K+A156T+D168N	NS3:36L+155K+156T+168N:AL_1a:grazoprevir	category_II	II	2.0	0.0		1.0	0.0	1.0	NS3:36L+155K+156T+168N:AL_1a	grazoprevir	grazoprevir	drug_resistance	Merck	NS3/4A protease inhibitors	26371152	https://doi.org/10.1093/cid/civ722
NS3	1	36	L	REF_MASTER_NC_004102	NS3:36L	aminoAcidSimplePolymorphism	NS3:36L+54S	combination	NS3:36L+54S	2.0	1.0	phdr_ras:NS3:36L+54S	NS3:36L+54S	AL_1a	V36L+T54S	NS3:36L+54S:AL_1a:voxilaprevir	category_III	III	3.0	1.0	11.25	0.0			NS3:36L+54S:AL_1a	voxilaprevir	voxilaprevir	drug_resistance	Gilead Sciences	NS3/4A protease inhibitors	AASLD_2017_Abs_1176	https://doi.org/10.1002/hep.29501
NS3	1	36	L	REF_MASTER_NC_004102	NS3:36L	aminoAcidSimplePolymorphism	NS3:36L+80K	combination	NS3:36L+80K	2.0	1.0	phdr_ras:NS3:36L+80K	NS3:36L+80K	AL_1a	V36L+K/Q80K	NS3:36L+80K:AL_1a:grazoprevir	category_II	II	2.0	1.0	1.8	1.0	1.0	0.0	NS3:36L+80K:AL_1a	grazoprevir	grazoprevir	drug_resistance	Merck	NS3/4A protease inhibitors	25266289;26423374;30127629	https://doi.org/10.1093/cid/ciu696;https://doi.org/10.1016/S2352-3018(15)00114-9;https://doi.org/10.2147/IDR.S156581
NS3	1	36	L	REF_MASTER_NC_004102	NS3:36L	aminoAcidSimplePolymorphism	NS3:36L+80K	combination	NS3:36L+80K	2.0	1.0	phdr_ras:NS3:36L+80K	NS3:36L+80K	AL_1a	V36L+K/Q80K	NS3:36L+80K:AL_1a:voxilaprevir	category_II	II	2.0	1.0	3.8	1.0	1.0	0.0	NS3:36L+80K:AL_1a	voxilaprevir	voxilaprevir	drug_resistance	Gilead Sciences	NS3/4A protease inhibitors	AASLD_2016_Abs_846;AASLD_2017_Abs_1176	https://aasldpubs.onlinelibrary.wiley.com/doi/epdf/10.1002/hep.28798;https://doi.org/10.1002/hep.29501
NS3	1	36	L	REF_MASTER_NC_004102	NS3:36L	aminoAcidSimplePolymorphism	NS3:36L+80K+122C	combination	NS3:36L+80K+122C	3.0	1.0	phdr_ras:NS3:36L+80K+122C	NS3:36L+80K+122C	AL_1a	V36L+K/Q80K+S122C	NS3:36L+80K+122C:AL_1a:grazoprevir	category_II	II	2.0	0.0		1.0	1.0	0.0	NS3:36L+80K+122C:AL_1a	grazoprevir	grazoprevir	drug_resistance	Merck	NS3/4A protease inhibitors	25266289	https://doi.org/10.1093/cid/ciu696
NS3	1	36	L	REF_MASTER_NC_004102	NS3:36L	aminoAcidSimplePolymorphism	NS3:36L+80K+155S	combination	NS3:36L+80K+155S	3.0	1.0	phdr_ras:NS3:36L+80K+155S	NS3:36L+80K+155S	AL_1a	V36L+K/Q80K+R155S	NS3:36L+80K+155S:AL_1a:grazoprevir	category_I	I	1.0	1.0	51.0	1.0	0.0	1.0	NS3:36L+80K+155S:AL_1a	grazoprevir	grazoprevir	drug_resistance	Merck	NS3/4A protease inhibitors	25266289	https://doi.org/10.1093/cid/ciu696
NS3	1	36	L	REF_MASTER_NC_004102	NS3:36L	aminoAcidSimplePolymorphism	NS3:36L+80K+168A	combination	NS3:36L+80K+168A	3.0	1.0	phdr_ras:NS3:36L+80K+168A	NS3:36L+80K+168A	AL_1a	V36L+K/Q80K+D168A	NS3:36L+80K+168A:AL_1a:grazoprevir	category_II	II	2.0	0.0		1.0	0.0	1.0	NS3:36L+80K+168A:AL_1a	grazoprevir	grazoprevir	drug_resistance	Merck	NS3/4A protease inhibitors	27720838	https://doi.org/10.1053/j.gastro.2016.09.045
NS3	1	36	L	REF_MASTER_NC_004102	NS3:36L	aminoAcidSimplePolymorphism	NS3:36L+80K+168G	combination	NS3:36L+80K+168G	3.0	1.0	phdr_ras:NS3:36L+80K+168G	NS3:36L+80K+168G	AL_1a	V36L+K/Q80K+D168G	NS3:36L+80K+168G:AL_1a:grazoprevir	category_II	II	2.0	0.0		1.0	1.0	0.0	NS3:36L+80K+168G:AL_1a	grazoprevir	grazoprevir	drug_resistance	Merck	NS3/4A protease inhibitors	25266289	https://doi.org/10.1093/cid/ciu696
NS3	1	36	M	REF_MASTER_NC_004102	NS3:36M	aminoAcidSimplePolymorphism	NS3:36M	single				phdr_ras:NS3:36M	NS3:36M	AL_1a	V36M	NS3:36M:AL_1a:glecaprevir	category_II	II	2.0	0.0		1.0	0.0	1.0	NS3:36M:AL_1a	glecaprevir	glecaprevir	drug_resistance	Abbvie	NS3/4A protease inhibitors	29152781	https://doi.org/10.1002/hep.29671
NS3	1	36	M	REF_MASTER_NC_004102	NS3:36M	aminoAcidSimplePolymorphism	NS3:36M	single				phdr_ras:NS3:36M	NS3:36M	AL_1a	V36M	NS3:36M:AL_1a:grazoprevir	category_I	I	1.0	1.0	1.0	1.0	1.0	1.0	NS3:36M:AL_1a	grazoprevir	grazoprevir	drug_resistance	Merck	NS3/4A protease inhibitors	27773808;28228479;25266289	https://doi.org/10.1053/j.gastro.2016.10.017;https://doi.org/10.1074/jbc.M116.772996;https://doi.org/10.1093/cid/ciu696
NS3	1	36	M	REF_MASTER_NC_004102	NS3:36M	aminoAcidSimplePolymorphism	NS3:36M	single				phdr_ras:NS3:36M	NS3:36M	AL_1a	V36M	NS3:36M:AL_1a:paritaprevir	insignificant	-	4.0	1.0	2.0	0.0			NS3:36M:AL_1a	paritaprevir	paritaprevir	drug_resistance	Abbvie	NS3/4A protease inhibitors	25451053	https://doi.org/10.1128/AAC.04227-14
NS3	1	36	M	REF_MASTER_NC_004102	NS3:36M	aminoAcidSimplePolymorphism	NS3:36M	single				phdr_ras:NS3:36M	NS3:36M	AL_1b	V36M	NS3:36M:AL_1b:grazoprevir	insignificant	-	4.0	1.0	1.8	0.0			NS3:36M:AL_1b	grazoprevir	grazoprevir	drug_resistance	Merck	NS3/4A protease inhibitors	25266289	https://doi.org/10.1093/cid/ciu696
NS3	1	36	M	REF_MASTER_NC_004102	NS3:36M	aminoAcidSimplePolymorphism	NS3:36M	single				phdr_ras:NS3:36M	NS3:36M	AL_1b	V36M	NS3:36M:AL_1b:voxilaprevir	insignificant	-	4.0	1.0	3.4	0.0			NS3:36M:AL_1b	voxilaprevir	voxilaprevir	drug_resistance	Gilead Sciences	NS3/4A protease inhibitors	AASLD_2017_Abs_1176	https://doi.org/10.1002/hep.29501
NS3	1	36	M	REF_MASTER_NC_004102	NS3:36M	aminoAcidSimplePolymorphism	NS3:36M+122N	combination	NS3:36M+122N	2.0	1.0	phdr_ras:NS3:36M+122N	NS3:36M+122N	AL_1a	V36M+S122N	NS3:36M+122N:AL_1a:voxilaprevir	category_III	III	3.0	1.0	11.25	0.0			NS3:36M+122N:AL_1a	voxilaprevir	voxilaprevir	drug_resistance	Gilead Sciences	NS3/4A protease inhibitors	AASLD_2017_Abs_1176	https://doi.org/10.1002/hep.29501
NS3	1	36	M	REF_MASTER_NC_004102	NS3:36M	aminoAcidSimplePolymorphism	NS3:36M+155G+168G	combination	NS3:36M+155G+168G	3.0	1.0	phdr_ras:NS3:36M+155G+168G	NS3:36M+155G+168G	AL_1a	V36M+R155G+D168G	NS3:36M+155G+168G:AL_1a:grazoprevir	category_II	II	2.0	0.0		1.0	0.0	1.0	NS3:36M+155G+168G:AL_1a	grazoprevir	grazoprevir	drug_resistance	Merck	NS3/4A protease inhibitors	25266289	https://doi.org/10.1093/cid/ciu696
NS3	1	36	M	REF_MASTER_NC_004102	NS3:36M	aminoAcidSimplePolymorphism	NS3:36M+155K	combination	NS3:36M+155K	2.0	1.0	phdr_ras:NS3:36M+155K	NS3:36M+155K	AL_1a	V36M+R155K	NS3:36M+155K:AL_1a:glecaprevir	category_II	II	2.0	0.0		1.0	1.0	0.0	NS3:36M+155K:AL_1a	glecaprevir	glecaprevir	drug_resistance	Abbvie	NS3/4A protease inhibitors	29152781	https://doi.org/10.1002/hep.29671
NS3	1	36	M	REF_MASTER_NC_004102	NS3:36M	aminoAcidSimplePolymorphism	NS3:36M+155K	combination	NS3:36M+155K	2.0	1.0	phdr_ras:NS3:36M+155K	NS3:36M+155K	AL_1a	V36M+R155K	NS3:36M+155K:AL_1a:grazoprevir	category_III	III	3.0	1.0	8.8	0.0			NS3:36M+155K:AL_1a	grazoprevir	grazoprevir	drug_resistance	Merck	NS3/4A protease inhibitors	28228479	https://doi.org/10.1074/jbc.M116.772996
NS3	1	36	M	REF_MASTER_NC_004102	NS3:36M	aminoAcidSimplePolymorphism	NS3:36M+155K	combination	NS3:36M+155K	2.0	1.0	phdr_ras:NS3:36M+155K	NS3:36M+155K	AL_1a	V36M+R155K	NS3:36M+155K:AL_1a:paritaprevir	category_I	I	1.0	1.0	79.0	1.0	0.0	1.0	NS3:36M+155K:AL_1a	paritaprevir	paritaprevir	drug_resistance	Abbvie	NS3/4A protease inhibitors	26100711;25451053	https://doi.org/10.1128/AAC.00998-15;https://doi.org/10.1128/AAC.04227-14
NS3	1	36	M	REF_MASTER_NC_004102	NS3:36M	aminoAcidSimplePolymorphism	NS3:36M+155K+170V	combination	NS3:36M+155K+170V	3.0	1.0	phdr_ras:NS3:36M+155K+170V	NS3:36M+155K+170V	AL_1a	V36M+R155K+I170V	NS3:36M+155K+170V:AL_1a:voxilaprevir	insignificant	-	4.0	1.0	3.6	0.0			NS3:36M+155K+170V:AL_1a	voxilaprevir	voxilaprevir	drug_resistance	Gilead Sciences	NS3/4A protease inhibitors	AASLD_2017_Abs_1176	https://doi.org/10.1002/hep.29501
NS3	1	36	M	REF_MASTER_NC_004102	NS3:36M	aminoAcidSimplePolymorphism	NS3:36M+156S	combination	NS3:36M+156S	2.0	1.0	phdr_ras:NS3:36M+156S	NS3:36M+156S	AL_1b	V36M+A156S	NS3:36M+156S:AL_1b:voxilaprevir	category_III	III	3.0	1.0	11.25	0.0			NS3:36M+156S:AL_1b	voxilaprevir	voxilaprevir	drug_resistance	Gilead Sciences	NS3/4A protease inhibitors	AASLD_2017_Abs_1176	https://doi.org/10.1002/hep.29501
NS3	1	36	M	REF_MASTER_NC_004102	NS3:36M	aminoAcidSimplePolymorphism	NS3:36M+41R	combination	NS3:36M+41R	2.0	1.0	phdr_ras:NS3:36M+41R	NS3:36M+41R	AL_1a	V36M+Q41R	NS3:36M+41R:AL_1a:voxilaprevir	category_III	III	3.0	1.0	11.25	0.0			NS3:36M+41R:AL_1a	voxilaprevir	voxilaprevir	drug_resistance	Gilead Sciences	NS3/4A protease inhibitors	AASLD_2017_Abs_1176	https://doi.org/10.1002/hep.29501
NS3	1	36	M	REF_MASTER_NC_004102	NS3:36M	aminoAcidSimplePolymorphism	NS3:36M+41R+168G	combination	NS3:36M+41R+168G	3.0	1.0	phdr_ras:NS3:36M+41R+168G	NS3:36M+41R+168G	AL_1a	V36M+Q41R+D168G	NS3:36M+41R+168G:AL_1a:voxilaprevir	category_III	III	3.0	1.0	11.25	0.0			NS3:36M+41R+168G:AL_1a	voxilaprevir	voxilaprevir	drug_resistance	Gilead Sciences	NS3/4A protease inhibitors	AASLD_2017_Abs_1176	https://doi.org/10.1002/hep.29501
NS3	1	36	M	REF_MASTER_NC_004102	NS3:36M	aminoAcidSimplePolymorphism	NS3:36M+80K	combination	NS3:36M+80K	2.0	1.0	phdr_ras:NS3:36M+80K	NS3:36M+80K	AL_1a	V36M+K/Q80K	NS3:36M+80K:AL_1a:grazoprevir	category_II	II	2.0	0.0		1.0	1.0	0.0	NS3:36M+80K:AL_1a	grazoprevir	grazoprevir	drug_resistance	Merck	NS3/4A protease inhibitors	26423374	https://doi.org/10.1016/S2352-3018(15)00114-9
NS3	1	36	M	REF_MASTER_NC_004102	NS3:36M	aminoAcidSimplePolymorphism	NS3:36M+80K	combination	NS3:36M+80K	2.0	1.0	phdr_ras:NS3:36M+80K	NS3:36M+80K	AL_1a	V36M+K/Q80K	NS3:36M+80K:AL_1a:voxilaprevir	category_III	III	3.0	1.0	11.25	0.0			NS3:36M+80K:AL_1a	voxilaprevir	voxilaprevir	drug_resistance	Gilead Sciences	NS3/4A protease inhibitors	AASLD_2017_Abs_1176	https://doi.org/10.1002/hep.29501
NS3	1	36	M	REF_MASTER_NC_004102	NS3:36M	aminoAcidSimplePolymorphism	NS3:36M+80K+107I	combination	NS3:36M+80K+107I	3.0	1.0	phdr_ras:NS3:36M+80K+107I	NS3:36M+80K+107I	AL_1a	V36M+K/Q80K+V107I	NS3:36M+80K+107I:AL_1a:grazoprevir	category_II	II	2.0	0.0		1.0	0.0	1.0	NS3:36M+80K+107I:AL_1a	grazoprevir	grazoprevir	drug_resistance	Merck	NS3/4A protease inhibitors	25467591	https://doi.org/10.1016/S0140-6736(14)61795-5
NS3	1	36	M	REF_MASTER_NC_004102	NS3:36M	aminoAcidSimplePolymorphism	NS3:36M+80K+122G+168A	combination	NS3:36M+80K+122G+168A	4.0	1.0	phdr_ras:NS3:36M+80K+122G+168A	NS3:36M+80K+122G+168A	AL_1a	V36M+K/Q80K+S122G+D168A	NS3:36M+80K+122G+168A:AL_1a:grazoprevir	category_II	II	2.0	0.0		1.0	0.0	1.0	NS3:36M+80K+122G+168A:AL_1a	grazoprevir	grazoprevir	drug_resistance	Merck	NS3/4A protease inhibitors	27773808	https://doi.org/10.1053/j.gastro.2016.10.017
NS3	1	41	H	REF_MASTER_NC_004102	NS3:41H	aminoAcidSimplePolymorphism	NS3:41H	single				phdr_ras:NS3:41H	NS3:41H															drug_resistance				
NS3	1	41	H	REF_MASTER_NC_004102	NS3:41H	aminoAcidSimplePolymorphism	NS3:41H+80K+122G	combination	NS3:41H+80K+122G	3.0	1.0	phdr_ras:NS3:41H+80K+122G	NS3:41H+80K+122G	AL_1a	Q41H+K/Q80K+S122G	NS3:41H+80K+122G:AL_1a:voxilaprevir	insignificant	-	4.0	1.0	2.0	0.0			NS3:41H+80K+122G:AL_1a	voxilaprevir	voxilaprevir	drug_resistance	Gilead Sciences	NS3/4A protease inhibitors	AASLD_2017_Abs_1176	https://doi.org/10.1002/hep.29501
NS3	1	41	K	REF_MASTER_NC_004102	NS3:41K	aminoAcidSimplePolymorphism	NS3:41K	single				phdr_ras:NS3:41K	NS3:41K	AL_3a	Q41K	NS3:41K:AL_3a:voxilaprevir	category_III	III	3.0	1.0	11.25	0.0			NS3:41K:AL_3a	voxilaprevir	voxilaprevir	drug_resistance	Gilead Sciences	NS3/4A protease inhibitors	AASLD_2017_Abs_1176	https://doi.org/10.1002/hep.29501
NS3	1	41	K	REF_MASTER_NC_004102	NS3:41K	aminoAcidSimplePolymorphism	NS3:41K	single				phdr_ras:NS3:41K	NS3:41K	AL_6a	Q41K	NS3:41K:AL_6a:voxilaprevir	category_III	III	3.0	1.0	11.25	0.0			NS3:41K:AL_6a	voxilaprevir	voxilaprevir	drug_resistance	Gilead Sciences	NS3/4A protease inhibitors	AASLD_2017_Abs_1176	https://doi.org/10.1002/hep.29501
NS3	1	41	K	REF_MASTER_NC_004102	NS3:41K	aminoAcidSimplePolymorphism	NS3:41K+43L+80K+168Y	combination	NS3:41K+43L+80K+168Y	4.0	1.0	phdr_ras:NS3:41K+43L+80K+168Y	NS3:41K+43L+80K+168Y	AL_1a	Q41K+F43L+K/Q80K+D168Y	NS3:41K+43L+80K+168Y:AL_1a:voxilaprevir	category_II	II	2.0	1.0	232.7	0.0			NS3:41K+43L+80K+168Y:AL_1a	voxilaprevir	voxilaprevir	drug_resistance	Gilead Sciences	NS3/4A protease inhibitors	AASLD_2017_Abs_1176	https://doi.org/10.1002/hep.29501
NS3	1	41	K	REF_MASTER_NC_004102	NS3:41K	aminoAcidSimplePolymorphism	NS3:41K+80K	combination	NS3:41K+80K	2.0	1.0	phdr_ras:NS3:41K+80K	NS3:41K+80K	AL_1a	Q41K+K/Q80K	NS3:41K+80K:AL_1a:voxilaprevir	insignificant	-	4.0	1.0	2.8	0.0			NS3:41K+80K:AL_1a	voxilaprevir	voxilaprevir	drug_resistance	Gilead Sciences	NS3/4A protease inhibitors	AASLD_2017_Abs_1176	https://doi.org/10.1002/hep.29501
NS3	1	41	R	REF_MASTER_NC_004102	NS3:41R	aminoAcidSimplePolymorphism	NS3:168H+41R	combination	NS3:168H+41R	2.0	2.0	phdr_ras:NS3:168H+41R	NS3:168H+41R	AL_6a	D168H+Q41R	NS3:168H+41R:AL_6a:voxilaprevir	category_II	II	2.0	1.0	60.0	0.0			NS3:168H+41R:AL_6a	voxilaprevir	voxilaprevir	drug_resistance	Gilead Sciences	NS3/4A protease inhibitors	AASLD_2017_Abs_1176	https://doi.org/10.1002/hep.29501
NS3	1	41	R	REF_MASTER_NC_004102	NS3:41R	aminoAcidSimplePolymorphism	NS3:168Y+41R	combination	NS3:168Y+41R	2.0	2.0	phdr_ras:NS3:168Y+41R	NS3:168Y+41R	AL_6a	D168Y+Q41R	NS3:168Y+41R:AL_6a:voxilaprevir	category_III	III	3.0	1.0	11.25	0.0			NS3:168Y+41R:AL_6a	voxilaprevir	voxilaprevir	drug_resistance	Gilead Sciences	NS3/4A protease inhibitors	AASLD_2017_Abs_1176	https://doi.org/10.1002/hep.29501
NS3	1	41	R	REF_MASTER_NC_004102	NS3:41R	aminoAcidSimplePolymorphism	NS3:36A+41R	combination	NS3:36A+41R	2.0	2.0	phdr_ras:NS3:36A+41R	NS3:36A+41R	AL_6a	V36A+Q41R	NS3:36A+41R:AL_6a:voxilaprevir	category_III	III	3.0	1.0	11.25	0.0			NS3:36A+41R:AL_6a	voxilaprevir	voxilaprevir	drug_resistance	Gilead Sciences	NS3/4A protease inhibitors	AASLD_2017_Abs_1176	https://doi.org/10.1002/hep.29501
NS3	1	41	R	REF_MASTER_NC_004102	NS3:41R	aminoAcidSimplePolymorphism	NS3:36M+41R	combination	NS3:36M+41R	2.0	2.0	phdr_ras:NS3:36M+41R	NS3:36M+41R	AL_1a	V36M+Q41R	NS3:36M+41R:AL_1a:voxilaprevir	category_III	III	3.0	1.0	11.25	0.0			NS3:36M+41R:AL_1a	voxilaprevir	voxilaprevir	drug_resistance	Gilead Sciences	NS3/4A protease inhibitors	AASLD_2017_Abs_1176	https://doi.org/10.1002/hep.29501
NS3	1	41	R	REF_MASTER_NC_004102	NS3:41R	aminoAcidSimplePolymorphism	NS3:36M+41R+168G	combination	NS3:36M+41R+168G	3.0	2.0	phdr_ras:NS3:36M+41R+168G	NS3:36M+41R+168G	AL_1a	V36M+Q41R+D168G	NS3:36M+41R+168G:AL_1a:voxilaprevir	category_III	III	3.0	1.0	11.25	0.0			NS3:36M+41R+168G:AL_1a	voxilaprevir	voxilaprevir	drug_resistance	Gilead Sciences	NS3/4A protease inhibitors	AASLD_2017_Abs_1176	https://doi.org/10.1002/hep.29501
NS3	1	41	R	REF_MASTER_NC_004102	NS3:41R	aminoAcidSimplePolymorphism	NS3:41R	single				phdr_ras:NS3:41R	NS3:41R	AL_1a	Q41R	NS3:41R:AL_1a:voxilaprevir	category_III	III	3.0	1.0	11.25	0.0			NS3:41R:AL_1a	voxilaprevir	voxilaprevir	drug_resistance	Gilead Sciences	NS3/4A protease inhibitors	AASLD_2017_Abs_1176	https://doi.org/10.1002/hep.29501
NS3	1	41	R	REF_MASTER_NC_004102	NS3:41R	aminoAcidSimplePolymorphism	NS3:41R	single				phdr_ras:NS3:41R	NS3:41R	AL_3a	Q41R	NS3:41R:AL_3a:voxilaprevir	insignificant	-	4.0	1.0	2.5	0.0			NS3:41R:AL_3a	voxilaprevir	voxilaprevir	drug_resistance	Gilead Sciences	NS3/4A protease inhibitors	AASLD_2015_Abs_718	https://www.aasld.org/sites/default/files/2015SupplementFULLTEXT.pdf
NS3	1	41	R	REF_MASTER_NC_004102	NS3:41R	aminoAcidSimplePolymorphism	NS3:41R	single				phdr_ras:NS3:41R	NS3:41R	AL_4a	Q41R	NS3:41R:AL_4a:voxilaprevir	category_III	III	3.0	1.0	11.25	0.0			NS3:41R:AL_4a	voxilaprevir	voxilaprevir	drug_resistance	Gilead Sciences	NS3/4A protease inhibitors	AASLD_2017_Abs_1176	https://doi.org/10.1002/hep.29501
NS3	1	41	R	REF_MASTER_NC_004102	NS3:41R	aminoAcidSimplePolymorphism	NS3:41R	single				phdr_ras:NS3:41R	NS3:41R	AL_6a	Q41R	NS3:41R:AL_6a:voxilaprevir	category_III	III	3.0	1.0	11.25	0.0			NS3:41R:AL_6a	voxilaprevir	voxilaprevir	drug_resistance	Gilead Sciences	NS3/4A protease inhibitors	AASLD_2017_Abs_1176	https://doi.org/10.1002/hep.29501
NS3	1	41	R	REF_MASTER_NC_004102	NS3:41R	aminoAcidSimplePolymorphism	NS3:41R+156T	combination	NS3:41R+156T	2.0	1.0	phdr_ras:NS3:41R+156T	NS3:41R+156T	AL_1a	Q41R+A156T	NS3:41R+156T:AL_1a:voxilaprevir	category_II	II	2.0	1.0	100.0	0.0			NS3:41R+156T:AL_1a	voxilaprevir	voxilaprevir	drug_resistance	Gilead Sciences	NS3/4A protease inhibitors	AASLD_2017_Abs_1176	https://doi.org/10.1002/hep.29501
NS3	1	41	R	REF_MASTER_NC_004102	NS3:41R	aminoAcidSimplePolymorphism	NS3:41R+168A	combination	NS3:41R+168A	2.0	1.0	phdr_ras:NS3:41R+168A	NS3:41R+168A	AL_1a	Q41R+D168A	NS3:41R+168A:AL_1a:voxilaprevir	category_II	II	2.0	1.0	60.0	0.0			NS3:41R+168A:AL_1a	voxilaprevir	voxilaprevir	drug_resistance	Gilead Sciences	NS3/4A protease inhibitors	AASLD_2017_Abs_1176	https://doi.org/10.1002/hep.29501
NS3	1	41	R	REF_MASTER_NC_004102	NS3:41R	aminoAcidSimplePolymorphism	NS3:41R+168A	combination	NS3:41R+168A	2.0	1.0	phdr_ras:NS3:41R+168A	NS3:41R+168A	AL_5a	Q41R+D/E168A	NS3:41R+168A:AL_5a:voxilaprevir	category_II	II	2.0	1.0	60.0	0.0			NS3:41R+168A:AL_5a	voxilaprevir	voxilaprevir	drug_resistance	Gilead Sciences	NS3/4A protease inhibitors	AASLD_2017_Abs_1176	https://doi.org/10.1002/hep.29501
NS3	1	41	R	REF_MASTER_NC_004102	NS3:41R	aminoAcidSimplePolymorphism	NS3:41R+168A	combination	NS3:41R+168A	2.0	1.0	phdr_ras:NS3:41R+168A	NS3:41R+168A	AL_6a	Q41R+D168A	NS3:41R+168A:AL_6a:voxilaprevir	category_III	III	3.0	1.0	11.25	0.0			NS3:41R+168A:AL_6a	voxilaprevir	voxilaprevir	drug_resistance	Gilead Sciences	NS3/4A protease inhibitors	AASLD_2017_Abs_1176	https://doi.org/10.1002/hep.29501
NS3	1	41	R	REF_MASTER_NC_004102	NS3:41R	aminoAcidSimplePolymorphism	NS3:41R+168G	combination	NS3:41R+168G	2.0	1.0	phdr_ras:NS3:41R+168G	NS3:41R+168G	AL_1a	Q41R+D168G	NS3:41R+168G:AL_1a:voxilaprevir	category_III	III	3.0	1.0	11.25	0.0			NS3:41R+168G:AL_1a	voxilaprevir	voxilaprevir	drug_resistance	Gilead Sciences	NS3/4A protease inhibitors	AASLD_2017_Abs_1176	https://doi.org/10.1002/hep.29501
NS3	1	41	R	REF_MASTER_NC_004102	NS3:41R	aminoAcidSimplePolymorphism	NS3:41R+168H	combination	NS3:41R+168H	2.0	1.0	phdr_ras:NS3:41R+168H	NS3:41R+168H	AL_1a	Q41R+D168H	NS3:41R+168H:AL_1a:voxilaprevir	category_III	III	3.0	1.0	11.25	0.0			NS3:41R+168H:AL_1a	voxilaprevir	voxilaprevir	drug_resistance	Gilead Sciences	NS3/4A protease inhibitors	AASLD_2017_Abs_1176	https://doi.org/10.1002/hep.29501
NS3	1	41	R	REF_MASTER_NC_004102	NS3:41R	aminoAcidSimplePolymorphism	NS3:41R+168H	combination	NS3:41R+168H	2.0	1.0	phdr_ras:NS3:41R+168H	NS3:41R+168H	AL_5a	Q41R+D/E168H	NS3:41R+168H:AL_5a:voxilaprevir	category_II	II	2.0	1.0	60.0	0.0			NS3:41R+168H:AL_5a	voxilaprevir	voxilaprevir	drug_resistance	Gilead Sciences	NS3/4A protease inhibitors	AASLD_2017_Abs_1176	https://doi.org/10.1002/hep.29501
NS3	1	41	R	REF_MASTER_NC_004102	NS3:41R	aminoAcidSimplePolymorphism	NS3:41R+170I	combination	NS3:41R+170I	2.0	1.0	phdr_ras:NS3:41R+170I	NS3:41R+170I	AL_3a	Q41R+I/V170I	NS3:41R+170I:AL_3a:voxilaprevir	category_III	III	3.0	1.0	11.25	0.0			NS3:41R+170I:AL_3a	voxilaprevir	voxilaprevir	drug_resistance	Gilead Sciences	NS3/4A protease inhibitors	AASLD_2017_Abs_1176	https://doi.org/10.1002/hep.29501
NS3	1	41	R	REF_MASTER_NC_004102	NS3:41R	aminoAcidSimplePolymorphism	NS3:41R+55I	combination	NS3:41R+55I	2.0	1.0	phdr_ras:NS3:41R+55I	NS3:41R+55I	AL_3a	Q41R+V55I	NS3:41R+55I:AL_3a:voxilaprevir	category_III	III	3.0	1.0	11.25	0.0			NS3:41R+55I:AL_3a	voxilaprevir	voxilaprevir	drug_resistance	Gilead Sciences	NS3/4A protease inhibitors	AASLD_2017_Abs_1176	https://doi.org/10.1002/hep.29501
NS3	1	43	C	REF_MASTER_NC_004102	NS3:43C	aminoAcidSimplePolymorphism	NS3:43C	single				phdr_ras:NS3:43C	NS3:43C	AL_6a	F43C	NS3:43C:AL_6a:paritaprevir	insignificant	-	4.0	1.0	2.5	0.0			NS3:43C:AL_6a	paritaprevir	paritaprevir	drug_resistance	Abbvie	NS3/4A protease inhibitors	27021330	https://doi.org/10.1128/AAC.02929-15
NS3	1	43	L	REF_MASTER_NC_004102	NS3:43L	aminoAcidSimplePolymorphism	NS3:41K+43L+80K+168Y	combination	NS3:41K+43L+80K+168Y	4.0	2.0	phdr_ras:NS3:41K+43L+80K+168Y	NS3:41K+43L+80K+168Y	AL_1a	Q41K+F43L+K/Q80K+D168Y	NS3:41K+43L+80K+168Y:AL_1a:voxilaprevir	category_II	II	2.0	1.0	232.7	0.0			NS3:41K+43L+80K+168Y:AL_1a	voxilaprevir	voxilaprevir	drug_resistance	Gilead Sciences	NS3/4A protease inhibitors	AASLD_2017_Abs_1176	https://doi.org/10.1002/hep.29501
NS3	1	43	L	REF_MASTER_NC_004102	NS3:43L	aminoAcidSimplePolymorphism	NS3:43L	single				phdr_ras:NS3:43L	NS3:43L	AL_1a	F43L	NS3:43L:AL_1a:paritaprevir	category_III	III	3.0	1.0	20.0	0.0			NS3:43L:AL_1a	paritaprevir	paritaprevir	drug_resistance	Abbvie	NS3/4A protease inhibitors	25451053	https://doi.org/10.1128/AAC.04227-14
NS3	1	43	L	REF_MASTER_NC_004102	NS3:43L	aminoAcidSimplePolymorphism	NS3:43L+80K	combination	NS3:43L+80K	2.0	1.0	phdr_ras:NS3:43L+80K	NS3:43L+80K	AL_1a	F43L+K/Q80K	NS3:43L+80K:AL_1a:voxilaprevir	insignificant	-	4.0	1.0	3.4	0.0			NS3:43L+80K:AL_1a	voxilaprevir	voxilaprevir	drug_resistance	Gilead Sciences	NS3/4A protease inhibitors	AASLD_2017_Abs_1176	https://doi.org/10.1002/hep.29501
NS3	1	43	S	REF_MASTER_NC_004102	NS3:43S	aminoAcidSimplePolymorphism	NS3:43S	single				phdr_ras:NS3:43S	NS3:43S	AL_1a	F43S	NS3:43S:AL_1a:voxilaprevir	category_III	III	3.0	1.0	5.1	0.0			NS3:43S:AL_1a	voxilaprevir	voxilaprevir	drug_resistance	Gilead Sciences	NS3/4A protease inhibitors	AASLD_2017_Abs_1176	https://doi.org/10.1002/hep.29501
NS3	1	43	S	REF_MASTER_NC_004102	NS3:43S	aminoAcidSimplePolymorphism	NS3:43S	single				phdr_ras:NS3:43S	NS3:43S	AL_1b	F43S	NS3:43S:AL_1b:grazoprevir	insignificant	-	4.0	1.0	2.6	0.0			NS3:43S:AL_1b	grazoprevir	grazoprevir	drug_resistance	Merck	NS3/4A protease inhibitors	25266289	https://doi.org/10.1093/cid/ciu696
NS3	1	43	V	REF_MASTER_NC_004102	NS3:43V	aminoAcidSimplePolymorphism	NS3:43V	single				phdr_ras:NS3:43V	NS3:43V	AL_2a	F43V	NS3:43V:AL_2a:voxilaprevir	category_III	III	3.0	1.0	11.25	0.0			NS3:43V:AL_2a	voxilaprevir	voxilaprevir	drug_resistance	Gilead Sciences	NS3/4A protease inhibitors	AASLD_2017_Abs_1176	https://doi.org/10.1002/hep.29501
NS3	1	54	A	REF_MASTER_NC_004102	NS3:54A	aminoAcidSimplePolymorphism	NS3:54A	single				phdr_ras:NS3:54A	NS3:54A	AL_1b	T54A	NS3:54A:AL_1b:voxilaprevir	insignificant	-	4.0	1.0	2.4	0.0			NS3:54A:AL_1b	voxilaprevir	voxilaprevir	drug_resistance	Gilead Sciences	NS3/4A protease inhibitors	AASLD_2017_Abs_1176	https://doi.org/10.1002/hep.29501
NS3	1	54	A	REF_MASTER_NC_004102	NS3:54A	aminoAcidSimplePolymorphism	NS3:54A+156S	combination	NS3:54A+156S	2.0	1.0	phdr_ras:NS3:54A+156S	NS3:54A+156S	AL_6a	T54A+A156S	NS3:54A+156S:AL_6a:paritaprevir	insignificant	-	4.0	1.0	2.7	0.0			NS3:54A+156S:AL_6a	paritaprevir	paritaprevir	drug_resistance	Abbvie	NS3/4A protease inhibitors	27021330	https://doi.org/10.1128/AAC.02929-15
NS3	1	54	A	REF_MASTER_NC_004102	NS3:54A	aminoAcidSimplePolymorphism	NS3:54A+158I	combination	NS3:54A+158I	2.0	1.0	phdr_ras:NS3:54A+158I	NS3:54A+158I	AL_6a	T54A+V158I	NS3:54A+158I:AL_6a:paritaprevir	insignificant	-	4.0	1.0	3.8	0.0			NS3:54A+158I:AL_6a	paritaprevir	paritaprevir	drug_resistance	Abbvie	NS3/4A protease inhibitors	27021330	https://doi.org/10.1128/AAC.02929-15
NS3	1	54	S	REF_MASTER_NC_004102	NS3:54S	aminoAcidSimplePolymorphism	NS3:36L+54S	combination	NS3:36L+54S	2.0	2.0	phdr_ras:NS3:36L+54S	NS3:36L+54S	AL_1a	V36L+T54S	NS3:36L+54S:AL_1a:voxilaprevir	category_III	III	3.0	1.0	11.25	0.0			NS3:36L+54S:AL_1a	voxilaprevir	voxilaprevir	drug_resistance	Gilead Sciences	NS3/4A protease inhibitors	AASLD_2017_Abs_1176	https://doi.org/10.1002/hep.29501
NS3	1	54	S	REF_MASTER_NC_004102	NS3:54S	aminoAcidSimplePolymorphism	NS3:54S	single				phdr_ras:NS3:54S	NS3:54S	AL_1a	T54S	NS3:54S:AL_1a:grazoprevir	insignificant	-	4.0	1.0	1.1	0.0			NS3:54S:AL_1a	grazoprevir	grazoprevir	drug_resistance	Merck	NS3/4A protease inhibitors	28228479;26926625	https://doi.org/10.1074/jbc.M116.772996;https://doi.org/10.1128/AAC.00051-16
NS3	1	54	S	REF_MASTER_NC_004102	NS3:54S	aminoAcidSimplePolymorphism	NS3:54S	single				phdr_ras:NS3:54S	NS3:54S	AL_1b	T54S	NS3:54S:AL_1b:grazoprevir	category_II	II	2.0	0.0		1.0	1.0	0.0	NS3:54S:AL_1b	grazoprevir	grazoprevir	drug_resistance	Merck	NS3/4A protease inhibitors	27773808;28193518;26371152	https://doi.org/10.1053/j.gastro.2016.10.017;https://doi.org/10.1053/j.gastro.2017.01.050;https://doi.org/10.1093/cid/civ722
NS3	1	54	S	REF_MASTER_NC_004102	NS3:54S	aminoAcidSimplePolymorphism	NS3:54S	single				phdr_ras:NS3:54S	NS3:54S	AL_1b	T54S	NS3:54S:AL_1b:voxilaprevir	insignificant	-	4.0	1.0	2.5	0.0			NS3:54S:AL_1b	voxilaprevir	voxilaprevir	drug_resistance	Gilead Sciences	NS3/4A protease inhibitors	AASLD_2017_Abs_1176	https://doi.org/10.1002/hep.29501
NS3	1	54	S	REF_MASTER_NC_004102	NS3:54S	aminoAcidSimplePolymorphism	NS3:54S+122G+155K+180V	combination	NS3:54S+122G+155K+180V	4.0	1.0	phdr_ras:NS3:54S+122G+155K+180V	NS3:54S+122G+155K+180V	AL_1a	T54S+S122G+R155K+R180V	NS3:54S+122G+155K+180V:AL_1a:voxilaprevir	category_III	III	3.0	1.0	9.2	0.0			NS3:54S+122G+155K+180V:AL_1a	voxilaprevir	voxilaprevir	drug_resistance	Gilead Sciences	NS3/4A protease inhibitors	AASLD_2017_Abs_1176	https://doi.org/10.1002/hep.29501
NS3	1	54	S	REF_MASTER_NC_004102	NS3:54S	aminoAcidSimplePolymorphism	NS3:54S+155K	combination	NS3:54S+155K	2.0	1.0	phdr_ras:NS3:54S+155K	NS3:54S+155K	AL_5a	T54S+R155K	NS3:54S+155K:AL_5a:paritaprevir	category_III	III	3.0	1.0	14.0	0.0			NS3:54S+155K:AL_5a	paritaprevir	paritaprevir	drug_resistance	Abbvie	NS3/4A protease inhibitors	27021330	https://doi.org/10.1128/AAC.02929-15
NS3	1	54	S	REF_MASTER_NC_004102	NS3:54S	aminoAcidSimplePolymorphism	NS3:54S+155T+168N	combination	NS3:54S+155T+168N	3.0	1.0	phdr_ras:NS3:54S+155T+168N	NS3:54S+155T+168N	AL_1a	T54S+R155T+D168N	NS3:54S+155T+168N:AL_1a:voxilaprevir	category_III	III	3.0	1.0	11.25	0.0			NS3:54S+155T+168N:AL_1a	voxilaprevir	voxilaprevir	drug_resistance	Gilead Sciences	NS3/4A protease inhibitors	AASLD_2017_Abs_1176	https://doi.org/10.1002/hep.29501
NS3	1	54	S	REF_MASTER_NC_004102	NS3:54S	aminoAcidSimplePolymorphism	NS3:54S+156S	combination	NS3:54S+156S	2.0	1.0	phdr_ras:NS3:54S+156S	NS3:54S+156S	AL_2a	T54S+A156S	NS3:54S+156S:AL_2a:paritaprevir	insignificant	-	4.0	1.0	2.3	0.0			NS3:54S+156S:AL_2a	paritaprevir	paritaprevir	drug_resistance	Abbvie	NS3/4A protease inhibitors	27021330	https://doi.org/10.1128/AAC.02929-15
NS3	1	54	S	REF_MASTER_NC_004102	NS3:54S	aminoAcidSimplePolymorphism	NS3:54S+156S+177V	combination	NS3:54S+156S+177V	3.0	1.0	phdr_ras:NS3:54S+156S+177V	NS3:54S+156S+177V	AL_2a	T54S+A156S+I/V177V	NS3:54S+156S+177V:AL_2a:paritaprevir	insignificant	-	4.0	1.0	3.7	0.0			NS3:54S+156S+177V:AL_2a	paritaprevir	paritaprevir	drug_resistance	Abbvie	NS3/4A protease inhibitors	27021330	https://doi.org/10.1128/AAC.02929-15
NS3	1	54	S	REF_MASTER_NC_004102	NS3:54S	aminoAcidSimplePolymorphism	NS3:54S+156T	combination	NS3:54S+156T	2.0	1.0	phdr_ras:NS3:54S+156T	NS3:54S+156T	AL_1b	T54S+A156T	NS3:54S+156T:AL_1b:grazoprevir	category_II	II	2.0	0.0		1.0	0.0	1.0	NS3:54S+156T:AL_1b	grazoprevir	grazoprevir	drug_resistance	Merck	NS3/4A protease inhibitors	26371152	https://doi.org/10.1093/cid/civ722
NS3	1	54	S	REF_MASTER_NC_004102	NS3:54S	aminoAcidSimplePolymorphism	NS3:54S+55I+122G+155K	combination	NS3:54S+55I+122G+155K	4.0	1.0	phdr_ras:NS3:54S+55I+122G+155K	NS3:54S+55I+122G+155K	AL_1a	T54S+V55I+S122G+R155K	NS3:54S+55I+122G+155K:AL_1a:voxilaprevir	category_III	III	3.0	1.0	5.9	0.0			NS3:54S+55I+122G+155K:AL_1a	voxilaprevir	voxilaprevir	drug_resistance	Gilead Sciences	NS3/4A protease inhibitors	AASLD_2017_Abs_1176	https://doi.org/10.1002/hep.29501
NS3	1	54	S	REF_MASTER_NC_004102	NS3:54S	aminoAcidSimplePolymorphism	NS3:54S+55I+122G+155K+170V	combination	NS3:54S+55I+122G+155K+170V	5.0	1.0	phdr_ras:NS3:54S+55I+122G+155K+170V	NS3:54S+55I+122G+155K+170V	AL_1a	T54S+V55I+S122G+R155K+I170V	NS3:54S+55I+122G+155K+170V:AL_1a:voxilaprevir	insignificant	-	4.0	1.0	4.1	0.0			NS3:54S+55I+122G+155K+170V:AL_1a	voxilaprevir	voxilaprevir	drug_resistance	Gilead Sciences	NS3/4A protease inhibitors	AASLD_2017_Abs_1176	https://doi.org/10.1002/hep.29501
NS3	1	54	S	REF_MASTER_NC_004102	NS3:54S	aminoAcidSimplePolymorphism	NS3:54S+55I+80L	combination	NS3:54S+55I+80L	3.0	1.0	phdr_ras:NS3:54S+55I+80L	NS3:54S+55I+80L	AL_1a	T54S+V55I+K/Q80L	NS3:54S+55I+80L:AL_1a:voxilaprevir	category_III	III	3.0	1.0	7.0	0.0			NS3:54S+55I+80L:AL_1a	voxilaprevir	voxilaprevir	drug_resistance	Gilead Sciences	NS3/4A protease inhibitors	AASLD_2017_Abs_1176	https://doi.org/10.1002/hep.29501
NS3	1	54	S	REF_MASTER_NC_004102	NS3:54S	aminoAcidSimplePolymorphism	NS3:54S+56F+80L+156T+170I	combination	NS3:54S+56F+80L+156T+170I	5.0	1.0	phdr_ras:NS3:54S+56F+80L+156T+170I	NS3:54S+56F+80L+156T+170I	AL_1b	T54S+F/Y56F+Q80L+A156T+I/V170I	NS3:54S+56F+80L+156T+170I:AL_1b:grazoprevir	category_II	II	2.0	0.0		1.0	0.0	1.0	NS3:54S+56F+80L+156T+170I:AL_1b	grazoprevir	grazoprevir	drug_resistance	Merck	NS3/4A protease inhibitors	28193518	https://doi.org/10.1053/j.gastro.2017.01.050
NS3	1	54	S	REF_MASTER_NC_004102	NS3:54S	aminoAcidSimplePolymorphism	NS3:54S+56H	combination	NS3:54S+56H	2.0	1.0	phdr_ras:NS3:54S+56H	NS3:54S+56H	AL_1a	T54S+Y56H	NS3:54S+56H:AL_1a:voxilaprevir	category_III	III	3.0	1.0	11.25	0.0			NS3:54S+56H:AL_1a	voxilaprevir	voxilaprevir	drug_resistance	Gilead Sciences	NS3/4A protease inhibitors	AASLD_2017_Abs_1176	https://doi.org/10.1002/hep.29501
NS3	1	54	S	REF_MASTER_NC_004102	NS3:54S	aminoAcidSimplePolymorphism	NS3:54S+56H+170V	combination	NS3:54S+56H+170V	3.0	1.0	phdr_ras:NS3:54S+56H+170V	NS3:54S+56H+170V	AL_1a	T54S+Y56H+I170V	NS3:54S+56H+170V:AL_1a:voxilaprevir	category_III	III	3.0	1.0	11.1	0.0			NS3:54S+56H+170V:AL_1a	voxilaprevir	voxilaprevir	drug_resistance	Gilead Sciences	NS3/4A protease inhibitors	AASLD_2017_Abs_1176	https://doi.org/10.1002/hep.29501
NS3	1	55	A	REF_MASTER_NC_004102	NS3:55A	aminoAcidSimplePolymorphism	NS3:55A	single				phdr_ras:NS3:55A	NS3:55A	AL_1a	V55A	NS3:55A:AL_1a:grazoprevir	category_II	II	2.0	1.0	1.7	1.0	1.0	0.0	NS3:55A:AL_1a	grazoprevir	grazoprevir	drug_resistance	Merck	NS3/4A protease inhibitors	25266289;26423374;30127629	https://doi.org/10.1093/cid/ciu696;https://doi.org/10.1016/S2352-3018(15)00114-9;https://doi.org/10.2147/IDR.S156581
NS3	1	55	A	REF_MASTER_NC_004102	NS3:55A	aminoAcidSimplePolymorphism	NS3:55A	single				phdr_ras:NS3:55A	NS3:55A	AL_1a	V55A	NS3:55A:AL_1a:voxilaprevir	category_II	II	2.0	0.0		1.0	1.0	0.0	NS3:55A:AL_1a	voxilaprevir	voxilaprevir	drug_resistance	Gilead Sciences	NS3/4A protease inhibitors	EASL_2017_Abs_THU-257	https://doi.org/10.1016/S0168-8278(17)30924-8
NS3	1	55	A	REF_MASTER_NC_004102	NS3:55A	aminoAcidSimplePolymorphism	NS3:55A	single				phdr_ras:NS3:55A	NS3:55A	AL_1b	V55A	NS3:55A:AL_1b:grazoprevir	insignificant	-	4.0	1.0	1.4	0.0			NS3:55A:AL_1b	grazoprevir	grazoprevir	drug_resistance	Merck	NS3/4A protease inhibitors	25266289	https://doi.org/10.1093/cid/ciu696
NS3	1	55	A	REF_MASTER_NC_004102	NS3:55A	aminoAcidSimplePolymorphism	NS3:55A+168A	combination	NS3:55A+168A	2.0	1.0	phdr_ras:NS3:55A+168A	NS3:55A+168A	AL_1a	V55A+D168A	NS3:55A+168A:AL_1a:grazoprevir	category_II	II	2.0	0.0		1.0	0.0	1.0	NS3:55A+168A:AL_1a	grazoprevir	grazoprevir	drug_resistance	Merck	NS3/4A protease inhibitors	30127629	https://doi.org/10.2147/IDR.S156581
NS3	1	55	A	REF_MASTER_NC_004102	NS3:55A	aminoAcidSimplePolymorphism	NS3:55A+168E	combination	NS3:55A+168E	2.0	1.0	phdr_ras:NS3:55A+168E	NS3:55A+168E	AL_1a	V55A+D168E	NS3:55A+168E:AL_1a:grazoprevir	category_II	II	2.0	0.0		1.0	0.0	1.0	NS3:55A+168E:AL_1a	grazoprevir	grazoprevir	drug_resistance	Merck	NS3/4A protease inhibitors	30127629	https://doi.org/10.2147/IDR.S156581
NS3	1	55	A	REF_MASTER_NC_004102	NS3:55A	aminoAcidSimplePolymorphism	NS3:55A+80K+122N	combination	NS3:55A+80K+122N	3.0	1.0	phdr_ras:NS3:55A+80K+122N	NS3:55A+80K+122N	AL_6a	V55A+K80K+N/S122N	NS3:55A+80K+122N:AL_6a:voxilaprevir	insignificant	-	4.0	1.0	2.0	0.0			NS3:55A+80K+122N:AL_6a	voxilaprevir	voxilaprevir	drug_resistance	Gilead Sciences	NS3/4A protease inhibitors	AASLD_2017_Abs_1176	https://doi.org/10.1002/hep.29501
NS3	1	55	A	REF_MASTER_NC_004102	NS3:55A	aminoAcidSimplePolymorphism	NS3:55A+80R+168E+170V	combination	NS3:55A+80R+168E+170V	4.0	1.0	phdr_ras:NS3:55A+80R+168E+170V	NS3:55A+80R+168E+170V	AL_1a	V55A+K/Q80R+D168E+I170V	NS3:55A+80R+168E+170V:AL_1a:voxilaprevir	insignificant	-	4.0	1.0	4.9	0.0			NS3:55A+80R+168E+170V:AL_1a	voxilaprevir	voxilaprevir	drug_resistance	Gilead Sciences	NS3/4A protease inhibitors	AASLD_2017_Abs_1176	https://doi.org/10.1002/hep.29501
NS3	1	55	I	REF_MASTER_NC_004102	NS3:55I	aminoAcidSimplePolymorphism	NS3:41R+55I	combination	NS3:41R+55I	2.0	2.0	phdr_ras:NS3:41R+55I	NS3:41R+55I	AL_3a	Q41R+V55I	NS3:41R+55I:AL_3a:voxilaprevir	category_III	III	3.0	1.0	11.25	0.0			NS3:41R+55I:AL_3a	voxilaprevir	voxilaprevir	drug_resistance	Gilead Sciences	NS3/4A protease inhibitors	AASLD_2017_Abs_1176	https://doi.org/10.1002/hep.29501
NS3	1	55	I	REF_MASTER_NC_004102	NS3:55I	aminoAcidSimplePolymorphism	NS3:54S+55I+122G+155K	combination	NS3:54S+55I+122G+155K	4.0	2.0	phdr_ras:NS3:54S+55I+122G+155K	NS3:54S+55I+122G+155K	AL_1a	T54S+V55I+S122G+R155K	NS3:54S+55I+122G+155K:AL_1a:voxilaprevir	category_III	III	3.0	1.0	5.9	0.0			NS3:54S+55I+122G+155K:AL_1a	voxilaprevir	voxilaprevir	drug_resistance	Gilead Sciences	NS3/4A protease inhibitors	AASLD_2017_Abs_1176	https://doi.org/10.1002/hep.29501
NS3	1	55	I	REF_MASTER_NC_004102	NS3:55I	aminoAcidSimplePolymorphism	NS3:54S+55I+122G+155K+170V	combination	NS3:54S+55I+122G+155K+170V	5.0	2.0	phdr_ras:NS3:54S+55I+122G+155K+170V	NS3:54S+55I+122G+155K+170V	AL_1a	T54S+V55I+S122G+R155K+I170V	NS3:54S+55I+122G+155K+170V:AL_1a:voxilaprevir	insignificant	-	4.0	1.0	4.1	0.0			NS3:54S+55I+122G+155K+170V:AL_1a	voxilaprevir	voxilaprevir	drug_resistance	Gilead Sciences	NS3/4A protease inhibitors	AASLD_2017_Abs_1176	https://doi.org/10.1002/hep.29501
NS3	1	55	I	REF_MASTER_NC_004102	NS3:55I	aminoAcidSimplePolymorphism	NS3:54S+55I+80L	combination	NS3:54S+55I+80L	3.0	2.0	phdr_ras:NS3:54S+55I+80L	NS3:54S+55I+80L	AL_1a	T54S+V55I+K/Q80L	NS3:54S+55I+80L:AL_1a:voxilaprevir	category_III	III	3.0	1.0	7.0	0.0			NS3:54S+55I+80L:AL_1a	voxilaprevir	voxilaprevir	drug_resistance	Gilead Sciences	NS3/4A protease inhibitors	AASLD_2017_Abs_1176	https://doi.org/10.1002/hep.29501
NS3	1	55	I	REF_MASTER_NC_004102	NS3:55I	aminoAcidSimplePolymorphism	NS3:55I	single				phdr_ras:NS3:55I	NS3:55I	AL_1a	V55I	NS3:55I:AL_1a:grazoprevir	insignificant	-	4.0	1.0	0.5	0.0			NS3:55I:AL_1a	grazoprevir	grazoprevir	drug_resistance	Merck	NS3/4A protease inhibitors	28228479	https://doi.org/10.1074/jbc.M116.772996
NS3	1	56	F	REF_MASTER_NC_004102	NS3:56F	aminoAcidSimplePolymorphism	NS3:54S+56F+80L+156T+170I	combination	NS3:54S+56F+80L+156T+170I	5.0	2.0	phdr_ras:NS3:54S+56F+80L+156T+170I	NS3:54S+56F+80L+156T+170I	AL_1b	T54S+F/Y56F+Q80L+A156T+I/V170I	NS3:54S+56F+80L+156T+170I:AL_1b:grazoprevir	category_II	II	2.0	0.0		1.0	0.0	1.0	NS3:54S+56F+80L+156T+170I:AL_1b	grazoprevir	grazoprevir	drug_resistance	Merck	NS3/4A protease inhibitors	28193518	https://doi.org/10.1053/j.gastro.2017.01.050
NS3	1	56	F	REF_MASTER_NC_004102	NS3:56F	aminoAcidSimplePolymorphism	NS3:56F	single				phdr_ras:NS3:56F	NS3:56F	AL_1a	Y56F	NS3:56F:AL_1a:grazoprevir	category_II	II	2.0	0.0		1.0	0.0	1.0	NS3:56F:AL_1a	grazoprevir	grazoprevir	drug_resistance	Merck	NS3/4A protease inhibitors	27773808	https://doi.org/10.1053/j.gastro.2016.10.017
NS3	1	56	F	REF_MASTER_NC_004102	NS3:56F	aminoAcidSimplePolymorphism	NS3:56F	single				phdr_ras:NS3:56F	NS3:56F	AL_1b	F/Y56F	NS3:56F:AL_1b:grazoprevir	category_II	II	2.0	0.0		1.0	0.0	1.0	NS3:56F:AL_1b	grazoprevir	grazoprevir	drug_resistance	Merck	NS3/4A protease inhibitors	27773808	https://doi.org/10.1053/j.gastro.2016.10.017
NS3	1	56	F	REF_MASTER_NC_004102	NS3:56F	aminoAcidSimplePolymorphism	NS3:56F+122N	combination	NS3:56F+122N	2.0	1.0	phdr_ras:NS3:56F+122N	NS3:56F+122N	AL_1b	F/Y56F+S122N	NS3:56F+122N:AL_1b:voxilaprevir	insignificant	-	4.0	1.0	3.4	0.0			NS3:56F+122N:AL_1b	voxilaprevir	voxilaprevir	drug_resistance	Gilead Sciences	NS3/4A protease inhibitors	AASLD_2017_Abs_1176	https://doi.org/10.1002/hep.29501
NS3	1	56	F	REF_MASTER_NC_004102	NS3:56F	aminoAcidSimplePolymorphism	NS3:56F+122N+170I	combination	NS3:56F+122N+170I	3.0	1.0	phdr_ras:NS3:56F+122N+170I	NS3:56F+122N+170I	AL_1b	F/Y56F+S122N+I/V170I	NS3:56F+122N+170I:AL_1b:voxilaprevir	insignificant	-	4.0	1.0	3.3	0.0			NS3:56F+122N+170I:AL_1b	voxilaprevir	voxilaprevir	drug_resistance	Gilead Sciences	NS3/4A protease inhibitors	AASLD_2017_Abs_1176	https://doi.org/10.1002/hep.29501
NS3	1	56	F	REF_MASTER_NC_004102	NS3:56F	aminoAcidSimplePolymorphism	NS3:56F+155W+156G+168N	combination	NS3:56F+155W+156G+168N	4.0	1.0	phdr_ras:NS3:56F+155W+156G+168N	NS3:56F+155W+156G+168N	AL_1b	F/Y56F+R155W+A156G+D168N	NS3:56F+155W+156G+168N:AL_1b:grazoprevir	category_II	II	2.0	0.0		1.0	0.0	1.0	NS3:56F+155W+156G+168N:AL_1b	grazoprevir	grazoprevir	drug_resistance	Merck	NS3/4A protease inhibitors	30127629	https://doi.org/10.2147/IDR.S156581
NS3	1	56	F	REF_MASTER_NC_004102	NS3:56F	aminoAcidSimplePolymorphism	NS3:56F+168E+170I	combination	NS3:56F+168E+170I	3.0	1.0	phdr_ras:NS3:56F+168E+170I	NS3:56F+168E+170I	AL_1b	F/Y56F+D168E+I/V170I	NS3:56F+168E+170I:AL_1b:grazoprevir	category_II	II	2.0	0.0		1.0	0.0	1.0	NS3:56F+168E+170I:AL_1b	grazoprevir	grazoprevir	drug_resistance	Merck	NS3/4A protease inhibitors	30127629	https://doi.org/10.2147/IDR.S156581
NS3	1	56	F	REF_MASTER_NC_004102	NS3:56F	aminoAcidSimplePolymorphism	NS3:56F+170I	combination	NS3:56F+170I	2.0	1.0	phdr_ras:NS3:56F+170I	NS3:56F+170I	AL_1b	F/Y56F+I/V170I	NS3:56F+170I:AL_1b:grazoprevir	category_II	II	2.0	0.0		1.0	1.0	0.0	NS3:56F+170I:AL_1b	grazoprevir	grazoprevir	drug_resistance	Merck	NS3/4A protease inhibitors	30127629	https://doi.org/10.2147/IDR.S156581
NS3	1	56	H	REF_MASTER_NC_004102	NS3:56H	aminoAcidSimplePolymorphism	NS3:54S+56H	combination	NS3:54S+56H	2.0	2.0	phdr_ras:NS3:54S+56H	NS3:54S+56H	AL_1a	T54S+Y56H	NS3:54S+56H:AL_1a:voxilaprevir	category_III	III	3.0	1.0	11.25	0.0			NS3:54S+56H:AL_1a	voxilaprevir	voxilaprevir	drug_resistance	Gilead Sciences	NS3/4A protease inhibitors	AASLD_2017_Abs_1176	https://doi.org/10.1002/hep.29501
NS3	1	56	H	REF_MASTER_NC_004102	NS3:56H	aminoAcidSimplePolymorphism	NS3:54S+56H+170V	combination	NS3:54S+56H+170V	3.0	2.0	phdr_ras:NS3:54S+56H+170V	NS3:54S+56H+170V	AL_1a	T54S+Y56H+I170V	NS3:54S+56H+170V:AL_1a:voxilaprevir	category_III	III	3.0	1.0	11.1	0.0			NS3:54S+56H+170V:AL_1a	voxilaprevir	voxilaprevir	drug_resistance	Gilead Sciences	NS3/4A protease inhibitors	AASLD_2017_Abs_1176	https://doi.org/10.1002/hep.29501
NS3	1	56	H	REF_MASTER_NC_004102	NS3:56H	aminoAcidSimplePolymorphism	NS3:56H	single				phdr_ras:NS3:56H	NS3:56H	AL_1a	Y56H	NS3:56H:AL_1a:glecaprevir	category_II	II	2.0	0.0		1.0	0.0	1.0	NS3:56H:AL_1a	glecaprevir	glecaprevir	drug_resistance	Abbvie	NS3/4A protease inhibitors	28128852	https://doi.org/10.1002/hep.29081
NS3	1	56	H	REF_MASTER_NC_004102	NS3:56H	aminoAcidSimplePolymorphism	NS3:56H	single				phdr_ras:NS3:56H	NS3:56H	AL_1a	Y56H	NS3:56H:AL_1a:grazoprevir	category_I	I	1.0	1.0	46.0	1.0	0.0	1.0	NS3:56H:AL_1a	grazoprevir	grazoprevir	drug_resistance	Merck	NS3/4A protease inhibitors	27773808;28228479;26926625	https://doi.org/10.1053/j.gastro.2016.10.017;https://doi.org/10.1074/jbc.M116.772996;https://doi.org/10.1128/AAC.00051-16
NS3	1	56	H	REF_MASTER_NC_004102	NS3:56H	aminoAcidSimplePolymorphism	NS3:56H	single				phdr_ras:NS3:56H	NS3:56H	AL_1b	F/Y56H	NS3:56H:AL_1b:grazoprevir	category_II	II	2.0	0.0		1.0	0.0	1.0	NS3:56H:AL_1b	grazoprevir	grazoprevir	drug_resistance	Merck	NS3/4A protease inhibitors	27773808	https://doi.org/10.1053/j.gastro.2016.10.017
NS3	1	56	H	REF_MASTER_NC_004102	NS3:56H	aminoAcidSimplePolymorphism	NS3:56H	single				phdr_ras:NS3:56H	NS3:56H	AL_1b	F/Y56H	NS3:56H:AL_1b:paritaprevir	category_I	I	1.0	1.0	11.0	1.0	0.0	1.0	NS3:56H:AL_1b	paritaprevir	paritaprevir	drug_resistance	Abbvie	NS3/4A protease inhibitors	29146520	https://doi.org/10.1053/j.gastro.2017.11.007
NS3	1	56	H	REF_MASTER_NC_004102	NS3:56H	aminoAcidSimplePolymorphism	NS3:56H	single				phdr_ras:NS3:56H	NS3:56H	AL_3	Y56H	NS3:56H:AL_3:glecaprevir	category_II	II	2.0	0.0		1.0	0.0	1.0	NS3:56H:AL_3	glecaprevir	glecaprevir	drug_resistance	Abbvie	NS3/4A protease inhibitors	EASL_2017_FRI_205	https://doi.org/10.1016/S0168-8278(17)31399-5
NS3	1	56	H	REF_MASTER_NC_004102	NS3:56H	aminoAcidSimplePolymorphism	NS3:56H	single				phdr_ras:NS3:56H	NS3:56H	AL_4	Y56H	NS3:56H:AL_4:paritaprevir	category_I	I	1.0	1.0	60.0	1.0	0.0	1.0	NS3:56H:AL_4	paritaprevir	paritaprevir	drug_resistance	Abbvie	NS3/4A protease inhibitors	29146520	https://doi.org/10.1053/j.gastro.2017.11.007
NS3	1	56	H	REF_MASTER_NC_004102	NS3:56H	aminoAcidSimplePolymorphism	NS3:56H	single				phdr_ras:NS3:56H	NS3:56H	AL_4d	Y56H	NS3:56H:AL_4d:paritaprevir	category_III	III	3.0	1.0	8.0	0.0			NS3:56H:AL_4d	paritaprevir	paritaprevir	drug_resistance	Abbvie	NS3/4A protease inhibitors	26282418	https://doi.org/10.1128/AAC.01229-15
NS3	1	56	H	REF_MASTER_NC_004102	NS3:56H	aminoAcidSimplePolymorphism	NS3:56H	single				phdr_ras:NS3:56H	NS3:56H	AL_6a	Y56H	NS3:56H:AL_6a:voxilaprevir	category_III	III	3.0	1.0	11.25	0.0			NS3:56H:AL_6a	voxilaprevir	voxilaprevir	drug_resistance	Gilead Sciences	NS3/4A protease inhibitors	AASLD_2017_Abs_1176	https://doi.org/10.1002/hep.29501
NS3	1	56	H	REF_MASTER_NC_004102	NS3:56H	aminoAcidSimplePolymorphism	NS3:56H+156T+168N	combination	NS3:56H+156T+168N	3.0	1.0	phdr_ras:NS3:56H+156T+168N	NS3:56H+156T+168N	AL_1a	Y56H+A156T+D168N	NS3:56H+156T+168N:AL_1a:grazoprevir	category_II	II	2.0	0.0		1.0	0.0	1.0	NS3:56H+156T+168N:AL_1a	grazoprevir	grazoprevir	drug_resistance	Merck	NS3/4A protease inhibitors	27291249	https://doi.org/10.1111/jvh.12552
NS3	1	56	H	REF_MASTER_NC_004102	NS3:56H	aminoAcidSimplePolymorphism	NS3:56H+168A	combination	NS3:56H+168A	2.0	1.0	phdr_ras:NS3:56H+168A	NS3:56H+168A	AL_1a	Y56H+D168A	NS3:56H+168A:AL_1a:glecaprevir	category_II	II	2.0	0.0		1.0	1.0	0.0	NS3:56H+168A:AL_1a	glecaprevir	glecaprevir	drug_resistance	Abbvie	NS3/4A protease inhibitors	29152781	https://doi.org/10.1002/hep.29671
NS3	1	56	H	REF_MASTER_NC_004102	NS3:56H	aminoAcidSimplePolymorphism	NS3:56H+168A	combination	NS3:56H+168A	2.0	1.0	phdr_ras:NS3:56H+168A	NS3:56H+168A	AL_1a	Y56H+D168A	NS3:56H+168A:AL_1a:grazoprevir	category_I	I	1.0	1.0	1638.0	1.0	0.0	1.0	NS3:56H+168A:AL_1a	grazoprevir	grazoprevir	drug_resistance	Merck	NS3/4A protease inhibitors	28228479;25467591;27291249	https://doi.org/10.1074/jbc.M116.772996;https://doi.org/10.1016/S0140-6736(14)61795-5;https://doi.org/10.1111/jvh.12552
NS3	1	56	H	REF_MASTER_NC_004102	NS3:56H	aminoAcidSimplePolymorphism	NS3:56H+168A	combination	NS3:56H+168A	2.0	1.0	phdr_ras:NS3:56H+168A	NS3:56H+168A	AL_1b	F/Y56H+D168A	NS3:56H+168A:AL_1b:grazoprevir	category_II	II	2.0	0.0		1.0	0.0	1.0	NS3:56H+168A:AL_1b	grazoprevir	grazoprevir	drug_resistance	Merck	NS3/4A protease inhibitors	30127629	https://doi.org/10.2147/IDR.S156581
NS3	1	56	H	REF_MASTER_NC_004102	NS3:56H	aminoAcidSimplePolymorphism	NS3:56H+168A	combination	NS3:56H+168A	2.0	1.0	phdr_ras:NS3:56H+168A	NS3:56H+168A	AL_1b	F/Y56H+D168A	NS3:56H+168A:AL_1b:paritaprevir	category_I	I	1.0	1.0	700.0	1.0	0.0	1.0	NS3:56H+168A:AL_1b	paritaprevir	paritaprevir	drug_resistance	Abbvie	NS3/4A protease inhibitors	26643326;24720679	https://doi.org/10.1128/AAC.02606-15;https://doi.org/10.1056/NEJMoa1401561
NS3	1	56	H	REF_MASTER_NC_004102	NS3:56H	aminoAcidSimplePolymorphism	NS3:56H+168E	combination	NS3:56H+168E	2.0	1.0	phdr_ras:NS3:56H+168E	NS3:56H+168E	AL_1a	Y56H+D168E	NS3:56H+168E:AL_1a:glecaprevir	category_II	II	2.0	0.0		1.0	1.0	0.0	NS3:56H+168E:AL_1a	glecaprevir	glecaprevir	drug_resistance	Abbvie	NS3/4A protease inhibitors	29152781	https://doi.org/10.1002/hep.29671
NS3	1	56	H	REF_MASTER_NC_004102	NS3:56H	aminoAcidSimplePolymorphism	NS3:56H+168E	combination	NS3:56H+168E	2.0	1.0	phdr_ras:NS3:56H+168E	NS3:56H+168E	AL_6a	Y56H+D168E	NS3:56H+168E:AL_6a:voxilaprevir	category_II	II	2.0	1.0	60.0	0.0			NS3:56H+168E:AL_6a	voxilaprevir	voxilaprevir	drug_resistance	Gilead Sciences	NS3/4A protease inhibitors	AASLD_2017_Abs_1176	https://doi.org/10.1002/hep.29501
NS3	1	56	H	REF_MASTER_NC_004102	NS3:56H	aminoAcidSimplePolymorphism	NS3:56H+168K	combination	NS3:56H+168K	2.0	1.0	phdr_ras:NS3:56H+168K	NS3:56H+168K	AL_3a	Y56H+Q168K	NS3:56H+168K:AL_3a:glecaprevir	category_II	II	2.0	0.0		1.0	0.0	1.0	NS3:56H+168K:AL_3a	glecaprevir	glecaprevir	drug_resistance	Abbvie	NS3/4A protease inhibitors	28412293	https://doi.org/10.1016/j.jhep.2017.03.039
NS3	1	56	H	REF_MASTER_NC_004102	NS3:56H	aminoAcidSimplePolymorphism	NS3:56H+168K+170I	combination	NS3:56H+168K+170I	3.0	1.0	phdr_ras:NS3:56H+168K+170I	NS3:56H+168K+170I	AL_3	Y56H+Q168K+I/V170I	NS3:56H+168K+170I:AL_3:grazoprevir	category_II	II	2.0	0.0		1.0	0.0	1.0	NS3:56H+168K+170I:AL_3	grazoprevir	grazoprevir	drug_resistance	Merck	NS3/4A protease inhibitors	25467591	https://doi.org/10.1016/S0140-6736(14)61795-5
NS3	1	56	H	REF_MASTER_NC_004102	NS3:56H	aminoAcidSimplePolymorphism	NS3:56H+168L	combination	NS3:56H+168L	2.0	1.0	phdr_ras:NS3:56H+168L	NS3:56H+168L	AL_3a	Y56H+Q168L	NS3:56H+168L:AL_3a:glecaprevir	category_II	II	2.0	0.0		1.0	0.0	1.0	NS3:56H+168L:AL_3a	glecaprevir	glecaprevir	drug_resistance	Abbvie	NS3/4A protease inhibitors	28412293	https://doi.org/10.1016/j.jhep.2017.03.039
NS3	1	56	H	REF_MASTER_NC_004102	NS3:56H	aminoAcidSimplePolymorphism	NS3:56H+168Q+170I	combination	NS3:56H+168Q+170I	3.0	1.0	phdr_ras:NS3:56H+168Q+170I	NS3:56H+168Q+170I	AL_3	Y56H+Q168Q+I/V170I	NS3:56H+168Q+170I:AL_3:grazoprevir	category_II	II	2.0	0.0		1.0	0.0	1.0	NS3:56H+168Q+170I:AL_3	grazoprevir	grazoprevir	drug_resistance	Merck	NS3/4A protease inhibitors	25467591	https://doi.org/10.1016/S0140-6736(14)61795-5
NS3	1	56	H	REF_MASTER_NC_004102	NS3:56H	aminoAcidSimplePolymorphism	NS3:56H+168R	combination	NS3:56H+168R	2.0	1.0	phdr_ras:NS3:56H+168R	NS3:56H+168R	AL_3a	Y56H+Q168R	NS3:56H+168R:AL_3a:glecaprevir	category_I	I	1.0	1.0	1387.0	1.0	0.0	1.0	NS3:56H+168R:AL_3a	glecaprevir	glecaprevir	drug_resistance	Abbvie	NS3/4A protease inhibitors	29084747;28412293	https://doi.org/10.1128/AAC.01620-17;https://doi.org/10.1016/j.jhep.2017.03.039
NS3	1	56	H	REF_MASTER_NC_004102	NS3:56H	aminoAcidSimplePolymorphism	NS3:56H+168R	combination	NS3:56H+168R	2.0	1.0	phdr_ras:NS3:56H+168R	NS3:56H+168R	AL_3a	Y56H+Q168R	NS3:56H+168R:AL_3a:voxilaprevir	category_II	II	2.0	1.0	100.0	0.0			NS3:56H+168R:AL_3a	voxilaprevir	voxilaprevir	drug_resistance	Gilead Sciences	NS3/4A protease inhibitors	AASLD_2017_Abs_1176	https://doi.org/10.1002/hep.29501
NS3	1	56	H	REF_MASTER_NC_004102	NS3:56H	aminoAcidSimplePolymorphism	NS3:56H+168V	combination	NS3:56H+168V	2.0	1.0	phdr_ras:NS3:56H+168V	NS3:56H+168V	AL_1b	F/Y56H+D168V	NS3:56H+168V:AL_1b:paritaprevir	category_II	II	2.0	1.0	2.0	1.0	0.0	1.0	NS3:56H+168V:AL_1b	paritaprevir	paritaprevir	drug_resistance	Abbvie	NS3/4A protease inhibitors	26643326	https://doi.org/10.1128/AAC.02606-15
NS3	1	56	H	REF_MASTER_NC_004102	NS3:56H	aminoAcidSimplePolymorphism	NS3:56H+168V	combination	NS3:56H+168V	2.0	1.0	phdr_ras:NS3:56H+168V	NS3:56H+168V	AL_4d	Y56H+D168V	NS3:56H+168V:AL_4d:paritaprevir	category_I	I	1.0	1.0	12.0	1.0	0.0	1.0	NS3:56H+168V:AL_4d	paritaprevir	paritaprevir	drug_resistance	Abbvie	NS3/4A protease inhibitors	26282418	https://doi.org/10.1128/AAC.01229-15
NS3	1	56	H	REF_MASTER_NC_004102	NS3:56H	aminoAcidSimplePolymorphism	NS3:56H+168Y	combination	NS3:56H+168Y	2.0	1.0	phdr_ras:NS3:56H+168Y	NS3:56H+168Y	AL_1a	Y56H+D168Y	NS3:56H+168Y:AL_1a:paritaprevir	category_II	II	2.0	0.0		1.0	0.0	1.0	NS3:56H+168Y:AL_1a	paritaprevir	paritaprevir	drug_resistance	Abbvie	NS3/4A protease inhibitors	26100711	https://doi.org/10.1128/AAC.00998-15
NS3	1	56	H	REF_MASTER_NC_004102	NS3:56H	aminoAcidSimplePolymorphism	NS3:56H+168Y	combination	NS3:56H+168Y	2.0	1.0	phdr_ras:NS3:56H+168Y	NS3:56H+168Y	AL_1b	F/Y56H+D168Y	NS3:56H+168Y:AL_1b:paritaprevir	category_II	II	2.0	0.0		1.0	0.0	1.0	NS3:56H+168Y:AL_1b	paritaprevir	paritaprevir	drug_resistance	Abbvie	NS3/4A protease inhibitors	26170136	https://doi.org/10.1053/j.gastro.2015.07.001
NS3	1	56	H	REF_MASTER_NC_004102	NS3:56H	aminoAcidSimplePolymorphism	NS3:56H+80K+155I+168V	combination	NS3:56H+80K+155I+168V	4.0	1.0	phdr_ras:NS3:56H+80K+155I+168V	NS3:56H+80K+155I+168V	AL_1a	Y56H+K/Q80K+R155I+D168V	NS3:56H+80K+155I+168V:AL_1a:grazoprevir	category_II	II	2.0	0.0		1.0	0.0	1.0	NS3:56H+80K+155I+168V:AL_1a	grazoprevir	grazoprevir	drug_resistance	Merck	NS3/4A protease inhibitors	27773808;27720838	https://doi.org/10.1053/j.gastro.2016.10.017;https://doi.org/10.1053/j.gastro.2016.09.045
NS3	1	56	H	REF_MASTER_NC_004102	NS3:56H	aminoAcidSimplePolymorphism	NS3:56H+80K+155R+168V	combination	NS3:56H+80K+155R+168V	4.0	1.0	phdr_ras:NS3:56H+80K+155R+168V	NS3:56H+80K+155R+168V	AL_1a	Y56H+K/Q80K+R155R+D168V	NS3:56H+80K+155R+168V:AL_1a:grazoprevir	category_II	II	2.0	0.0		1.0	0.0	1.0	NS3:56H+80K+155R+168V:AL_1a	grazoprevir	grazoprevir	drug_resistance	Merck	NS3/4A protease inhibitors	27720838	https://doi.org/10.1053/j.gastro.2016.09.045
NS3	1	56	N	REF_MASTER_NC_004102	NS3:56N	aminoAcidSimplePolymorphism	NS3:56N	single				phdr_ras:NS3:56N	NS3:56N	AL_3	Y56N	NS3:56N:AL_3:glecaprevir	category_II	II	2.0	0.0		1.0	0.0	1.0	NS3:56N:AL_3	glecaprevir	glecaprevir	drug_resistance	Abbvie	NS3/4A protease inhibitors	EASL_2017_FRI_205	https://doi.org/10.1016/S0168-8278(17)31399-5
NS3	1	56	Y	REF_MASTER_NC_004102	NS3:56Y	aminoAcidSimplePolymorphism	NS3:56Y	single				phdr_ras:NS3:56Y	NS3:56Y															drug_resistance				
NS3	1	56	Y	REF_MASTER_NC_004102	NS3:56Y	aminoAcidSimplePolymorphism	NS3:56Y+168K+170I	combination	NS3:56Y+168K+170I	3.0	1.0	phdr_ras:NS3:56Y+168K+170I	NS3:56Y+168K+170I	AL_3	Y56Y+Q168K+I/V170I	NS3:56Y+168K+170I:AL_3:grazoprevir	category_II	II	2.0	0.0		1.0	0.0	1.0	NS3:56Y+168K+170I:AL_3	grazoprevir	grazoprevir	drug_resistance	Merck	NS3/4A protease inhibitors	25467591	https://doi.org/10.1016/S0140-6736(14)61795-5
NS3	1	56	Y	REF_MASTER_NC_004102	NS3:56Y	aminoAcidSimplePolymorphism	NS3:56Y+168Q+170I	combination	NS3:56Y+168Q+170I	3.0	1.0	phdr_ras:NS3:56Y+168Q+170I	NS3:56Y+168Q+170I	AL_3	Y56Y+Q168Q+I/V170I	NS3:56Y+168Q+170I:AL_3:grazoprevir	category_II	II	2.0	0.0		1.0	0.0	1.0	NS3:56Y+168Q+170I:AL_3	grazoprevir	grazoprevir	drug_resistance	Merck	NS3/4A protease inhibitors	25467591	https://doi.org/10.1016/S0140-6736(14)61795-5
NS3	1	58	S	REF_MASTER_NC_004102	NS3:58S	aminoAcidSimplePolymorphism	NS3:58S	single				phdr_ras:NS3:58S	NS3:58S															drug_resistance				
NS3	1	58	S	REF_MASTER_NC_004102	NS3:58S	aminoAcidSimplePolymorphism	NS3:58S+62T+93H	combination	NS3:58S+62T+93H	3.0	1.0	phdr_ras:NS3:58S+62T+93H	NS3:58S+62T+93H	AL_3	G58S+R62T+S93H	NS3:58S+62T+93H:AL_3:grazoprevir	category_II	II	2.0	0.0		1.0	1.0	0.0	NS3:58S+62T+93H:AL_3	grazoprevir	grazoprevir	drug_resistance	Merck	NS3/4A protease inhibitors	29473975	https://doi.org/10.1002/hep.29852
NS3	1	62	T	REF_MASTER_NC_004102	NS3:62T	aminoAcidSimplePolymorphism	NS3:58S+62T+93H	combination	NS3:58S+62T+93H	3.0	2.0	phdr_ras:NS3:58S+62T+93H	NS3:58S+62T+93H	AL_3	G58S+R62T+S93H	NS3:58S+62T+93H:AL_3:grazoprevir	category_II	II	2.0	0.0		1.0	1.0	0.0	NS3:58S+62T+93H:AL_3	grazoprevir	grazoprevir	drug_resistance	Merck	NS3/4A protease inhibitors	29473975	https://doi.org/10.1002/hep.29852
NS3	1	62	T	REF_MASTER_NC_004102	NS3:62T	aminoAcidSimplePolymorphism	NS3:62T	single				phdr_ras:NS3:62T	NS3:62T															drug_resistance				
NS3	1	71	A	REF_MASTER_NC_004102	NS3:71A	aminoAcidSimplePolymorphism	NS3:71A	single				phdr_ras:NS3:71A	NS3:71A															drug_resistance				
NS3	1	71	A	REF_MASTER_NC_004102	NS3:71A	aminoAcidSimplePolymorphism	NS3:71A+170V	combination	NS3:71A+170V	2.0	1.0	phdr_ras:NS3:71A+170V	NS3:71A+170V	AL_1a	V71A+I170V	NS3:71A+170V:AL_1a:glecaprevir	insignificant	-	4.0	1.0	3.3	0.0			NS3:71A+170V:AL_1a	glecaprevir	glecaprevir	drug_resistance	Abbvie	NS3/4A protease inhibitors	29084747	https://doi.org/10.1128/AAC.01620-17
NS3	1	77	S	REF_MASTER_NC_004102	NS3:77S	aminoAcidSimplePolymorphism	NS3:77S	single				phdr_ras:NS3:77S	NS3:77S															drug_resistance				
NS3	1	77	S	REF_MASTER_NC_004102	NS3:77S	aminoAcidSimplePolymorphism	NS3:77S+80K+132I+156G	combination	NS3:77S+80K+132I+156G	4.0	1.0	phdr_ras:NS3:77S+80K+132I+156G	NS3:77S+80K+132I+156G	AL_1a	N77S+K/Q80K+I132I+A156G	NS3:77S+80K+132I+156G:AL_1a:grazoprevir	category_II	II	2.0	0.0		1.0	0.0	1.0	NS3:77S+80K+132I+156G:AL_1a	grazoprevir	grazoprevir	drug_resistance	Merck	NS3/4A protease inhibitors	25467591	https://doi.org/10.1016/S0140-6736(14)61795-5
NS3	1	80	K	REF_MASTER_NC_004102	NS3:80K	aminoAcidSimplePolymorphism	NS3:36L+80K	combination	NS3:36L+80K	2.0	2.0	phdr_ras:NS3:36L+80K	NS3:36L+80K	AL_1a	V36L+K/Q80K	NS3:36L+80K:AL_1a:grazoprevir	category_II	II	2.0	1.0	1.8	1.0	1.0	0.0	NS3:36L+80K:AL_1a	grazoprevir	grazoprevir	drug_resistance	Merck	NS3/4A protease inhibitors	25266289;26423374;30127629	https://doi.org/10.1093/cid/ciu696;https://doi.org/10.1016/S2352-3018(15)00114-9;https://doi.org/10.2147/IDR.S156581
NS3	1	80	K	REF_MASTER_NC_004102	NS3:80K	aminoAcidSimplePolymorphism	NS3:36L+80K	combination	NS3:36L+80K	2.0	2.0	phdr_ras:NS3:36L+80K	NS3:36L+80K	AL_1a	V36L+K/Q80K	NS3:36L+80K:AL_1a:voxilaprevir	category_II	II	2.0	1.0	3.8	1.0	1.0	0.0	NS3:36L+80K:AL_1a	voxilaprevir	voxilaprevir	drug_resistance	Gilead Sciences	NS3/4A protease inhibitors	AASLD_2016_Abs_846;AASLD_2017_Abs_1176	https://aasldpubs.onlinelibrary.wiley.com/doi/epdf/10.1002/hep.28798;https://doi.org/10.1002/hep.29501
NS3	1	80	K	REF_MASTER_NC_004102	NS3:80K	aminoAcidSimplePolymorphism	NS3:36L+80K+122C	combination	NS3:36L+80K+122C	3.0	2.0	phdr_ras:NS3:36L+80K+122C	NS3:36L+80K+122C	AL_1a	V36L+K/Q80K+S122C	NS3:36L+80K+122C:AL_1a:grazoprevir	category_II	II	2.0	0.0		1.0	1.0	0.0	NS3:36L+80K+122C:AL_1a	grazoprevir	grazoprevir	drug_resistance	Merck	NS3/4A protease inhibitors	25266289	https://doi.org/10.1093/cid/ciu696
NS3	1	80	K	REF_MASTER_NC_004102	NS3:80K	aminoAcidSimplePolymorphism	NS3:36L+80K+155S	combination	NS3:36L+80K+155S	3.0	2.0	phdr_ras:NS3:36L+80K+155S	NS3:36L+80K+155S	AL_1a	V36L+K/Q80K+R155S	NS3:36L+80K+155S:AL_1a:grazoprevir	category_I	I	1.0	1.0	51.0	1.0	0.0	1.0	NS3:36L+80K+155S:AL_1a	grazoprevir	grazoprevir	drug_resistance	Merck	NS3/4A protease inhibitors	25266289	https://doi.org/10.1093/cid/ciu696
NS3	1	80	K	REF_MASTER_NC_004102	NS3:80K	aminoAcidSimplePolymorphism	NS3:36L+80K+168A	combination	NS3:36L+80K+168A	3.0	2.0	phdr_ras:NS3:36L+80K+168A	NS3:36L+80K+168A	AL_1a	V36L+K/Q80K+D168A	NS3:36L+80K+168A:AL_1a:grazoprevir	category_II	II	2.0	0.0		1.0	0.0	1.0	NS3:36L+80K+168A:AL_1a	grazoprevir	grazoprevir	drug_resistance	Merck	NS3/4A protease inhibitors	27720838	https://doi.org/10.1053/j.gastro.2016.09.045
NS3	1	80	K	REF_MASTER_NC_004102	NS3:80K	aminoAcidSimplePolymorphism	NS3:36L+80K+168G	combination	NS3:36L+80K+168G	3.0	2.0	phdr_ras:NS3:36L+80K+168G	NS3:36L+80K+168G	AL_1a	V36L+K/Q80K+D168G	NS3:36L+80K+168G:AL_1a:grazoprevir	category_II	II	2.0	0.0		1.0	1.0	0.0	NS3:36L+80K+168G:AL_1a	grazoprevir	grazoprevir	drug_resistance	Merck	NS3/4A protease inhibitors	25266289	https://doi.org/10.1093/cid/ciu696
NS3	1	80	K	REF_MASTER_NC_004102	NS3:80K	aminoAcidSimplePolymorphism	NS3:36M+80K	combination	NS3:36M+80K	2.0	2.0	phdr_ras:NS3:36M+80K	NS3:36M+80K	AL_1a	V36M+K/Q80K	NS3:36M+80K:AL_1a:grazoprevir	category_II	II	2.0	0.0		1.0	1.0	0.0	NS3:36M+80K:AL_1a	grazoprevir	grazoprevir	drug_resistance	Merck	NS3/4A protease inhibitors	26423374	https://doi.org/10.1016/S2352-3018(15)00114-9
NS3	1	80	K	REF_MASTER_NC_004102	NS3:80K	aminoAcidSimplePolymorphism	NS3:36M+80K	combination	NS3:36M+80K	2.0	2.0	phdr_ras:NS3:36M+80K	NS3:36M+80K	AL_1a	V36M+K/Q80K	NS3:36M+80K:AL_1a:voxilaprevir	category_III	III	3.0	1.0	11.25	0.0			NS3:36M+80K:AL_1a	voxilaprevir	voxilaprevir	drug_resistance	Gilead Sciences	NS3/4A protease inhibitors	AASLD_2017_Abs_1176	https://doi.org/10.1002/hep.29501
NS3	1	80	K	REF_MASTER_NC_004102	NS3:80K	aminoAcidSimplePolymorphism	NS3:36M+80K+107I	combination	NS3:36M+80K+107I	3.0	2.0	phdr_ras:NS3:36M+80K+107I	NS3:36M+80K+107I	AL_1a	V36M+K/Q80K+V107I	NS3:36M+80K+107I:AL_1a:grazoprevir	category_II	II	2.0	0.0		1.0	0.0	1.0	NS3:36M+80K+107I:AL_1a	grazoprevir	grazoprevir	drug_resistance	Merck	NS3/4A protease inhibitors	25467591	https://doi.org/10.1016/S0140-6736(14)61795-5
NS3	1	80	K	REF_MASTER_NC_004102	NS3:80K	aminoAcidSimplePolymorphism	NS3:36M+80K+122G+168A	combination	NS3:36M+80K+122G+168A	4.0	2.0	phdr_ras:NS3:36M+80K+122G+168A	NS3:36M+80K+122G+168A	AL_1a	V36M+K/Q80K+S122G+D168A	NS3:36M+80K+122G+168A:AL_1a:grazoprevir	category_II	II	2.0	0.0		1.0	0.0	1.0	NS3:36M+80K+122G+168A:AL_1a	grazoprevir	grazoprevir	drug_resistance	Merck	NS3/4A protease inhibitors	27773808	https://doi.org/10.1053/j.gastro.2016.10.017
NS3	1	80	K	REF_MASTER_NC_004102	NS3:80K	aminoAcidSimplePolymorphism	NS3:41H+80K+122G	combination	NS3:41H+80K+122G	3.0	2.0	phdr_ras:NS3:41H+80K+122G	NS3:41H+80K+122G	AL_1a	Q41H+K/Q80K+S122G	NS3:41H+80K+122G:AL_1a:voxilaprevir	insignificant	-	4.0	1.0	2.0	0.0			NS3:41H+80K+122G:AL_1a	voxilaprevir	voxilaprevir	drug_resistance	Gilead Sciences	NS3/4A protease inhibitors	AASLD_2017_Abs_1176	https://doi.org/10.1002/hep.29501
NS3	1	80	K	REF_MASTER_NC_004102	NS3:80K	aminoAcidSimplePolymorphism	NS3:41K+43L+80K+168Y	combination	NS3:41K+43L+80K+168Y	4.0	3.0	phdr_ras:NS3:41K+43L+80K+168Y	NS3:41K+43L+80K+168Y	AL_1a	Q41K+F43L+K/Q80K+D168Y	NS3:41K+43L+80K+168Y:AL_1a:voxilaprevir	category_II	II	2.0	1.0	232.7	0.0			NS3:41K+43L+80K+168Y:AL_1a	voxilaprevir	voxilaprevir	drug_resistance	Gilead Sciences	NS3/4A protease inhibitors	AASLD_2017_Abs_1176	https://doi.org/10.1002/hep.29501
NS3	1	80	K	REF_MASTER_NC_004102	NS3:80K	aminoAcidSimplePolymorphism	NS3:41K+80K	combination	NS3:41K+80K	2.0	2.0	phdr_ras:NS3:41K+80K	NS3:41K+80K	AL_1a	Q41K+K/Q80K	NS3:41K+80K:AL_1a:voxilaprevir	insignificant	-	4.0	1.0	2.8	0.0			NS3:41K+80K:AL_1a	voxilaprevir	voxilaprevir	drug_resistance	Gilead Sciences	NS3/4A protease inhibitors	AASLD_2017_Abs_1176	https://doi.org/10.1002/hep.29501
NS3	1	80	K	REF_MASTER_NC_004102	NS3:80K	aminoAcidSimplePolymorphism	NS3:43L+80K	combination	NS3:43L+80K	2.0	2.0	phdr_ras:NS3:43L+80K	NS3:43L+80K	AL_1a	F43L+K/Q80K	NS3:43L+80K:AL_1a:voxilaprevir	insignificant	-	4.0	1.0	3.4	0.0			NS3:43L+80K:AL_1a	voxilaprevir	voxilaprevir	drug_resistance	Gilead Sciences	NS3/4A protease inhibitors	AASLD_2017_Abs_1176	https://doi.org/10.1002/hep.29501
NS3	1	80	K	REF_MASTER_NC_004102	NS3:80K	aminoAcidSimplePolymorphism	NS3:55A+80K+122N	combination	NS3:55A+80K+122N	3.0	2.0	phdr_ras:NS3:55A+80K+122N	NS3:55A+80K+122N	AL_6a	V55A+K80K+N/S122N	NS3:55A+80K+122N:AL_6a:voxilaprevir	insignificant	-	4.0	1.0	2.0	0.0			NS3:55A+80K+122N:AL_6a	voxilaprevir	voxilaprevir	drug_resistance	Gilead Sciences	NS3/4A protease inhibitors	AASLD_2017_Abs_1176	https://doi.org/10.1002/hep.29501
NS3	1	80	K	REF_MASTER_NC_004102	NS3:80K	aminoAcidSimplePolymorphism	NS3:56H+80K+155I+168V	combination	NS3:56H+80K+155I+168V	4.0	2.0	phdr_ras:NS3:56H+80K+155I+168V	NS3:56H+80K+155I+168V	AL_1a	Y56H+K/Q80K+R155I+D168V	NS3:56H+80K+155I+168V:AL_1a:grazoprevir	category_II	II	2.0	0.0		1.0	0.0	1.0	NS3:56H+80K+155I+168V:AL_1a	grazoprevir	grazoprevir	drug_resistance	Merck	NS3/4A protease inhibitors	27773808;27720838	https://doi.org/10.1053/j.gastro.2016.10.017;https://doi.org/10.1053/j.gastro.2016.09.045
NS3	1	80	K	REF_MASTER_NC_004102	NS3:80K	aminoAcidSimplePolymorphism	NS3:56H+80K+155R+168V	combination	NS3:56H+80K+155R+168V	4.0	2.0	phdr_ras:NS3:56H+80K+155R+168V	NS3:56H+80K+155R+168V	AL_1a	Y56H+K/Q80K+R155R+D168V	NS3:56H+80K+155R+168V:AL_1a:grazoprevir	category_II	II	2.0	0.0		1.0	0.0	1.0	NS3:56H+80K+155R+168V:AL_1a	grazoprevir	grazoprevir	drug_resistance	Merck	NS3/4A protease inhibitors	27720838	https://doi.org/10.1053/j.gastro.2016.09.045
NS3	1	80	K	REF_MASTER_NC_004102	NS3:80K	aminoAcidSimplePolymorphism	NS3:77S+80K+132I+156G	combination	NS3:77S+80K+132I+156G	4.0	2.0	phdr_ras:NS3:77S+80K+132I+156G	NS3:77S+80K+132I+156G	AL_1a	N77S+K/Q80K+I132I+A156G	NS3:77S+80K+132I+156G:AL_1a:grazoprevir	category_II	II	2.0	0.0		1.0	0.0	1.0	NS3:77S+80K+132I+156G:AL_1a	grazoprevir	grazoprevir	drug_resistance	Merck	NS3/4A protease inhibitors	25467591	https://doi.org/10.1016/S0140-6736(14)61795-5
NS3	1	80	K	REF_MASTER_NC_004102	NS3:80K	aminoAcidSimplePolymorphism	NS3:80K	single				phdr_ras:NS3:80K	NS3:80K	AL_1a	K/Q80K	NS3:80K:AL_1a:grazoprevir	category_II	II	2.0	1.0	1.7	1.0	1.0	0.0	NS3:80K:AL_1a	grazoprevir	grazoprevir	drug_resistance	Merck	NS3/4A protease inhibitors	27773808;27720838;28228479;25266289;25467591;26926625;26423374;30127629	https://doi.org/10.1053/j.gastro.2016.10.017;https://doi.org/10.1053/j.gastro.2016.09.045;https://doi.org/10.1074/jbc.M116.772996;https://doi.org/10.1093/cid/ciu696;https://doi.org/10.1016/S0140-6736(14)61795-5;https://doi.org/10.1128/AAC.00051-16;https://doi.org/10.1016/S2352-3018(15)00114-9;https://doi.org/10.2147/IDR.S156581
NS3	1	80	K	REF_MASTER_NC_004102	NS3:80K	aminoAcidSimplePolymorphism	NS3:80K	single				phdr_ras:NS3:80K	NS3:80K	AL_1a	K/Q80K	NS3:80K:AL_1a:paritaprevir	category_II	II	2.0	1.0	3.0	1.0	1.0	0.0	NS3:80K:AL_1a	paritaprevir	paritaprevir	drug_resistance	Abbvie	NS3/4A protease inhibitors	EASL_2016_Abs_LBP503;25451053;30395912	https://doi.org/10.1016/S0168-8278(16)00180-X;https://doi.org/10.1128/AAC.04227-14;https://doi.org/10.1016/j.jhep.2018.10.031
NS3	1	80	K	REF_MASTER_NC_004102	NS3:80K	aminoAcidSimplePolymorphism	NS3:80K	single				phdr_ras:NS3:80K	NS3:80K	AL_1a	K/Q80K	NS3:80K:AL_1a:voxilaprevir	category_II	II	2.0	0.0		1.0	1.0	0.0	NS3:80K:AL_1a	voxilaprevir	voxilaprevir	drug_resistance	Gilead Sciences	NS3/4A protease inhibitors	Pooled_phase_III_EASL_2017_Abs_248;EASL_2017_Abs_THU-257	https://doi.org/10.1016/S0168-8278(17)30915-7;https://doi.org/10.1016/S0168-8278(17)30924-8
NS3	1	80	K	REF_MASTER_NC_004102	NS3:80K	aminoAcidSimplePolymorphism	NS3:80K	single				phdr_ras:NS3:80K	NS3:80K	AL_3	Q80K	NS3:80K:AL_3:glecaprevir	category_II	II	2.0	0.0		1.0	0.0	1.0	NS3:80K:AL_3	glecaprevir	glecaprevir	drug_resistance	Abbvie	NS3/4A protease inhibitors	EASL_2017_FRI_205	https://doi.org/10.1016/S0168-8278(17)31399-5
NS3	1	80	K	REF_MASTER_NC_004102	NS3:80K	aminoAcidSimplePolymorphism	NS3:80K	single				phdr_ras:NS3:80K	NS3:80K	AL_3	Q80K	NS3:80K:AL_3:grazoprevir	category_II	II	2.0	0.0		1.0	0.0	1.0	NS3:80K:AL_3	grazoprevir	grazoprevir	drug_resistance	Merck	NS3/4A protease inhibitors	25467591	https://doi.org/10.1016/S0140-6736(14)61795-5
NS3	1	80	K	REF_MASTER_NC_004102	NS3:80K	aminoAcidSimplePolymorphism	NS3:80K	single				phdr_ras:NS3:80K	NS3:80K	AL_3a	Q80K	NS3:80K:AL_3a:paritaprevir	insignificant	-	4.0	1.0	3.0	0.0			NS3:80K:AL_3a	paritaprevir	paritaprevir	drug_resistance	Abbvie	NS3/4A protease inhibitors	30395912	https://doi.org/10.1016/j.jhep.2018.10.031
NS3	1	80	K	REF_MASTER_NC_004102	NS3:80K	aminoAcidSimplePolymorphism	NS3:80K	single				phdr_ras:NS3:80K	NS3:80K	AL_3a	Q80K	NS3:80K:AL_3a:voxilaprevir	category_III	III	3.0	1.0	11.25	0.0			NS3:80K:AL_3a	voxilaprevir	voxilaprevir	drug_resistance	Gilead Sciences	NS3/4A protease inhibitors	AASLD_2017_Abs_1176	https://doi.org/10.1002/hep.29501
NS3	1	80	K	REF_MASTER_NC_004102	NS3:80K	aminoAcidSimplePolymorphism	NS3:80K+107I	combination	NS3:80K+107I	2.0	1.0	phdr_ras:NS3:80K+107I	NS3:80K+107I	AL_1a	K/Q80K+V107I	NS3:80K+107I:AL_1a:grazoprevir	category_II	II	2.0	0.0		1.0	0.0	1.0	NS3:80K+107I:AL_1a	grazoprevir	grazoprevir	drug_resistance	Merck	NS3/4A protease inhibitors	25467591	https://doi.org/10.1016/S0140-6736(14)61795-5
NS3	1	80	K	REF_MASTER_NC_004102	NS3:80K	aminoAcidSimplePolymorphism	NS3:80K+122G	combination	NS3:80K+122G	2.0	1.0	phdr_ras:NS3:80K+122G	NS3:80K+122G	AL_1a	K/Q80K+S122G	NS3:80K+122G:AL_1a:grazoprevir	category_II	II	2.0	0.0		1.0	1.0	0.0	NS3:80K+122G:AL_1a	grazoprevir	grazoprevir	drug_resistance	Merck	NS3/4A protease inhibitors	27773808;25467591	https://doi.org/10.1053/j.gastro.2016.10.017;https://doi.org/10.1016/S0140-6736(14)61795-5
NS3	1	80	K	REF_MASTER_NC_004102	NS3:80K	aminoAcidSimplePolymorphism	NS3:80K+122G+168Y	combination	NS3:80K+122G+168Y	3.0	1.0	phdr_ras:NS3:80K+122G+168Y	NS3:80K+122G+168Y	AL_1a	K/Q80K+S122G+D168Y	NS3:80K+122G+168Y:AL_1a:grazoprevir	category_II	II	2.0	0.0		1.0	0.0	1.0	NS3:80K+122G+168Y:AL_1a	grazoprevir	grazoprevir	drug_resistance	Merck	NS3/4A protease inhibitors	27773808;25467591	https://doi.org/10.1053/j.gastro.2016.10.017;https://doi.org/10.1016/S0140-6736(14)61795-5
NS3	1	80	K	REF_MASTER_NC_004102	NS3:80K	aminoAcidSimplePolymorphism	NS3:80K+132I	combination	NS3:80K+132I	2.0	1.0	phdr_ras:NS3:80K+132I	NS3:80K+132I	AL_1a	K/Q80K+I132I	NS3:80K+132I:AL_1a:grazoprevir	category_II	II	2.0	0.0		1.0	1.0	0.0	NS3:80K+132I:AL_1a	grazoprevir	grazoprevir	drug_resistance	Merck	NS3/4A protease inhibitors	25467591	https://doi.org/10.1016/S0140-6736(14)61795-5
NS3	1	80	K	REF_MASTER_NC_004102	NS3:80K	aminoAcidSimplePolymorphism	NS3:80K+132V	combination	NS3:80K+132V	2.0	1.0	phdr_ras:NS3:80K+132V	NS3:80K+132V	AL_1a	K/Q80K+I132V	NS3:80K+132V:AL_1a:grazoprevir	category_II	II	2.0	0.0		1.0	1.0	0.0	NS3:80K+132V:AL_1a	grazoprevir	grazoprevir	drug_resistance	Merck	NS3/4A protease inhibitors	27773808	https://doi.org/10.1053/j.gastro.2016.10.017
NS3	1	80	K	REF_MASTER_NC_004102	NS3:80K	aminoAcidSimplePolymorphism	NS3:80K+132V+156G	combination	NS3:80K+132V+156G	3.0	1.0	phdr_ras:NS3:80K+132V+156G	NS3:80K+132V+156G	AL_1a	K/Q80K+I132V+A156G	NS3:80K+132V+156G:AL_1a:grazoprevir	category_II	II	2.0	0.0		1.0	0.0	1.0	NS3:80K+132V+156G:AL_1a	grazoprevir	grazoprevir	drug_resistance	Merck	NS3/4A protease inhibitors	27773808	https://doi.org/10.1053/j.gastro.2016.10.017
NS3	1	80	K	REF_MASTER_NC_004102	NS3:80K	aminoAcidSimplePolymorphism	NS3:80K+155K	combination	NS3:80K+155K	2.0	1.0	phdr_ras:NS3:80K+155K	NS3:80K+155K	AL_1a	K/Q80K+R155K	NS3:80K+155K:AL_1a:paritaprevir	category_I	I	1.0	1.0	19.0	1.0	1.0	0.0	NS3:80K+155K:AL_1a	paritaprevir	paritaprevir	drug_resistance	Abbvie	NS3/4A protease inhibitors	EASL_2016_Abs_LBP503;25451053	https://doi.org/10.1016/S0168-8278(16)00180-X;https://doi.org/10.1128/AAC.04227-14
NS3	1	80	K	REF_MASTER_NC_004102	NS3:80K	aminoAcidSimplePolymorphism	NS3:80K+155T+156T+168N	combination	NS3:80K+155T+156T+168N	4.0	1.0	phdr_ras:NS3:80K+155T+156T+168N	NS3:80K+155T+156T+168N	AL_1a	K/Q80K+R155T+A156T+D168N	NS3:80K+155T+156T+168N:AL_1a:grazoprevir	category_II	II	2.0	0.0		1.0	0.0	1.0	NS3:80K+155T+156T+168N:AL_1a	grazoprevir	grazoprevir	drug_resistance	Merck	NS3/4A protease inhibitors	26371152	https://doi.org/10.1093/cid/civ722
NS3	1	80	K	REF_MASTER_NC_004102	NS3:80K	aminoAcidSimplePolymorphism	NS3:80K+155T+168N	combination	NS3:80K+155T+168N	3.0	1.0	phdr_ras:NS3:80K+155T+168N	NS3:80K+155T+168N	AL_1a	K/Q80K+R155T+D168N	NS3:80K+155T+168N:AL_1a:grazoprevir	category_II	II	2.0	0.0		1.0	1.0	0.0	NS3:80K+155T+168N:AL_1a	grazoprevir	grazoprevir	drug_resistance	Merck	NS3/4A protease inhibitors	26371152	https://doi.org/10.1093/cid/civ722
NS3	1	80	K	REF_MASTER_NC_004102	NS3:80K	aminoAcidSimplePolymorphism	NS3:80K+155T+168N	combination	NS3:80K+155T+168N	3.0	1.0	phdr_ras:NS3:80K+155T+168N	NS3:80K+155T+168N	AL_1a	K/Q80K+R155T+D168N	NS3:80K+155T+168N:AL_1a:voxilaprevir	category_III	III	3.0	1.0	11.25	0.0			NS3:80K+155T+168N:AL_1a	voxilaprevir	voxilaprevir	drug_resistance	Gilead Sciences	NS3/4A protease inhibitors	AASLD_2017_Abs_1176	https://doi.org/10.1002/hep.29501
NS3	1	80	K	REF_MASTER_NC_004102	NS3:80K	aminoAcidSimplePolymorphism	NS3:80K+156A	combination	NS3:80K+156A	2.0	1.0	phdr_ras:NS3:80K+156A	NS3:80K+156A	AL_1a	K/Q80K+A156A	NS3:80K+156A:AL_1a:grazoprevir	category_II	II	2.0	0.0		1.0	0.0	1.0	NS3:80K+156A:AL_1a	grazoprevir	grazoprevir	drug_resistance	Merck	NS3/4A protease inhibitors	25467591	https://doi.org/10.1016/S0140-6736(14)61795-5
NS3	1	80	K	REF_MASTER_NC_004102	NS3:80K	aminoAcidSimplePolymorphism	NS3:80K+156G	combination	NS3:80K+156G	2.0	1.0	phdr_ras:NS3:80K+156G	NS3:80K+156G	AL_1a	K/Q80K+A156G	NS3:80K+156G:AL_1a:grazoprevir	category_II	II	2.0	0.0		1.0	0.0	1.0	NS3:80K+156G:AL_1a	grazoprevir	grazoprevir	drug_resistance	Merck	NS3/4A protease inhibitors	25467591	https://doi.org/10.1016/S0140-6736(14)61795-5
NS3	1	80	K	REF_MASTER_NC_004102	NS3:80K	aminoAcidSimplePolymorphism	NS3:80K+156G+170I	combination	NS3:80K+156G+170I	3.0	1.0	phdr_ras:NS3:80K+156G+170I	NS3:80K+156G+170I	AL_3	Q80K+A156G+I/V170I	NS3:80K+156G+170I:AL_3:grazoprevir	category_II	II	2.0	0.0		1.0	0.0	1.0	NS3:80K+156G+170I:AL_3	grazoprevir	grazoprevir	drug_resistance	Merck	NS3/4A protease inhibitors	25467591	https://doi.org/10.1016/S0140-6736(14)61795-5
NS3	1	80	K	REF_MASTER_NC_004102	NS3:80K	aminoAcidSimplePolymorphism	NS3:80K+156T+168A	combination	NS3:80K+156T+168A	3.0	1.0	phdr_ras:NS3:80K+156T+168A	NS3:80K+156T+168A	AL_1a	K/Q80K+A156T+D168A	NS3:80K+156T+168A:AL_1a:grazoprevir	category_II	II	2.0	0.0		1.0	0.0	1.0	NS3:80K+156T+168A:AL_1a	grazoprevir	grazoprevir	drug_resistance	Merck	NS3/4A protease inhibitors	27773808;27720838	https://doi.org/10.1053/j.gastro.2016.10.017;https://doi.org/10.1053/j.gastro.2016.09.045
NS3	1	80	K	REF_MASTER_NC_004102	NS3:80K	aminoAcidSimplePolymorphism	NS3:80K+156V	combination	NS3:80K+156V	2.0	1.0	phdr_ras:NS3:80K+156V	NS3:80K+156V	AL_1a	K/Q80K+A156V	NS3:80K+156V:AL_1a:grazoprevir	category_II	II	2.0	0.0		1.0	0.0	1.0	NS3:80K+156V:AL_1a	grazoprevir	grazoprevir	drug_resistance	Merck	NS3/4A protease inhibitors	25467591	https://doi.org/10.1016/S0140-6736(14)61795-5
NS3	1	80	K	REF_MASTER_NC_004102	NS3:80K	aminoAcidSimplePolymorphism	NS3:80K+168A	combination	NS3:80K+168A	2.0	1.0	phdr_ras:NS3:80K+168A	NS3:80K+168A	AL_1a	K/Q80K+D168A	NS3:80K+168A:AL_1a:grazoprevir	category_II	II	2.0	0.0		1.0	0.0	1.0	NS3:80K+168A:AL_1a	grazoprevir	grazoprevir	drug_resistance	Merck	NS3/4A protease inhibitors	27720838;26423374;30127629	https://doi.org/10.1053/j.gastro.2016.09.045;https://doi.org/10.1016/S2352-3018(15)00114-9;https://doi.org/10.2147/IDR.S156581
NS3	1	80	K	REF_MASTER_NC_004102	NS3:80K	aminoAcidSimplePolymorphism	NS3:80K+168D	combination	NS3:80K+168D	2.0	1.0	phdr_ras:NS3:80K+168D	NS3:80K+168D	AL_1a	K/Q80K+D168D	NS3:80K+168D:AL_1a:grazoprevir	category_II	II	2.0	0.0		1.0	0.0	1.0	NS3:80K+168D:AL_1a	grazoprevir	grazoprevir	drug_resistance	Merck	NS3/4A protease inhibitors	30127629	https://doi.org/10.2147/IDR.S156581
NS3	1	80	K	REF_MASTER_NC_004102	NS3:80K	aminoAcidSimplePolymorphism	NS3:80K+168E	combination	NS3:80K+168E	2.0	1.0	phdr_ras:NS3:80K+168E	NS3:80K+168E	AL_1a	K/Q80K+D168E	NS3:80K+168E:AL_1a:grazoprevir	category_II	II	2.0	0.0		1.0	0.0	1.0	NS3:80K+168E:AL_1a	grazoprevir	grazoprevir	drug_resistance	Merck	NS3/4A protease inhibitors	30127629	https://doi.org/10.2147/IDR.S156581
NS3	1	80	K	REF_MASTER_NC_004102	NS3:80K	aminoAcidSimplePolymorphism	NS3:80K+168E	combination	NS3:80K+168E	2.0	1.0	phdr_ras:NS3:80K+168E	NS3:80K+168E	AL_1a	K/Q80K+D168E	NS3:80K+168E:AL_1a:voxilaprevir	category_III	III	3.0	1.0	11.25	0.0			NS3:80K+168E:AL_1a	voxilaprevir	voxilaprevir	drug_resistance	Gilead Sciences	NS3/4A protease inhibitors	AASLD_2017_Abs_1176	https://doi.org/10.1002/hep.29501
NS3	1	80	K	REF_MASTER_NC_004102	NS3:80K	aminoAcidSimplePolymorphism	NS3:80K+168E+170V	combination	NS3:80K+168E+170V	3.0	1.0	phdr_ras:NS3:80K+168E+170V	NS3:80K+168E+170V	AL_1a	K/Q80K+D168E+I170V	NS3:80K+168E+170V:AL_1a:voxilaprevir	category_III	III	3.0	1.0	8.0	0.0			NS3:80K+168E+170V:AL_1a	voxilaprevir	voxilaprevir	drug_resistance	Gilead Sciences	NS3/4A protease inhibitors	AASLD_2017_Abs_1176	https://doi.org/10.1002/hep.29501
NS3	1	80	K	REF_MASTER_NC_004102	NS3:80K	aminoAcidSimplePolymorphism	NS3:80K+168N	combination	NS3:80K+168N	2.0	1.0	phdr_ras:NS3:80K+168N	NS3:80K+168N	AL_1a	K/Q80K+D168N	NS3:80K+168N:AL_1a:grazoprevir	category_II	II	2.0	0.0		1.0	0.0	1.0	NS3:80K+168N:AL_1a	grazoprevir	grazoprevir	drug_resistance	Merck	NS3/4A protease inhibitors	30127629	https://doi.org/10.2147/IDR.S156581
NS3	1	80	K	REF_MASTER_NC_004102	NS3:80K	aminoAcidSimplePolymorphism	NS3:80K+168T	combination	NS3:80K+168T	2.0	1.0	phdr_ras:NS3:80K+168T	NS3:80K+168T	AL_1a	K/Q80K+D168T	NS3:80K+168T:AL_1a:grazoprevir	category_II	II	2.0	0.0		1.0	0.0	1.0	NS3:80K+168T:AL_1a	grazoprevir	grazoprevir	drug_resistance	Merck	NS3/4A protease inhibitors	30127629	https://doi.org/10.2147/IDR.S156581
NS3	1	80	K	REF_MASTER_NC_004102	NS3:80K	aminoAcidSimplePolymorphism	NS3:80K+168Y	combination	NS3:80K+168Y	2.0	1.0	phdr_ras:NS3:80K+168Y	NS3:80K+168Y	AL_1a	K/Q80K+D168Y	NS3:80K+168Y:AL_1a:grazoprevir	category_II	II	2.0	0.0		1.0	0.0	1.0	NS3:80K+168Y:AL_1a	grazoprevir	grazoprevir	drug_resistance	Merck	NS3/4A protease inhibitors	27720838;30127629	https://doi.org/10.1053/j.gastro.2016.09.045;https://doi.org/10.2147/IDR.S156581
NS3	1	80	K	REF_MASTER_NC_004102	NS3:80K	aminoAcidSimplePolymorphism	NS3:80K+168Y	combination	NS3:80K+168Y	2.0	1.0	phdr_ras:NS3:80K+168Y	NS3:80K+168Y	AL_1a	K/Q80K+D168Y	NS3:80K+168Y:AL_1a:voxilaprevir	category_II	II	2.0	1.0	116.5	0.0			NS3:80K+168Y:AL_1a	voxilaprevir	voxilaprevir	drug_resistance	Gilead Sciences	NS3/4A protease inhibitors	AASLD_2017_Abs_1176	https://doi.org/10.1002/hep.29501
NS3	1	80	K	REF_MASTER_NC_004102	NS3:80K	aminoAcidSimplePolymorphism	NS3:80K+170I	combination	NS3:80K+170I	2.0	1.0	phdr_ras:NS3:80K+170I	NS3:80K+170I	AL_3	Q80K+I/V170I	NS3:80K+170I:AL_3:grazoprevir	category_II	II	2.0	0.0		1.0	0.0	1.0	NS3:80K+170I:AL_3	grazoprevir	grazoprevir	drug_resistance	Merck	NS3/4A protease inhibitors	25467591	https://doi.org/10.1016/S0140-6736(14)61795-5
NS3	1	80	L	REF_MASTER_NC_004102	NS3:80L	aminoAcidSimplePolymorphism	NS3:54S+55I+80L	combination	NS3:54S+55I+80L	3.0	3.0	phdr_ras:NS3:54S+55I+80L	NS3:54S+55I+80L	AL_1a	T54S+V55I+K/Q80L	NS3:54S+55I+80L:AL_1a:voxilaprevir	category_III	III	3.0	1.0	7.0	0.0			NS3:54S+55I+80L:AL_1a	voxilaprevir	voxilaprevir	drug_resistance	Gilead Sciences	NS3/4A protease inhibitors	AASLD_2017_Abs_1176	https://doi.org/10.1002/hep.29501
NS3	1	80	L	REF_MASTER_NC_004102	NS3:80L	aminoAcidSimplePolymorphism	NS3:54S+56F+80L+156T+170I	combination	NS3:54S+56F+80L+156T+170I	5.0	3.0	phdr_ras:NS3:54S+56F+80L+156T+170I	NS3:54S+56F+80L+156T+170I	AL_1b	T54S+F/Y56F+Q80L+A156T+I/V170I	NS3:54S+56F+80L+156T+170I:AL_1b:grazoprevir	category_II	II	2.0	0.0		1.0	0.0	1.0	NS3:54S+56F+80L+156T+170I:AL_1b	grazoprevir	grazoprevir	drug_resistance	Merck	NS3/4A protease inhibitors	28193518	https://doi.org/10.1053/j.gastro.2017.01.050
NS3	1	80	L	REF_MASTER_NC_004102	NS3:80L	aminoAcidSimplePolymorphism	NS3:80L	single				phdr_ras:NS3:80L	NS3:80L	AL_1a	K/Q80L	NS3:80L:AL_1a:paritaprevir	insignificant	-	4.0	1.0	2.0	0.0			NS3:80L:AL_1a	paritaprevir	paritaprevir	drug_resistance	Abbvie	NS3/4A protease inhibitors	25451053	https://doi.org/10.1128/AAC.04227-14
NS3	1	80	L	REF_MASTER_NC_004102	NS3:80L	aminoAcidSimplePolymorphism	NS3:80L	single				phdr_ras:NS3:80L	NS3:80L	AL_1a	K/Q80L	NS3:80L:AL_1a:voxilaprevir	category_II	II	2.0	0.0		1.0	1.0	0.0	NS3:80L:AL_1a	voxilaprevir	voxilaprevir	drug_resistance	Gilead Sciences	NS3/4A protease inhibitors	EASL_2017_Abs_THU-257	https://doi.org/10.1016/S0168-8278(17)30924-8
NS3	1	80	L	REF_MASTER_NC_004102	NS3:80L	aminoAcidSimplePolymorphism	NS3:80L+168E	combination	NS3:80L+168E	2.0	1.0	phdr_ras:NS3:80L+168E	NS3:80L+168E	AL_1a	K/Q80L+D168E	NS3:80L+168E:AL_1a:voxilaprevir	category_III	III	3.0	1.0	10.8	0.0			NS3:80L+168E:AL_1a	voxilaprevir	voxilaprevir	drug_resistance	Gilead Sciences	NS3/4A protease inhibitors	AASLD_2017_Abs_1176	https://doi.org/10.1002/hep.29501
NS3	1	80	R	REF_MASTER_NC_004102	NS3:80R	aminoAcidSimplePolymorphism	NS3:36A+80R+155K	combination	NS3:36A+80R+155K	3.0	2.0	phdr_ras:NS3:36A+80R+155K	NS3:36A+80R+155K	AL_1a	V36A+K/Q80R+R155K	NS3:36A+80R+155K:AL_1a:grazoprevir	category_II	II	2.0	0.0		1.0	1.0	0.0	NS3:36A+80R+155K:AL_1a	grazoprevir	grazoprevir	drug_resistance	Merck	NS3/4A protease inhibitors	25266289	https://doi.org/10.1093/cid/ciu696
NS3	1	80	R	REF_MASTER_NC_004102	NS3:80R	aminoAcidSimplePolymorphism	NS3:55A+80R+168E+170V	combination	NS3:55A+80R+168E+170V	4.0	2.0	phdr_ras:NS3:55A+80R+168E+170V	NS3:55A+80R+168E+170V	AL_1a	V55A+K/Q80R+D168E+I170V	NS3:55A+80R+168E+170V:AL_1a:voxilaprevir	insignificant	-	4.0	1.0	4.9	0.0			NS3:55A+80R+168E+170V:AL_1a	voxilaprevir	voxilaprevir	drug_resistance	Gilead Sciences	NS3/4A protease inhibitors	AASLD_2017_Abs_1176	https://doi.org/10.1002/hep.29501
NS3	1	80	R	REF_MASTER_NC_004102	NS3:80R	aminoAcidSimplePolymorphism	NS3:80R	single				phdr_ras:NS3:80R	NS3:80R	AL_1a	K/Q80R	NS3:80R:AL_1a:grazoprevir	insignificant	-	4.0	1.0	1.3	0.0			NS3:80R:AL_1a	grazoprevir	grazoprevir	drug_resistance	Merck	NS3/4A protease inhibitors	25266289	https://doi.org/10.1093/cid/ciu696
NS3	1	80	R	REF_MASTER_NC_004102	NS3:80R	aminoAcidSimplePolymorphism	NS3:80R	single				phdr_ras:NS3:80R	NS3:80R	AL_1a	K/Q80R	NS3:80R:AL_1a:paritaprevir	insignificant	-	4.0	1.0	2.0	0.0			NS3:80R:AL_1a	paritaprevir	paritaprevir	drug_resistance	Abbvie	NS3/4A protease inhibitors	25451053	https://doi.org/10.1128/AAC.04227-14
NS3	1	80	R	REF_MASTER_NC_004102	NS3:80R	aminoAcidSimplePolymorphism	NS3:80R	single				phdr_ras:NS3:80R	NS3:80R	AL_1b	Q80R	NS3:80R:AL_1b:grazoprevir	insignificant	-	4.0	1.0	2.0	0.0			NS3:80R:AL_1b	grazoprevir	grazoprevir	drug_resistance	Merck	NS3/4A protease inhibitors	25266289	https://doi.org/10.1093/cid/ciu696
NS3	1	80	R	REF_MASTER_NC_004102	NS3:80R	aminoAcidSimplePolymorphism	NS3:80R	single				phdr_ras:NS3:80R	NS3:80R	AL_1b	Q80R	NS3:80R:AL_1b:paritaprevir	insignificant	-	4.0	1.0	2.0	0.0			NS3:80R:AL_1b	paritaprevir	paritaprevir	drug_resistance	Abbvie	NS3/4A protease inhibitors	30395912	https://doi.org/10.1016/j.jhep.2018.10.031
NS3	1	80	R	REF_MASTER_NC_004102	NS3:80R	aminoAcidSimplePolymorphism	NS3:80R	single				phdr_ras:NS3:80R	NS3:80R	AL_3	Q80R	NS3:80R:AL_3:glecaprevir	category_I	I	1.0	0.0		1.0	1.0	1.0	NS3:80R:AL_3	glecaprevir	glecaprevir	drug_resistance	Abbvie	NS3/4A protease inhibitors	EASL_2017_FRI_205	https://doi.org/10.1016/S0168-8278(17)31399-5
NS3	1	80	R	REF_MASTER_NC_004102	NS3:80R	aminoAcidSimplePolymorphism	NS3:80R	single				phdr_ras:NS3:80R	NS3:80R	AL_3a	Q80R	NS3:80R:AL_3a:voxilaprevir	category_II	II	2.0	0.0		1.0	0.0	1.0	NS3:80R:AL_3a	voxilaprevir	voxilaprevir	drug_resistance	Gilead Sciences	NS3/4A protease inhibitors	AASLD_2016_Abs_846	https://aasldpubs.onlinelibrary.wiley.com/doi/epdf/10.1002/hep.28798
NS3	1	80	R	REF_MASTER_NC_004102	NS3:80R	aminoAcidSimplePolymorphism	NS3:80R	single				phdr_ras:NS3:80R	NS3:80R	AL_4a	Q80R	NS3:80R:AL_4a:paritaprevir	insignificant	-	4.0	1.0	2.0	0.0			NS3:80R:AL_4a	paritaprevir	paritaprevir	drug_resistance	Abbvie	NS3/4A protease inhibitors	30395912	https://doi.org/10.1016/j.jhep.2018.10.031
NS3	1	80	R	REF_MASTER_NC_004102	NS3:80R	aminoAcidSimplePolymorphism	NS3:80R+132I+170I	combination	NS3:80R+132I+170I	3.0	1.0	phdr_ras:NS3:80R+132I+170I	NS3:80R+132I+170I	AL_3	Q80R+L132I+I/V170I	NS3:80R+132I+170I:AL_3:grazoprevir	category_II	II	2.0	0.0		1.0	0.0	1.0	NS3:80R+132I+170I:AL_3	grazoprevir	grazoprevir	drug_resistance	Merck	NS3/4A protease inhibitors	25467591	https://doi.org/10.1016/S0140-6736(14)61795-5
NS3	1	80	R	REF_MASTER_NC_004102	NS3:80R	aminoAcidSimplePolymorphism	NS3:80R+155K+156T+168A	combination	NS3:80R+155K+156T+168A	4.0	1.0	phdr_ras:NS3:80R+155K+156T+168A	NS3:80R+155K+156T+168A	AL_1a	K/Q80R+R155K+A156T+D168A	NS3:80R+155K+156T+168A:AL_1a:grazoprevir	category_II	II	2.0	0.0		1.0	0.0	1.0	NS3:80R+155K+156T+168A:AL_1a	grazoprevir	grazoprevir	drug_resistance	Merck	NS3/4A protease inhibitors	25266289	https://doi.org/10.1093/cid/ciu696
NS3	1	80	R	REF_MASTER_NC_004102	NS3:80R	aminoAcidSimplePolymorphism	NS3:80R+155K+156T+168E	combination	NS3:80R+155K+156T+168E	4.0	1.0	phdr_ras:NS3:80R+155K+156T+168E	NS3:80R+155K+156T+168E	AL_1a	K/Q80R+R155K+A156T+D168E	NS3:80R+155K+156T+168E:AL_1a:grazoprevir	category_II	II	2.0	0.0		1.0	0.0	1.0	NS3:80R+155K+156T+168E:AL_1a	grazoprevir	grazoprevir	drug_resistance	Merck	NS3/4A protease inhibitors	25266289	https://doi.org/10.1093/cid/ciu696
NS3	1	80	R	REF_MASTER_NC_004102	NS3:80R	aminoAcidSimplePolymorphism	NS3:80R+155K+156T+168K	combination	NS3:80R+155K+156T+168K	4.0	1.0	phdr_ras:NS3:80R+155K+156T+168K	NS3:80R+155K+156T+168K	AL_1a	K/Q80R+R155K+A156T+D168K	NS3:80R+155K+156T+168K:AL_1a:grazoprevir	category_II	II	2.0	0.0		1.0	0.0	1.0	NS3:80R+155K+156T+168K:AL_1a	grazoprevir	grazoprevir	drug_resistance	Merck	NS3/4A protease inhibitors	25266289	https://doi.org/10.1093/cid/ciu696
NS3	1	80	R	REF_MASTER_NC_004102	NS3:80R	aminoAcidSimplePolymorphism	NS3:80R+155S+156T+168A	combination	NS3:80R+155S+156T+168A	4.0	1.0	phdr_ras:NS3:80R+155S+156T+168A	NS3:80R+155S+156T+168A	AL_1a	K/Q80R+R155S+A156T+D168A	NS3:80R+155S+156T+168A:AL_1a:grazoprevir	category_II	II	2.0	0.0		1.0	0.0	1.0	NS3:80R+155S+156T+168A:AL_1a	grazoprevir	grazoprevir	drug_resistance	Merck	NS3/4A protease inhibitors	25266289	https://doi.org/10.1093/cid/ciu696
NS3	1	80	R	REF_MASTER_NC_004102	NS3:80R	aminoAcidSimplePolymorphism	NS3:80R+155S+156T+168E	combination	NS3:80R+155S+156T+168E	4.0	1.0	phdr_ras:NS3:80R+155S+156T+168E	NS3:80R+155S+156T+168E	AL_1a	K/Q80R+R155S+A156T+D168E	NS3:80R+155S+156T+168E:AL_1a:grazoprevir	category_II	II	2.0	0.0		1.0	0.0	1.0	NS3:80R+155S+156T+168E:AL_1a	grazoprevir	grazoprevir	drug_resistance	Merck	NS3/4A protease inhibitors	25266289	https://doi.org/10.1093/cid/ciu696
NS3	1	80	R	REF_MASTER_NC_004102	NS3:80R	aminoAcidSimplePolymorphism	NS3:80R+155S+156T+168K	combination	NS3:80R+155S+156T+168K	4.0	1.0	phdr_ras:NS3:80R+155S+156T+168K	NS3:80R+155S+156T+168K	AL_1a	K/Q80R+R155S+A156T+D168K	NS3:80R+155S+156T+168K:AL_1a:grazoprevir	category_II	II	2.0	0.0		1.0	0.0	1.0	NS3:80R+155S+156T+168K:AL_1a	grazoprevir	grazoprevir	drug_resistance	Merck	NS3/4A protease inhibitors	25266289	https://doi.org/10.1093/cid/ciu696
NS3	1	89	L	REF_MASTER_NC_004102	NS3:89L	aminoAcidSimplePolymorphism	NS3:89L	single				phdr_ras:NS3:89L	NS3:89L															drug_resistance				
NS3	1	89	L	REF_MASTER_NC_004102	NS3:89L	aminoAcidSimplePolymorphism	NS3:89L+156T	combination	NS3:89L+156T	2.0	1.0	phdr_ras:NS3:89L+156T	NS3:89L+156T	AL_1b	P/S89L+A156T	NS3:89L+156T:AL_1b:glecaprevir	category_II	II	2.0	1.0	1674.0	0.0			NS3:89L+156T:AL_1b	glecaprevir	glecaprevir	drug_resistance	Abbvie	NS3/4A protease inhibitors	29084747	https://doi.org/10.1128/AAC.01620-17
NS3	1	89	L	REF_MASTER_NC_004102	NS3:89L	aminoAcidSimplePolymorphism	NS3:89L+156V	combination	NS3:89L+156V	2.0	1.0	phdr_ras:NS3:89L+156V	NS3:89L+156V	AL_1b	P/S89L+A156V	NS3:89L+156V:AL_1b:glecaprevir	category_II	II	2.0	1.0	4234.0	0.0			NS3:89L+156V:AL_1b	glecaprevir	glecaprevir	drug_resistance	Abbvie	NS3/4A protease inhibitors	29084747	https://doi.org/10.1128/AAC.01620-17
NS3	1	89	R	REF_MASTER_NC_004102	NS3:89R	aminoAcidSimplePolymorphism	NS3:89R	single				phdr_ras:NS3:89R	NS3:89R															drug_resistance				
NS3	1	89	R	REF_MASTER_NC_004102	NS3:89R	aminoAcidSimplePolymorphism	NS3:89R+156T	combination	NS3:89R+156T	2.0	1.0	phdr_ras:NS3:89R+156T	NS3:89R+156T	AL_1a	Q89R+A156T	NS3:89R+156T:AL_1a:glecaprevir	category_II	II	2.0	1.0	3585.0	0.0			NS3:89R+156T:AL_1a	glecaprevir	glecaprevir	drug_resistance	Abbvie	NS3/4A protease inhibitors	29084747	https://doi.org/10.1128/AAC.01620-17
NS3	1	93	H	REF_MASTER_NC_004102	NS3:93H	aminoAcidSimplePolymorphism	NS3:58S+62T+93H	combination	NS3:58S+62T+93H	3.0	3.0	phdr_ras:NS3:58S+62T+93H	NS3:58S+62T+93H	AL_3	G58S+R62T+S93H	NS3:58S+62T+93H:AL_3:grazoprevir	category_II	II	2.0	0.0		1.0	1.0	0.0	NS3:58S+62T+93H:AL_3	grazoprevir	grazoprevir	drug_resistance	Merck	NS3/4A protease inhibitors	29473975	https://doi.org/10.1002/hep.29852
NS3	1	93	H	REF_MASTER_NC_004102	NS3:93H	aminoAcidSimplePolymorphism	NS3:93H	single				phdr_ras:NS3:93H	NS3:93H															drug_resistance				
NS5A	1	129	H	REF_MASTER_NC_004102	NS5A:129H	aminoAcidSimplePolymorphism	NS5A:129H	single				phdr_ras:NS5A:129H	NS5A:129H															drug_resistance				
NS5A	1	129	H	REF_MASTER_NC_004102	NS5A:129H	aminoAcidSimplePolymorphism	NS5A:31F+129H	combination	NS5A:31F+129H	2.0	2.0	phdr_ras:NS5A:31F+129H	NS5A:31F+129H	AL_5a	L31F+Y129H	NS5A:31F+129H:AL_5a:daclatasvir	category_II	II	2.0	1.0	539.5	0.0			NS5A:31F+129H:AL_5a	daclatasvir	daclatasvir	drug_resistance	Bristol-Myers Squibb 	NS5A inhibitors	29274866	https://doi.org/10.1053/j.gastro.2017.12.015
NS5A	1	129	H	REF_MASTER_NC_004102	NS5A:129H	aminoAcidSimplePolymorphism	NS5A:31F+129H	combination	NS5A:31F+129H	2.0	2.0	phdr_ras:NS5A:31F+129H	NS5A:31F+129H	AL_5a	L31F+Y129H	NS5A:31F+129H:AL_5a:elbasvir	category_II	II	2.0	1.0	1000.0	0.0			NS5A:31F+129H:AL_5a	elbasvir	elbasvir	drug_resistance	Merck	NS5A inhibitors	29274866	https://doi.org/10.1053/j.gastro.2017.12.015
NS5A	1	23	F	REF_MASTER_NC_004102	NS5A:23F	aminoAcidSimplePolymorphism	NS5A:23F	single				phdr_ras:NS5A:23F	NS5A:23F															drug_resistance				
NS5A	1	23	F	REF_MASTER_NC_004102	NS5A:23F	aminoAcidSimplePolymorphism	NS5A:23F+31F	combination	NS5A:23F+31F	2.0	1.0	phdr_ras:NS5A:23F+31F	NS5A:23F+31F	AL_1b	L23F+L31F	NS5A:23F+31F:AL_1b:daclatasvir	category_III	III	3.0	1.0	13.0	0.0			NS5A:23F+31F:AL_1b	daclatasvir	daclatasvir	drug_resistance	Bristol-Myers Squibb 	NS5A inhibitors	20585111	https://doi.org/10.1128/AAC.00556-10
NS5A	1	23	F	REF_MASTER_NC_004102	NS5A:23F	aminoAcidSimplePolymorphism	NS5A:23F+93H	combination	NS5A:23F+93H	2.0	1.0	phdr_ras:NS5A:23F+93H	NS5A:23F+93H	AL_1b	L23F+Y93H	NS5A:23F+93H:AL_1b:daclatasvir	category_II	II	2.0	1.0	80.0	0.0			NS5A:23F+93H:AL_1b	daclatasvir	daclatasvir	drug_resistance	Bristol-Myers Squibb 	NS5A inhibitors	20585111	https://doi.org/10.1128/AAC.00556-10
NS5A	1	24	A	REF_MASTER_NC_004102	NS5A:24A	aminoAcidSimplePolymorphism	NS5A:24A	single				phdr_ras:NS5A:24A	NS5A:24A	AL_2a	T24A	NS5A:24A:AL_2a:daclatasvir	category_III	III	3.0	1.0	41.5	0.0			NS5A:24A:AL_2a	daclatasvir	daclatasvir	drug_resistance	Bristol-Myers Squibb 	NS5A inhibitors	29274866	https://doi.org/10.1053/j.gastro.2017.12.015
NS5A	1	24	A	REF_MASTER_NC_004102	NS5A:24A	aminoAcidSimplePolymorphism	NS5A:24A	single				phdr_ras:NS5A:24A	NS5A:24A	AL_2a	T24A	NS5A:24A:AL_2a:ombitasvir	category_III	III	3.0	1.0	38.0	0.0			NS5A:24A:AL_2a	ombitasvir	ombitasvir	drug_resistance	Abbvie	NS5A inhibitors	25451055	https://doi.org/10.1128/AAC.04226-14
NS5A	1	24	F	REF_MASTER_NC_004102	NS5A:24F	aminoAcidSimplePolymorphism	NS5A:24F	single				phdr_ras:NS5A:24F	NS5A:24F															drug_resistance				
NS5A	1	24	F	REF_MASTER_NC_004102	NS5A:24F	aminoAcidSimplePolymorphism	NS5A:24F+28K	combination	NS5A:24F+28K	2.0	1.0	phdr_ras:NS5A:24F+28K	NS5A:24F+28K	AL_3a	S24F+M28K	NS5A:24F+28K:AL_3a:pibrentasvir	category_II	II	2.0	0.0		1.0	0.0	1.0	NS5A:24F+28K:AL_3a	pibrentasvir	pibrentasvir	drug_resistance	Abbvie	NS5A inhibitors	26778412;28412293	https://doi.org/10.1111/liv.13067;https://doi.org/10.1016/j.jhep.2017.03.039
NS5A	1	24	F	REF_MASTER_NC_004102	NS5A:24F	aminoAcidSimplePolymorphism	NS5A:24F+28K+30K	combination	NS5A:24F+28K+30K	3.0	1.0	phdr_ras:NS5A:24F+28K+30K	NS5A:24F+28K+30K	AL_3a	S24F+M28K+A30K	NS5A:24F+28K+30K:AL_3a:pibrentasvir	category_II	II	2.0	1.0	5000.0	0.0			NS5A:24F+28K+30K:AL_3a	pibrentasvir	pibrentasvir	drug_resistance	Abbvie	NS5A inhibitors	26778412	https://doi.org/10.1111/liv.13067
NS5A	1	24	F	REF_MASTER_NC_004102	NS5A:24F	aminoAcidSimplePolymorphism	NS5A:24F+93H	combination	NS5A:24F+93H	2.0	1.0	phdr_ras:NS5A:24F+93H	NS5A:24F+93H	AL_2b	S24F+Y93H	NS5A:24F+93H:AL_2b:daclatasvir	category_II	II	2.0	1.0	539.5	0.0			NS5A:24F+93H:AL_2b	daclatasvir	daclatasvir	drug_resistance	Bristol-Myers Squibb 	NS5A inhibitors	29274866	https://doi.org/10.1053/j.gastro.2017.12.015
NS5A	1	24	F	REF_MASTER_NC_004102	NS5A:24F	aminoAcidSimplePolymorphism	NS5A:24F+93H	combination	NS5A:24F+93H	2.0	1.0	phdr_ras:NS5A:24F+93H	NS5A:24F+93H	AL_2b	S24F+Y93H	NS5A:24F+93H:AL_2b:elbasvir	category_II	II	2.0	1.0	539.5	0.0			NS5A:24F+93H:AL_2b	elbasvir	elbasvir	drug_resistance	Merck	NS5A inhibitors	29274866	https://doi.org/10.1053/j.gastro.2017.12.015
NS5A	1	24	F	REF_MASTER_NC_004102	NS5A:24F	aminoAcidSimplePolymorphism	NS5A:24F+93H	combination	NS5A:24F+93H	2.0	1.0	phdr_ras:NS5A:24F+93H	NS5A:24F+93H	AL_2b	S24F+Y93H	NS5A:24F+93H:AL_2b:velpatasvir	category_II	II	2.0	1.0	999.0	0.0			NS5A:24F+93H:AL_2b	velpatasvir	velpatasvir	drug_resistance	Gilead Sciences	NS5A inhibitors	29274866	https://doi.org/10.1053/j.gastro.2017.12.015
NS5A	1	24	G	REF_MASTER_NC_004102	NS5A:24G	aminoAcidSimplePolymorphism	NS5A:24G	single				phdr_ras:NS5A:24G	NS5A:24G	AL_1a	K24G	NS5A:24G:AL_1a:ledipasvir	category_III	III	3.0	1.0	43.3	0.0			NS5A:24G:AL_1a	ledipasvir	ledipasvir	drug_resistance	Gilead Sciences	NS5A inhibitors	27923693	https://doi.org/10.1016/j.jhep.2016.11.022
NS5A	1	24	H	REF_MASTER_NC_004102	NS5A:24H	aminoAcidSimplePolymorphism	NS5A:24H	single				phdr_ras:NS5A:24H	NS5A:24H	AL_6a	Q24H	NS5A:24H:AL_6a:daclatasvir	category_III	III	3.0	1.0	41.0	0.0			NS5A:24H:AL_6a	daclatasvir	daclatasvir	drug_resistance	Bristol-Myers Squibb 	NS5A inhibitors	24936600	https://doi.org/10.1128/AAC.02788-14
NS5A	1	24	K	REF_MASTER_NC_004102	NS5A:24K	aminoAcidSimplePolymorphism	NS5A:24K	single				phdr_ras:NS5A:24K	NS5A:24K															drug_resistance				
NS5A	1	24	K	REF_MASTER_NC_004102	NS5A:24K	aminoAcidSimplePolymorphism	NS5A:24K+28I+30Q+31I+32L+54Y	combination	NS5A:24K+28I+30Q+31I+32L+54Y	6.0	1.0	phdr_ras:NS5A:24K+28I+30Q+31I+32L+54Y	NS5A:24K+28I+30Q+31I+32L+54Y	AL_1b	Q24K+L28I+R30Q+L31I+P32L+H/Q54Y	NS5A:24K+28I+30Q+31I+32L+54Y:AL_1b:daclatasvir	category_II	II	2.0	0.0		1.0	0.0	1.0	NS5A:24K+28I+30Q+31I+32L+54Y:AL_1b	daclatasvir	daclatasvir	drug_resistance	Bristol-Myers Squibb 	NS5A inhibitors	28078469	https://doi.org/10.1007/s00535-016-1303-0
NS5A	1	24	K	REF_MASTER_NC_004102	NS5A:24K	aminoAcidSimplePolymorphism	NS5A:24K+28M	combination	NS5A:24K+28M	2.0	1.0	phdr_ras:NS5A:24K+28M	NS5A:24K+28M	AL_1b	Q24K+L28M	NS5A:24K+28M:AL_1b:daclatasvir	category_II	II	2.0	0.0		1.0	1.0	0.0	NS5A:24K+28M:AL_1b	daclatasvir	daclatasvir	drug_resistance	Bristol-Myers Squibb 	NS5A inhibitors	28078469	https://doi.org/10.1007/s00535-016-1303-0
NS5A	1	24	K	REF_MASTER_NC_004102	NS5A:24K	aminoAcidSimplePolymorphism	NS5A:24K+28M+30H+92T	combination	NS5A:24K+28M+30H+92T	4.0	1.0	phdr_ras:NS5A:24K+28M+30H+92T	NS5A:24K+28M+30H+92T	AL_1b	Q24K+L28M+R30H+A92T	NS5A:24K+28M+30H+92T:AL_1b:daclatasvir	category_II	II	2.0	0.0		1.0	1.0	0.0	NS5A:24K+28M+30H+92T:AL_1b	daclatasvir	daclatasvir	drug_resistance	Bristol-Myers Squibb 	NS5A inhibitors	28078469	https://doi.org/10.1007/s00535-016-1303-0
NS5A	1	24	K	REF_MASTER_NC_004102	NS5A:24K	aminoAcidSimplePolymorphism	NS5A:24K+28M+30L	combination	NS5A:24K+28M+30L	3.0	1.0	phdr_ras:NS5A:24K+28M+30L	NS5A:24K+28M+30L	AL_1b	Q24K+L28M+R30L	NS5A:24K+28M+30L:AL_1b:daclatasvir	category_II	II	2.0	0.0		1.0	1.0	0.0	NS5A:24K+28M+30L:AL_1b	daclatasvir	daclatasvir	drug_resistance	Bristol-Myers Squibb 	NS5A inhibitors	28078469	https://doi.org/10.1007/s00535-016-1303-0
NS5A	1	24	K	REF_MASTER_NC_004102	NS5A:24K	aminoAcidSimplePolymorphism	NS5A:24K+28M+30Q	combination	NS5A:24K+28M+30Q	3.0	1.0	phdr_ras:NS5A:24K+28M+30Q	NS5A:24K+28M+30Q	AL_1b	Q24K+L28M+R30Q	NS5A:24K+28M+30Q:AL_1b:daclatasvir	category_II	II	2.0	0.0		1.0	1.0	0.0	NS5A:24K+28M+30Q:AL_1b	daclatasvir	daclatasvir	drug_resistance	Bristol-Myers Squibb 	NS5A inhibitors	28078469	https://doi.org/10.1007/s00535-016-1303-0
NS5A	1	24	K	REF_MASTER_NC_004102	NS5A:24K	aminoAcidSimplePolymorphism	NS5A:24K+28M+30Q+37V+54H	combination	NS5A:24K+28M+30Q+37V+54H	5.0	1.0	phdr_ras:NS5A:24K+28M+30Q+37V+54H	NS5A:24K+28M+30Q+37V+54H	AL_1b	Q24K+L28M+R30Q+F/L37V+H/Q54H	NS5A:24K+28M+30Q+37V+54H:AL_1b:daclatasvir	category_II	II	2.0	0.0		1.0	1.0	0.0	NS5A:24K+28M+30Q+37V+54H:AL_1b	daclatasvir	daclatasvir	drug_resistance	Bristol-Myers Squibb 	NS5A inhibitors	28078469	https://doi.org/10.1007/s00535-016-1303-0
NS5A	1	24	K	REF_MASTER_NC_004102	NS5A:24K	aminoAcidSimplePolymorphism	NS5A:24K+28M+30Q+92T	combination	NS5A:24K+28M+30Q+92T	4.0	1.0	phdr_ras:NS5A:24K+28M+30Q+92T	NS5A:24K+28M+30Q+92T	AL_1b	Q24K+L28M+R30Q+A92T	NS5A:24K+28M+30Q+92T:AL_1b:daclatasvir	category_II	II	2.0	0.0		1.0	1.0	0.0	NS5A:24K+28M+30Q+92T:AL_1b	daclatasvir	daclatasvir	drug_resistance	Bristol-Myers Squibb 	NS5A inhibitors	28078469	https://doi.org/10.1007/s00535-016-1303-0
NS5A	1	24	K	REF_MASTER_NC_004102	NS5A:24K	aminoAcidSimplePolymorphism	NS5A:24K+28M+92T	combination	NS5A:24K+28M+92T	3.0	1.0	phdr_ras:NS5A:24K+28M+92T	NS5A:24K+28M+92T	AL_1b	Q24K+L28M+A92T	NS5A:24K+28M+92T:AL_1b:daclatasvir	category_II	II	2.0	0.0		1.0	1.0	0.0	NS5A:24K+28M+92T:AL_1b	daclatasvir	daclatasvir	drug_resistance	Bristol-Myers Squibb 	NS5A inhibitors	28078469	https://doi.org/10.1007/s00535-016-1303-0
NS5A	1	24	K	REF_MASTER_NC_004102	NS5A:24K	aminoAcidSimplePolymorphism	NS5A:24K+28V+30Q	combination	NS5A:24K+28V+30Q	3.0	1.0	phdr_ras:NS5A:24K+28V+30Q	NS5A:24K+28V+30Q	AL_1b	Q24K+L28V+R30Q	NS5A:24K+28V+30Q:AL_1b:daclatasvir	category_II	II	2.0	0.0		1.0	1.0	0.0	NS5A:24K+28V+30Q:AL_1b	daclatasvir	daclatasvir	drug_resistance	Bristol-Myers Squibb 	NS5A inhibitors	28078469	https://doi.org/10.1007/s00535-016-1303-0
NS5A	1	24	K	REF_MASTER_NC_004102	NS5A:24K	aminoAcidSimplePolymorphism	NS5A:24K+28V+92T	combination	NS5A:24K+28V+92T	3.0	1.0	phdr_ras:NS5A:24K+28V+92T	NS5A:24K+28V+92T	AL_1b	Q24K+L28V+A92T	NS5A:24K+28V+92T:AL_1b:daclatasvir	category_II	II	2.0	0.0		1.0	1.0	0.0	NS5A:24K+28V+92T:AL_1b	daclatasvir	daclatasvir	drug_resistance	Bristol-Myers Squibb 	NS5A inhibitors	28078469	https://doi.org/10.1007/s00535-016-1303-0
NS5A	1	24	M	REF_MASTER_NC_004102	NS5A:24M	aminoAcidSimplePolymorphism	NS5A:24M	single				phdr_ras:NS5A:24M	NS5A:24M															drug_resistance				
NS5A	1	24	M	REF_MASTER_NC_004102	NS5A:24M	aminoAcidSimplePolymorphism	NS5A:24M+30R+81M	combination	NS5A:24M+30R+81M	3.0	1.0	phdr_ras:NS5A:24M+30R+81M	NS5A:24M+30R+81M	AL_1a	K24M+Q30R+R81M	NS5A:24M+30R+81M:AL_1a:elbasvir	category_II	II	2.0	1.0	69.0	0.0			NS5A:24M+30R+81M:AL_1a	elbasvir	elbasvir	drug_resistance	Merck	NS5A inhibitors	26926625	https://doi.org/10.1128/AAC.00051-16
NS5A	1	24	N	REF_MASTER_NC_004102	NS5A:24N	aminoAcidSimplePolymorphism	NS5A:24N	single				phdr_ras:NS5A:24N	NS5A:24N	AL_1a	K24N	NS5A:24N:AL_1a:ledipasvir	category_III	III	3.0	1.0	27.6	0.0			NS5A:24N:AL_1a	ledipasvir	ledipasvir	drug_resistance	Gilead Sciences	NS5A inhibitors	27923693	https://doi.org/10.1016/j.jhep.2016.11.022
NS5A	1	24	Q	REF_MASTER_NC_004102	NS5A:24Q	aminoAcidSimplePolymorphism	NS5A:24Q	single				phdr_ras:NS5A:24Q	NS5A:24Q															drug_resistance				
NS5A	1	24	Q	REF_MASTER_NC_004102	NS5A:24Q	aminoAcidSimplePolymorphism	NS5A:24Q+28T+31M	combination	NS5A:24Q+28T+31M	3.0	1.0	phdr_ras:NS5A:24Q+28T+31M	NS5A:24Q+28T+31M	AL_1a	K24Q+M28T+L31M	NS5A:24Q+28T+31M:AL_1a:elbasvir	category_III	III	3.0	1.0	9.0	0.0			NS5A:24Q+28T+31M:AL_1a	elbasvir	elbasvir	drug_resistance	Merck	NS5A inhibitors	26926625	https://doi.org/10.1128/AAC.00051-16
NS5A	1	24	Q	REF_MASTER_NC_004102	NS5A:24Q	aminoAcidSimplePolymorphism	NS5A:24Q+93H	combination	NS5A:24Q+93H	2.0	1.0	phdr_ras:NS5A:24Q+93H	NS5A:24Q+93H	AL_1a	K24Q+Y93H	NS5A:24Q+93H:AL_1a:pibrentasvir	category_II	II	2.0	0.0		1.0	1.0	0.0	NS5A:24Q+93H:AL_1a	pibrentasvir	pibrentasvir	drug_resistance	Abbvie	NS5A inhibitors	29152781	https://doi.org/10.1002/hep.29671
NS5A	1	24	R	REF_MASTER_NC_004102	NS5A:24R	aminoAcidSimplePolymorphism	NS5A:24R	single				phdr_ras:NS5A:24R	NS5A:24R	AL_1a	K24R	NS5A:24R:AL_1a:ledipasvir	category_I	I	1.0	1.0	3.7	1.0	1.0	1.0	NS5A:24R:AL_1a	ledipasvir	ledipasvir	drug_resistance	Gilead Sciences	NS5A inhibitors	27923693	https://doi.org/10.1016/j.jhep.2016.11.022
NS5A	1	24	R	REF_MASTER_NC_004102	NS5A:24R	aminoAcidSimplePolymorphism	NS5A:24R	single				phdr_ras:NS5A:24R	NS5A:24R	AL_1a	K24R	NS5A:24R:AL_1a:velpatasvir	category_II	II	2.0	0.0		1.0	1.0	0.0	NS5A:24R:AL_1a	velpatasvir	velpatasvir	drug_resistance	Gilead Sciences	NS5A inhibitors	28564569	https://doi.org/10.1056/NEJMoa1613512
NS5A	1	24	R	REF_MASTER_NC_004102	NS5A:24R	aminoAcidSimplePolymorphism	NS5A:24R+30G	combination	NS5A:24R+30G	2.0	1.0	phdr_ras:NS5A:24R+30G	NS5A:24R+30G	AL_7a	K24R+S30G	NS5A:24R+30G:AL_7a:daclatasvir	category_II	II	2.0	1.0	539.5	0.0			NS5A:24R+30G:AL_7a	daclatasvir	daclatasvir	drug_resistance	Bristol-Myers Squibb 	NS5A inhibitors	29274866	https://doi.org/10.1053/j.gastro.2017.12.015
NS5A	1	24	R	REF_MASTER_NC_004102	NS5A:24R	aminoAcidSimplePolymorphism	NS5A:24R+30G	combination	NS5A:24R+30G	2.0	1.0	phdr_ras:NS5A:24R+30G	NS5A:24R+30G	AL_7a	K24R+S30G	NS5A:24R+30G:AL_7a:elbasvir	category_II	II	2.0	1.0	539.5	0.0			NS5A:24R+30G:AL_7a	elbasvir	elbasvir	drug_resistance	Merck	NS5A inhibitors	29274866	https://doi.org/10.1053/j.gastro.2017.12.015
NS5A	1	24	R	REF_MASTER_NC_004102	NS5A:24R	aminoAcidSimplePolymorphism	NS5A:24R+30K	combination	NS5A:24R+30K	2.0	1.0	phdr_ras:NS5A:24R+30K	NS5A:24R+30K	AL_1a	K24R+Q30K	NS5A:24R+30K:AL_1a:pibrentasvir	category_II	II	2.0	0.0		1.0	0.0	1.0	NS5A:24R+30K:AL_1a	pibrentasvir	pibrentasvir	drug_resistance	Abbvie	NS5A inhibitors	29152781	https://doi.org/10.1002/hep.29671
NS5A	1	24	R	REF_MASTER_NC_004102	NS5A:24R	aminoAcidSimplePolymorphism	NS5A:24R+30K+93H	combination	NS5A:24R+30K+93H	3.0	1.0	phdr_ras:NS5A:24R+30K+93H	NS5A:24R+30K+93H															drug_resistance				
NS5A	1	24	R	REF_MASTER_NC_004102	NS5A:24R	aminoAcidSimplePolymorphism	NS5A:24R+30Q+31M+37L+93H	combination	NS5A:24R+30Q+31M+37L+93H	5.0	1.0	phdr_ras:NS5A:24R+30Q+31M+37L+93H	NS5A:24R+30Q+31M+37L+93H	AL_1b	Q24R+R30Q+L31M+F/L37L+Y93H	NS5A:24R+30Q+31M+37L+93H:AL_1b:daclatasvir	category_II	II	2.0	0.0		1.0	0.0	1.0	NS5A:24R+30Q+31M+37L+93H:AL_1b	daclatasvir	daclatasvir	drug_resistance	Bristol-Myers Squibb 	NS5A inhibitors	28078469	https://doi.org/10.1007/s00535-016-1303-0
NS5A	1	24	R	REF_MASTER_NC_004102	NS5A:24R	aminoAcidSimplePolymorphism	NS5A:24R+30R	combination	NS5A:24R+30R	2.0	1.0	phdr_ras:NS5A:24R+30R	NS5A:24R+30R	AL_1a	K24R+Q30R	NS5A:24R+30R:AL_1a:ledipasvir	category_II	II	2.0	1.0	2859.5	0.0			NS5A:24R+30R:AL_1a	ledipasvir	ledipasvir	drug_resistance	Gilead Sciences	NS5A inhibitors	27923693	https://doi.org/10.1016/j.jhep.2016.11.022
NS5A	1	24	R	REF_MASTER_NC_004102	NS5A:24R	aminoAcidSimplePolymorphism	NS5A:24R+31F	combination	NS5A:24R+31F	2.0	1.0	phdr_ras:NS5A:24R+31F	NS5A:24R+31F	AL_7a	K24R+L31F	NS5A:24R+31F:AL_7a:daclatasvir	category_II	II	2.0	1.0	539.5	0.0			NS5A:24R+31F:AL_7a	daclatasvir	daclatasvir	drug_resistance	Bristol-Myers Squibb 	NS5A inhibitors	29274866	https://doi.org/10.1053/j.gastro.2017.12.015
NS5A	1	24	R	REF_MASTER_NC_004102	NS5A:24R	aminoAcidSimplePolymorphism	NS5A:24R+31F	combination	NS5A:24R+31F	2.0	1.0	phdr_ras:NS5A:24R+31F	NS5A:24R+31F	AL_7a	K24R+L31F	NS5A:24R+31F:AL_7a:elbasvir	category_II	II	2.0	1.0	539.5	0.0			NS5A:24R+31F:AL_7a	elbasvir	elbasvir	drug_resistance	Merck	NS5A inhibitors	29274866	https://doi.org/10.1053/j.gastro.2017.12.015
NS5A	1	24	R	REF_MASTER_NC_004102	NS5A:24R	aminoAcidSimplePolymorphism	NS5A:24R+31F	combination	NS5A:24R+31F	2.0	1.0	phdr_ras:NS5A:24R+31F	NS5A:24R+31F	AL_7a	K24R+L31F	NS5A:24R+31F:AL_7a:velpatasvir	category_III	III	3.0	1.0	41.5	0.0			NS5A:24R+31F:AL_7a	velpatasvir	velpatasvir	drug_resistance	Gilead Sciences	NS5A inhibitors	29274866	https://doi.org/10.1053/j.gastro.2017.12.015
NS5A	1	24	R	REF_MASTER_NC_004102	NS5A:24R	aminoAcidSimplePolymorphism	NS5A:24R+93H	combination	NS5A:24R+93H	2.0	1.0	phdr_ras:NS5A:24R+93H	NS5A:24R+93H	AL_1a	K24R+Y93H	NS5A:24R+93H:AL_1a:ledipasvir	category_II	II	2.0	0.0		1.0	0.0	1.0	NS5A:24R+93H:AL_1a	ledipasvir	ledipasvir	drug_resistance	Gilead Sciences	NS5A inhibitors	27923693	https://doi.org/10.1016/j.jhep.2016.11.022
NS5A	1	24	S	REF_MASTER_NC_004102	NS5A:24S	aminoAcidSimplePolymorphism	NS5A:24S	single				phdr_ras:NS5A:24S	NS5A:24S	AL_2a	T24S	NS5A:24S:AL_2a:daclatasvir	category_III	III	3.0	1.0	41.5	0.0			NS5A:24S:AL_2a	daclatasvir	daclatasvir	drug_resistance	Bristol-Myers Squibb 	NS5A inhibitors	29274866	https://doi.org/10.1053/j.gastro.2017.12.015
NS5A	1	24	S	REF_MASTER_NC_004102	NS5A:24S	aminoAcidSimplePolymorphism	NS5A:24S	single				phdr_ras:NS5A:24S	NS5A:24S	AL_2a	T24S	NS5A:24S:AL_2a:ombitasvir	category_II	II	2.0	0.0		1.0	0.0	1.0	NS5A:24S:AL_2a	ombitasvir	ombitasvir	drug_resistance	Abbvie	NS5A inhibitors	30485638	https://doi.org/10.1111/hepr.13292
NS5A	1	24	S	REF_MASTER_NC_004102	NS5A:24S	aminoAcidSimplePolymorphism	NS5A:24S+28G	combination	NS5A:24S+28G	2.0	1.0	phdr_ras:NS5A:24S+28G	NS5A:24S+28G	AL_2a	T24S+F28G	NS5A:24S+28G:AL_2a:daclatasvir	category_II	II	2.0	0.0		1.0	0.0	1.0	NS5A:24S+28G:AL_2a	daclatasvir	daclatasvir	drug_resistance	Bristol-Myers Squibb 	NS5A inhibitors	27605597	https://doi.org/10.1093/jac/dkw336
NS5A	1	24	S	REF_MASTER_NC_004102	NS5A:24S	aminoAcidSimplePolymorphism	NS5A:24S+31M	combination	NS5A:24S+31M	2.0	1.0	phdr_ras:NS5A:24S+31M	NS5A:24S+31M	AL_2a	T24S+L/M31M	NS5A:24S+31M:AL_2a:velpatasvir	category_II	II	2.0	0.0		1.0	1.0	0.0	NS5A:24S+31M:AL_2a	velpatasvir	velpatasvir	drug_resistance	Gilead Sciences	NS5A inhibitors	28564569	https://doi.org/10.1056/NEJMoa1613512
NS5A	1	24	S	REF_MASTER_NC_004102	NS5A:24S	aminoAcidSimplePolymorphism	NS5A:24S+31M	combination	NS5A:24S+31M	2.0	1.0	phdr_ras:NS5A:24S+31M	NS5A:24S+31M	AL_2d	S24S+L31M	NS5A:24S+31M:AL_2d:velpatasvir	category_II	II	2.0	0.0		1.0	1.0	0.0	NS5A:24S+31M:AL_2d	velpatasvir	velpatasvir	drug_resistance	Gilead Sciences	NS5A inhibitors	28564569	https://doi.org/10.1056/NEJMoa1613512
NS5A	1	24	S	REF_MASTER_NC_004102	NS5A:24S	aminoAcidSimplePolymorphism	NS5A:24S+31M	combination	NS5A:24S+31M	2.0	1.0	phdr_ras:NS5A:24S+31M	NS5A:24S+31M	AL_2i	S24S+M31M	NS5A:24S+31M:AL_2i:daclatasvir	category_II	II	2.0	0.0		1.0	1.0	0.0	NS5A:24S+31M:AL_2i	daclatasvir	daclatasvir	drug_resistance	Bristol-Myers Squibb 	NS5A inhibitors	27605597	https://doi.org/10.1093/jac/dkw336
NS5A	1	24	S	REF_MASTER_NC_004102	NS5A:24S	aminoAcidSimplePolymorphism	NS5A:24S+31M	combination	NS5A:24S+31M	2.0	1.0	phdr_ras:NS5A:24S+31M	NS5A:24S+31M	AL_2j	S24S+M31M	NS5A:24S+31M:AL_2j:velpatasvir	category_II	II	2.0	0.0		1.0	1.0	0.0	NS5A:24S+31M:AL_2j	velpatasvir	velpatasvir	drug_resistance	Gilead Sciences	NS5A inhibitors	28564569	https://doi.org/10.1056/NEJMoa1613512
NS5A	1	24	S	REF_MASTER_NC_004102	NS5A:24S	aminoAcidSimplePolymorphism	NS5A:24S+31M+93H	combination	NS5A:24S+31M+93H	3.0	1.0	phdr_ras:NS5A:24S+31M+93H	NS5A:24S+31M+93H															drug_resistance				
NS5A	1	24	S	REF_MASTER_NC_004102	NS5A:24S	aminoAcidSimplePolymorphism	NS5A:24S+92S	combination	NS5A:24S+92S	2.0	1.0	phdr_ras:NS5A:24S+92S	NS5A:24S+92S	AL_2b	S24S+C92S	NS5A:24S+92S:AL_2b:daclatasvir	category_II	II	2.0	0.0		1.0	0.0	1.0	NS5A:24S+92S:AL_2b	daclatasvir	daclatasvir	drug_resistance	Bristol-Myers Squibb 	NS5A inhibitors	27605597	https://doi.org/10.1093/jac/dkw336
NS5A	1	24	T	REF_MASTER_NC_004102	NS5A:24T	aminoAcidSimplePolymorphism	NS5A:24T	single				phdr_ras:NS5A:24T	NS5A:24T															drug_resistance				
NS5A	1	24	T	REF_MASTER_NC_004102	NS5A:24T	aminoAcidSimplePolymorphism	NS5A:24T+28T+30R	combination	NS5A:24T+28T+30R	3.0	1.0	phdr_ras:NS5A:24T+28T+30R	NS5A:24T+28T+30R	AL_1a	K24T+M28T+Q30R	NS5A:24T+28T+30R:AL_1a:elbasvir	category_II	II	2.0	1.0	7000.0	0.0			NS5A:24T+28T+30R:AL_1a	elbasvir	elbasvir	drug_resistance	Merck	NS5A inhibitors	26926625	https://doi.org/10.1128/AAC.00051-16
NS5A	1	24	T	REF_MASTER_NC_004102	NS5A:24T	aminoAcidSimplePolymorphism	NS5A:24T+93H	combination	NS5A:24T+93H	2.0	1.0	phdr_ras:NS5A:24T+93H	NS5A:24T+93H	AL_2b	S24T+Y93H	NS5A:24T+93H:AL_2b:daclatasvir	category_II	II	2.0	1.0	539.5	0.0			NS5A:24T+93H:AL_2b	daclatasvir	daclatasvir	drug_resistance	Bristol-Myers Squibb 	NS5A inhibitors	29274866	https://doi.org/10.1053/j.gastro.2017.12.015
NS5A	1	24	T	REF_MASTER_NC_004102	NS5A:24T	aminoAcidSimplePolymorphism	NS5A:24T+93H	combination	NS5A:24T+93H	2.0	1.0	phdr_ras:NS5A:24T+93H	NS5A:24T+93H	AL_2b	S24T+Y93H	NS5A:24T+93H:AL_2b:elbasvir	category_II	II	2.0	1.0	539.5	0.0			NS5A:24T+93H:AL_2b	elbasvir	elbasvir	drug_resistance	Merck	NS5A inhibitors	29274866	https://doi.org/10.1053/j.gastro.2017.12.015
NS5A	1	24	T	REF_MASTER_NC_004102	NS5A:24T	aminoAcidSimplePolymorphism	NS5A:24T+93H	combination	NS5A:24T+93H	2.0	1.0	phdr_ras:NS5A:24T+93H	NS5A:24T+93H	AL_2b	S24T+Y93H	NS5A:24T+93H:AL_2b:velpatasvir	category_II	II	2.0	1.0	999.0	0.0			NS5A:24T+93H:AL_2b	velpatasvir	velpatasvir	drug_resistance	Gilead Sciences	NS5A inhibitors	29274866	https://doi.org/10.1053/j.gastro.2017.12.015
NS5A	1	28	A	REF_MASTER_NC_004102	NS5A:28A	aminoAcidSimplePolymorphism	NS5A:28A	single				phdr_ras:NS5A:28A	NS5A:28A	AL_1a	M28A	NS5A:28A:AL_1a:daclatasvir	category_I	I	1.0	1.0	4591.0	1.0	0.0	1.0	NS5A:28A:AL_1a	daclatasvir	daclatasvir	drug_resistance	Bristol-Myers Squibb 	NS5A inhibitors	21809362	https://doi.org/10.1002/hep.24594
NS5A	1	28	A	REF_MASTER_NC_004102	NS5A:28A	aminoAcidSimplePolymorphism	NS5A:28A	single				phdr_ras:NS5A:28A	NS5A:28A	AL_1a	M28A	NS5A:28A:AL_1a:elbasvir	category_II	II	2.0	1.0	61.0	0.0			NS5A:28A:AL_1a	elbasvir	elbasvir	drug_resistance	Merck	NS5A inhibitors	26303801	https://doi.org/10.1128/AAC.01390-15
NS5A	1	28	A	REF_MASTER_NC_004102	NS5A:28A	aminoAcidSimplePolymorphism	NS5A:28A	single				phdr_ras:NS5A:28A	NS5A:28A	AL_1a	M28A	NS5A:28A:AL_1a:ledipasvir	category_I	I	1.0	1.0	1195.6	1.0	1.0	1.0	NS5A:28A:AL_1a	ledipasvir	ledipasvir	drug_resistance	Gilead Sciences	NS5A inhibitors	27923693	https://doi.org/10.1016/j.jhep.2016.11.022
NS5A	1	28	A	REF_MASTER_NC_004102	NS5A:28A	aminoAcidSimplePolymorphism	NS5A:28A	single				phdr_ras:NS5A:28A	NS5A:28A	AL_6a	F/L28A	NS5A:28A:AL_6a:ombitasvir	category_II	II	2.0	1.0	1720.0	0.0			NS5A:28A:AL_6a	ombitasvir	ombitasvir	drug_resistance	Abbvie	NS5A inhibitors	30718256	https://doi.org/10.1128/AAC.02205-18
NS5A	1	28	A	REF_MASTER_NC_004102	NS5A:28A	aminoAcidSimplePolymorphism	NS5A:28A+30H	combination	NS5A:28A+30H	2.0	1.0	phdr_ras:NS5A:28A+30H	NS5A:28A+30H	AL_1a	M28A+Q30H	NS5A:28A+30H:AL_1a:ledipasvir	category_II	II	2.0	0.0		1.0	0.0	1.0	NS5A:28A+30H:AL_1a	ledipasvir	ledipasvir	drug_resistance	Gilead Sciences	NS5A inhibitors	27923693	https://doi.org/10.1016/j.jhep.2016.11.022
NS5A	1	28	A	REF_MASTER_NC_004102	NS5A:28A	aminoAcidSimplePolymorphism	NS5A:28A+30K	combination	NS5A:28A+30K	2.0	1.0	phdr_ras:NS5A:28A+30K	NS5A:28A+30K	AL_1a	M28A+Q30K	NS5A:28A+30K:AL_1a:daclatasvir	category_II	II	2.0	0.0		1.0	0.0	1.0	NS5A:28A+30K:AL_1a	daclatasvir	daclatasvir	drug_resistance	Bristol-Myers Squibb 	NS5A inhibitors	28369411	https://doi.org/10.1093/cid/cix214
NS5A	1	28	A	REF_MASTER_NC_004102	NS5A:28A	aminoAcidSimplePolymorphism	NS5A:28A+30R	combination	NS5A:28A+30R	2.0	1.0	phdr_ras:NS5A:28A+30R	NS5A:28A+30R	AL_1a	M28A+Q30R	NS5A:28A+30R:AL_1a:daclatasvir	category_II	II	2.0	0.0		1.0	0.0	1.0	NS5A:28A+30R:AL_1a	daclatasvir	daclatasvir	drug_resistance	Bristol-Myers Squibb 	NS5A inhibitors	24444658	https://doi.org/10.1016/j.jhep.2013.10.019
NS5A	1	28	A	REF_MASTER_NC_004102	NS5A:28A	aminoAcidSimplePolymorphism	NS5A:28A+30S	combination	NS5A:28A+30S	2.0	1.0	phdr_ras:NS5A:28A+30S	NS5A:28A+30S	AL_6a	F/L28A+R30S	NS5A:28A+30S:AL_6a:ombitasvir	category_II	II	2.0	1.0	1121.0	0.0			NS5A:28A+30S:AL_6a	ombitasvir	ombitasvir	drug_resistance	Abbvie	NS5A inhibitors	30718256	https://doi.org/10.1128/AAC.02205-18
NS5A	1	28	A	REF_MASTER_NC_004102	NS5A:28A	aminoAcidSimplePolymorphism	NS5A:28A+58D	combination	NS5A:28A+58D	2.0	1.0	phdr_ras:NS5A:28A+58D	NS5A:28A+58D	AL_1a	M28A+H58D	NS5A:28A+58D:AL_1a:pibrentasvir	category_II	II	2.0	0.0		1.0	0.0	1.0	NS5A:28A+58D:AL_1a	pibrentasvir	pibrentasvir	drug_resistance	Abbvie	NS5A inhibitors	29152781	https://doi.org/10.1002/hep.29671
NS5A	1	28	C	REF_MASTER_NC_004102	NS5A:28C	aminoAcidSimplePolymorphism	NS5A:28C	single				phdr_ras:NS5A:28C	NS5A:28C	AL_2a	F28C	NS5A:28C:AL_2a:daclatasvir	category_I	I	1.0	1.0	400.0	1.0	0.0	1.0	NS5A:28C:AL_2a	daclatasvir	daclatasvir	drug_resistance	Bristol-Myers Squibb 	NS5A inhibitors	27605597	https://doi.org/10.1093/jac/dkw336
NS5A	1	28	C	REF_MASTER_NC_004102	NS5A:28C	aminoAcidSimplePolymorphism	NS5A:28C+31M	combination	NS5A:28C+31M	2.0	1.0	phdr_ras:NS5A:28C+31M	NS5A:28C+31M	AL_2a	F28C+L/M31M	NS5A:28C+31M:AL_2a:daclatasvir	category_II	II	2.0	0.0		1.0	1.0	0.0	NS5A:28C+31M:AL_2a	daclatasvir	daclatasvir	drug_resistance	Bristol-Myers Squibb 	NS5A inhibitors	27605597	https://doi.org/10.1093/jac/dkw336
NS5A	1	28	F	REF_MASTER_NC_004102	NS5A:28F	aminoAcidSimplePolymorphism	NS5A:28F	single				phdr_ras:NS5A:28F	NS5A:28F	AL_2	F/L28F	NS5A:28F:AL_2:ombitasvir	category_II	II	2.0	0.0		1.0	0.0	1.0	NS5A:28F:AL_2	ombitasvir	ombitasvir	drug_resistance	Abbvie	NS5A inhibitors	25644279	https://doi.org/10.1002/hep.27705
NS5A	1	28	F	REF_MASTER_NC_004102	NS5A:28F	aminoAcidSimplePolymorphism	NS5A:28F	single				phdr_ras:NS5A:28F	NS5A:28F	AL_2b	L28F	NS5A:28F:AL_2b:ombitasvir	category_III	III	3.0	1.0	47.0	0.0			NS5A:28F:AL_2b	ombitasvir	ombitasvir	drug_resistance	Abbvie	NS5A inhibitors	25451055	https://doi.org/10.1128/AAC.04226-14
NS5A	1	28	F	REF_MASTER_NC_004102	NS5A:28F	aminoAcidSimplePolymorphism	NS5A:28F	single				phdr_ras:NS5A:28F	NS5A:28F	AL_6a	F/L28F	NS5A:28F:AL_6a:daclatasvir	category_III	III	3.0	1.0	41.5	0.0			NS5A:28F:AL_6a	daclatasvir	daclatasvir	drug_resistance	Bristol-Myers Squibb 	NS5A inhibitors	29274866	https://doi.org/10.1053/j.gastro.2017.12.015
NS5A	1	28	F	REF_MASTER_NC_004102	NS5A:28F	aminoAcidSimplePolymorphism	NS5A:28F	single				phdr_ras:NS5A:28F	NS5A:28F	AL_6a	F/L28F	NS5A:28F:AL_6a:ombitasvir	category_III	III	3.0	1.0	13.0	0.0			NS5A:28F:AL_6a	ombitasvir	ombitasvir	drug_resistance	Abbvie	NS5A inhibitors	30718256	https://doi.org/10.1128/AAC.02205-18
NS5A	1	28	F	REF_MASTER_NC_004102	NS5A:28F	aminoAcidSimplePolymorphism	NS5A:28F+31M	combination	NS5A:28F+31M	2.0	1.0	phdr_ras:NS5A:28F+31M	NS5A:28F+31M	AL_2b	L28F+L/M31M	NS5A:28F+31M:AL_2b:ombitasvir	category_II	II	2.0	1.0	247.0	0.0			NS5A:28F+31M:AL_2b	ombitasvir	ombitasvir	drug_resistance	Abbvie	NS5A inhibitors	25451055	https://doi.org/10.1128/AAC.04226-14
NS5A	1	28	G	REF_MASTER_NC_004102	NS5A:28G	aminoAcidSimplePolymorphism	NS5A:24S+28G	combination	NS5A:24S+28G	2.0	2.0	phdr_ras:NS5A:24S+28G	NS5A:24S+28G	AL_2a	T24S+F28G	NS5A:24S+28G:AL_2a:daclatasvir	category_II	II	2.0	0.0		1.0	0.0	1.0	NS5A:24S+28G:AL_2a	daclatasvir	daclatasvir	drug_resistance	Bristol-Myers Squibb 	NS5A inhibitors	27605597	https://doi.org/10.1093/jac/dkw336
NS5A	1	28	G	REF_MASTER_NC_004102	NS5A:28G	aminoAcidSimplePolymorphism	NS5A:28G	single				phdr_ras:NS5A:28G	NS5A:28G	AL_1a	M28G	NS5A:28G:AL_1a:elbasvir	category_II	II	2.0	0.0		1.0	0.0	1.0	NS5A:28G:AL_1a	elbasvir	elbasvir	drug_resistance	Merck	NS5A inhibitors	25467560	https://doi.org/10.1016/S0140-6736(14)61793-1
NS5A	1	28	G	REF_MASTER_NC_004102	NS5A:28G	aminoAcidSimplePolymorphism	NS5A:28G	single				phdr_ras:NS5A:28G	NS5A:28G	AL_1a	M28G	NS5A:28G:AL_1a:ledipasvir	category_II	II	2.0	1.0	10368.0	0.0			NS5A:28G:AL_1a	ledipasvir	ledipasvir	drug_resistance	Gilead Sciences	NS5A inhibitors	27923693	https://doi.org/10.1016/j.jhep.2016.11.022
NS5A	1	28	G	REF_MASTER_NC_004102	NS5A:28G	aminoAcidSimplePolymorphism	NS5A:28G	single				phdr_ras:NS5A:28G	NS5A:28G	AL_1a	M28G	NS5A:28G:AL_1a:pibrentasvir	category_II	II	2.0	0.0		1.0	0.0	1.0	NS5A:28G:AL_1a	pibrentasvir	pibrentasvir	drug_resistance	Abbvie	NS5A inhibitors	28128852;29152781	https://doi.org/10.1002/hep.29081;https://doi.org/10.1002/hep.29671
NS5A	1	28	G	REF_MASTER_NC_004102	NS5A:28G	aminoAcidSimplePolymorphism	NS5A:28G	single				phdr_ras:NS5A:28G	NS5A:28G	AL_3	M28G	NS5A:28G:AL_3:pibrentasvir	category_II	II	2.0	0.0		1.0	0.0	1.0	NS5A:28G:AL_3	pibrentasvir	pibrentasvir	drug_resistance	Abbvie	NS5A inhibitors	EASL_2017_FRI_205	https://doi.org/10.1016/S0168-8278(17)31399-5
NS5A	1	28	G	REF_MASTER_NC_004102	NS5A:28G	aminoAcidSimplePolymorphism	NS5A:28G+30R	combination	NS5A:28G+30R	2.0	1.0	phdr_ras:NS5A:28G+30R	NS5A:28G+30R															drug_resistance				
NS5A	1	28	I	REF_MASTER_NC_004102	NS5A:28I	aminoAcidSimplePolymorphism	NS5A:24K+28I+30Q+31I+32L+54Y	combination	NS5A:24K+28I+30Q+31I+32L+54Y	6.0	2.0	phdr_ras:NS5A:24K+28I+30Q+31I+32L+54Y	NS5A:24K+28I+30Q+31I+32L+54Y	AL_1b	Q24K+L28I+R30Q+L31I+P32L+H/Q54Y	NS5A:24K+28I+30Q+31I+32L+54Y:AL_1b:daclatasvir	category_II	II	2.0	0.0		1.0	0.0	1.0	NS5A:24K+28I+30Q+31I+32L+54Y:AL_1b	daclatasvir	daclatasvir	drug_resistance	Bristol-Myers Squibb 	NS5A inhibitors	28078469	https://doi.org/10.1007/s00535-016-1303-0
NS5A	1	28	I	REF_MASTER_NC_004102	NS5A:28I	aminoAcidSimplePolymorphism	NS5A:28I	single				phdr_ras:NS5A:28I	NS5A:28I	AL_1a	M28I	NS5A:28I:AL_1a:ledipasvir	insignificant	-	4.0	1.0	0.3	0.0			NS5A:28I:AL_1a	ledipasvir	ledipasvir	drug_resistance	Gilead Sciences	NS5A inhibitors	27923693	https://doi.org/10.1016/j.jhep.2016.11.022
NS5A	1	28	I	REF_MASTER_NC_004102	NS5A:28I	aminoAcidSimplePolymorphism	NS5A:28I	single				phdr_ras:NS5A:28I	NS5A:28I	AL_1b	L28I	NS5A:28I:AL_1b:daclatasvir	category_II	II	2.0	0.0		1.0	0.0	1.0	NS5A:28I:AL_1b	daclatasvir	daclatasvir	drug_resistance	Bristol-Myers Squibb 	NS5A inhibitors	29271114	https://doi.org/10.1111/apt.14478
NS5A	1	28	I	REF_MASTER_NC_004102	NS5A:28I	aminoAcidSimplePolymorphism	NS5A:28I	single				phdr_ras:NS5A:28I	NS5A:28I	AL_5a	L28I	NS5A:28I:AL_5a:ombitasvir	category_II	II	2.0	1.0	79.0	0.0			NS5A:28I:AL_5a	ombitasvir	ombitasvir	drug_resistance	Abbvie	NS5A inhibitors	25451055	https://doi.org/10.1128/AAC.04226-14
NS5A	1	28	I	REF_MASTER_NC_004102	NS5A:28I	aminoAcidSimplePolymorphism	NS5A:28I+30Q	combination	NS5A:28I+30Q	2.0	1.0	phdr_ras:NS5A:28I+30Q	NS5A:28I+30Q	AL_1b	L28I+R30Q	NS5A:28I+30Q:AL_1b:daclatasvir	category_II	II	2.0	0.0		1.0	1.0	0.0	NS5A:28I+30Q:AL_1b	daclatasvir	daclatasvir	drug_resistance	Bristol-Myers Squibb 	NS5A inhibitors	27009831	https://doi.org/10.1111/liv.13128
NS5A	1	28	I	REF_MASTER_NC_004102	NS5A:28I	aminoAcidSimplePolymorphism	NS5A:28I+30R+31M	combination	NS5A:28I+30R+31M	3.0	1.0	phdr_ras:NS5A:28I+30R+31M	NS5A:28I+30R+31M	AL_4r	M/V28I+R30R+L/M31M	NS5A:28I+30R+31M:AL_4r:elbasvir	category_II	II	2.0	0.0		1.0	0.0	1.0	NS5A:28I+30R+31M:AL_4r	elbasvir	elbasvir	drug_resistance	Merck	NS5A inhibitors	30125371	https://doi.org/10.1002/hep.30225
NS5A	1	28	I	REF_MASTER_NC_004102	NS5A:28I	aminoAcidSimplePolymorphism	NS5A:28I+30R+31V	combination	NS5A:28I+30R+31V	3.0	1.0	phdr_ras:NS5A:28I+30R+31V	NS5A:28I+30R+31V	AL_4r	M/V28I+R30R+L/M31V	NS5A:28I+30R+31V:AL_4r:ledipasvir	category_II	II	2.0	0.0		1.0	0.0	1.0	NS5A:28I+30R+31V:AL_4r	ledipasvir	ledipasvir	drug_resistance	Gilead Sciences	NS5A inhibitors	30125371	https://doi.org/10.1002/hep.30225
NS5A	1	28	K	REF_MASTER_NC_004102	NS5A:28K	aminoAcidSimplePolymorphism	NS5A:24F+28K	combination	NS5A:24F+28K	2.0	2.0	phdr_ras:NS5A:24F+28K	NS5A:24F+28K	AL_3a	S24F+M28K	NS5A:24F+28K:AL_3a:pibrentasvir	category_II	II	2.0	0.0		1.0	0.0	1.0	NS5A:24F+28K:AL_3a	pibrentasvir	pibrentasvir	drug_resistance	Abbvie	NS5A inhibitors	26778412;28412293	https://doi.org/10.1111/liv.13067;https://doi.org/10.1016/j.jhep.2017.03.039
NS5A	1	28	K	REF_MASTER_NC_004102	NS5A:28K	aminoAcidSimplePolymorphism	NS5A:24F+28K+30K	combination	NS5A:24F+28K+30K	3.0	2.0	phdr_ras:NS5A:24F+28K+30K	NS5A:24F+28K+30K	AL_3a	S24F+M28K+A30K	NS5A:24F+28K+30K:AL_3a:pibrentasvir	category_II	II	2.0	1.0	5000.0	0.0			NS5A:24F+28K+30K:AL_3a	pibrentasvir	pibrentasvir	drug_resistance	Abbvie	NS5A inhibitors	26778412	https://doi.org/10.1111/liv.13067
NS5A	1	28	K	REF_MASTER_NC_004102	NS5A:28K	aminoAcidSimplePolymorphism	NS5A:28K	single				phdr_ras:NS5A:28K	NS5A:28K	AL_3a	M28K	NS5A:28K:AL_3a:pibrentasvir	category_II	II	2.0	0.0		1.0	0.0	1.0	NS5A:28K:AL_3a	pibrentasvir	pibrentasvir	drug_resistance	Abbvie	NS5A inhibitors	28412293	https://doi.org/10.1016/j.jhep.2017.03.039
NS5A	1	28	L	REF_MASTER_NC_004102	NS5A:28L	aminoAcidSimplePolymorphism	NS5A:28L	single				phdr_ras:NS5A:28L	NS5A:28L	AL_2b	L28L	NS5A:28L:AL_2b:daclatasvir	category_II	II	2.0	0.0		1.0	1.0	0.0	NS5A:28L:AL_2b	daclatasvir	daclatasvir	drug_resistance	Bristol-Myers Squibb 	NS5A inhibitors	27605597	https://doi.org/10.1093/jac/dkw336
NS5A	1	28	L	REF_MASTER_NC_004102	NS5A:28L	aminoAcidSimplePolymorphism	NS5A:28L+30H	combination	NS5A:28L+30H	2.0	1.0	phdr_ras:NS5A:28L+30H	NS5A:28L+30H	AL_4a	L/M28L+L30H	NS5A:28L+30H:AL_4a:daclatasvir	category_II	II	2.0	1.0	64.0	0.0			NS5A:28L+30H:AL_4a	daclatasvir	daclatasvir	drug_resistance	Bristol-Myers Squibb 	NS5A inhibitors	22203595	https://doi.org/10.1128/AAC.06169-11
NS5A	1	28	L	REF_MASTER_NC_004102	NS5A:28L	aminoAcidSimplePolymorphism	NS5A:28L+31M	combination	NS5A:28L+31M	2.0	1.0	phdr_ras:NS5A:28L+31M	NS5A:28L+31M	AL_2b	L28L+L/M31M	NS5A:28L+31M:AL_2b:daclatasvir	category_I	I	1.0	1.0	650.0	1.0	1.0	0.0	NS5A:28L+31M:AL_2b	daclatasvir	daclatasvir	drug_resistance	Bristol-Myers Squibb 	NS5A inhibitors	27605597	https://doi.org/10.1093/jac/dkw336
NS5A	1	28	L	REF_MASTER_NC_004102	NS5A:28L	aminoAcidSimplePolymorphism	NS5A:28L+31M+92S	combination	NS5A:28L+31M+92S	3.0	1.0	phdr_ras:NS5A:28L+31M+92S	NS5A:28L+31M+92S	AL_2b	L28L+L/M31M+C92S	NS5A:28L+31M+92S:AL_2b:daclatasvir	category_II	II	2.0	1.0	9300.0	0.0			NS5A:28L+31M+92S:AL_2b	daclatasvir	daclatasvir	drug_resistance	Bristol-Myers Squibb 	NS5A inhibitors	27605597	https://doi.org/10.1093/jac/dkw336
NS5A	1	28	L	REF_MASTER_NC_004102	NS5A:28L	aminoAcidSimplePolymorphism	NS5A:28L+93H	combination	NS5A:28L+93H	2.0	1.0	phdr_ras:NS5A:28L+93H	NS5A:28L+93H	AL_2b	L28L+Y93H	NS5A:28L+93H:AL_2b:daclatasvir	category_II	II	2.0	1.0	1000.0	0.0			NS5A:28L+93H:AL_2b	daclatasvir	daclatasvir	drug_resistance	Bristol-Myers Squibb 	NS5A inhibitors	27605597	https://doi.org/10.1093/jac/dkw336
NS5A	1	28	M	REF_MASTER_NC_004102	NS5A:28M	aminoAcidSimplePolymorphism	NS5A:24K+28M	combination	NS5A:24K+28M	2.0	2.0	phdr_ras:NS5A:24K+28M	NS5A:24K+28M	AL_1b	Q24K+L28M	NS5A:24K+28M:AL_1b:daclatasvir	category_II	II	2.0	0.0		1.0	1.0	0.0	NS5A:24K+28M:AL_1b	daclatasvir	daclatasvir	drug_resistance	Bristol-Myers Squibb 	NS5A inhibitors	28078469	https://doi.org/10.1007/s00535-016-1303-0
NS5A	1	28	M	REF_MASTER_NC_004102	NS5A:28M	aminoAcidSimplePolymorphism	NS5A:24K+28M+30H+92T	combination	NS5A:24K+28M+30H+92T	4.0	2.0	phdr_ras:NS5A:24K+28M+30H+92T	NS5A:24K+28M+30H+92T	AL_1b	Q24K+L28M+R30H+A92T	NS5A:24K+28M+30H+92T:AL_1b:daclatasvir	category_II	II	2.0	0.0		1.0	1.0	0.0	NS5A:24K+28M+30H+92T:AL_1b	daclatasvir	daclatasvir	drug_resistance	Bristol-Myers Squibb 	NS5A inhibitors	28078469	https://doi.org/10.1007/s00535-016-1303-0
NS5A	1	28	M	REF_MASTER_NC_004102	NS5A:28M	aminoAcidSimplePolymorphism	NS5A:24K+28M+30L	combination	NS5A:24K+28M+30L	3.0	2.0	phdr_ras:NS5A:24K+28M+30L	NS5A:24K+28M+30L	AL_1b	Q24K+L28M+R30L	NS5A:24K+28M+30L:AL_1b:daclatasvir	category_II	II	2.0	0.0		1.0	1.0	0.0	NS5A:24K+28M+30L:AL_1b	daclatasvir	daclatasvir	drug_resistance	Bristol-Myers Squibb 	NS5A inhibitors	28078469	https://doi.org/10.1007/s00535-016-1303-0
NS5A	1	28	M	REF_MASTER_NC_004102	NS5A:28M	aminoAcidSimplePolymorphism	NS5A:24K+28M+30Q	combination	NS5A:24K+28M+30Q	3.0	2.0	phdr_ras:NS5A:24K+28M+30Q	NS5A:24K+28M+30Q	AL_1b	Q24K+L28M+R30Q	NS5A:24K+28M+30Q:AL_1b:daclatasvir	category_II	II	2.0	0.0		1.0	1.0	0.0	NS5A:24K+28M+30Q:AL_1b	daclatasvir	daclatasvir	drug_resistance	Bristol-Myers Squibb 	NS5A inhibitors	28078469	https://doi.org/10.1007/s00535-016-1303-0
NS5A	1	28	M	REF_MASTER_NC_004102	NS5A:28M	aminoAcidSimplePolymorphism	NS5A:24K+28M+30Q+37V+54H	combination	NS5A:24K+28M+30Q+37V+54H	5.0	2.0	phdr_ras:NS5A:24K+28M+30Q+37V+54H	NS5A:24K+28M+30Q+37V+54H	AL_1b	Q24K+L28M+R30Q+F/L37V+H/Q54H	NS5A:24K+28M+30Q+37V+54H:AL_1b:daclatasvir	category_II	II	2.0	0.0		1.0	1.0	0.0	NS5A:24K+28M+30Q+37V+54H:AL_1b	daclatasvir	daclatasvir	drug_resistance	Bristol-Myers Squibb 	NS5A inhibitors	28078469	https://doi.org/10.1007/s00535-016-1303-0
NS5A	1	28	M	REF_MASTER_NC_004102	NS5A:28M	aminoAcidSimplePolymorphism	NS5A:24K+28M+30Q+92T	combination	NS5A:24K+28M+30Q+92T	4.0	2.0	phdr_ras:NS5A:24K+28M+30Q+92T	NS5A:24K+28M+30Q+92T	AL_1b	Q24K+L28M+R30Q+A92T	NS5A:24K+28M+30Q+92T:AL_1b:daclatasvir	category_II	II	2.0	0.0		1.0	1.0	0.0	NS5A:24K+28M+30Q+92T:AL_1b	daclatasvir	daclatasvir	drug_resistance	Bristol-Myers Squibb 	NS5A inhibitors	28078469	https://doi.org/10.1007/s00535-016-1303-0
NS5A	1	28	M	REF_MASTER_NC_004102	NS5A:28M	aminoAcidSimplePolymorphism	NS5A:24K+28M+92T	combination	NS5A:24K+28M+92T	3.0	2.0	phdr_ras:NS5A:24K+28M+92T	NS5A:24K+28M+92T	AL_1b	Q24K+L28M+A92T	NS5A:24K+28M+92T:AL_1b:daclatasvir	category_II	II	2.0	0.0		1.0	1.0	0.0	NS5A:24K+28M+92T:AL_1b	daclatasvir	daclatasvir	drug_resistance	Bristol-Myers Squibb 	NS5A inhibitors	28078469	https://doi.org/10.1007/s00535-016-1303-0
NS5A	1	28	M	REF_MASTER_NC_004102	NS5A:28M	aminoAcidSimplePolymorphism	NS5A:28M	single				phdr_ras:NS5A:28M	NS5A:28M	AL_1b	L28M	NS5A:28M:AL_1b:daclatasvir	category_I	I	1.0	1.0	41.5	1.0	1.0	1.0	NS5A:28M:AL_1b	daclatasvir	daclatasvir	drug_resistance	Bristol-Myers Squibb 	NS5A inhibitors	20585111;26453968;29274866	https://doi.org/10.1128/AAC.00556-10;https://doi.org/10.1016/j.jhep.2015.09.024;https://doi.org/10.1053/j.gastro.2017.12.015
NS5A	1	28	M	REF_MASTER_NC_004102	NS5A:28M	aminoAcidSimplePolymorphism	NS5A:28M	single				phdr_ras:NS5A:28M	NS5A:28M	AL_1b	L28M	NS5A:28M:AL_1b:elbasvir	category_II	II	2.0	1.0	2.0	1.0	0.0	1.0	NS5A:28M:AL_1b	elbasvir	elbasvir	drug_resistance	Merck	NS5A inhibitors	26303801;27720838	https://doi.org/10.1128/AAC.01390-15;https://doi.org/10.1053/j.gastro.2016.09.045
NS5A	1	28	M	REF_MASTER_NC_004102	NS5A:28M	aminoAcidSimplePolymorphism	NS5A:28M	single				phdr_ras:NS5A:28M	NS5A:28M	AL_1b	L28M	NS5A:28M:AL_1b:ombitasvir	insignificant	-	4.0	1.0	2.0	0.0			NS5A:28M:AL_1b	ombitasvir	ombitasvir	drug_resistance	Abbvie	NS5A inhibitors	26643326;25451055	https://doi.org/10.1128/AAC.02606-15;https://doi.org/10.1128/AAC.04226-14
NS5A	1	28	M	REF_MASTER_NC_004102	NS5A:28M	aminoAcidSimplePolymorphism	NS5A:28M	single				phdr_ras:NS5A:28M	NS5A:28M	AL_4	L/M28M	NS5A:28M:AL_4:daclatasvir	category_I	I	1.0	0.0		1.0	1.0	1.0	NS5A:28M:AL_4	daclatasvir	daclatasvir	drug_resistance	Bristol-Myers Squibb 	NS5A inhibitors	29271114;29146520	https://doi.org/10.1111/apt.14478;https://doi.org/10.1053/j.gastro.2017.11.007
NS5A	1	28	M	REF_MASTER_NC_004102	NS5A:28M	aminoAcidSimplePolymorphism	NS5A:28M	single				phdr_ras:NS5A:28M	NS5A:28M	AL_4	L/M28M	NS5A:28M:AL_4:ledipasvir	category_II	II	2.0	0.0		1.0	0.0	1.0	NS5A:28M:AL_4	ledipasvir	ledipasvir	drug_resistance	Gilead Sciences	NS5A inhibitors	29146520	https://doi.org/10.1053/j.gastro.2017.11.007
NS5A	1	28	M	REF_MASTER_NC_004102	NS5A:28M	aminoAcidSimplePolymorphism	NS5A:28M	single				phdr_ras:NS5A:28M	NS5A:28M	AL_6a	F/L28M	NS5A:28M:AL_6a:ombitasvir	category_III	III	3.0	1.0	21.0	0.0			NS5A:28M:AL_6a	ombitasvir	ombitasvir	drug_resistance	Abbvie	NS5A inhibitors	30718256	https://doi.org/10.1128/AAC.02205-18
NS5A	1	28	M	REF_MASTER_NC_004102	NS5A:28M	aminoAcidSimplePolymorphism	NS5A:28M+30H	combination	NS5A:28M+30H	2.0	1.0	phdr_ras:NS5A:28M+30H	NS5A:28M+30H	AL_4g	L28M+L/R30H	NS5A:28M+30H:AL_4g:elbasvir	category_II	II	2.0	0.0		1.0	1.0	0.0	NS5A:28M+30H:AL_4g	elbasvir	elbasvir	drug_resistance	Merck	NS5A inhibitors	29461687	https://doi.org/10.1111/liv.13727
NS5A	1	28	M	REF_MASTER_NC_004102	NS5A:28M	aminoAcidSimplePolymorphism	NS5A:28M+30Q	combination	NS5A:28M+30Q	2.0	1.0	phdr_ras:NS5A:28M+30Q	NS5A:28M+30Q	AL_1b	L28M+R30Q	NS5A:28M+30Q:AL_1b:ombitasvir	insignificant	-	4.0	0.0		1.0	0.0	0.0	NS5A:28M+30Q:AL_1b	ombitasvir	ombitasvir	drug_resistance	Abbvie	NS5A inhibitors	26643326	https://doi.org/10.1128/AAC.02606-15
NS5A	1	28	M	REF_MASTER_NC_004102	NS5A:28M	aminoAcidSimplePolymorphism	NS5A:28M+30Q+31M	combination	NS5A:28M+30Q+31M	3.0	1.0	phdr_ras:NS5A:28M+30Q+31M	NS5A:28M+30Q+31M	AL_1l	M28M+Q/R30Q+M31M	NS5A:28M+30Q+31M:AL_1l:daclatasvir	category_II	II	2.0	0.0		1.0	1.0	0.0	NS5A:28M+30Q+31M:AL_1l	daclatasvir	daclatasvir	drug_resistance	Bristol-Myers Squibb 	NS5A inhibitors	28789880	https://doi.org/10.1016/j.jhep.2017.06.035
NS5A	1	28	M	REF_MASTER_NC_004102	NS5A:28M	aminoAcidSimplePolymorphism	NS5A:28M+30Q+92K	combination	NS5A:28M+30Q+92K	3.0	1.0	phdr_ras:NS5A:28M+30Q+92K	NS5A:28M+30Q+92K	AL_1b	L28M+R30Q+A92K	NS5A:28M+30Q+92K:AL_1b:daclatasvir	category_II	II	2.0	0.0		1.0	0.0	1.0	NS5A:28M+30Q+92K:AL_1b	daclatasvir	daclatasvir	drug_resistance	Bristol-Myers Squibb 	NS5A inhibitors	24448487	https://doi.org/10.3851/IMP2729
NS5A	1	28	M	REF_MASTER_NC_004102	NS5A:28M	aminoAcidSimplePolymorphism	NS5A:28M+30Q+93H	combination	NS5A:28M+30Q+93H	3.0	1.0	phdr_ras:NS5A:28M+30Q+93H	NS5A:28M+30Q+93H	AL_1b	L28M+R30Q+Y93H	NS5A:28M+30Q+93H:AL_1b:ombitasvir	category_I	I	1.0	1.0	981.0	1.0	1.0	0.0	NS5A:28M+30Q+93H:AL_1b	ombitasvir	ombitasvir	drug_resistance	Abbvie	NS5A inhibitors	26643326	https://doi.org/10.1128/AAC.02606-15
NS5A	1	28	M	REF_MASTER_NC_004102	NS5A:28M	aminoAcidSimplePolymorphism	NS5A:28M+30R+31L	combination	NS5A:28M+30R+31L	3.0	1.0	phdr_ras:NS5A:28M+30R+31L	NS5A:28M+30R+31L	AL_4r	M/V28M+R30R+L/M31L	NS5A:28M+30R+31L:AL_4r:ledipasvir	category_I	I	1.0	0.0		1.0	1.0	1.0	NS5A:28M+30R+31L:AL_4r	ledipasvir	ledipasvir	drug_resistance	Gilead Sciences	NS5A inhibitors	28789880	https://doi.org/10.1016/j.jhep.2017.06.035
NS5A	1	28	M	REF_MASTER_NC_004102	NS5A:28M	aminoAcidSimplePolymorphism	NS5A:28M+30R+31L+93H	combination	NS5A:28M+30R+31L+93H	4.0	1.0	phdr_ras:NS5A:28M+30R+31L+93H	NS5A:28M+30R+31L+93H	AL_4r	M/V28M+R30R+L/M31L+Y93H	NS5A:28M+30R+31L+93H:AL_4r:ledipasvir	category_II	II	2.0	0.0		1.0	0.0	1.0	NS5A:28M+30R+31L+93H:AL_4r	ledipasvir	ledipasvir	drug_resistance	Gilead Sciences	NS5A inhibitors	28789880	https://doi.org/10.1016/j.jhep.2017.06.035
NS5A	1	28	M	REF_MASTER_NC_004102	NS5A:28M	aminoAcidSimplePolymorphism	NS5A:28M+30R+31M	combination	NS5A:28M+30R+31M	3.0	1.0	phdr_ras:NS5A:28M+30R+31M	NS5A:28M+30R+31M	AL_1l	M28M+Q/R30R+M31M	NS5A:28M+30R+31M:AL_1l:ledipasvir	category_I	I	1.0	0.0		1.0	1.0	1.0	NS5A:28M+30R+31M:AL_1l	ledipasvir	ledipasvir	drug_resistance	Gilead Sciences	NS5A inhibitors	28789880	https://doi.org/10.1016/j.jhep.2017.06.035
NS5A	1	28	M	REF_MASTER_NC_004102	NS5A:28M	aminoAcidSimplePolymorphism	NS5A:28M+30R+31M	combination	NS5A:28M+30R+31M	3.0	1.0	phdr_ras:NS5A:28M+30R+31M	NS5A:28M+30R+31M	AL_4r	M/V28M+R30R+L/M31M	NS5A:28M+30R+31M:AL_4r:daclatasvir	category_II	II	2.0	0.0		1.0	0.0	1.0	NS5A:28M+30R+31M:AL_4r	daclatasvir	daclatasvir	drug_resistance	Bristol-Myers Squibb 	NS5A inhibitors	30125371	https://doi.org/10.1002/hep.30225
NS5A	1	28	M	REF_MASTER_NC_004102	NS5A:28M	aminoAcidSimplePolymorphism	NS5A:28M+30R+31M	combination	NS5A:28M+30R+31M	3.0	1.0	phdr_ras:NS5A:28M+30R+31M	NS5A:28M+30R+31M	AL_4r	M/V28M+R30R+L/M31M	NS5A:28M+30R+31M:AL_4r:ledipasvir	category_I	I	1.0	0.0		1.0	1.0	1.0	NS5A:28M+30R+31M:AL_4r	ledipasvir	ledipasvir	drug_resistance	Gilead Sciences	NS5A inhibitors	30125371;28789880	https://doi.org/10.1002/hep.30225;https://doi.org/10.1016/j.jhep.2017.06.035
NS5A	1	28	M	REF_MASTER_NC_004102	NS5A:28M	aminoAcidSimplePolymorphism	NS5A:28M+31F	combination	NS5A:28M+31F	2.0	1.0	phdr_ras:NS5A:28M+31F	NS5A:28M+31F	AL_1b	L28M+L31F	NS5A:28M+31F:AL_1b:ombitasvir	category_II	II	2.0	1.0	569.0	0.0			NS5A:28M+31F:AL_1b	ombitasvir	ombitasvir	drug_resistance	Abbvie	NS5A inhibitors	25451055	https://doi.org/10.1128/AAC.04226-14
NS5A	1	28	M	REF_MASTER_NC_004102	NS5A:28M	aminoAcidSimplePolymorphism	NS5A:28M+32del	combination	NS5A:28M+32del	2.0	1.0	phdr_ras:NS5A:28M+32del	NS5A:28M+32del	AL_1b	L28M+32del	NS5A:28M+32del:AL_1b:pibrentasvir	category_II	II	2.0	0.0		1.0	1.0	0.0	NS5A:28M+32del:AL_1b	pibrentasvir	pibrentasvir	drug_resistance	Abbvie	NS5A inhibitors	29152781	https://doi.org/10.1002/hep.29671
NS5A	1	28	M	REF_MASTER_NC_004102	NS5A:28M	aminoAcidSimplePolymorphism	NS5A:28M+37L+58R	combination	NS5A:28M+37L+58R	3.0	1.0	phdr_ras:NS5A:28M+37L+58R	NS5A:28M+37L+58R	AL_1b	L28M+F/L37L+P58R	NS5A:28M+37L+58R:AL_1b:daclatasvir	category_II	II	2.0	0.0		1.0	1.0	0.0	NS5A:28M+37L+58R:AL_1b	daclatasvir	daclatasvir	drug_resistance	Bristol-Myers Squibb 	NS5A inhibitors	28078469	https://doi.org/10.1007/s00535-016-1303-0
NS5A	1	28	M	REF_MASTER_NC_004102	NS5A:28M	aminoAcidSimplePolymorphism	NS5A:28M+58Y	combination	NS5A:28M+58Y	2.0	1.0	phdr_ras:NS5A:28M+58Y	NS5A:28M+58Y	AL_4a	L/M28M+P58Y	NS5A:28M+58Y:AL_4a:elbasvir	category_II	II	2.0	0.0		1.0	1.0	0.0	NS5A:28M+58Y:AL_4a	elbasvir	elbasvir	drug_resistance	Merck	NS5A inhibitors	28193518	https://doi.org/10.1053/j.gastro.2017.01.050
NS5A	1	28	M	REF_MASTER_NC_004102	NS5A:28M	aminoAcidSimplePolymorphism	NS5A:28M+93H	combination	NS5A:28M+93H	2.0	1.0	phdr_ras:NS5A:28M+93H	NS5A:28M+93H	AL_1b	L28M+Y93H	NS5A:28M+93H:AL_1b:ombitasvir	category_II	II	2.0	1.0	415.0	0.0			NS5A:28M+93H:AL_1b	ombitasvir	ombitasvir	drug_resistance	Abbvie	NS5A inhibitors	26643326;25451055	https://doi.org/10.1128/AAC.02606-15;https://doi.org/10.1128/AAC.04226-14
NS5A	1	28	M	REF_MASTER_NC_004102	NS5A:28M	aminoAcidSimplePolymorphism	NS5A:28M+93H	combination	NS5A:28M+93H	2.0	1.0	phdr_ras:NS5A:28M+93H	NS5A:28M+93H	AL_4a	L/M28M+Y93H	NS5A:28M+93H:AL_4a:elbasvir	category_II	II	2.0	0.0		1.0	1.0	0.0	NS5A:28M+93H:AL_4a	elbasvir	elbasvir	drug_resistance	Merck	NS5A inhibitors	29461687	https://doi.org/10.1111/liv.13727
NS5A	1	28	M	REF_MASTER_NC_004102	NS5A:28M	aminoAcidSimplePolymorphism	NS5A:28M+93H	combination	NS5A:28M+93H	2.0	1.0	phdr_ras:NS5A:28M+93H	NS5A:28M+93H	AL_4a	L/M28M+Y93H	NS5A:28M+93H:AL_4a:ombitasvir	category_II	II	2.0	0.0		1.0	0.0	1.0	NS5A:28M+93H:AL_4a	ombitasvir	ombitasvir	drug_resistance	Abbvie	NS5A inhibitors	28404108	https://doi.org/10.1016/S2468-1253(16)30001-2
NS5A	1	28	M	REF_MASTER_NC_004102	NS5A:28M	aminoAcidSimplePolymorphism	NS5A:28M+93N	combination	NS5A:28M+93N	2.0	1.0	phdr_ras:NS5A:28M+93N	NS5A:28M+93N	AL_1b	L28M+Y93N	NS5A:28M+93N:AL_1b:daclatasvir	category_II	II	2.0	1.0	1000.0	0.0			NS5A:28M+93N:AL_1b	daclatasvir	daclatasvir	drug_resistance	Bristol-Myers Squibb 	NS5A inhibitors	29274866	https://doi.org/10.1053/j.gastro.2017.12.015
NS5A	1	28	M	REF_MASTER_NC_004102	NS5A:28M	aminoAcidSimplePolymorphism	NS5A:28M+93N	combination	NS5A:28M+93N	2.0	1.0	phdr_ras:NS5A:28M+93N	NS5A:28M+93N	AL_1b	L28M+Y93N	NS5A:28M+93N:AL_1b:elbasvir	category_II	II	2.0	1.0	1000.0	0.0			NS5A:28M+93N:AL_1b	elbasvir	elbasvir	drug_resistance	Merck	NS5A inhibitors	29274866	https://doi.org/10.1053/j.gastro.2017.12.015
NS5A	1	28	M	REF_MASTER_NC_004102	NS5A:28M	aminoAcidSimplePolymorphism	NS5A:28M+93N	combination	NS5A:28M+93N	2.0	1.0	phdr_ras:NS5A:28M+93N	NS5A:28M+93N	AL_1b	L28M+Y93N	NS5A:28M+93N:AL_1b:velpatasvir	category_II	II	2.0	1.0	539.5	0.0			NS5A:28M+93N:AL_1b	velpatasvir	velpatasvir	drug_resistance	Gilead Sciences	NS5A inhibitors	29274866	https://doi.org/10.1053/j.gastro.2017.12.015
NS5A	1	28	S	REF_MASTER_NC_004102	NS5A:28S	aminoAcidSimplePolymorphism	NS5A:28S	single				phdr_ras:NS5A:28S	NS5A:28S	AL_1a	M28S	NS5A:28S:AL_1a:elbasvir	category_II	II	2.0	0.0		1.0	0.0	1.0	NS5A:28S:AL_1a	elbasvir	elbasvir	drug_resistance	Merck	NS5A inhibitors	28576451	https://doi.org/10.1016/S2468-1253(17)30116-4
NS5A	1	28	S	REF_MASTER_NC_004102	NS5A:28S	aminoAcidSimplePolymorphism	NS5A:28S	single				phdr_ras:NS5A:28S	NS5A:28S	AL_2a	F28S	NS5A:28S:AL_2a:daclatasvir	category_I	I	1.0	1.0	8434.0	1.0	0.0	1.0	NS5A:28S:AL_2a	daclatasvir	daclatasvir	drug_resistance	Bristol-Myers Squibb 	NS5A inhibitors	27605597;29274866;21593143	https://doi.org/10.1093/jac/dkw336;https://doi.org/10.1053/j.gastro.2017.12.015;https://doi.org/10.1128/JVI.00253-11
NS5A	1	28	S	REF_MASTER_NC_004102	NS5A:28S	aminoAcidSimplePolymorphism	NS5A:28S	single				phdr_ras:NS5A:28S	NS5A:28S	AL_2a	F28S	NS5A:28S:AL_2a:elbasvir	category_II	II	2.0	1.0	1000.0	0.0			NS5A:28S:AL_2a	elbasvir	elbasvir	drug_resistance	Merck	NS5A inhibitors	29274866	https://doi.org/10.1053/j.gastro.2017.12.015
NS5A	1	28	S	REF_MASTER_NC_004102	NS5A:28S	aminoAcidSimplePolymorphism	NS5A:28S	single				phdr_ras:NS5A:28S	NS5A:28S	AL_2a	F28S	NS5A:28S:AL_2a:ombitasvir	category_I	I	1.0	1.0	4710.0	1.0	0.0	1.0	NS5A:28S:AL_2a	ombitasvir	ombitasvir	drug_resistance	Abbvie	NS5A inhibitors	30485638;25451055	https://doi.org/10.1111/hepr.13292;https://doi.org/10.1128/AAC.04226-14
NS5A	1	28	S	REF_MASTER_NC_004102	NS5A:28S	aminoAcidSimplePolymorphism	NS5A:28S	single				phdr_ras:NS5A:28S	NS5A:28S	AL_2a	F28S	NS5A:28S:AL_2a:velpatasvir	category_II	II	2.0	1.0	999.0	0.0			NS5A:28S:AL_2a	velpatasvir	velpatasvir	drug_resistance	Gilead Sciences	NS5A inhibitors	29274866	https://doi.org/10.1053/j.gastro.2017.12.015
NS5A	1	28	S	REF_MASTER_NC_004102	NS5A:28S	aminoAcidSimplePolymorphism	NS5A:28S	single				phdr_ras:NS5A:28S	NS5A:28S	AL_4	L/M28S	NS5A:28S:AL_4:daclatasvir	category_II	II	2.0	0.0		1.0	0.0	1.0	NS5A:28S:AL_4	daclatasvir	daclatasvir	drug_resistance	Bristol-Myers Squibb 	NS5A inhibitors	28941023	https://doi.org/10.1111/liv.13596
NS5A	1	28	S	REF_MASTER_NC_004102	NS5A:28S	aminoAcidSimplePolymorphism	NS5A:28S	single				phdr_ras:NS5A:28S	NS5A:28S	AL_4d	L28S	NS5A:28S:AL_4d:elbasvir	category_II	II	2.0	0.0		1.0	0.0	1.0	NS5A:28S:AL_4d	elbasvir	elbasvir	drug_resistance	Merck	NS5A inhibitors	26423374	https://doi.org/10.1016/S2352-3018(15)00114-9
NS5A	1	28	S	REF_MASTER_NC_004102	NS5A:28S	aminoAcidSimplePolymorphism	NS5A:28S	single				phdr_ras:NS5A:28S	NS5A:28S	AL_6a	F/L28S	NS5A:28S:AL_6a:velpatasvir	category_II	II	2.0	1.0	58.1	0.0			NS5A:28S:AL_6a	velpatasvir	velpatasvir	drug_resistance	Gilead Sciences	NS5A inhibitors	29454794	https://doi.org/10.1053/j.gastro.2018.02.017
NS5A	1	28	S	REF_MASTER_NC_004102	NS5A:28S	aminoAcidSimplePolymorphism	NS5A:28S+31I	combination	NS5A:28S+31I	2.0	1.0	phdr_ras:NS5A:28S+31I	NS5A:28S+31I	AL_2a	F28S+L/M31I	NS5A:28S+31I:AL_2a:pibrentasvir	category_II	II	2.0	1.0	14448.0	0.0			NS5A:28S+31I:AL_2a	pibrentasvir	pibrentasvir	drug_resistance	Abbvie	NS5A inhibitors	28193664	https://doi.org/10.1128/AAC.02558-16
NS5A	1	28	S	REF_MASTER_NC_004102	NS5A:28S	aminoAcidSimplePolymorphism	NS5A:28S+31I	combination	NS5A:28S+31I	2.0	1.0	phdr_ras:NS5A:28S+31I	NS5A:28S+31I	AL_4	L/M28S+M31I	NS5A:28S+31I:AL_4:elbasvir	category_II	II	2.0	0.0		1.0	0.0	1.0	NS5A:28S+31I:AL_4	elbasvir	elbasvir	drug_resistance	Merck	NS5A inhibitors	30107485	https://doi.org/10.1093/cid/ciy547
NS5A	1	28	S	REF_MASTER_NC_004102	NS5A:28S	aminoAcidSimplePolymorphism	NS5A:28S+31I	combination	NS5A:28S+31I	2.0	1.0	phdr_ras:NS5A:28S+31I	NS5A:28S+31I	AL_4d	L28S+M31I	NS5A:28S+31I:AL_4d:elbasvir	category_II	II	2.0	0.0		1.0	0.0	1.0	NS5A:28S+31I:AL_4d	elbasvir	elbasvir	drug_resistance	Merck	NS5A inhibitors	28193518	https://doi.org/10.1053/j.gastro.2017.01.050
NS5A	1	28	S	REF_MASTER_NC_004102	NS5A:28S	aminoAcidSimplePolymorphism	NS5A:28S+31I	combination	NS5A:28S+31I	2.0	1.0	phdr_ras:NS5A:28S+31I	NS5A:28S+31I	AL_4d	L28S+M31I	NS5A:28S+31I:AL_4d:ombitasvir	category_II	II	2.0	0.0		1.0	0.0	1.0	NS5A:28S+31I:AL_4d	ombitasvir	ombitasvir	drug_resistance	Abbvie	NS5A inhibitors	26282418	https://doi.org/10.1128/AAC.01229-15
NS5A	1	28	S	REF_MASTER_NC_004102	NS5A:28S	aminoAcidSimplePolymorphism	NS5A:28S+31M	combination	NS5A:28S+31M	2.0	1.0	phdr_ras:NS5A:28S+31M	NS5A:28S+31M	AL_2a	F28S+L/M31M	NS5A:28S+31M:AL_2a:daclatasvir	category_II	II	2.0	1.0	154.0	0.0			NS5A:28S+31M:AL_2a	daclatasvir	daclatasvir	drug_resistance	Bristol-Myers Squibb 	NS5A inhibitors	24936600	https://doi.org/10.1128/AAC.02788-14
NS5A	1	28	S	REF_MASTER_NC_004102	NS5A:28S	aminoAcidSimplePolymorphism	NS5A:28S+93H	combination	NS5A:28S+93H	2.0	1.0	phdr_ras:NS5A:28S+93H	NS5A:28S+93H	AL_2a	F28S+Y93H	NS5A:28S+93H:AL_2a:daclatasvir	category_II	II	2.0	1.0	1000.0	0.0			NS5A:28S+93H:AL_2a	daclatasvir	daclatasvir	drug_resistance	Bristol-Myers Squibb 	NS5A inhibitors	29274866	https://doi.org/10.1053/j.gastro.2017.12.015
NS5A	1	28	S	REF_MASTER_NC_004102	NS5A:28S	aminoAcidSimplePolymorphism	NS5A:28S+93H	combination	NS5A:28S+93H	2.0	1.0	phdr_ras:NS5A:28S+93H	NS5A:28S+93H	AL_2a	F28S+Y93H	NS5A:28S+93H:AL_2a:elbasvir	category_II	II	2.0	1.0	1000.0	0.0			NS5A:28S+93H:AL_2a	elbasvir	elbasvir	drug_resistance	Merck	NS5A inhibitors	29274866	https://doi.org/10.1053/j.gastro.2017.12.015
NS5A	1	28	S	REF_MASTER_NC_004102	NS5A:28S	aminoAcidSimplePolymorphism	NS5A:28S+93H	combination	NS5A:28S+93H	2.0	1.0	phdr_ras:NS5A:28S+93H	NS5A:28S+93H	AL_2a	F28S+Y93H	NS5A:28S+93H:AL_2a:velpatasvir	category_II	II	2.0	1.0	999.0	0.0			NS5A:28S+93H:AL_2a	velpatasvir	velpatasvir	drug_resistance	Gilead Sciences	NS5A inhibitors	29274866	https://doi.org/10.1053/j.gastro.2017.12.015
NS5A	1	28	T	REF_MASTER_NC_004102	NS5A:28T	aminoAcidSimplePolymorphism	NS5A:24Q+28T+31M	combination	NS5A:24Q+28T+31M	3.0	2.0	phdr_ras:NS5A:24Q+28T+31M	NS5A:24Q+28T+31M	AL_1a	K24Q+M28T+L31M	NS5A:24Q+28T+31M:AL_1a:elbasvir	category_III	III	3.0	1.0	9.0	0.0			NS5A:24Q+28T+31M:AL_1a	elbasvir	elbasvir	drug_resistance	Merck	NS5A inhibitors	26926625	https://doi.org/10.1128/AAC.00051-16
NS5A	1	28	T	REF_MASTER_NC_004102	NS5A:28T	aminoAcidSimplePolymorphism	NS5A:24T+28T+30R	combination	NS5A:24T+28T+30R	3.0	2.0	phdr_ras:NS5A:24T+28T+30R	NS5A:24T+28T+30R	AL_1a	K24T+M28T+Q30R	NS5A:24T+28T+30R:AL_1a:elbasvir	category_II	II	2.0	1.0	7000.0	0.0			NS5A:24T+28T+30R:AL_1a	elbasvir	elbasvir	drug_resistance	Merck	NS5A inhibitors	26926625	https://doi.org/10.1128/AAC.00051-16
NS5A	1	28	T	REF_MASTER_NC_004102	NS5A:28T	aminoAcidSimplePolymorphism	NS5A:28T	single				phdr_ras:NS5A:28T	NS5A:28T	AL_1a	M28T	NS5A:28T:AL_1a:daclatasvir	category_I	I	1.0	1.0	683.0	1.0	1.0	1.0	NS5A:28T:AL_1a	daclatasvir	daclatasvir	drug_resistance	Bristol-Myers Squibb 	NS5A inhibitors	20410884;28369411;28941023;29271114;21809362	https://doi.org/10.1038/nature08960;https://doi.org/10.1093/cid/cix214;https://doi.org/10.1111/liv.13596;https://doi.org/10.1111/apt.14478;https://doi.org/10.1002/hep.24594
NS5A	1	28	T	REF_MASTER_NC_004102	NS5A:28T	aminoAcidSimplePolymorphism	NS5A:28T	single				phdr_ras:NS5A:28T	NS5A:28T	AL_1a	M28T	NS5A:28T:AL_1a:elbasvir	category_I	I	1.0	1.0	15.0	1.0	1.0	1.0	NS5A:28T:AL_1a	elbasvir	elbasvir	drug_resistance	Merck	NS5A inhibitors	26303801;28576451;26926625;27720838	https://doi.org/10.1128/AAC.01390-15;https://doi.org/10.1016/S2468-1253(17)30116-4;https://doi.org/10.1128/AAC.00051-16;https://doi.org/10.1053/j.gastro.2016.09.045
NS5A	1	28	T	REF_MASTER_NC_004102	NS5A:28T	aminoAcidSimplePolymorphism	NS5A:28T	single				phdr_ras:NS5A:28T	NS5A:28T	AL_1a	M28T	NS5A:28T:AL_1a:ledipasvir	category_I	I	1.0	1.0	60.8	1.0	1.0	1.0	NS5A:28T:AL_1a	ledipasvir	ledipasvir	drug_resistance	Gilead Sciences	NS5A inhibitors	27923693	https://doi.org/10.1016/j.jhep.2016.11.022
NS5A	1	28	T	REF_MASTER_NC_004102	NS5A:28T	aminoAcidSimplePolymorphism	NS5A:28T	single				phdr_ras:NS5A:28T	NS5A:28T	AL_1a	M28T	NS5A:28T:AL_1a:ombitasvir	category_I	I	1.0	1.0	8965.0	1.0	1.0	1.0	NS5A:28T:AL_1a	ombitasvir	ombitasvir	drug_resistance	Abbvie	NS5A inhibitors	EASL_2016_Abs_LBP503;25706092;29146520;24795200;25451055;26100711	https://doi.org/10.1016/S0168-8278(16)00180-X;https://doi.org/10.1001/jama.2015.1328;https://doi.org/10.1053/j.gastro.2017.11.007;https://doi.org/10.1056/NEJMoa1402338;https://doi.org/10.1128/AAC.04226-14;https://doi.org/10.1128/AAC.00998-15
NS5A	1	28	T	REF_MASTER_NC_004102	NS5A:28T	aminoAcidSimplePolymorphism	NS5A:28T	single				phdr_ras:NS5A:28T	NS5A:28T	AL_1a	M28T	NS5A:28T:AL_1a:pibrentasvir	insignificant	-	4.0	1.0	2.1	0.0			NS5A:28T:AL_1a	pibrentasvir	pibrentasvir	drug_resistance	Abbvie	NS5A inhibitors	28193664	https://doi.org/10.1128/AAC.02558-16
NS5A	1	28	T	REF_MASTER_NC_004102	NS5A:28T	aminoAcidSimplePolymorphism	NS5A:28T	single				phdr_ras:NS5A:28T	NS5A:28T	AL_1a	M28T	NS5A:28T:AL_1a:velpatasvir	category_III	III	3.0	1.0	7.5	0.0			NS5A:28T:AL_1a	velpatasvir	velpatasvir	drug_resistance	Gilead Sciences	NS5A inhibitors	EASL_2013_Poster_1191;27353271	https://doi.org/10.1016/S0168-8278(13)61192-7;https://doi.org/10.1128/AAC.00763-16
NS5A	1	28	T	REF_MASTER_NC_004102	NS5A:28T	aminoAcidSimplePolymorphism	NS5A:28T	single				phdr_ras:NS5A:28T	NS5A:28T	AL_1b	L28T	NS5A:28T:AL_1b:daclatasvir	category_III	III	3.0	1.0	20.0	0.0			NS5A:28T:AL_1b	daclatasvir	daclatasvir	drug_resistance	Bristol-Myers Squibb 	NS5A inhibitors	20585111	https://doi.org/10.1128/AAC.00556-10
NS5A	1	28	T	REF_MASTER_NC_004102	NS5A:28T	aminoAcidSimplePolymorphism	NS5A:28T	single				phdr_ras:NS5A:28T	NS5A:28T	AL_1b	L28T	NS5A:28T:AL_1b:ombitasvir	category_II	II	2.0	1.0	661.0	0.0			NS5A:28T:AL_1b	ombitasvir	ombitasvir	drug_resistance	Abbvie	NS5A inhibitors	25451055	https://doi.org/10.1128/AAC.04226-14
NS5A	1	28	T	REF_MASTER_NC_004102	NS5A:28T	aminoAcidSimplePolymorphism	NS5A:28T	single				phdr_ras:NS5A:28T	NS5A:28T	AL_3a	M28T	NS5A:28T:AL_3a:ombitasvir	category_II	II	2.0	1.0	659.0	0.0			NS5A:28T:AL_3a	ombitasvir	ombitasvir	drug_resistance	Abbvie	NS5A inhibitors	25451055	https://doi.org/10.1128/AAC.04226-14
NS5A	1	28	T	REF_MASTER_NC_004102	NS5A:28T	aminoAcidSimplePolymorphism	NS5A:28T	single				phdr_ras:NS5A:28T	NS5A:28T	AL_4a	L/M28T	NS5A:28T:AL_4a:elbasvir	category_II	II	2.0	0.0		1.0	0.0	1.0	NS5A:28T:AL_4a	elbasvir	elbasvir	drug_resistance	Merck	NS5A inhibitors	29461687	https://doi.org/10.1111/liv.13727
NS5A	1	28	T	REF_MASTER_NC_004102	NS5A:28T	aminoAcidSimplePolymorphism	NS5A:28T	single				phdr_ras:NS5A:28T	NS5A:28T	AL_6a	F/L28T	NS5A:28T:AL_6a:ombitasvir	category_II	II	2.0	1.0	1483.0	0.0			NS5A:28T:AL_6a	ombitasvir	ombitasvir	drug_resistance	Abbvie	NS5A inhibitors	30718256	https://doi.org/10.1128/AAC.02205-18
NS5A	1	28	T	REF_MASTER_NC_004102	NS5A:28T	aminoAcidSimplePolymorphism	NS5A:28T+30H	combination	NS5A:28T+30H	2.0	1.0	phdr_ras:NS5A:28T+30H	NS5A:28T+30H	AL_1a	M28T+Q30H	NS5A:28T+30H:AL_1a:daclatasvir	category_II	II	2.0	1.0	103767.0	0.0			NS5A:28T+30H:AL_1a	daclatasvir	daclatasvir	drug_resistance	Bristol-Myers Squibb 	NS5A inhibitors	20585111	https://doi.org/10.1128/AAC.00556-10
NS5A	1	28	T	REF_MASTER_NC_004102	NS5A:28T	aminoAcidSimplePolymorphism	NS5A:28T+30H	combination	NS5A:28T+30H	2.0	1.0	phdr_ras:NS5A:28T+30H	NS5A:28T+30H	AL_1a	M28T+Q30H	NS5A:28T+30H:AL_1a:elbasvir	category_II	II	2.0	1.0	2286.0	0.0			NS5A:28T+30H:AL_1a	elbasvir	elbasvir	drug_resistance	Merck	NS5A inhibitors	26926625	https://doi.org/10.1128/AAC.00051-16
NS5A	1	28	T	REF_MASTER_NC_004102	NS5A:28T	aminoAcidSimplePolymorphism	NS5A:28T+30H	combination	NS5A:28T+30H	2.0	1.0	phdr_ras:NS5A:28T+30H	NS5A:28T+30H	AL_4r	M/V28T+R30H	NS5A:28T+30H:AL_4r:ledipasvir	category_II	II	2.0	0.0		1.0	0.0	1.0	NS5A:28T+30H:AL_4r	ledipasvir	ledipasvir	drug_resistance	Gilead Sciences	NS5A inhibitors	30125371	https://doi.org/10.1002/hep.30225
NS5A	1	28	T	REF_MASTER_NC_004102	NS5A:28T	aminoAcidSimplePolymorphism	NS5A:28T+30H+31V	combination	NS5A:28T+30H+31V	3.0	1.0	phdr_ras:NS5A:28T+30H+31V	NS5A:28T+30H+31V	AL_1a	M28T+Q30H+L31V	NS5A:28T+30H+31V:AL_1a:elbasvir	category_II	II	2.0	1.0	56000.0	0.0			NS5A:28T+30H+31V:AL_1a	elbasvir	elbasvir	drug_resistance	Merck	NS5A inhibitors	26926625	https://doi.org/10.1128/AAC.00051-16
NS5A	1	28	T	REF_MASTER_NC_004102	NS5A:28T	aminoAcidSimplePolymorphism	NS5A:28T+30H+58D	combination	NS5A:28T+30H+58D	3.0	1.0	phdr_ras:NS5A:28T+30H+58D	NS5A:28T+30H+58D	AL_1a	M28T+Q30H+H58D	NS5A:28T+30H+58D:AL_1a:elbasvir	category_II	II	2.0	0.0		1.0	0.0	1.0	NS5A:28T+30H+58D:AL_1a	elbasvir	elbasvir	drug_resistance	Merck	NS5A inhibitors	25467560	https://doi.org/10.1016/S0140-6736(14)61793-1
NS5A	1	28	T	REF_MASTER_NC_004102	NS5A:28T	aminoAcidSimplePolymorphism	NS5A:28T+30H+93H	combination	NS5A:28T+30H+93H	3.0	1.0	phdr_ras:NS5A:28T+30H+93H	NS5A:28T+30H+93H	AL_1a	M28T+Q30H+Y93H	NS5A:28T+30H+93H:AL_1a:elbasvir	category_II	II	2.0	0.0		1.0	0.0	1.0	NS5A:28T+30H+93H:AL_1a	elbasvir	elbasvir	drug_resistance	Merck	NS5A inhibitors	26371152	https://doi.org/10.1093/cid/civ722
NS5A	1	28	T	REF_MASTER_NC_004102	NS5A:28T	aminoAcidSimplePolymorphism	NS5A:28T+30R	combination	NS5A:28T+30R	2.0	1.0	phdr_ras:NS5A:28T+30R	NS5A:28T+30R	AL_1a	M28T+Q30R	NS5A:28T+30R:AL_1a:daclatasvir	category_II	II	2.0	1.0	59400.0	0.0			NS5A:28T+30R:AL_1a	daclatasvir	daclatasvir	drug_resistance	Bristol-Myers Squibb 	NS5A inhibitors	22214777	https://doi.org/10.1128/AAC.05977-11
NS5A	1	28	T	REF_MASTER_NC_004102	NS5A:28T	aminoAcidSimplePolymorphism	NS5A:28T+30R	combination	NS5A:28T+30R	2.0	1.0	phdr_ras:NS5A:28T+30R	NS5A:28T+30R	AL_1a	M28T+Q30R	NS5A:28T+30R:AL_1a:elbasvir	category_II	II	2.0	0.0		1.0	0.0	1.0	NS5A:28T+30R:AL_1a	elbasvir	elbasvir	drug_resistance	Merck	NS5A inhibitors	25467591	https://doi.org/10.1016/S0140-6736(14)61795-5
NS5A	1	28	T	REF_MASTER_NC_004102	NS5A:28T	aminoAcidSimplePolymorphism	NS5A:28T+30R	combination	NS5A:28T+30R	2.0	1.0	phdr_ras:NS5A:28T+30R	NS5A:28T+30R	AL_1a	M28T+Q30R	NS5A:28T+30R:AL_1a:ledipasvir	category_I	I	1.0	1.0	17764.1	1.0	0.0	1.0	NS5A:28T+30R:AL_1a	ledipasvir	ledipasvir	drug_resistance	Gilead Sciences	NS5A inhibitors	27923693	https://doi.org/10.1016/j.jhep.2016.11.022
NS5A	1	28	T	REF_MASTER_NC_004102	NS5A:28T	aminoAcidSimplePolymorphism	NS5A:28T+30R	combination	NS5A:28T+30R	2.0	1.0	phdr_ras:NS5A:28T+30R	NS5A:28T+30R	AL_1a	M28T+Q30R	NS5A:28T+30R:AL_1a:ombitasvir	category_II	II	2.0	0.0		1.0	0.0	1.0	NS5A:28T+30R:AL_1a	ombitasvir	ombitasvir	drug_resistance	Abbvie	NS5A inhibitors	26100711	https://doi.org/10.1128/AAC.00998-15
NS5A	1	28	T	REF_MASTER_NC_004102	NS5A:28T	aminoAcidSimplePolymorphism	NS5A:28T+30R+31M	combination	NS5A:28T+30R+31M	3.0	1.0	phdr_ras:NS5A:28T+30R+31M	NS5A:28T+30R+31M	AL_1a	M28T+Q30R+L31M	NS5A:28T+30R+31M:AL_1a:pibrentasvir	category_II	II	2.0	1.0	4.6	1.0	1.0	0.0	NS5A:28T+30R+31M:AL_1a	pibrentasvir	pibrentasvir	drug_resistance	Abbvie	NS5A inhibitors	28193664;29152781	https://doi.org/10.1128/AAC.02558-16;https://doi.org/10.1002/hep.29671
NS5A	1	28	T	REF_MASTER_NC_004102	NS5A:28T	aminoAcidSimplePolymorphism	NS5A:28T+30R+31V	combination	NS5A:28T+30R+31V	3.0	1.0	phdr_ras:NS5A:28T+30R+31V	NS5A:28T+30R+31V	AL_1a	M28T+Q30R+L31V	NS5A:28T+30R+31V:AL_1a:elbasvir	category_II	II	2.0	1.0	89143.0	0.0			NS5A:28T+30R+31V:AL_1a	elbasvir	elbasvir	drug_resistance	Merck	NS5A inhibitors	26926625	https://doi.org/10.1128/AAC.00051-16
NS5A	1	28	T	REF_MASTER_NC_004102	NS5A:28T	aminoAcidSimplePolymorphism	NS5A:28T+30R+31V+93H	combination	NS5A:28T+30R+31V+93H	4.0	1.0	phdr_ras:NS5A:28T+30R+31V+93H	NS5A:28T+30R+31V+93H	AL_1a	M28T+Q30R+L31V+Y93H	NS5A:28T+30R+31V+93H:AL_1a:elbasvir	category_II	II	2.0	1.0	714286.0	0.0			NS5A:28T+30R+31V+93H:AL_1a	elbasvir	elbasvir	drug_resistance	Merck	NS5A inhibitors	26926625	https://doi.org/10.1128/AAC.00051-16
NS5A	1	28	T	REF_MASTER_NC_004102	NS5A:28T	aminoAcidSimplePolymorphism	NS5A:28T+30S	combination	NS5A:28T+30S	2.0	1.0	phdr_ras:NS5A:28T+30S	NS5A:28T+30S	AL_6a	F/L28T+R30S	NS5A:28T+30S:AL_6a:ombitasvir	category_II	II	2.0	1.0	1746.0	0.0			NS5A:28T+30S:AL_6a	ombitasvir	ombitasvir	drug_resistance	Abbvie	NS5A inhibitors	30718256	https://doi.org/10.1128/AAC.02205-18
NS5A	1	28	T	REF_MASTER_NC_004102	NS5A:28T	aminoAcidSimplePolymorphism	NS5A:28T+31I	combination	NS5A:28T+31I	2.0	1.0	phdr_ras:NS5A:28T+31I	NS5A:28T+31I	AL_6a	F/L28T+L31I	NS5A:28T+31I:AL_6a:ombitasvir	category_II	II	2.0	1.0	5000.0	0.0			NS5A:28T+31I:AL_6a	ombitasvir	ombitasvir	drug_resistance	Abbvie	NS5A inhibitors	30718256	https://doi.org/10.1128/AAC.02205-18
NS5A	1	28	T	REF_MASTER_NC_004102	NS5A:28T	aminoAcidSimplePolymorphism	NS5A:28T+58P	combination	NS5A:28T+58P	2.0	1.0	phdr_ras:NS5A:28T+58P	NS5A:28T+58P	AL_1a	M28T+H58P	NS5A:28T+58P:AL_1a:ombitasvir	category_II	II	2.0	0.0		1.0	0.0	1.0	NS5A:28T+58P:AL_1a	ombitasvir	ombitasvir	drug_resistance	Abbvie	NS5A inhibitors	26100711	https://doi.org/10.1128/AAC.00998-15
NS5A	1	28	T	REF_MASTER_NC_004102	NS5A:28T	aminoAcidSimplePolymorphism	NS5A:28T+68R	combination	NS5A:28T+68R	2.0	1.0	phdr_ras:NS5A:28T+68R	NS5A:28T+68R	AL_1a	M28T+K68R	NS5A:28T+68R:AL_1a:daclatasvir	category_II	II	2.0	1.0	7229.0	0.0			NS5A:28T+68R:AL_1a	daclatasvir	daclatasvir	drug_resistance	Bristol-Myers Squibb 	NS5A inhibitors	22850513	https://doi.org/10.1128/AAC.01209-12
NS5A	1	28	T	REF_MASTER_NC_004102	NS5A:28T	aminoAcidSimplePolymorphism	NS5A:28T+93C	combination	NS5A:28T+93C	2.0	1.0	phdr_ras:NS5A:28T+93C	NS5A:28T+93C	AL_1a	M28T+Y93C	NS5A:28T+93C:AL_1a:pibrentasvir	insignificant	-	4.0	1.0	3.1	0.0			NS5A:28T+93C:AL_1a	pibrentasvir	pibrentasvir	drug_resistance	Abbvie	NS5A inhibitors	28193664	https://doi.org/10.1128/AAC.02558-16
NS5A	1	28	T	REF_MASTER_NC_004102	NS5A:28T	aminoAcidSimplePolymorphism	NS5A:28T+93H	combination	NS5A:28T+93H	2.0	1.0	phdr_ras:NS5A:28T+93H	NS5A:28T+93H	AL_1b	L28T+Y93H	NS5A:28T+93H:AL_1b:daclatasvir	category_II	II	2.0	0.0		1.0	0.0	1.0	NS5A:28T+93H:AL_1b	daclatasvir	daclatasvir	drug_resistance	Bristol-Myers Squibb 	NS5A inhibitors	27009831	https://doi.org/10.1111/liv.13128
NS5A	1	28	T	REF_MASTER_NC_004102	NS5A:28T	aminoAcidSimplePolymorphism	NS5A:28T+93S	combination	NS5A:28T+93S	2.0	1.0	phdr_ras:NS5A:28T+93S	NS5A:28T+93S	AL_1a	M28T+Y93S	NS5A:28T+93S:AL_1a:elbasvir	category_II	II	2.0	0.0		1.0	0.0	1.0	NS5A:28T+93S:AL_1a	elbasvir	elbasvir	drug_resistance	Merck	NS5A inhibitors	27720838	https://doi.org/10.1053/j.gastro.2016.09.045
NS5A	1	28	V	REF_MASTER_NC_004102	NS5A:28V	aminoAcidSimplePolymorphism	NS5A:24K+28V+30Q	combination	NS5A:24K+28V+30Q	3.0	2.0	phdr_ras:NS5A:24K+28V+30Q	NS5A:24K+28V+30Q	AL_1b	Q24K+L28V+R30Q	NS5A:24K+28V+30Q:AL_1b:daclatasvir	category_II	II	2.0	0.0		1.0	1.0	0.0	NS5A:24K+28V+30Q:AL_1b	daclatasvir	daclatasvir	drug_resistance	Bristol-Myers Squibb 	NS5A inhibitors	28078469	https://doi.org/10.1007/s00535-016-1303-0
NS5A	1	28	V	REF_MASTER_NC_004102	NS5A:28V	aminoAcidSimplePolymorphism	NS5A:24K+28V+92T	combination	NS5A:24K+28V+92T	3.0	2.0	phdr_ras:NS5A:24K+28V+92T	NS5A:24K+28V+92T	AL_1b	Q24K+L28V+A92T	NS5A:24K+28V+92T:AL_1b:daclatasvir	category_II	II	2.0	0.0		1.0	1.0	0.0	NS5A:24K+28V+92T:AL_1b	daclatasvir	daclatasvir	drug_resistance	Bristol-Myers Squibb 	NS5A inhibitors	28078469	https://doi.org/10.1007/s00535-016-1303-0
NS5A	1	28	V	REF_MASTER_NC_004102	NS5A:28V	aminoAcidSimplePolymorphism	NS5A:28V	single				phdr_ras:NS5A:28V	NS5A:28V	AL_1a	M28V	NS5A:28V:AL_1a:daclatasvir	category_II	II	2.0	0.0		1.0	1.0	0.0	NS5A:28V:AL_1a	daclatasvir	daclatasvir	drug_resistance	Bristol-Myers Squibb 	NS5A inhibitors	24444658	https://doi.org/10.1016/j.jhep.2013.10.019
NS5A	1	28	V	REF_MASTER_NC_004102	NS5A:28V	aminoAcidSimplePolymorphism	NS5A:28V	single				phdr_ras:NS5A:28V	NS5A:28V	AL_1a	M28V	NS5A:28V:AL_1a:elbasvir	category_II	II	2.0	1.0	1.5	1.0	1.0	0.0	NS5A:28V:AL_1a	elbasvir	elbasvir	drug_resistance	Merck	NS5A inhibitors	25467560;27537841;27773808	https://doi.org/10.1016/S0140-6736(14)61793-1;https://doi.org/10.7326/M16-0816;https://doi.org/10.1053/j.gastro.2016.10.017
NS5A	1	28	V	REF_MASTER_NC_004102	NS5A:28V	aminoAcidSimplePolymorphism	NS5A:28V	single				phdr_ras:NS5A:28V	NS5A:28V	AL_1a	M28V	NS5A:28V:AL_1a:ombitasvir	category_I	I	1.0	1.0	100.0	1.0	1.0	1.0	NS5A:28V:AL_1a	ombitasvir	ombitasvir	drug_resistance	Abbvie	NS5A inhibitors	EASL_2016_Abs_LBP503;29146520;25451055;26100711	https://doi.org/10.1016/S0168-8278(16)00180-X;https://doi.org/10.1053/j.gastro.2017.11.007;https://doi.org/10.1128/AAC.04226-14;https://doi.org/10.1128/AAC.00998-15
NS5A	1	28	V	REF_MASTER_NC_004102	NS5A:28V	aminoAcidSimplePolymorphism	NS5A:28V	single				phdr_ras:NS5A:28V	NS5A:28V	AL_1b	L28V	NS5A:28V:AL_1b:daclatasvir	category_II	II	2.0	0.0		1.0	1.0	0.0	NS5A:28V:AL_1b	daclatasvir	daclatasvir	drug_resistance	Bristol-Myers Squibb 	NS5A inhibitors	24444658	https://doi.org/10.1016/j.jhep.2013.10.019
NS5A	1	28	V	REF_MASTER_NC_004102	NS5A:28V	aminoAcidSimplePolymorphism	NS5A:28V	single				phdr_ras:NS5A:28V	NS5A:28V	AL_4	L/M28V	NS5A:28V:AL_4:ombitasvir	category_I	I	1.0	1.0	60.0	1.0	1.0	1.0	NS5A:28V:AL_4	ombitasvir	ombitasvir	drug_resistance	Abbvie	NS5A inhibitors	30882744;29146520	https://doi.org/10.1097/INF.0000000000002137;https://doi.org/10.1053/j.gastro.2017.11.007
NS5A	1	28	V	REF_MASTER_NC_004102	NS5A:28V	aminoAcidSimplePolymorphism	NS5A:28V	single				phdr_ras:NS5A:28V	NS5A:28V	AL_4a	L/M28V	NS5A:28V:AL_4a:ombitasvir	category_III	III	3.0	1.0	23.0	0.0			NS5A:28V:AL_4a	ombitasvir	ombitasvir	drug_resistance	Abbvie	NS5A inhibitors	25451055;26282418	https://doi.org/10.1128/AAC.04226-14;https://doi.org/10.1128/AAC.01229-15
NS5A	1	28	V	REF_MASTER_NC_004102	NS5A:28V	aminoAcidSimplePolymorphism	NS5A:28V	single				phdr_ras:NS5A:28V	NS5A:28V	AL_4d	L28V	NS5A:28V:AL_4d:ombitasvir	category_I	I	1.0	1.0	310.0	1.0	0.0	1.0	NS5A:28V:AL_4d	ombitasvir	ombitasvir	drug_resistance	Abbvie	NS5A inhibitors	26282418	https://doi.org/10.1128/AAC.01229-15
NS5A	1	28	V	REF_MASTER_NC_004102	NS5A:28V	aminoAcidSimplePolymorphism	NS5A:28V	single				phdr_ras:NS5A:28V	NS5A:28V	AL_6a	F/L28V	NS5A:28V:AL_6a:ombitasvir	category_II	II	2.0	1.0	81.0	0.0			NS5A:28V:AL_6a	ombitasvir	ombitasvir	drug_resistance	Abbvie	NS5A inhibitors	30718256	https://doi.org/10.1128/AAC.02205-18
NS5A	1	28	V	REF_MASTER_NC_004102	NS5A:28V	aminoAcidSimplePolymorphism	NS5A:28V+30H+31V	combination	NS5A:28V+30H+31V	3.0	1.0	phdr_ras:NS5A:28V+30H+31V	NS5A:28V+30H+31V	AL_1a	M28V+Q30H+L31V	NS5A:28V+30H+31V:AL_1a:elbasvir	category_II	II	2.0	1.0	2429.0	0.0			NS5A:28V+30H+31V:AL_1a	elbasvir	elbasvir	drug_resistance	Merck	NS5A inhibitors	26926625	https://doi.org/10.1128/AAC.00051-16
NS5A	1	28	V	REF_MASTER_NC_004102	NS5A:28V	aminoAcidSimplePolymorphism	NS5A:28V+30K	combination	NS5A:28V+30K	2.0	1.0	phdr_ras:NS5A:28V+30K	NS5A:28V+30K	AL_1a	M28V+Q30K	NS5A:28V+30K:AL_1a:ombitasvir	category_II	II	2.0	0.0		1.0	0.0	1.0	NS5A:28V+30K:AL_1a	ombitasvir	ombitasvir	drug_resistance	Abbvie	NS5A inhibitors	26100711	https://doi.org/10.1128/AAC.00998-15
NS5A	1	28	V	REF_MASTER_NC_004102	NS5A:28V	aminoAcidSimplePolymorphism	NS5A:28V+30Q	combination	NS5A:28V+30Q	2.0	1.0	phdr_ras:NS5A:28V+30Q	NS5A:28V+30Q	AL_1b	L28V+R30Q	NS5A:28V+30Q:AL_1b:daclatasvir	category_II	II	2.0	0.0		1.0	1.0	0.0	NS5A:28V+30Q:AL_1b	daclatasvir	daclatasvir	drug_resistance	Bristol-Myers Squibb 	NS5A inhibitors	27009831	https://doi.org/10.1111/liv.13128
NS5A	1	28	V	REF_MASTER_NC_004102	NS5A:28V	aminoAcidSimplePolymorphism	NS5A:28V+30Q	combination	NS5A:28V+30Q	2.0	1.0	phdr_ras:NS5A:28V+30Q	NS5A:28V+30Q	AL_4	L/M28V+L/R30Q	NS5A:28V+30Q:AL_4:daclatasvir	category_II	II	2.0	0.0		1.0	1.0	0.0	NS5A:28V+30Q:AL_4	daclatasvir	daclatasvir	drug_resistance	Bristol-Myers Squibb 	NS5A inhibitors	29271114	https://doi.org/10.1111/apt.14478
NS5A	1	28	V	REF_MASTER_NC_004102	NS5A:28V	aminoAcidSimplePolymorphism	NS5A:28V+30R	combination	NS5A:28V+30R	2.0	1.0	phdr_ras:NS5A:28V+30R	NS5A:28V+30R	AL_1a	M28V+Q30R	NS5A:28V+30R:AL_1a:daclatasvir	category_II	II	2.0	1.0	350.0	0.0			NS5A:28V+30R:AL_1a	daclatasvir	daclatasvir	drug_resistance	Bristol-Myers Squibb 	NS5A inhibitors	21809362	https://doi.org/10.1002/hep.24594
NS5A	1	28	V	REF_MASTER_NC_004102	NS5A:28V	aminoAcidSimplePolymorphism	NS5A:28V+30R	combination	NS5A:28V+30R	2.0	1.0	phdr_ras:NS5A:28V+30R	NS5A:28V+30R	AL_1a	M28V+Q30R	NS5A:28V+30R:AL_1a:ombitasvir	category_II	II	2.0	0.0		1.0	1.0	0.0	NS5A:28V+30R:AL_1a	ombitasvir	ombitasvir	drug_resistance	Abbvie	NS5A inhibitors	EASL_2016_Abs_LBP503	https://doi.org/10.1016/S0168-8278(16)00180-X
NS5A	1	28	V	REF_MASTER_NC_004102	NS5A:28V	aminoAcidSimplePolymorphism	NS5A:28V+30R	combination	NS5A:28V+30R	2.0	1.0	phdr_ras:NS5A:28V+30R	NS5A:28V+30R	AL_1a	M28V+Q30R	NS5A:28V+30R:AL_1a:pibrentasvir	category_II	II	2.0	0.0		1.0	1.0	0.0	NS5A:28V+30R:AL_1a	pibrentasvir	pibrentasvir	drug_resistance	Abbvie	NS5A inhibitors	29152781	https://doi.org/10.1002/hep.29671
NS5A	1	28	V	REF_MASTER_NC_004102	NS5A:28V	aminoAcidSimplePolymorphism	NS5A:28V+30R	combination	NS5A:28V+30R	2.0	1.0	phdr_ras:NS5A:28V+30R	NS5A:28V+30R	AL_4r	M/V28V+R30R	NS5A:28V+30R:AL_4r:ledipasvir	category_I	I	1.0	0.0		1.0	1.0	1.0	NS5A:28V+30R:AL_4r	ledipasvir	ledipasvir	drug_resistance	Gilead Sciences	NS5A inhibitors	30125371	https://doi.org/10.1002/hep.30225
NS5A	1	28	V	REF_MASTER_NC_004102	NS5A:28V	aminoAcidSimplePolymorphism	NS5A:28V+30R+31M	combination	NS5A:28V+30R+31M	3.0	1.0	phdr_ras:NS5A:28V+30R+31M	NS5A:28V+30R+31M	AL_1a	M28V+Q30R+L31M	NS5A:28V+30R+31M:AL_1a:pibrentasvir	category_II	II	2.0	0.0		1.0	1.0	0.0	NS5A:28V+30R+31M:AL_1a	pibrentasvir	pibrentasvir	drug_resistance	Abbvie	NS5A inhibitors	29152781	https://doi.org/10.1002/hep.29671
NS5A	1	28	V	REF_MASTER_NC_004102	NS5A:28V	aminoAcidSimplePolymorphism	NS5A:28V+30R+31M	combination	NS5A:28V+30R+31M	3.0	1.0	phdr_ras:NS5A:28V+30R+31M	NS5A:28V+30R+31M	AL_4r	M/V28V+R30R+L/M31M	NS5A:28V+30R+31M:AL_4r:daclatasvir	category_II	II	2.0	0.0		1.0	1.0	0.0	NS5A:28V+30R+31M:AL_4r	daclatasvir	daclatasvir	drug_resistance	Bristol-Myers Squibb 	NS5A inhibitors	30125371	https://doi.org/10.1002/hep.30225
NS5A	1	28	V	REF_MASTER_NC_004102	NS5A:28V	aminoAcidSimplePolymorphism	NS5A:28V+30R+31M	combination	NS5A:28V+30R+31M	3.0	1.0	phdr_ras:NS5A:28V+30R+31M	NS5A:28V+30R+31M	AL_4r	M/V28V+R30R+L/M31M	NS5A:28V+30R+31M:AL_4r:ledipasvir	category_I	I	1.0	0.0		1.0	1.0	1.0	NS5A:28V+30R+31M:AL_4r	ledipasvir	ledipasvir	drug_resistance	Gilead Sciences	NS5A inhibitors	30125371	https://doi.org/10.1002/hep.30225
NS5A	1	28	V	REF_MASTER_NC_004102	NS5A:28V	aminoAcidSimplePolymorphism	NS5A:28V+30R+31M+93H	combination	NS5A:28V+30R+31M+93H	4.0	1.0	phdr_ras:NS5A:28V+30R+31M+93H	NS5A:28V+30R+31M+93H	AL_4r	M/V28V+R30R+L/M31M+Y93H	NS5A:28V+30R+31M+93H:AL_4r:ledipasvir	category_II	II	2.0	0.0		1.0	0.0	1.0	NS5A:28V+30R+31M+93H:AL_4r	ledipasvir	ledipasvir	drug_resistance	Gilead Sciences	NS5A inhibitors	30125371	https://doi.org/10.1002/hep.30225
NS5A	1	28	V	REF_MASTER_NC_004102	NS5A:28V	aminoAcidSimplePolymorphism	NS5A:28V+30R+31M+93H	combination	NS5A:28V+30R+31M+93H	4.0	1.0	phdr_ras:NS5A:28V+30R+31M+93H	NS5A:28V+30R+31M+93H	AL_4r	M/V28V+R30R+L/M31M+Y93H	NS5A:28V+30R+31M+93H:AL_4r:velpatasvir	category_II	II	2.0	0.0		1.0	0.0	1.0	NS5A:28V+30R+31M+93H:AL_4r	velpatasvir	velpatasvir	drug_resistance	Gilead Sciences	NS5A inhibitors	30125371	https://doi.org/10.1002/hep.30225
NS5A	1	28	V	REF_MASTER_NC_004102	NS5A:28V	aminoAcidSimplePolymorphism	NS5A:28V+30R+31V	combination	NS5A:28V+30R+31V	3.0	1.0	phdr_ras:NS5A:28V+30R+31V	NS5A:28V+30R+31V	AL_4r	M/V28V+R30R+L/M31V	NS5A:28V+30R+31V:AL_4r:ledipasvir	category_II	II	2.0	0.0		1.0	0.0	1.0	NS5A:28V+30R+31V:AL_4r	ledipasvir	ledipasvir	drug_resistance	Gilead Sciences	NS5A inhibitors	30125371	https://doi.org/10.1002/hep.30225
NS5A	1	28	V	REF_MASTER_NC_004102	NS5A:28V	aminoAcidSimplePolymorphism	NS5A:28V+30S	combination	NS5A:28V+30S	2.0	1.0	phdr_ras:NS5A:28V+30S	NS5A:28V+30S	AL_6a	F/L28V+R30S	NS5A:28V+30S:AL_6a:ombitasvir	category_III	III	3.0	1.0	9.5	0.0			NS5A:28V+30S:AL_6a	ombitasvir	ombitasvir	drug_resistance	Abbvie	NS5A inhibitors	30718256	https://doi.org/10.1128/AAC.02205-18
NS5A	1	28	V	REF_MASTER_NC_004102	NS5A:28V	aminoAcidSimplePolymorphism	NS5A:28V+30S+31M	combination	NS5A:28V+30S+31M	3.0	1.0	phdr_ras:NS5A:28V+30S+31M	NS5A:28V+30S+31M	AL_4r	M/V28V+R30S+L/M31M	NS5A:28V+30S+31M:AL_4r:daclatasvir	category_II	II	2.0	0.0		1.0	0.0	1.0	NS5A:28V+30S+31M:AL_4r	daclatasvir	daclatasvir	drug_resistance	Bristol-Myers Squibb 	NS5A inhibitors	30125371	https://doi.org/10.1002/hep.30225
NS5A	1	28	V	REF_MASTER_NC_004102	NS5A:28V	aminoAcidSimplePolymorphism	NS5A:28V+30S+93S	combination	NS5A:28V+30S+93S	3.0	1.0	phdr_ras:NS5A:28V+30S+93S	NS5A:28V+30S+93S	AL_6a	F/L28V+R30S+T93S	NS5A:28V+30S+93S:AL_6a:ombitasvir	category_II	II	2.0	1.0	174.0	0.0			NS5A:28V+30S+93S:AL_6a	ombitasvir	ombitasvir	drug_resistance	Abbvie	NS5A inhibitors	30718256	https://doi.org/10.1128/AAC.02205-18
NS5A	1	28	V	REF_MASTER_NC_004102	NS5A:28V	aminoAcidSimplePolymorphism	NS5A:28V+30T	combination	NS5A:28V+30T	2.0	1.0	phdr_ras:NS5A:28V+30T	NS5A:28V+30T	AL_6a	F/L28V+R30T	NS5A:28V+30T:AL_6a:ombitasvir	insignificant	-	4.0	1.0	2.9	0.0			NS5A:28V+30T:AL_6a	ombitasvir	ombitasvir	drug_resistance	Abbvie	NS5A inhibitors	30718256	https://doi.org/10.1128/AAC.02205-18
NS5A	1	28	V	REF_MASTER_NC_004102	NS5A:28V	aminoAcidSimplePolymorphism	NS5A:28V+31F	combination	NS5A:28V+31F	2.0	1.0	phdr_ras:NS5A:28V+31F	NS5A:28V+31F	AL_1b	L28V+L31F	NS5A:28V+31F:AL_1b:ombitasvir	category_II	II	2.0	1.0	2170.0	0.0			NS5A:28V+31F:AL_1b	ombitasvir	ombitasvir	drug_resistance	Abbvie	NS5A inhibitors	25451055	https://doi.org/10.1128/AAC.04226-14
NS5A	1	28	V	REF_MASTER_NC_004102	NS5A:28V	aminoAcidSimplePolymorphism	NS5A:28V+58S	combination	NS5A:28V+58S	2.0	1.0	phdr_ras:NS5A:28V+58S	NS5A:28V+58S	AL_4d	L28V+P/T58S	NS5A:28V+58S:AL_4d:ombitasvir	category_II	II	2.0	1.0	760.0	0.0			NS5A:28V+58S:AL_4d	ombitasvir	ombitasvir	drug_resistance	Abbvie	NS5A inhibitors	26282418	https://doi.org/10.1128/AAC.01229-15
NS5A	1	28	V	REF_MASTER_NC_004102	NS5A:28V	aminoAcidSimplePolymorphism	NS5A:28V+93H	combination	NS5A:28V+93H	2.0	1.0	phdr_ras:NS5A:28V+93H	NS5A:28V+93H	AL_3a	M28V+Y93H	NS5A:28V+93H:AL_3a:daclatasvir	category_II	II	2.0	1.0	279.0	0.0			NS5A:28V+93H:AL_3a	daclatasvir	daclatasvir	drug_resistance	Bristol-Myers Squibb 	NS5A inhibitors	23384816	https://doi.org/10.1016/j.jcv.2012.12.020
NS5A	1	29	R	REF_MASTER_NC_004102	NS5A:29R	aminoAcidSimplePolymorphism	NS5A:29R	single				phdr_ras:NS5A:29R	NS5A:29R	AL_1a	P29R	NS5A:29R:AL_1a:pibrentasvir	category_II	II	2.0	0.0		1.0	0.0	1.0	NS5A:29R:AL_1a	pibrentasvir	pibrentasvir	drug_resistance	Abbvie	NS5A inhibitors	29152781	https://doi.org/10.1002/hep.29671
NS5A	1	29	S	REF_MASTER_NC_004102	NS5A:29S	aminoAcidSimplePolymorphism	NS5A:29S	single				phdr_ras:NS5A:29S	NS5A:29S	AL_1b	P29S	NS5A:29S:AL_1b:daclatasvir	category_II	II	2.0	0.0		1.0	0.0	1.0	NS5A:29S:AL_1b	daclatasvir	daclatasvir	drug_resistance	Bristol-Myers Squibb 	NS5A inhibitors	27009831	https://doi.org/10.1111/liv.13128
NS5A	1	29	S	REF_MASTER_NC_004102	NS5A:29S	aminoAcidSimplePolymorphism	NS5A:29S+30G	combination	NS5A:29S+30G	2.0	1.0	phdr_ras:NS5A:29S+30G	NS5A:29S+30G	AL_2a	P29S+K30G	NS5A:29S+30G:AL_2a:pibrentasvir	insignificant	-	4.0	1.0	2.3	0.0			NS5A:29S+30G:AL_2a	pibrentasvir	pibrentasvir	drug_resistance	Abbvie	NS5A inhibitors	28193664	https://doi.org/10.1128/AAC.02558-16
NS5A	1	29	del	REF_MASTER_NC_004102	NS5A:29del	aminoAcidDeletion	NS5A:29del	single				phdr_ras:NS5A:29del	NS5A:29del	AL_1b	29del	NS5A:29del:AL_1b:daclatasvir	category_II	II	2.0	0.0		1.0	0.0	1.0	NS5A:29del:AL_1b	daclatasvir	daclatasvir	drug_resistance	Bristol-Myers Squibb 	NS5A inhibitors	26878268	https://doi.org/10.1111/hepr.12673
NS5A	1	30	A	REF_MASTER_NC_004102	NS5A:30A	aminoAcidSimplePolymorphism	NS5A:30A	single				phdr_ras:NS5A:30A	NS5A:30A	AL_4a	L30A	NS5A:30A:AL_4a:daclatasvir	category_II	II	2.0	1.0	505.0	0.0			NS5A:30A:AL_4a	daclatasvir	daclatasvir	drug_resistance	Bristol-Myers Squibb 	NS5A inhibitors	26170396	https://doi.org/10.1093/infdis/jiv379
NS5A	1	30	D	REF_MASTER_NC_004102	NS5A:30D	aminoAcidSimplePolymorphism	NS5A:30D	single				phdr_ras:NS5A:30D	NS5A:30D	AL_1a	Q30D	NS5A:30D:AL_1a:daclatasvir	category_II	II	2.0	1.0	33333.0	0.0			NS5A:30D:AL_1a	daclatasvir	daclatasvir	drug_resistance	Bristol-Myers Squibb 	NS5A inhibitors	22214777	https://doi.org/10.1128/AAC.05977-11
NS5A	1	30	D	REF_MASTER_NC_004102	NS5A:30D	aminoAcidSimplePolymorphism	NS5A:30D	single				phdr_ras:NS5A:30D	NS5A:30D	AL_1a	Q30D	NS5A:30D:AL_1a:elbasvir	category_II	II	2.0	1.0	925.0	0.0			NS5A:30D:AL_1a	elbasvir	elbasvir	drug_resistance	Merck	NS5A inhibitors	26303801	https://doi.org/10.1128/AAC.01390-15
NS5A	1	30	D	REF_MASTER_NC_004102	NS5A:30D	aminoAcidSimplePolymorphism	NS5A:30D	single				phdr_ras:NS5A:30D	NS5A:30D	AL_1a	Q30D	NS5A:30D:AL_1a:pibrentasvir	category_II	II	2.0	1.0	94.0	0.0			NS5A:30D:AL_1a	pibrentasvir	pibrentasvir	drug_resistance	Abbvie	NS5A inhibitors	28193664	https://doi.org/10.1128/AAC.02558-16
NS5A	1	30	D	REF_MASTER_NC_004102	NS5A:30D	aminoAcidSimplePolymorphism	NS5A:30D+93N	combination	NS5A:30D+93N	2.0	1.0	phdr_ras:NS5A:30D+93N	NS5A:30D+93N	AL_1a	Q30D+Y93N	NS5A:30D+93N:AL_1a:elbasvir	category_II	II	2.0	1.0	21600.0	0.0			NS5A:30D+93N:AL_1a	elbasvir	elbasvir	drug_resistance	Merck	NS5A inhibitors	26303801	https://doi.org/10.1128/AAC.01390-15
NS5A	1	30	E	REF_MASTER_NC_004102	NS5A:30E	aminoAcidSimplePolymorphism	NS5A:30E	single				phdr_ras:NS5A:30E	NS5A:30E	AL_1a	Q30E	NS5A:30E:AL_1a:daclatasvir	category_I	I	1.0	1.0	25205.0	1.0	1.0	1.0	NS5A:30E:AL_1a	daclatasvir	daclatasvir	drug_resistance	Bristol-Myers Squibb 	NS5A inhibitors	26196502;20585111;28369411;28941023;29271114;24444658;21809362;22256805	https://doi.org/10.1056/NEJMoa1503153;https://doi.org/10.1128/AAC.00556-10;https://doi.org/10.1093/cid/cix214;https://doi.org/10.1111/liv.13596;https://doi.org/10.1111/apt.14478;https://doi.org/10.1016/j.jhep.2013.10.019;https://doi.org/10.1002/hep.24594;https://doi.org/10.1056/NEJMoa1104430
NS5A	1	30	E	REF_MASTER_NC_004102	NS5A:30E	aminoAcidSimplePolymorphism	NS5A:30E	single				phdr_ras:NS5A:30E	NS5A:30E	AL_1a	Q30E	NS5A:30E:AL_1a:elbasvir	category_II	II	2.0	1.0	56.0	0.0			NS5A:30E:AL_1a	elbasvir	elbasvir	drug_resistance	Merck	NS5A inhibitors	26926625	https://doi.org/10.1128/AAC.00051-16
NS5A	1	30	E	REF_MASTER_NC_004102	NS5A:30E	aminoAcidSimplePolymorphism	NS5A:30E	single				phdr_ras:NS5A:30E	NS5A:30E	AL_1a	Q30E	NS5A:30E:AL_1a:ledipasvir	category_I	I	1.0	1.0	5457.6	1.0	0.0	1.0	NS5A:30E:AL_1a	ledipasvir	ledipasvir	drug_resistance	Gilead Sciences	NS5A inhibitors	27923693;29091342	https://doi.org/10.1016/j.jhep.2016.11.022;https://doi.org/10.1111/liv.13616
NS5A	1	30	E	REF_MASTER_NC_004102	NS5A:30E	aminoAcidSimplePolymorphism	NS5A:30E	single				phdr_ras:NS5A:30E	NS5A:30E	AL_1a	Q30E	NS5A:30E:AL_1a:ombitasvir	category_II	II	2.0	0.0		1.0	1.0	0.0	NS5A:30E:AL_1a	ombitasvir	ombitasvir	drug_resistance	Abbvie	NS5A inhibitors	EASL_2016_Abs_LBP503	https://doi.org/10.1016/S0168-8278(16)00180-X
NS5A	1	30	E	REF_MASTER_NC_004102	NS5A:30E	aminoAcidSimplePolymorphism	NS5A:30E	single				phdr_ras:NS5A:30E	NS5A:30E	AL_1a	Q30E	NS5A:30E:AL_1a:pibrentasvir	category_II	II	2.0	1.0	2.4	1.0	1.0	0.0	NS5A:30E:AL_1a	pibrentasvir	pibrentasvir	drug_resistance	Abbvie	NS5A inhibitors	28193664;29152781	https://doi.org/10.1128/AAC.02558-16;https://doi.org/10.1002/hep.29671
NS5A	1	30	E	REF_MASTER_NC_004102	NS5A:30E	aminoAcidSimplePolymorphism	NS5A:30E	single				phdr_ras:NS5A:30E	NS5A:30E	AL_1a	Q30E	NS5A:30E:AL_1a:velpatasvir	category_III	III	3.0	1.0	37.3	0.0			NS5A:30E:AL_1a	velpatasvir	velpatasvir	drug_resistance	Gilead Sciences	NS5A inhibitors	EASL_2013_Poster_1191;27353271	https://doi.org/10.1016/S0168-8278(13)61192-7;https://doi.org/10.1128/AAC.00763-16
NS5A	1	30	E	REF_MASTER_NC_004102	NS5A:30E	aminoAcidSimplePolymorphism	NS5A:30E	single				phdr_ras:NS5A:30E	NS5A:30E	AL_1b	R30E	NS5A:30E:AL_1b:daclatasvir	category_I	I	1.0	1.0	6.0	1.0	0.0	1.0	NS5A:30E:AL_1b	daclatasvir	daclatasvir	drug_resistance	Bristol-Myers Squibb 	NS5A inhibitors	20585111;24444658	https://doi.org/10.1128/AAC.00556-10;https://doi.org/10.1016/j.jhep.2013.10.019
NS5A	1	30	E	REF_MASTER_NC_004102	NS5A:30E	aminoAcidSimplePolymorphism	NS5A:30E+62Q	combination	NS5A:30E+62Q	2.0	1.0	phdr_ras:NS5A:30E+62Q	NS5A:30E+62Q	AL_1a	Q30E+E62Q	NS5A:30E+62Q:AL_1a:daclatasvir	category_II	II	2.0	0.0		1.0	0.0	1.0	NS5A:30E+62Q:AL_1a	daclatasvir	daclatasvir	drug_resistance	Bristol-Myers Squibb 	NS5A inhibitors	24444658	https://doi.org/10.1016/j.jhep.2013.10.019
NS5A	1	30	E	REF_MASTER_NC_004102	NS5A:30E	aminoAcidSimplePolymorphism	NS5A:30E+92R	combination	NS5A:30E+92R	2.0	1.0	phdr_ras:NS5A:30E+92R	NS5A:30E+92R	AL_2a	K30E+C92R	NS5A:30E+92R:AL_2a:daclatasvir	category_II	II	2.0	1.0	440.0	0.0			NS5A:30E+92R:AL_2a	daclatasvir	daclatasvir	drug_resistance	Bristol-Myers Squibb 	NS5A inhibitors	21593143	https://doi.org/10.1128/JVI.00253-11
NS5A	1	30	E	REF_MASTER_NC_004102	NS5A:30E	aminoAcidSimplePolymorphism	NS5A:30E+93C	combination	NS5A:30E+93C	2.0	1.0	phdr_ras:NS5A:30E+93C	NS5A:30E+93C	AL_1a	Q30E+Y93C	NS5A:30E+93C:AL_1a:ledipasvir	category_II	II	2.0	0.0		1.0	0.0	1.0	NS5A:30E+93C:AL_1a	ledipasvir	ledipasvir	drug_resistance	Gilead Sciences	NS5A inhibitors	27923693	https://doi.org/10.1016/j.jhep.2016.11.022
NS5A	1	30	E	REF_MASTER_NC_004102	NS5A:30E	aminoAcidSimplePolymorphism	NS5A:30E+93H	combination	NS5A:30E+93H	2.0	1.0	phdr_ras:NS5A:30E+93H	NS5A:30E+93H	AL_1a	Q30E+Y93H	NS5A:30E+93H:AL_1a:daclatasvir	category_II	II	2.0	1.0	67267.0	0.0			NS5A:30E+93H:AL_1a	daclatasvir	daclatasvir	drug_resistance	Bristol-Myers Squibb 	NS5A inhibitors	22214777	https://doi.org/10.1128/AAC.05977-11
NS5A	1	30	E	REF_MASTER_NC_004102	NS5A:30E	aminoAcidSimplePolymorphism	NS5A:30E+93H	combination	NS5A:30E+93H	2.0	1.0	phdr_ras:NS5A:30E+93H	NS5A:30E+93H	AL_1a	Q30E+Y93H	NS5A:30E+93H:AL_1a:ledipasvir	category_II	II	2.0	0.0		1.0	0.0	1.0	NS5A:30E+93H:AL_1a	ledipasvir	ledipasvir	drug_resistance	Gilead Sciences	NS5A inhibitors	27923693	https://doi.org/10.1016/j.jhep.2016.11.022
NS5A	1	30	E	REF_MASTER_NC_004102	NS5A:30E	aminoAcidSimplePolymorphism	NS5A:30E+93N	combination	NS5A:30E+93N	2.0	1.0	phdr_ras:NS5A:30E+93N	NS5A:30E+93N	AL_1b	R30E+Y93N	NS5A:30E+93N:AL_1b:daclatasvir	category_II	II	2.0	0.0		1.0	0.0	1.0	NS5A:30E+93N:AL_1b	daclatasvir	daclatasvir	drug_resistance	Bristol-Myers Squibb 	NS5A inhibitors	28078469	https://doi.org/10.1007/s00535-016-1303-0
NS5A	1	30	F	REF_MASTER_NC_004102	NS5A:30F	aminoAcidSimplePolymorphism	NS5A:30F	single				phdr_ras:NS5A:30F	NS5A:30F	AL_4	L/R30F	NS5A:30F:AL_4:elbasvir	category_III	III	3.0	1.0	15.0	0.0			NS5A:30F:AL_4	elbasvir	elbasvir	drug_resistance	Merck	NS5A inhibitors	28416549	https://doi.org/10.1128/AAC.00363-17
NS5A	1	30	G	REF_MASTER_NC_004102	NS5A:30G	aminoAcidSimplePolymorphism	NS5A:24R+30G	combination	NS5A:24R+30G	2.0	2.0	phdr_ras:NS5A:24R+30G	NS5A:24R+30G	AL_7a	K24R+S30G	NS5A:24R+30G:AL_7a:daclatasvir	category_II	II	2.0	1.0	539.5	0.0			NS5A:24R+30G:AL_7a	daclatasvir	daclatasvir	drug_resistance	Bristol-Myers Squibb 	NS5A inhibitors	29274866	https://doi.org/10.1053/j.gastro.2017.12.015
NS5A	1	30	G	REF_MASTER_NC_004102	NS5A:30G	aminoAcidSimplePolymorphism	NS5A:24R+30G	combination	NS5A:24R+30G	2.0	2.0	phdr_ras:NS5A:24R+30G	NS5A:24R+30G	AL_7a	K24R+S30G	NS5A:24R+30G:AL_7a:elbasvir	category_II	II	2.0	1.0	539.5	0.0			NS5A:24R+30G:AL_7a	elbasvir	elbasvir	drug_resistance	Merck	NS5A inhibitors	29274866	https://doi.org/10.1053/j.gastro.2017.12.015
NS5A	1	30	G	REF_MASTER_NC_004102	NS5A:30G	aminoAcidSimplePolymorphism	NS5A:29S+30G	combination	NS5A:29S+30G	2.0	2.0	phdr_ras:NS5A:29S+30G	NS5A:29S+30G	AL_2a	P29S+K30G	NS5A:29S+30G:AL_2a:pibrentasvir	insignificant	-	4.0	1.0	2.3	0.0			NS5A:29S+30G:AL_2a	pibrentasvir	pibrentasvir	drug_resistance	Abbvie	NS5A inhibitors	28193664	https://doi.org/10.1128/AAC.02558-16
NS5A	1	30	G	REF_MASTER_NC_004102	NS5A:30G	aminoAcidSimplePolymorphism	NS5A:30G	single				phdr_ras:NS5A:30G	NS5A:30G	AL_1a	Q30G	NS5A:30G:AL_1a:daclatasvir	category_II	II	2.0	1.0	8500.0	0.0			NS5A:30G:AL_1a	daclatasvir	daclatasvir	drug_resistance	Bristol-Myers Squibb 	NS5A inhibitors	22214777	https://doi.org/10.1128/AAC.05977-11
NS5A	1	30	G	REF_MASTER_NC_004102	NS5A:30G	aminoAcidSimplePolymorphism	NS5A:30G	single				phdr_ras:NS5A:30G	NS5A:30G	AL_1a	Q30G	NS5A:30G:AL_1a:elbasvir	category_II	II	2.0	1.0	84.0	0.0			NS5A:30G:AL_1a	elbasvir	elbasvir	drug_resistance	Merck	NS5A inhibitors	26926625	https://doi.org/10.1128/AAC.00051-16
NS5A	1	30	G	REF_MASTER_NC_004102	NS5A:30G	aminoAcidSimplePolymorphism	NS5A:30G	single				phdr_ras:NS5A:30G	NS5A:30G	AL_1a	Q30G	NS5A:30G:AL_1a:ledipasvir	category_II	II	2.0	1.0	1567.5	0.0			NS5A:30G:AL_1a	ledipasvir	ledipasvir	drug_resistance	Gilead Sciences	NS5A inhibitors	27923693	https://doi.org/10.1016/j.jhep.2016.11.022
NS5A	1	30	G	REF_MASTER_NC_004102	NS5A:30G	aminoAcidSimplePolymorphism	NS5A:30G	single				phdr_ras:NS5A:30G	NS5A:30G	AL_1a	Q30G	NS5A:30G:AL_1a:ombitasvir	category_II	II	2.0	0.0		1.0	0.0	1.0	NS5A:30G:AL_1a	ombitasvir	ombitasvir	drug_resistance	Abbvie	NS5A inhibitors	EASL_2016_Abs_LBP503	https://doi.org/10.1016/S0168-8278(16)00180-X
NS5A	1	30	G	REF_MASTER_NC_004102	NS5A:30G	aminoAcidSimplePolymorphism	NS5A:30G	single				phdr_ras:NS5A:30G	NS5A:30G	AL_1a	Q30G	NS5A:30G:AL_1a:pibrentasvir	category_II	II	2.0	0.0		1.0	1.0	0.0	NS5A:30G:AL_1a	pibrentasvir	pibrentasvir	drug_resistance	Abbvie	NS5A inhibitors	29152781	https://doi.org/10.1002/hep.29671
NS5A	1	30	G	REF_MASTER_NC_004102	NS5A:30G	aminoAcidSimplePolymorphism	NS5A:30G	single				phdr_ras:NS5A:30G	NS5A:30G	AL_1b	R30G	NS5A:30G:AL_1b:daclatasvir	category_I	I	1.0	0.0		1.0	1.0	1.0	NS5A:30G:AL_1b	daclatasvir	daclatasvir	drug_resistance	Bristol-Myers Squibb 	NS5A inhibitors	27009831;28078469	https://doi.org/10.1111/liv.13128;https://doi.org/10.1007/s00535-016-1303-0
NS5A	1	30	G	REF_MASTER_NC_004102	NS5A:30G	aminoAcidSimplePolymorphism	NS5A:30G	single				phdr_ras:NS5A:30G	NS5A:30G	AL_3	A30G	NS5A:30G:AL_3:pibrentasvir	category_II	II	2.0	0.0		1.0	0.0	1.0	NS5A:30G:AL_3	pibrentasvir	pibrentasvir	drug_resistance	Abbvie	NS5A inhibitors	EASL_2017_FRI_205	https://doi.org/10.1016/S0168-8278(17)31399-5
NS5A	1	30	G	REF_MASTER_NC_004102	NS5A:30G	aminoAcidSimplePolymorphism	NS5A:30G	single				phdr_ras:NS5A:30G	NS5A:30G	AL_4a	L30G	NS5A:30G:AL_4a:daclatasvir	category_II	II	2.0	1.0	2017.0	0.0			NS5A:30G:AL_4a	daclatasvir	daclatasvir	drug_resistance	Bristol-Myers Squibb 	NS5A inhibitors	22203595	https://doi.org/10.1128/AAC.06169-11
NS5A	1	30	G	REF_MASTER_NC_004102	NS5A:30G	aminoAcidSimplePolymorphism	NS5A:30G	single				phdr_ras:NS5A:30G	NS5A:30G	AL_7a	S30G	NS5A:30G:AL_7a:daclatasvir	category_III	III	3.0	1.0	41.5	0.0			NS5A:30G:AL_7a	daclatasvir	daclatasvir	drug_resistance	Bristol-Myers Squibb 	NS5A inhibitors	29274866	https://doi.org/10.1053/j.gastro.2017.12.015
NS5A	1	30	G	REF_MASTER_NC_004102	NS5A:30G	aminoAcidSimplePolymorphism	NS5A:30G+31I	combination	NS5A:30G+31I	2.0	1.0	phdr_ras:NS5A:30G+31I	NS5A:30G+31I	AL_1b	R30G+L31I	NS5A:30G+31I:AL_1b:daclatasvir	category_II	II	2.0	0.0		1.0	0.0	1.0	NS5A:30G+31I:AL_1b	daclatasvir	daclatasvir	drug_resistance	Bristol-Myers Squibb 	NS5A inhibitors	28078469	https://doi.org/10.1007/s00535-016-1303-0
NS5A	1	30	G	REF_MASTER_NC_004102	NS5A:30G	aminoAcidSimplePolymorphism	NS5A:30G+93H	combination	NS5A:30G+93H	2.0	1.0	phdr_ras:NS5A:30G+93H	NS5A:30G+93H	AL_3	A30G+Y93H	NS5A:30G+93H:AL_3:elbasvir	category_II	II	2.0	0.0		1.0	0.0	1.0	NS5A:30G+93H:AL_3	elbasvir	elbasvir	drug_resistance	Merck	NS5A inhibitors	28470815	https://doi.org/10.1111/jvh.12719
NS5A	1	30	H	REF_MASTER_NC_004102	NS5A:30H	aminoAcidSimplePolymorphism	NS5A:24K+28M+30H+92T	combination	NS5A:24K+28M+30H+92T	4.0	3.0	phdr_ras:NS5A:24K+28M+30H+92T	NS5A:24K+28M+30H+92T	AL_1b	Q24K+L28M+R30H+A92T	NS5A:24K+28M+30H+92T:AL_1b:daclatasvir	category_II	II	2.0	0.0		1.0	1.0	0.0	NS5A:24K+28M+30H+92T:AL_1b	daclatasvir	daclatasvir	drug_resistance	Bristol-Myers Squibb 	NS5A inhibitors	28078469	https://doi.org/10.1007/s00535-016-1303-0
NS5A	1	30	H	REF_MASTER_NC_004102	NS5A:30H	aminoAcidSimplePolymorphism	NS5A:28A+30H	combination	NS5A:28A+30H	2.0	2.0	phdr_ras:NS5A:28A+30H	NS5A:28A+30H	AL_1a	M28A+Q30H	NS5A:28A+30H:AL_1a:ledipasvir	category_II	II	2.0	0.0		1.0	0.0	1.0	NS5A:28A+30H:AL_1a	ledipasvir	ledipasvir	drug_resistance	Gilead Sciences	NS5A inhibitors	27923693	https://doi.org/10.1016/j.jhep.2016.11.022
NS5A	1	30	H	REF_MASTER_NC_004102	NS5A:30H	aminoAcidSimplePolymorphism	NS5A:28L+30H	combination	NS5A:28L+30H	2.0	2.0	phdr_ras:NS5A:28L+30H	NS5A:28L+30H	AL_4a	L/M28L+L30H	NS5A:28L+30H:AL_4a:daclatasvir	category_II	II	2.0	1.0	64.0	0.0			NS5A:28L+30H:AL_4a	daclatasvir	daclatasvir	drug_resistance	Bristol-Myers Squibb 	NS5A inhibitors	22203595	https://doi.org/10.1128/AAC.06169-11
NS5A	1	30	H	REF_MASTER_NC_004102	NS5A:30H	aminoAcidSimplePolymorphism	NS5A:28M+30H	combination	NS5A:28M+30H	2.0	2.0	phdr_ras:NS5A:28M+30H	NS5A:28M+30H	AL_4g	L28M+L/R30H	NS5A:28M+30H:AL_4g:elbasvir	category_II	II	2.0	0.0		1.0	1.0	0.0	NS5A:28M+30H:AL_4g	elbasvir	elbasvir	drug_resistance	Merck	NS5A inhibitors	29461687	https://doi.org/10.1111/liv.13727
NS5A	1	30	H	REF_MASTER_NC_004102	NS5A:30H	aminoAcidSimplePolymorphism	NS5A:28T+30H	combination	NS5A:28T+30H	2.0	2.0	phdr_ras:NS5A:28T+30H	NS5A:28T+30H	AL_1a	M28T+Q30H	NS5A:28T+30H:AL_1a:daclatasvir	category_II	II	2.0	1.0	103767.0	0.0			NS5A:28T+30H:AL_1a	daclatasvir	daclatasvir	drug_resistance	Bristol-Myers Squibb 	NS5A inhibitors	20585111	https://doi.org/10.1128/AAC.00556-10
NS5A	1	30	H	REF_MASTER_NC_004102	NS5A:30H	aminoAcidSimplePolymorphism	NS5A:28T+30H	combination	NS5A:28T+30H	2.0	2.0	phdr_ras:NS5A:28T+30H	NS5A:28T+30H	AL_1a	M28T+Q30H	NS5A:28T+30H:AL_1a:elbasvir	category_II	II	2.0	1.0	2286.0	0.0			NS5A:28T+30H:AL_1a	elbasvir	elbasvir	drug_resistance	Merck	NS5A inhibitors	26926625	https://doi.org/10.1128/AAC.00051-16
NS5A	1	30	H	REF_MASTER_NC_004102	NS5A:30H	aminoAcidSimplePolymorphism	NS5A:28T+30H	combination	NS5A:28T+30H	2.0	2.0	phdr_ras:NS5A:28T+30H	NS5A:28T+30H	AL_4r	M/V28T+R30H	NS5A:28T+30H:AL_4r:ledipasvir	category_II	II	2.0	0.0		1.0	0.0	1.0	NS5A:28T+30H:AL_4r	ledipasvir	ledipasvir	drug_resistance	Gilead Sciences	NS5A inhibitors	30125371	https://doi.org/10.1002/hep.30225
NS5A	1	30	H	REF_MASTER_NC_004102	NS5A:30H	aminoAcidSimplePolymorphism	NS5A:28T+30H+31V	combination	NS5A:28T+30H+31V	3.0	2.0	phdr_ras:NS5A:28T+30H+31V	NS5A:28T+30H+31V	AL_1a	M28T+Q30H+L31V	NS5A:28T+30H+31V:AL_1a:elbasvir	category_II	II	2.0	1.0	56000.0	0.0			NS5A:28T+30H+31V:AL_1a	elbasvir	elbasvir	drug_resistance	Merck	NS5A inhibitors	26926625	https://doi.org/10.1128/AAC.00051-16
NS5A	1	30	H	REF_MASTER_NC_004102	NS5A:30H	aminoAcidSimplePolymorphism	NS5A:28T+30H+58D	combination	NS5A:28T+30H+58D	3.0	2.0	phdr_ras:NS5A:28T+30H+58D	NS5A:28T+30H+58D	AL_1a	M28T+Q30H+H58D	NS5A:28T+30H+58D:AL_1a:elbasvir	category_II	II	2.0	0.0		1.0	0.0	1.0	NS5A:28T+30H+58D:AL_1a	elbasvir	elbasvir	drug_resistance	Merck	NS5A inhibitors	25467560	https://doi.org/10.1016/S0140-6736(14)61793-1
NS5A	1	30	H	REF_MASTER_NC_004102	NS5A:30H	aminoAcidSimplePolymorphism	NS5A:28T+30H+93H	combination	NS5A:28T+30H+93H	3.0	2.0	phdr_ras:NS5A:28T+30H+93H	NS5A:28T+30H+93H	AL_1a	M28T+Q30H+Y93H	NS5A:28T+30H+93H:AL_1a:elbasvir	category_II	II	2.0	0.0		1.0	0.0	1.0	NS5A:28T+30H+93H:AL_1a	elbasvir	elbasvir	drug_resistance	Merck	NS5A inhibitors	26371152	https://doi.org/10.1093/cid/civ722
NS5A	1	30	H	REF_MASTER_NC_004102	NS5A:30H	aminoAcidSimplePolymorphism	NS5A:28V+30H+31V	combination	NS5A:28V+30H+31V	3.0	2.0	phdr_ras:NS5A:28V+30H+31V	NS5A:28V+30H+31V	AL_1a	M28V+Q30H+L31V	NS5A:28V+30H+31V:AL_1a:elbasvir	category_II	II	2.0	1.0	2429.0	0.0			NS5A:28V+30H+31V:AL_1a	elbasvir	elbasvir	drug_resistance	Merck	NS5A inhibitors	26926625	https://doi.org/10.1128/AAC.00051-16
NS5A	1	30	H	REF_MASTER_NC_004102	NS5A:30H	aminoAcidSimplePolymorphism	NS5A:30H	single				phdr_ras:NS5A:30H	NS5A:30H	AL_1a	Q30H	NS5A:30H:AL_1a:daclatasvir	category_I	I	1.0	1.0	1477.0	1.0	0.0	1.0	NS5A:30H:AL_1a	daclatasvir	daclatasvir	drug_resistance	Bristol-Myers Squibb 	NS5A inhibitors	28941023;20410884;29274866;29146520;21809362	https://doi.org/10.1111/liv.13596;https://doi.org/10.1038/nature08960;https://doi.org/10.1053/j.gastro.2017.12.015;https://doi.org/10.1053/j.gastro.2017.11.007;https://doi.org/10.1002/hep.24594
NS5A	1	30	H	REF_MASTER_NC_004102	NS5A:30H	aminoAcidSimplePolymorphism	NS5A:30H	single				phdr_ras:NS5A:30H	NS5A:30H	AL_1a	Q30H	NS5A:30H:AL_1a:elbasvir	category_I	I	1.0	1.0	41.5	1.0	1.0	0.0	NS5A:30H:AL_1a	elbasvir	elbasvir	drug_resistance	Merck	NS5A inhibitors	29274866;26303801;24127258;26926625;27773808;28193518	https://doi.org/10.1053/j.gastro.2017.12.015;https://doi.org/10.1128/AAC.01390-15;https://doi.org/10.1002/cmdc.201300343;https://doi.org/10.1128/AAC.00051-16;https://doi.org/10.1053/j.gastro.2016.10.017;https://doi.org/10.1053/j.gastro.2017.01.050
NS5A	1	30	H	REF_MASTER_NC_004102	NS5A:30H	aminoAcidSimplePolymorphism	NS5A:30H	single				phdr_ras:NS5A:30H	NS5A:30H	AL_1a	Q30H	NS5A:30H:AL_1a:ledipasvir	category_I	I	1.0	1.0	183.2	1.0	1.0	1.0	NS5A:30H:AL_1a	ledipasvir	ledipasvir	drug_resistance	Gilead Sciences	NS5A inhibitors	29146520;27923693	https://doi.org/10.1053/j.gastro.2017.11.007;https://doi.org/10.1016/j.jhep.2016.11.022
NS5A	1	30	H	REF_MASTER_NC_004102	NS5A:30H	aminoAcidSimplePolymorphism	NS5A:30H	single				phdr_ras:NS5A:30H	NS5A:30H	AL_1a	Q30H	NS5A:30H:AL_1a:ombitasvir	category_I	I	1.0	1.0	100.0	1.0	0.0	1.0	NS5A:30H:AL_1a	ombitasvir	ombitasvir	drug_resistance	Abbvie	NS5A inhibitors	29146520;25451055	https://doi.org/10.1053/j.gastro.2017.11.007;https://doi.org/10.1128/AAC.04226-14
NS5A	1	30	H	REF_MASTER_NC_004102	NS5A:30H	aminoAcidSimplePolymorphism	NS5A:30H	single				phdr_ras:NS5A:30H	NS5A:30H	AL_1a	Q30H	NS5A:30H:AL_1a:velpatasvir	insignificant	-	4.0	1.0	2.3	0.0			NS5A:30H:AL_1a	velpatasvir	velpatasvir	drug_resistance	Gilead Sciences	NS5A inhibitors	27353271	https://doi.org/10.1128/AAC.00763-16
NS5A	1	30	H	REF_MASTER_NC_004102	NS5A:30H	aminoAcidSimplePolymorphism	NS5A:30H	single				phdr_ras:NS5A:30H	NS5A:30H	AL_1b	R30H	NS5A:30H:AL_1b:daclatasvir	category_I	I	1.0	0.0		1.0	1.0	1.0	NS5A:30H:AL_1b	daclatasvir	daclatasvir	drug_resistance	Bristol-Myers Squibb 	NS5A inhibitors	26878268	https://doi.org/10.1111/hepr.12673
NS5A	1	30	H	REF_MASTER_NC_004102	NS5A:30H	aminoAcidSimplePolymorphism	NS5A:30H	single				phdr_ras:NS5A:30H	NS5A:30H	AL_4a	L30H	NS5A:30H:AL_4a:daclatasvir	category_II	II	2.0	1.0	1215.0	0.0			NS5A:30H:AL_4a	daclatasvir	daclatasvir	drug_resistance	Bristol-Myers Squibb 	NS5A inhibitors	26170396;29274866;22203595	https://doi.org/10.1093/infdis/jiv379;https://doi.org/10.1053/j.gastro.2017.12.015;https://doi.org/10.1128/AAC.06169-11
NS5A	1	30	H	REF_MASTER_NC_004102	NS5A:30H	aminoAcidSimplePolymorphism	NS5A:30H	single				phdr_ras:NS5A:30H	NS5A:30H	AL_4a	L30H	NS5A:30H:AL_4a:elbasvir	category_III	III	3.0	1.0	41.5	0.0			NS5A:30H:AL_4a	elbasvir	elbasvir	drug_resistance	Merck	NS5A inhibitors	29274866	https://doi.org/10.1053/j.gastro.2017.12.015
NS5A	1	30	H	REF_MASTER_NC_004102	NS5A:30H	aminoAcidSimplePolymorphism	NS5A:30H	single				phdr_ras:NS5A:30H	NS5A:30H	AL_6a	R30H	NS5A:30H:AL_6a:daclatasvir	category_III	III	3.0	1.0	41.5	0.0			NS5A:30H:AL_6a	daclatasvir	daclatasvir	drug_resistance	Bristol-Myers Squibb 	NS5A inhibitors	29274866	https://doi.org/10.1053/j.gastro.2017.12.015
NS5A	1	30	H	REF_MASTER_NC_004102	NS5A:30H	aminoAcidSimplePolymorphism	NS5A:30H+31M	combination	NS5A:30H+31M	2.0	1.0	phdr_ras:NS5A:30H+31M	NS5A:30H+31M	AL_1a	Q30H+L31M	NS5A:30H+31M:AL_1a:ledipasvir	category_I	I	1.0	1.0	14869.5	1.0	0.0	1.0	NS5A:30H+31M:AL_1a	ledipasvir	ledipasvir	drug_resistance	Gilead Sciences	NS5A inhibitors	27923693	https://doi.org/10.1016/j.jhep.2016.11.022
NS5A	1	30	H	REF_MASTER_NC_004102	NS5A:30H	aminoAcidSimplePolymorphism	NS5A:30H+31M	combination	NS5A:30H+31M	2.0	1.0	phdr_ras:NS5A:30H+31M	NS5A:30H+31M	AL_1a	Q30H+L31M	NS5A:30H+31M:AL_1a:velpatasvir	category_II	II	2.0	1.0	105.7	0.0			NS5A:30H+31M:AL_1a	velpatasvir	velpatasvir	drug_resistance	Gilead Sciences	NS5A inhibitors	27353271	https://doi.org/10.1128/AAC.00763-16
NS5A	1	30	H	REF_MASTER_NC_004102	NS5A:30H	aminoAcidSimplePolymorphism	NS5A:30H+31M	combination	NS5A:30H+31M	2.0	1.0	phdr_ras:NS5A:30H+31M	NS5A:30H+31M	AL_1b	R30H+L31M	NS5A:30H+31M:AL_1b:daclatasvir	category_II	II	2.0	1.0	240.0	0.0			NS5A:30H+31M:AL_1b	daclatasvir	daclatasvir	drug_resistance	Bristol-Myers Squibb 	NS5A inhibitors	22850513	https://doi.org/10.1128/AAC.01209-12
NS5A	1	30	H	REF_MASTER_NC_004102	NS5A:30H	aminoAcidSimplePolymorphism	NS5A:30H+31V	combination	NS5A:30H+31V	2.0	1.0	phdr_ras:NS5A:30H+31V	NS5A:30H+31V	AL_1a	Q30H+L31V	NS5A:30H+31V:AL_1a:elbasvir	category_II	II	2.0	1.0	1429.0	0.0			NS5A:30H+31V:AL_1a	elbasvir	elbasvir	drug_resistance	Merck	NS5A inhibitors	26926625	https://doi.org/10.1128/AAC.00051-16
NS5A	1	30	H	REF_MASTER_NC_004102	NS5A:30H	aminoAcidSimplePolymorphism	NS5A:30H+68R	combination	NS5A:30H+68R	2.0	1.0	phdr_ras:NS5A:30H+68R	NS5A:30H+68R	AL_1a	Q30H+K68R	NS5A:30H+68R:AL_1a:daclatasvir	category_II	II	2.0	1.0	1155.5	0.0			NS5A:30H+68R:AL_1a	daclatasvir	daclatasvir	drug_resistance	Bristol-Myers Squibb 	NS5A inhibitors	22850513	https://doi.org/10.1128/AAC.01209-12
NS5A	1	30	H	REF_MASTER_NC_004102	NS5A:30H	aminoAcidSimplePolymorphism	NS5A:30H+93H	combination	NS5A:30H+93H	2.0	1.0	phdr_ras:NS5A:30H+93H	NS5A:30H+93H	AL_1a	Q30H+Y93H	NS5A:30H+93H:AL_1a:daclatasvir	category_II	II	2.0	1.0	93136.0	0.0			NS5A:30H+93H:AL_1a	daclatasvir	daclatasvir	drug_resistance	Bristol-Myers Squibb 	NS5A inhibitors	20585111;21809362	https://doi.org/10.1128/AAC.00556-10;https://doi.org/10.1002/hep.24594
NS5A	1	30	H	REF_MASTER_NC_004102	NS5A:30H	aminoAcidSimplePolymorphism	NS5A:30H+93H	combination	NS5A:30H+93H	2.0	1.0	phdr_ras:NS5A:30H+93H	NS5A:30H+93H	AL_1a	Q30H+Y93H	NS5A:30H+93H:AL_1a:elbasvir	category_I	I	1.0	0.0		1.0	1.0	1.0	NS5A:30H+93H:AL_1a	elbasvir	elbasvir	drug_resistance	Merck	NS5A inhibitors	25467560;27720838	https://doi.org/10.1016/S0140-6736(14)61793-1;https://doi.org/10.1053/j.gastro.2016.09.045
NS5A	1	30	H	REF_MASTER_NC_004102	NS5A:30H	aminoAcidSimplePolymorphism	NS5A:30H+93H	combination	NS5A:30H+93H	2.0	1.0	phdr_ras:NS5A:30H+93H	NS5A:30H+93H	AL_1a	Q30H+Y93H	NS5A:30H+93H:AL_1a:ledipasvir	category_I	I	1.0	1.0	34960.9	1.0	1.0	1.0	NS5A:30H+93H:AL_1a	ledipasvir	ledipasvir	drug_resistance	Gilead Sciences	NS5A inhibitors	29091342;27923693	https://doi.org/10.1111/liv.13616;https://doi.org/10.1016/j.jhep.2016.11.022
NS5A	1	30	H	REF_MASTER_NC_004102	NS5A:30H	aminoAcidSimplePolymorphism	NS5A:30H+93H	combination	NS5A:30H+93H	2.0	1.0	phdr_ras:NS5A:30H+93H	NS5A:30H+93H	AL_1a	Q30H+Y93H	NS5A:30H+93H:AL_1a:pibrentasvir	category_II	II	2.0	0.0		1.0	1.0	0.0	NS5A:30H+93H:AL_1a	pibrentasvir	pibrentasvir	drug_resistance	Abbvie	NS5A inhibitors	29152781	https://doi.org/10.1002/hep.29671
NS5A	1	30	H	REF_MASTER_NC_004102	NS5A:30H	aminoAcidSimplePolymorphism	NS5A:30H+93H	combination	NS5A:30H+93H	2.0	1.0	phdr_ras:NS5A:30H+93H	NS5A:30H+93H	AL_1a	Q30H+Y93H	NS5A:30H+93H:AL_1a:velpatasvir	category_I	I	1.0	1.0	2835.0	1.0	1.0	0.0	NS5A:30H+93H:AL_1a	velpatasvir	velpatasvir	drug_resistance	Gilead Sciences	NS5A inhibitors	27353271;26569658	https://doi.org/10.1128/AAC.00763-16;https://doi.org/10.1056/NEJMoa1512614
NS5A	1	30	H	REF_MASTER_NC_004102	NS5A:30H	aminoAcidSimplePolymorphism	NS5A:30H+93H	combination	NS5A:30H+93H	2.0	1.0	phdr_ras:NS5A:30H+93H	NS5A:30H+93H	AL_1b	R30H+Y93H	NS5A:30H+93H:AL_1b:daclatasvir	category_II	II	2.0	0.0		1.0	0.0	1.0	NS5A:30H+93H:AL_1b	daclatasvir	daclatasvir	drug_resistance	Bristol-Myers Squibb 	NS5A inhibitors	27009831;28078469	https://doi.org/10.1111/liv.13128;https://doi.org/10.1007/s00535-016-1303-0
NS5A	1	30	H	REF_MASTER_NC_004102	NS5A:30H	aminoAcidSimplePolymorphism	NS5A:8A+30H	combination	NS5A:8A+30H	2.0	2.0	phdr_ras:NS5A:8A+30H	NS5A:8A+30H	AL_4a	V8A+L30H	NS5A:8A+30H:AL_4a:daclatasvir	category_II	II	2.0	1.0	539.5	0.0			NS5A:8A+30H:AL_4a	daclatasvir	daclatasvir	drug_resistance	Bristol-Myers Squibb 	NS5A inhibitors	29274866	https://doi.org/10.1053/j.gastro.2017.12.015
NS5A	1	30	I	REF_MASTER_NC_004102	NS5A:30I	aminoAcidSimplePolymorphism	NS5A:30I	single				phdr_ras:NS5A:30I	NS5A:30I															drug_resistance				
NS5A	1	30	I	REF_MASTER_NC_004102	NS5A:30I	aminoAcidSimplePolymorphism	NS5A:30I+93R	combination	NS5A:30I+93R	2.0	1.0	phdr_ras:NS5A:30I+93R	NS5A:30I+93R	AL_4a	L30I+Y93R	NS5A:30I+93R:AL_4a:daclatasvir	category_II	II	2.0	1.0	9100.0	0.0			NS5A:30I+93R:AL_4a	daclatasvir	daclatasvir	drug_resistance	Bristol-Myers Squibb 	NS5A inhibitors	22203595	https://doi.org/10.1128/AAC.06169-11
NS5A	1	30	K	REF_MASTER_NC_004102	NS5A:30K	aminoAcidSimplePolymorphism	NS5A:24F+28K+30K	combination	NS5A:24F+28K+30K	3.0	3.0	phdr_ras:NS5A:24F+28K+30K	NS5A:24F+28K+30K	AL_3a	S24F+M28K+A30K	NS5A:24F+28K+30K:AL_3a:pibrentasvir	category_II	II	2.0	1.0	5000.0	0.0			NS5A:24F+28K+30K:AL_3a	pibrentasvir	pibrentasvir	drug_resistance	Abbvie	NS5A inhibitors	26778412	https://doi.org/10.1111/liv.13067
NS5A	1	30	K	REF_MASTER_NC_004102	NS5A:30K	aminoAcidSimplePolymorphism	NS5A:24R+30K	combination	NS5A:24R+30K	2.0	2.0	phdr_ras:NS5A:24R+30K	NS5A:24R+30K	AL_1a	K24R+Q30K	NS5A:24R+30K:AL_1a:pibrentasvir	category_II	II	2.0	0.0		1.0	0.0	1.0	NS5A:24R+30K:AL_1a	pibrentasvir	pibrentasvir	drug_resistance	Abbvie	NS5A inhibitors	29152781	https://doi.org/10.1002/hep.29671
NS5A	1	30	K	REF_MASTER_NC_004102	NS5A:30K	aminoAcidSimplePolymorphism	NS5A:24R+30K+93H	combination	NS5A:24R+30K+93H	3.0	2.0	phdr_ras:NS5A:24R+30K+93H	NS5A:24R+30K+93H															drug_resistance				
NS5A	1	30	K	REF_MASTER_NC_004102	NS5A:30K	aminoAcidSimplePolymorphism	NS5A:28A+30K	combination	NS5A:28A+30K	2.0	2.0	phdr_ras:NS5A:28A+30K	NS5A:28A+30K	AL_1a	M28A+Q30K	NS5A:28A+30K:AL_1a:daclatasvir	category_II	II	2.0	0.0		1.0	0.0	1.0	NS5A:28A+30K:AL_1a	daclatasvir	daclatasvir	drug_resistance	Bristol-Myers Squibb 	NS5A inhibitors	28369411	https://doi.org/10.1093/cid/cix214
NS5A	1	30	K	REF_MASTER_NC_004102	NS5A:30K	aminoAcidSimplePolymorphism	NS5A:28V+30K	combination	NS5A:28V+30K	2.0	2.0	phdr_ras:NS5A:28V+30K	NS5A:28V+30K	AL_1a	M28V+Q30K	NS5A:28V+30K:AL_1a:ombitasvir	category_II	II	2.0	0.0		1.0	0.0	1.0	NS5A:28V+30K:AL_1a	ombitasvir	ombitasvir	drug_resistance	Abbvie	NS5A inhibitors	26100711	https://doi.org/10.1128/AAC.00998-15
NS5A	1	30	K	REF_MASTER_NC_004102	NS5A:30K	aminoAcidSimplePolymorphism	NS5A:30K	single				phdr_ras:NS5A:30K	NS5A:30K	AL_1a	Q30K	NS5A:30K:AL_1a:daclatasvir	category_I	I	1.0	1.0	24545.0	1.0	1.0	0.0	NS5A:30K:AL_1a	daclatasvir	daclatasvir	drug_resistance	Bristol-Myers Squibb 	NS5A inhibitors	28369411;20585111;29274866;21809362	https://doi.org/10.1093/cid/cix214;https://doi.org/10.1128/AAC.00556-10;https://doi.org/10.1053/j.gastro.2017.12.015;https://doi.org/10.1002/hep.24594
NS5A	1	30	K	REF_MASTER_NC_004102	NS5A:30K	aminoAcidSimplePolymorphism	NS5A:30K	single				phdr_ras:NS5A:30K	NS5A:30K	AL_1a	Q30K	NS5A:30K:AL_1a:elbasvir	category_I	I	1.0	1.0	41.5	1.0	0.0	1.0	NS5A:30K:AL_1a	elbasvir	elbasvir	drug_resistance	Merck	NS5A inhibitors	29274866;26423374	https://doi.org/10.1053/j.gastro.2017.12.015;https://doi.org/10.1016/S2352-3018(15)00114-9
NS5A	1	30	K	REF_MASTER_NC_004102	NS5A:30K	aminoAcidSimplePolymorphism	NS5A:30K	single				phdr_ras:NS5A:30K	NS5A:30K	AL_1a	Q30K	NS5A:30K:AL_1a:ledipasvir	category_I	I	1.0	1.0	1550.7	1.0	0.0	1.0	NS5A:30K:AL_1a	ledipasvir	ledipasvir	drug_resistance	Gilead Sciences	NS5A inhibitors	29091342;27923693	https://doi.org/10.1111/liv.13616;https://doi.org/10.1016/j.jhep.2016.11.022
NS5A	1	30	K	REF_MASTER_NC_004102	NS5A:30K	aminoAcidSimplePolymorphism	NS5A:30K	single				phdr_ras:NS5A:30K	NS5A:30K	AL_1a	Q30K	NS5A:30K:AL_1a:pibrentasvir	category_I	I	1.0	0.0		1.0	1.0	1.0	NS5A:30K:AL_1a	pibrentasvir	pibrentasvir	drug_resistance	Abbvie	NS5A inhibitors	29152781	https://doi.org/10.1002/hep.29671
NS5A	1	30	K	REF_MASTER_NC_004102	NS5A:30K	aminoAcidSimplePolymorphism	NS5A:30K	single				phdr_ras:NS5A:30K	NS5A:30K	AL_1a	Q30K	NS5A:30K:AL_1a:velpatasvir	category_III	III	3.0	1.0	41.5	0.0			NS5A:30K:AL_1a	velpatasvir	velpatasvir	drug_resistance	Gilead Sciences	NS5A inhibitors	29274866;27353271	https://doi.org/10.1053/j.gastro.2017.12.015;https://doi.org/10.1128/AAC.00763-16
NS5A	1	30	K	REF_MASTER_NC_004102	NS5A:30K	aminoAcidSimplePolymorphism	NS5A:30K	single				phdr_ras:NS5A:30K	NS5A:30K	AL_3	A30K	NS5A:30K:AL_3:elbasvir	category_II	II	2.0	0.0		1.0	1.0	0.0	NS5A:30K:AL_3	elbasvir	elbasvir	drug_resistance	Merck	NS5A inhibitors	28470815	https://doi.org/10.1111/jvh.12719
NS5A	1	30	K	REF_MASTER_NC_004102	NS5A:30K	aminoAcidSimplePolymorphism	NS5A:30K	single				phdr_ras:NS5A:30K	NS5A:30K	AL_3	A30K	NS5A:30K:AL_3:pibrentasvir	category_I	I	1.0	0.0		1.0	1.0	1.0	NS5A:30K:AL_3	pibrentasvir	pibrentasvir	drug_resistance	Abbvie	NS5A inhibitors	EASL_2017_FRI_205	https://doi.org/10.1016/S0168-8278(17)31399-5
NS5A	1	30	K	REF_MASTER_NC_004102	NS5A:30K	aminoAcidSimplePolymorphism	NS5A:30K	single				phdr_ras:NS5A:30K	NS5A:30K	AL_3a	A30K	NS5A:30K:AL_3a:daclatasvir	category_I	I	1.0	1.0	58.7	1.0	1.0	1.0	NS5A:30K:AL_3a	daclatasvir	daclatasvir	drug_resistance	Bristol-Myers Squibb 	NS5A inhibitors	23089758;23384816;25614962	https://doi.org/10.1128/AAC.01874-12;https://doi.org/10.1016/j.jcv.2012.12.020;https://doi.org/10.1002/hep.27726
NS5A	1	30	K	REF_MASTER_NC_004102	NS5A:30K	aminoAcidSimplePolymorphism	NS5A:30K	single				phdr_ras:NS5A:30K	NS5A:30K	AL_3a	A30K	NS5A:30K:AL_3a:elbasvir	category_II	II	2.0	1.0	50.0	0.0			NS5A:30K:AL_3a	elbasvir	elbasvir	drug_resistance	Merck	NS5A inhibitors	26303801	https://doi.org/10.1128/AAC.01390-15
NS5A	1	30	K	REF_MASTER_NC_004102	NS5A:30K	aminoAcidSimplePolymorphism	NS5A:30K	single				phdr_ras:NS5A:30K	NS5A:30K	AL_3a	A30K	NS5A:30K:AL_3a:pibrentasvir	category_II	II	2.0	0.0		1.0	1.0	0.0	NS5A:30K:AL_3a	pibrentasvir	pibrentasvir	drug_resistance	Abbvie	NS5A inhibitors	26778412	https://doi.org/10.1111/liv.13067
NS5A	1	30	K	REF_MASTER_NC_004102	NS5A:30K	aminoAcidSimplePolymorphism	NS5A:30K	single				phdr_ras:NS5A:30K	NS5A:30K	AL_3a	A30K	NS5A:30K:AL_3a:velpatasvir	category_I	I	1.0	1.0	50.0	1.0	1.0	0.0	NS5A:30K:AL_3a	velpatasvir	velpatasvir	drug_resistance	Gilead Sciences	NS5A inhibitors	EASL_2013_Poster_1191;27353271;29221887;26575258;28564569	https://doi.org/10.1016/S0168-8278(13)61192-7;https://doi.org/10.1128/AAC.00763-16;https://doi.org/10.1016/j.jhep.2017.11.032;https://doi.org/10.1056/NEJMoa1512612;https://doi.org/10.1056/NEJMoa1613512
NS5A	1	30	K	REF_MASTER_NC_004102	NS5A:30K	aminoAcidSimplePolymorphism	NS5A:30K+31M	combination	NS5A:30K+31M	2.0	1.0	phdr_ras:NS5A:30K+31M	NS5A:30K+31M	AL_3a	A30K+L31M	NS5A:30K+31M:AL_3a:daclatasvir	category_II	II	2.0	1.0	10000.0	0.0			NS5A:30K+31M:AL_3a	daclatasvir	daclatasvir	drug_resistance	Bristol-Myers Squibb 	NS5A inhibitors	23384816;29425396	https://doi.org/10.1016/j.jcv.2012.12.020;https://doi.org/10.1002/hep.29837
NS5A	1	30	K	REF_MASTER_NC_004102	NS5A:30K	aminoAcidSimplePolymorphism	NS5A:30K+31M	combination	NS5A:30K+31M	2.0	1.0	phdr_ras:NS5A:30K+31M	NS5A:30K+31M	AL_3a	A30K+L31M	NS5A:30K+31M:AL_3a:elbasvir	category_II	II	2.0	1.0	100000000.0	0.0			NS5A:30K+31M:AL_3a	elbasvir	elbasvir	drug_resistance	Merck	NS5A inhibitors	29425396	https://doi.org/10.1002/hep.29837
NS5A	1	30	K	REF_MASTER_NC_004102	NS5A:30K	aminoAcidSimplePolymorphism	NS5A:30K+31M	combination	NS5A:30K+31M	2.0	1.0	phdr_ras:NS5A:30K+31M	NS5A:30K+31M	AL_3a	A30K+L31M	NS5A:30K+31M:AL_3a:pibrentasvir	category_III	III	3.0	1.0	20.0	0.0			NS5A:30K+31M:AL_3a	pibrentasvir	pibrentasvir	drug_resistance	Abbvie	NS5A inhibitors	29425396	https://doi.org/10.1002/hep.29837
NS5A	1	30	K	REF_MASTER_NC_004102	NS5A:30K	aminoAcidSimplePolymorphism	NS5A:30K+31M	combination	NS5A:30K+31M	2.0	1.0	phdr_ras:NS5A:30K+31M	NS5A:30K+31M	AL_3a	A30K+L31M	NS5A:30K+31M:AL_3a:velpatasvir	category_II	II	2.0	1.0	10000.0	0.0			NS5A:30K+31M:AL_3a	velpatasvir	velpatasvir	drug_resistance	Gilead Sciences	NS5A inhibitors	29425396	https://doi.org/10.1002/hep.29837
NS5A	1	30	K	REF_MASTER_NC_004102	NS5A:30K	aminoAcidSimplePolymorphism	NS5A:30K+31M+93H	combination	NS5A:30K+31M+93H	3.0	1.0	phdr_ras:NS5A:30K+31M+93H	NS5A:30K+31M+93H	AL_3a	A30K+L31M+Y93H	NS5A:30K+31M+93H:AL_3a:daclatasvir	category_II	II	2.0	1.0	10000.0	0.0			NS5A:30K+31M+93H:AL_3a	daclatasvir	daclatasvir	drug_resistance	Bristol-Myers Squibb 	NS5A inhibitors	29425396	https://doi.org/10.1002/hep.29837
NS5A	1	30	K	REF_MASTER_NC_004102	NS5A:30K	aminoAcidSimplePolymorphism	NS5A:30K+31M+93H	combination	NS5A:30K+31M+93H	3.0	1.0	phdr_ras:NS5A:30K+31M+93H	NS5A:30K+31M+93H	AL_3a	A30K+L31M+Y93H	NS5A:30K+31M+93H:AL_3a:elbasvir	category_II	II	2.0	1.0	100000000.0	0.0			NS5A:30K+31M+93H:AL_3a	elbasvir	elbasvir	drug_resistance	Merck	NS5A inhibitors	29425396	https://doi.org/10.1002/hep.29837
NS5A	1	30	K	REF_MASTER_NC_004102	NS5A:30K	aminoAcidSimplePolymorphism	NS5A:30K+31M+93H	combination	NS5A:30K+31M+93H	3.0	1.0	phdr_ras:NS5A:30K+31M+93H	NS5A:30K+31M+93H	AL_3a	A30K+L31M+Y93H	NS5A:30K+31M+93H:AL_3a:pibrentasvir	category_III	III	3.0	1.0	20.0	0.0			NS5A:30K+31M+93H:AL_3a	pibrentasvir	pibrentasvir	drug_resistance	Abbvie	NS5A inhibitors	29425396	https://doi.org/10.1002/hep.29837
NS5A	1	30	K	REF_MASTER_NC_004102	NS5A:30K	aminoAcidSimplePolymorphism	NS5A:30K+31M+93H	combination	NS5A:30K+31M+93H	3.0	1.0	phdr_ras:NS5A:30K+31M+93H	NS5A:30K+31M+93H	AL_3a	A30K+L31M+Y93H	NS5A:30K+31M+93H:AL_3a:velpatasvir	category_II	II	2.0	1.0	10000.0	0.0			NS5A:30K+31M+93H:AL_3a	velpatasvir	velpatasvir	drug_resistance	Gilead Sciences	NS5A inhibitors	29425396	https://doi.org/10.1002/hep.29837
NS5A	1	30	K	REF_MASTER_NC_004102	NS5A:30K	aminoAcidSimplePolymorphism	NS5A:30K+58D	combination	NS5A:30K+58D	2.0	1.0	phdr_ras:NS5A:30K+58D	NS5A:30K+58D	AL_1a	Q30K+H58D	NS5A:30K+58D:AL_1a:pibrentasvir	category_II	II	2.0	0.0		1.0	0.0	1.0	NS5A:30K+58D:AL_1a	pibrentasvir	pibrentasvir	drug_resistance	Abbvie	NS5A inhibitors	28412293	https://doi.org/10.1016/j.jhep.2017.03.039
NS5A	1	30	K	REF_MASTER_NC_004102	NS5A:30K	aminoAcidSimplePolymorphism	NS5A:30K+58S	combination	NS5A:30K+58S	2.0	1.0	phdr_ras:NS5A:30K+58S	NS5A:30K+58S	AL_3	A30K+P58S	NS5A:30K+58S:AL_3:elbasvir	category_II	II	2.0	0.0		1.0	0.0	1.0	NS5A:30K+58S:AL_3	elbasvir	elbasvir	drug_resistance	Merck	NS5A inhibitors	28470815	https://doi.org/10.1111/jvh.12719
NS5A	1	30	K	REF_MASTER_NC_004102	NS5A:30K	aminoAcidSimplePolymorphism	NS5A:30K+93H	combination	NS5A:30K+93H	2.0	1.0	phdr_ras:NS5A:30K+93H	NS5A:30K+93H	AL_3	A30K+Y93H	NS5A:30K+93H:AL_3:elbasvir	category_II	II	2.0	0.0		1.0	1.0	0.0	NS5A:30K+93H:AL_3	elbasvir	elbasvir	drug_resistance	Merck	NS5A inhibitors	28470815	https://doi.org/10.1111/jvh.12719
NS5A	1	30	K	REF_MASTER_NC_004102	NS5A:30K	aminoAcidSimplePolymorphism	NS5A:30K+93H	combination	NS5A:30K+93H	2.0	1.0	phdr_ras:NS5A:30K+93H	NS5A:30K+93H	AL_3a	A30K+Y93H	NS5A:30K+93H:AL_3a:daclatasvir	category_I	I	1.0	1.0	10000.0	1.0	0.0	1.0	NS5A:30K+93H:AL_3a	daclatasvir	daclatasvir	drug_resistance	Bristol-Myers Squibb 	NS5A inhibitors	25614962;29425396	https://doi.org/10.1002/hep.27726;https://doi.org/10.1002/hep.29837
NS5A	1	30	K	REF_MASTER_NC_004102	NS5A:30K	aminoAcidSimplePolymorphism	NS5A:30K+93H	combination	NS5A:30K+93H	2.0	1.0	phdr_ras:NS5A:30K+93H	NS5A:30K+93H	AL_3a	A30K+Y93H	NS5A:30K+93H:AL_3a:elbasvir	category_II	II	2.0	1.0	100000000.0	0.0			NS5A:30K+93H:AL_3a	elbasvir	elbasvir	drug_resistance	Merck	NS5A inhibitors	29425396	https://doi.org/10.1002/hep.29837
NS5A	1	30	K	REF_MASTER_NC_004102	NS5A:30K	aminoAcidSimplePolymorphism	NS5A:30K+93H	combination	NS5A:30K+93H	2.0	1.0	phdr_ras:NS5A:30K+93H	NS5A:30K+93H	AL_3a	A30K+Y93H	NS5A:30K+93H:AL_3a:pibrentasvir	category_I	I	1.0	1.0	69.0	1.0	1.0	0.0	NS5A:30K+93H:AL_3a	pibrentasvir	pibrentasvir	drug_resistance	Abbvie	NS5A inhibitors	EASL_2017_FRI_205;29425396	https://doi.org/10.1016/S0168-8278(17)31399-5;https://doi.org/10.1002/hep.29837
NS5A	1	30	K	REF_MASTER_NC_004102	NS5A:30K	aminoAcidSimplePolymorphism	NS5A:30K+93H	combination	NS5A:30K+93H	2.0	1.0	phdr_ras:NS5A:30K+93H	NS5A:30K+93H	AL_3a	A30K+Y93H	NS5A:30K+93H:AL_3a:velpatasvir	category_II	II	2.0	1.0	10000.0	0.0			NS5A:30K+93H:AL_3a	velpatasvir	velpatasvir	drug_resistance	Gilead Sciences	NS5A inhibitors	29425396	https://doi.org/10.1002/hep.29837
NS5A	1	30	L	REF_MASTER_NC_004102	NS5A:30L	aminoAcidSimplePolymorphism	NS5A:24K+28M+30L	combination	NS5A:24K+28M+30L	3.0	3.0	phdr_ras:NS5A:24K+28M+30L	NS5A:24K+28M+30L	AL_1b	Q24K+L28M+R30L	NS5A:24K+28M+30L:AL_1b:daclatasvir	category_II	II	2.0	0.0		1.0	1.0	0.0	NS5A:24K+28M+30L:AL_1b	daclatasvir	daclatasvir	drug_resistance	Bristol-Myers Squibb 	NS5A inhibitors	28078469	https://doi.org/10.1007/s00535-016-1303-0
NS5A	1	30	L	REF_MASTER_NC_004102	NS5A:30L	aminoAcidSimplePolymorphism	NS5A:30L	single				phdr_ras:NS5A:30L	NS5A:30L	AL_1a	Q30L	NS5A:30L:AL_1a:daclatasvir	insignificant	-	4.0	1.0	3.7	0.0			NS5A:30L:AL_1a	daclatasvir	daclatasvir	drug_resistance	Bristol-Myers Squibb 	NS5A inhibitors	22214777	https://doi.org/10.1128/AAC.05977-11
NS5A	1	30	L	REF_MASTER_NC_004102	NS5A:30L	aminoAcidSimplePolymorphism	NS5A:30L	single				phdr_ras:NS5A:30L	NS5A:30L	AL_1a	Q30L	NS5A:30L:AL_1a:elbasvir	category_II	II	2.0	0.0		1.0	1.0	0.0	NS5A:30L:AL_1a	elbasvir	elbasvir	drug_resistance	Merck	NS5A inhibitors	27773808	https://doi.org/10.1053/j.gastro.2016.10.017
NS5A	1	30	L	REF_MASTER_NC_004102	NS5A:30L	aminoAcidSimplePolymorphism	NS5A:30L	single				phdr_ras:NS5A:30L	NS5A:30L	AL_1a	Q30L	NS5A:30L:AL_1a:ledipasvir	category_II	II	2.0	1.0	4.3	1.0	0.0	1.0	NS5A:30L:AL_1a	ledipasvir	ledipasvir	drug_resistance	Gilead Sciences	NS5A inhibitors	27923693	https://doi.org/10.1016/j.jhep.2016.11.022
NS5A	1	30	L	REF_MASTER_NC_004102	NS5A:30L	aminoAcidSimplePolymorphism	NS5A:30L	single				phdr_ras:NS5A:30L	NS5A:30L	AL_1b	R30L	NS5A:30L:AL_1b:daclatasvir	category_II	II	2.0	0.0		1.0	1.0	0.0	NS5A:30L:AL_1b	daclatasvir	daclatasvir	drug_resistance	Bristol-Myers Squibb 	NS5A inhibitors	26453968;26878268	https://doi.org/10.1016/j.jhep.2015.09.024;https://doi.org/10.1111/hepr.12673
NS5A	1	30	L	REF_MASTER_NC_004102	NS5A:30L	aminoAcidSimplePolymorphism	NS5A:30L	single				phdr_ras:NS5A:30L	NS5A:30L	AL_3	A30L	NS5A:30L:AL_3:elbasvir	category_II	II	2.0	0.0		1.0	1.0	0.0	NS5A:30L:AL_3	elbasvir	elbasvir	drug_resistance	Merck	NS5A inhibitors	28470815	https://doi.org/10.1111/jvh.12719
NS5A	1	30	L	REF_MASTER_NC_004102	NS5A:30L	aminoAcidSimplePolymorphism	NS5A:30L+31M+93H	combination	NS5A:30L+31M+93H	3.0	1.0	phdr_ras:NS5A:30L+31M+93H	NS5A:30L+31M+93H	AL_1a	Q30L+L31M+Y93H	NS5A:30L+31M+93H:AL_1a:ledipasvir	category_II	II	2.0	0.0		1.0	0.0	1.0	NS5A:30L+31M+93H:AL_1a	ledipasvir	ledipasvir	drug_resistance	Gilead Sciences	NS5A inhibitors	27923693	https://doi.org/10.1016/j.jhep.2016.11.022
NS5A	1	30	L	REF_MASTER_NC_004102	NS5A:30L	aminoAcidSimplePolymorphism	NS5A:30L+93H	combination	NS5A:30L+93H	2.0	1.0	phdr_ras:NS5A:30L+93H	NS5A:30L+93H	AL_1a	Q30L+Y93H	NS5A:30L+93H:AL_1a:elbasvir	category_II	II	2.0	0.0		1.0	1.0	0.0	NS5A:30L+93H:AL_1a	elbasvir	elbasvir	drug_resistance	Merck	NS5A inhibitors	25467591;28193518	https://doi.org/10.1016/S0140-6736(14)61795-5;https://doi.org/10.1053/j.gastro.2017.01.050
NS5A	1	30	L	REF_MASTER_NC_004102	NS5A:30L	aminoAcidSimplePolymorphism	NS5A:30L+93H	combination	NS5A:30L+93H	2.0	1.0	phdr_ras:NS5A:30L+93H	NS5A:30L+93H	AL_1a	Q30L+Y93H	NS5A:30L+93H:AL_1a:ledipasvir	category_I	I	1.0	0.0		1.0	1.0	1.0	NS5A:30L+93H:AL_1a	ledipasvir	ledipasvir	drug_resistance	Gilead Sciences	NS5A inhibitors	27923693	https://doi.org/10.1016/j.jhep.2016.11.022
NS5A	1	30	L	REF_MASTER_NC_004102	NS5A:30L	aminoAcidSimplePolymorphism	NS5A:30L+93H	combination	NS5A:30L+93H	2.0	1.0	phdr_ras:NS5A:30L+93H	NS5A:30L+93H	AL_1a	Q30L+Y93H	NS5A:30L+93H:AL_1a:ombitasvir	category_II	II	2.0	1.0	416.0	0.0			NS5A:30L+93H:AL_1a	ombitasvir	ombitasvir	drug_resistance	Abbvie	NS5A inhibitors	25451055	https://doi.org/10.1128/AAC.04226-14
NS5A	1	30	L	REF_MASTER_NC_004102	NS5A:30L	aminoAcidSimplePolymorphism	NS5A:30L+93S	combination	NS5A:30L+93S	2.0	1.0	phdr_ras:NS5A:30L+93S	NS5A:30L+93S	AL_1a	Q30L+Y93S	NS5A:30L+93S:AL_1a:ombitasvir	category_II	II	2.0	1.0	218.0	0.0			NS5A:30L+93S:AL_1a	ombitasvir	ombitasvir	drug_resistance	Abbvie	NS5A inhibitors	25451055	https://doi.org/10.1128/AAC.04226-14
NS5A	1	30	Q	REF_MASTER_NC_004102	NS5A:30Q	aminoAcidSimplePolymorphism	NS5A:24K+28I+30Q+31I+32L+54Y	combination	NS5A:24K+28I+30Q+31I+32L+54Y	6.0	3.0	phdr_ras:NS5A:24K+28I+30Q+31I+32L+54Y	NS5A:24K+28I+30Q+31I+32L+54Y	AL_1b	Q24K+L28I+R30Q+L31I+P32L+H/Q54Y	NS5A:24K+28I+30Q+31I+32L+54Y:AL_1b:daclatasvir	category_II	II	2.0	0.0		1.0	0.0	1.0	NS5A:24K+28I+30Q+31I+32L+54Y:AL_1b	daclatasvir	daclatasvir	drug_resistance	Bristol-Myers Squibb 	NS5A inhibitors	28078469	https://doi.org/10.1007/s00535-016-1303-0
NS5A	1	30	Q	REF_MASTER_NC_004102	NS5A:30Q	aminoAcidSimplePolymorphism	NS5A:24K+28M+30Q	combination	NS5A:24K+28M+30Q	3.0	3.0	phdr_ras:NS5A:24K+28M+30Q	NS5A:24K+28M+30Q	AL_1b	Q24K+L28M+R30Q	NS5A:24K+28M+30Q:AL_1b:daclatasvir	category_II	II	2.0	0.0		1.0	1.0	0.0	NS5A:24K+28M+30Q:AL_1b	daclatasvir	daclatasvir	drug_resistance	Bristol-Myers Squibb 	NS5A inhibitors	28078469	https://doi.org/10.1007/s00535-016-1303-0
NS5A	1	30	Q	REF_MASTER_NC_004102	NS5A:30Q	aminoAcidSimplePolymorphism	NS5A:24K+28M+30Q+37V+54H	combination	NS5A:24K+28M+30Q+37V+54H	5.0	3.0	phdr_ras:NS5A:24K+28M+30Q+37V+54H	NS5A:24K+28M+30Q+37V+54H	AL_1b	Q24K+L28M+R30Q+F/L37V+H/Q54H	NS5A:24K+28M+30Q+37V+54H:AL_1b:daclatasvir	category_II	II	2.0	0.0		1.0	1.0	0.0	NS5A:24K+28M+30Q+37V+54H:AL_1b	daclatasvir	daclatasvir	drug_resistance	Bristol-Myers Squibb 	NS5A inhibitors	28078469	https://doi.org/10.1007/s00535-016-1303-0
NS5A	1	30	Q	REF_MASTER_NC_004102	NS5A:30Q	aminoAcidSimplePolymorphism	NS5A:24K+28M+30Q+92T	combination	NS5A:24K+28M+30Q+92T	4.0	3.0	phdr_ras:NS5A:24K+28M+30Q+92T	NS5A:24K+28M+30Q+92T	AL_1b	Q24K+L28M+R30Q+A92T	NS5A:24K+28M+30Q+92T:AL_1b:daclatasvir	category_II	II	2.0	0.0		1.0	1.0	0.0	NS5A:24K+28M+30Q+92T:AL_1b	daclatasvir	daclatasvir	drug_resistance	Bristol-Myers Squibb 	NS5A inhibitors	28078469	https://doi.org/10.1007/s00535-016-1303-0
NS5A	1	30	Q	REF_MASTER_NC_004102	NS5A:30Q	aminoAcidSimplePolymorphism	NS5A:24K+28V+30Q	combination	NS5A:24K+28V+30Q	3.0	3.0	phdr_ras:NS5A:24K+28V+30Q	NS5A:24K+28V+30Q	AL_1b	Q24K+L28V+R30Q	NS5A:24K+28V+30Q:AL_1b:daclatasvir	category_II	II	2.0	0.0		1.0	1.0	0.0	NS5A:24K+28V+30Q:AL_1b	daclatasvir	daclatasvir	drug_resistance	Bristol-Myers Squibb 	NS5A inhibitors	28078469	https://doi.org/10.1007/s00535-016-1303-0
NS5A	1	30	Q	REF_MASTER_NC_004102	NS5A:30Q	aminoAcidSimplePolymorphism	NS5A:24R+30Q+31M+37L+93H	combination	NS5A:24R+30Q+31M+37L+93H	5.0	2.0	phdr_ras:NS5A:24R+30Q+31M+37L+93H	NS5A:24R+30Q+31M+37L+93H	AL_1b	Q24R+R30Q+L31M+F/L37L+Y93H	NS5A:24R+30Q+31M+37L+93H:AL_1b:daclatasvir	category_II	II	2.0	0.0		1.0	0.0	1.0	NS5A:24R+30Q+31M+37L+93H:AL_1b	daclatasvir	daclatasvir	drug_resistance	Bristol-Myers Squibb 	NS5A inhibitors	28078469	https://doi.org/10.1007/s00535-016-1303-0
NS5A	1	30	Q	REF_MASTER_NC_004102	NS5A:30Q	aminoAcidSimplePolymorphism	NS5A:28I+30Q	combination	NS5A:28I+30Q	2.0	2.0	phdr_ras:NS5A:28I+30Q	NS5A:28I+30Q	AL_1b	L28I+R30Q	NS5A:28I+30Q:AL_1b:daclatasvir	category_II	II	2.0	0.0		1.0	1.0	0.0	NS5A:28I+30Q:AL_1b	daclatasvir	daclatasvir	drug_resistance	Bristol-Myers Squibb 	NS5A inhibitors	27009831	https://doi.org/10.1111/liv.13128
NS5A	1	30	Q	REF_MASTER_NC_004102	NS5A:30Q	aminoAcidSimplePolymorphism	NS5A:28M+30Q	combination	NS5A:28M+30Q	2.0	2.0	phdr_ras:NS5A:28M+30Q	NS5A:28M+30Q	AL_1b	L28M+R30Q	NS5A:28M+30Q:AL_1b:ombitasvir	insignificant	-	4.0	0.0		1.0	0.0	0.0	NS5A:28M+30Q:AL_1b	ombitasvir	ombitasvir	drug_resistance	Abbvie	NS5A inhibitors	26643326	https://doi.org/10.1128/AAC.02606-15
NS5A	1	30	Q	REF_MASTER_NC_004102	NS5A:30Q	aminoAcidSimplePolymorphism	NS5A:28M+30Q+31M	combination	NS5A:28M+30Q+31M	3.0	2.0	phdr_ras:NS5A:28M+30Q+31M	NS5A:28M+30Q+31M	AL_1l	M28M+Q/R30Q+M31M	NS5A:28M+30Q+31M:AL_1l:daclatasvir	category_II	II	2.0	0.0		1.0	1.0	0.0	NS5A:28M+30Q+31M:AL_1l	daclatasvir	daclatasvir	drug_resistance	Bristol-Myers Squibb 	NS5A inhibitors	28789880	https://doi.org/10.1016/j.jhep.2017.06.035
NS5A	1	30	Q	REF_MASTER_NC_004102	NS5A:30Q	aminoAcidSimplePolymorphism	NS5A:28M+30Q+92K	combination	NS5A:28M+30Q+92K	3.0	2.0	phdr_ras:NS5A:28M+30Q+92K	NS5A:28M+30Q+92K	AL_1b	L28M+R30Q+A92K	NS5A:28M+30Q+92K:AL_1b:daclatasvir	category_II	II	2.0	0.0		1.0	0.0	1.0	NS5A:28M+30Q+92K:AL_1b	daclatasvir	daclatasvir	drug_resistance	Bristol-Myers Squibb 	NS5A inhibitors	24448487	https://doi.org/10.3851/IMP2729
NS5A	1	30	Q	REF_MASTER_NC_004102	NS5A:30Q	aminoAcidSimplePolymorphism	NS5A:28M+30Q+93H	combination	NS5A:28M+30Q+93H	3.0	2.0	phdr_ras:NS5A:28M+30Q+93H	NS5A:28M+30Q+93H	AL_1b	L28M+R30Q+Y93H	NS5A:28M+30Q+93H:AL_1b:ombitasvir	category_I	I	1.0	1.0	981.0	1.0	1.0	0.0	NS5A:28M+30Q+93H:AL_1b	ombitasvir	ombitasvir	drug_resistance	Abbvie	NS5A inhibitors	26643326	https://doi.org/10.1128/AAC.02606-15
NS5A	1	30	Q	REF_MASTER_NC_004102	NS5A:30Q	aminoAcidSimplePolymorphism	NS5A:28V+30Q	combination	NS5A:28V+30Q	2.0	2.0	phdr_ras:NS5A:28V+30Q	NS5A:28V+30Q	AL_1b	L28V+R30Q	NS5A:28V+30Q:AL_1b:daclatasvir	category_II	II	2.0	0.0		1.0	1.0	0.0	NS5A:28V+30Q:AL_1b	daclatasvir	daclatasvir	drug_resistance	Bristol-Myers Squibb 	NS5A inhibitors	27009831	https://doi.org/10.1111/liv.13128
NS5A	1	30	Q	REF_MASTER_NC_004102	NS5A:30Q	aminoAcidSimplePolymorphism	NS5A:28V+30Q	combination	NS5A:28V+30Q	2.0	2.0	phdr_ras:NS5A:28V+30Q	NS5A:28V+30Q	AL_4	L/M28V+L/R30Q	NS5A:28V+30Q:AL_4:daclatasvir	category_II	II	2.0	0.0		1.0	1.0	0.0	NS5A:28V+30Q:AL_4	daclatasvir	daclatasvir	drug_resistance	Bristol-Myers Squibb 	NS5A inhibitors	29271114	https://doi.org/10.1111/apt.14478
NS5A	1	30	Q	REF_MASTER_NC_004102	NS5A:30Q	aminoAcidSimplePolymorphism	NS5A:30Q	single				phdr_ras:NS5A:30Q	NS5A:30Q	AL_1b	R30Q	NS5A:30Q:AL_1b:daclatasvir	category_I	I	1.0	0.0		1.0	1.0	1.0	NS5A:30Q:AL_1b	daclatasvir	daclatasvir	drug_resistance	Bristol-Myers Squibb 	NS5A inhibitors	26453968;26878268;27009831	https://doi.org/10.1016/j.jhep.2015.09.024;https://doi.org/10.1111/hepr.12673;https://doi.org/10.1111/liv.13128
NS5A	1	30	Q	REF_MASTER_NC_004102	NS5A:30Q	aminoAcidSimplePolymorphism	NS5A:30Q	single				phdr_ras:NS5A:30Q	NS5A:30Q	AL_1b	R30Q	NS5A:30Q:AL_1b:elbasvir	insignificant	-	4.0	1.0	3.0	0.0			NS5A:30Q:AL_1b	elbasvir	elbasvir	drug_resistance	Merck	NS5A inhibitors	24127258	https://doi.org/10.1002/cmdc.201300343
NS5A	1	30	Q	REF_MASTER_NC_004102	NS5A:30Q	aminoAcidSimplePolymorphism	NS5A:30Q	single				phdr_ras:NS5A:30Q	NS5A:30Q	AL_1b	R30Q	NS5A:30Q:AL_1b:ombitasvir	category_II	II	2.0	0.0		1.0	0.0	1.0	NS5A:30Q:AL_1b	ombitasvir	ombitasvir	drug_resistance	Abbvie	NS5A inhibitors	26643326	https://doi.org/10.1128/AAC.02606-15
NS5A	1	30	Q	REF_MASTER_NC_004102	NS5A:30Q	aminoAcidSimplePolymorphism	NS5A:30Q+31F	combination	NS5A:30Q+31F	2.0	1.0	phdr_ras:NS5A:30Q+31F	NS5A:30Q+31F	AL_1b	R30Q+L31F	NS5A:30Q+31F:AL_1b:daclatasvir	category_II	II	2.0	1.0	90.0	0.0			NS5A:30Q+31F:AL_1b	daclatasvir	daclatasvir	drug_resistance	Bristol-Myers Squibb 	NS5A inhibitors	20585111;22850513	https://doi.org/10.1128/AAC.00556-10;https://doi.org/10.1128/AAC.01209-12
NS5A	1	30	Q	REF_MASTER_NC_004102	NS5A:30Q	aminoAcidSimplePolymorphism	NS5A:30Q+31M	combination	NS5A:30Q+31M	2.0	1.0	phdr_ras:NS5A:30Q+31M	NS5A:30Q+31M	AL_1b	R30Q+L31M	NS5A:30Q+31M:AL_1b:daclatasvir	category_III	III	3.0	1.0	11.0	0.0			NS5A:30Q+31M:AL_1b	daclatasvir	daclatasvir	drug_resistance	Bristol-Myers Squibb 	NS5A inhibitors	22850513	https://doi.org/10.1128/AAC.01209-12
NS5A	1	30	Q	REF_MASTER_NC_004102	NS5A:30Q	aminoAcidSimplePolymorphism	NS5A:30Q+31M+93H	combination	NS5A:30Q+31M+93H	3.0	1.0	phdr_ras:NS5A:30Q+31M+93H	NS5A:30Q+31M+93H	AL_1b	R30Q+L31M+Y93H	NS5A:30Q+31M+93H:AL_1b:daclatasvir	category_II	II	2.0	1.0	34000.0	0.0			NS5A:30Q+31M+93H:AL_1b	daclatasvir	daclatasvir	drug_resistance	Bristol-Myers Squibb 	NS5A inhibitors	22850513	https://doi.org/10.1128/AAC.01209-12
NS5A	1	30	Q	REF_MASTER_NC_004102	NS5A:30Q	aminoAcidSimplePolymorphism	NS5A:30Q+54H+93H	combination	NS5A:30Q+54H+93H	3.0	1.0	phdr_ras:NS5A:30Q+54H+93H	NS5A:30Q+54H+93H	AL_1b	R30Q+H/Q54H+Y93H	NS5A:30Q+54H+93H:AL_1b:ledipasvir	category_II	II	2.0	0.0		1.0	1.0	0.0	NS5A:30Q+54H+93H:AL_1b	ledipasvir	ledipasvir	drug_resistance	Gilead Sciences	NS5A inhibitors	29274188	https://doi.org/10.1111/jvh.12850
NS5A	1	30	Q	REF_MASTER_NC_004102	NS5A:30Q	aminoAcidSimplePolymorphism	NS5A:30Q+92R	combination	NS5A:30Q+92R	2.0	1.0	phdr_ras:NS5A:30Q+92R	NS5A:30Q+92R	AL_2a	K30Q+C92R	NS5A:30Q+92R:AL_2a:daclatasvir	insignificant	-	4.0	1.0	0.4	0.0			NS5A:30Q+92R:AL_2a	daclatasvir	daclatasvir	drug_resistance	Bristol-Myers Squibb 	NS5A inhibitors	21593143	https://doi.org/10.1128/JVI.00253-11
NS5A	1	30	Q	REF_MASTER_NC_004102	NS5A:30Q	aminoAcidSimplePolymorphism	NS5A:30Q+93H	combination	NS5A:30Q+93H	2.0	1.0	phdr_ras:NS5A:30Q+93H	NS5A:30Q+93H	AL_1b	R30Q+Y93H	NS5A:30Q+93H:AL_1b:daclatasvir	category_II	II	2.0	0.0		1.0	0.0	1.0	NS5A:30Q+93H:AL_1b	daclatasvir	daclatasvir	drug_resistance	Bristol-Myers Squibb 	NS5A inhibitors	26878268;24444658	https://doi.org/10.1111/hepr.12673;https://doi.org/10.1016/j.jhep.2013.10.019
NS5A	1	30	Q	REF_MASTER_NC_004102	NS5A:30Q	aminoAcidSimplePolymorphism	NS5A:30Q+93H	combination	NS5A:30Q+93H	2.0	1.0	phdr_ras:NS5A:30Q+93H	NS5A:30Q+93H	AL_1b	R30Q+Y93H	NS5A:30Q+93H:AL_1b:ombitasvir	category_II	II	2.0	1.0	284.0	0.0			NS5A:30Q+93H:AL_1b	ombitasvir	ombitasvir	drug_resistance	Abbvie	NS5A inhibitors	26643326;25451055	https://doi.org/10.1128/AAC.02606-15;https://doi.org/10.1128/AAC.04226-14
NS5A	1	30	R	REF_MASTER_NC_004102	NS5A:30R	aminoAcidSimplePolymorphism	NS5A:24M+30R+81M	combination	NS5A:24M+30R+81M	3.0	2.0	phdr_ras:NS5A:24M+30R+81M	NS5A:24M+30R+81M	AL_1a	K24M+Q30R+R81M	NS5A:24M+30R+81M:AL_1a:elbasvir	category_II	II	2.0	1.0	69.0	0.0			NS5A:24M+30R+81M:AL_1a	elbasvir	elbasvir	drug_resistance	Merck	NS5A inhibitors	26926625	https://doi.org/10.1128/AAC.00051-16
NS5A	1	30	R	REF_MASTER_NC_004102	NS5A:30R	aminoAcidSimplePolymorphism	NS5A:24R+30R	combination	NS5A:24R+30R	2.0	2.0	phdr_ras:NS5A:24R+30R	NS5A:24R+30R	AL_1a	K24R+Q30R	NS5A:24R+30R:AL_1a:ledipasvir	category_II	II	2.0	1.0	2859.5	0.0			NS5A:24R+30R:AL_1a	ledipasvir	ledipasvir	drug_resistance	Gilead Sciences	NS5A inhibitors	27923693	https://doi.org/10.1016/j.jhep.2016.11.022
NS5A	1	30	R	REF_MASTER_NC_004102	NS5A:30R	aminoAcidSimplePolymorphism	NS5A:24T+28T+30R	combination	NS5A:24T+28T+30R	3.0	3.0	phdr_ras:NS5A:24T+28T+30R	NS5A:24T+28T+30R	AL_1a	K24T+M28T+Q30R	NS5A:24T+28T+30R:AL_1a:elbasvir	category_II	II	2.0	1.0	7000.0	0.0			NS5A:24T+28T+30R:AL_1a	elbasvir	elbasvir	drug_resistance	Merck	NS5A inhibitors	26926625	https://doi.org/10.1128/AAC.00051-16
NS5A	1	30	R	REF_MASTER_NC_004102	NS5A:30R	aminoAcidSimplePolymorphism	NS5A:28A+30R	combination	NS5A:28A+30R	2.0	2.0	phdr_ras:NS5A:28A+30R	NS5A:28A+30R	AL_1a	M28A+Q30R	NS5A:28A+30R:AL_1a:daclatasvir	category_II	II	2.0	0.0		1.0	0.0	1.0	NS5A:28A+30R:AL_1a	daclatasvir	daclatasvir	drug_resistance	Bristol-Myers Squibb 	NS5A inhibitors	24444658	https://doi.org/10.1016/j.jhep.2013.10.019
NS5A	1	30	R	REF_MASTER_NC_004102	NS5A:30R	aminoAcidSimplePolymorphism	NS5A:28G+30R	combination	NS5A:28G+30R	2.0	2.0	phdr_ras:NS5A:28G+30R	NS5A:28G+30R															drug_resistance				
NS5A	1	30	R	REF_MASTER_NC_004102	NS5A:30R	aminoAcidSimplePolymorphism	NS5A:28I+30R+31M	combination	NS5A:28I+30R+31M	3.0	2.0	phdr_ras:NS5A:28I+30R+31M	NS5A:28I+30R+31M	AL_4r	M/V28I+R30R+L/M31M	NS5A:28I+30R+31M:AL_4r:elbasvir	category_II	II	2.0	0.0		1.0	0.0	1.0	NS5A:28I+30R+31M:AL_4r	elbasvir	elbasvir	drug_resistance	Merck	NS5A inhibitors	30125371	https://doi.org/10.1002/hep.30225
NS5A	1	30	R	REF_MASTER_NC_004102	NS5A:30R	aminoAcidSimplePolymorphism	NS5A:28I+30R+31V	combination	NS5A:28I+30R+31V	3.0	2.0	phdr_ras:NS5A:28I+30R+31V	NS5A:28I+30R+31V	AL_4r	M/V28I+R30R+L/M31V	NS5A:28I+30R+31V:AL_4r:ledipasvir	category_II	II	2.0	0.0		1.0	0.0	1.0	NS5A:28I+30R+31V:AL_4r	ledipasvir	ledipasvir	drug_resistance	Gilead Sciences	NS5A inhibitors	30125371	https://doi.org/10.1002/hep.30225
NS5A	1	30	R	REF_MASTER_NC_004102	NS5A:30R	aminoAcidSimplePolymorphism	NS5A:28M+30R+31L	combination	NS5A:28M+30R+31L	3.0	2.0	phdr_ras:NS5A:28M+30R+31L	NS5A:28M+30R+31L	AL_4r	M/V28M+R30R+L/M31L	NS5A:28M+30R+31L:AL_4r:ledipasvir	category_I	I	1.0	0.0		1.0	1.0	1.0	NS5A:28M+30R+31L:AL_4r	ledipasvir	ledipasvir	drug_resistance	Gilead Sciences	NS5A inhibitors	28789880	https://doi.org/10.1016/j.jhep.2017.06.035
NS5A	1	30	R	REF_MASTER_NC_004102	NS5A:30R	aminoAcidSimplePolymorphism	NS5A:28M+30R+31L+93H	combination	NS5A:28M+30R+31L+93H	4.0	2.0	phdr_ras:NS5A:28M+30R+31L+93H	NS5A:28M+30R+31L+93H	AL_4r	M/V28M+R30R+L/M31L+Y93H	NS5A:28M+30R+31L+93H:AL_4r:ledipasvir	category_II	II	2.0	0.0		1.0	0.0	1.0	NS5A:28M+30R+31L+93H:AL_4r	ledipasvir	ledipasvir	drug_resistance	Gilead Sciences	NS5A inhibitors	28789880	https://doi.org/10.1016/j.jhep.2017.06.035
NS5A	1	30	R	REF_MASTER_NC_004102	NS5A:30R	aminoAcidSimplePolymorphism	NS5A:28M+30R+31M	combination	NS5A:28M+30R+31M	3.0	2.0	phdr_ras:NS5A:28M+30R+31M	NS5A:28M+30R+31M	AL_1l	M28M+Q/R30R+M31M	NS5A:28M+30R+31M:AL_1l:ledipasvir	category_I	I	1.0	0.0		1.0	1.0	1.0	NS5A:28M+30R+31M:AL_1l	ledipasvir	ledipasvir	drug_resistance	Gilead Sciences	NS5A inhibitors	28789880	https://doi.org/10.1016/j.jhep.2017.06.035
NS5A	1	30	R	REF_MASTER_NC_004102	NS5A:30R	aminoAcidSimplePolymorphism	NS5A:28M+30R+31M	combination	NS5A:28M+30R+31M	3.0	2.0	phdr_ras:NS5A:28M+30R+31M	NS5A:28M+30R+31M	AL_4r	M/V28M+R30R+L/M31M	NS5A:28M+30R+31M:AL_4r:daclatasvir	category_II	II	2.0	0.0		1.0	0.0	1.0	NS5A:28M+30R+31M:AL_4r	daclatasvir	daclatasvir	drug_resistance	Bristol-Myers Squibb 	NS5A inhibitors	30125371	https://doi.org/10.1002/hep.30225
NS5A	1	30	R	REF_MASTER_NC_004102	NS5A:30R	aminoAcidSimplePolymorphism	NS5A:28M+30R+31M	combination	NS5A:28M+30R+31M	3.0	2.0	phdr_ras:NS5A:28M+30R+31M	NS5A:28M+30R+31M	AL_4r	M/V28M+R30R+L/M31M	NS5A:28M+30R+31M:AL_4r:ledipasvir	category_I	I	1.0	0.0		1.0	1.0	1.0	NS5A:28M+30R+31M:AL_4r	ledipasvir	ledipasvir	drug_resistance	Gilead Sciences	NS5A inhibitors	30125371;28789880	https://doi.org/10.1002/hep.30225;https://doi.org/10.1016/j.jhep.2017.06.035
NS5A	1	30	R	REF_MASTER_NC_004102	NS5A:30R	aminoAcidSimplePolymorphism	NS5A:28T+30R	combination	NS5A:28T+30R	2.0	2.0	phdr_ras:NS5A:28T+30R	NS5A:28T+30R	AL_1a	M28T+Q30R	NS5A:28T+30R:AL_1a:daclatasvir	category_II	II	2.0	1.0	59400.0	0.0			NS5A:28T+30R:AL_1a	daclatasvir	daclatasvir	drug_resistance	Bristol-Myers Squibb 	NS5A inhibitors	22214777	https://doi.org/10.1128/AAC.05977-11
NS5A	1	30	R	REF_MASTER_NC_004102	NS5A:30R	aminoAcidSimplePolymorphism	NS5A:28T+30R	combination	NS5A:28T+30R	2.0	2.0	phdr_ras:NS5A:28T+30R	NS5A:28T+30R	AL_1a	M28T+Q30R	NS5A:28T+30R:AL_1a:elbasvir	category_II	II	2.0	0.0		1.0	0.0	1.0	NS5A:28T+30R:AL_1a	elbasvir	elbasvir	drug_resistance	Merck	NS5A inhibitors	25467591	https://doi.org/10.1016/S0140-6736(14)61795-5
NS5A	1	30	R	REF_MASTER_NC_004102	NS5A:30R	aminoAcidSimplePolymorphism	NS5A:28T+30R	combination	NS5A:28T+30R	2.0	2.0	phdr_ras:NS5A:28T+30R	NS5A:28T+30R	AL_1a	M28T+Q30R	NS5A:28T+30R:AL_1a:ledipasvir	category_I	I	1.0	1.0	17764.1	1.0	0.0	1.0	NS5A:28T+30R:AL_1a	ledipasvir	ledipasvir	drug_resistance	Gilead Sciences	NS5A inhibitors	27923693	https://doi.org/10.1016/j.jhep.2016.11.022
NS5A	1	30	R	REF_MASTER_NC_004102	NS5A:30R	aminoAcidSimplePolymorphism	NS5A:28T+30R	combination	NS5A:28T+30R	2.0	2.0	phdr_ras:NS5A:28T+30R	NS5A:28T+30R	AL_1a	M28T+Q30R	NS5A:28T+30R:AL_1a:ombitasvir	category_II	II	2.0	0.0		1.0	0.0	1.0	NS5A:28T+30R:AL_1a	ombitasvir	ombitasvir	drug_resistance	Abbvie	NS5A inhibitors	26100711	https://doi.org/10.1128/AAC.00998-15
NS5A	1	30	R	REF_MASTER_NC_004102	NS5A:30R	aminoAcidSimplePolymorphism	NS5A:28T+30R+31M	combination	NS5A:28T+30R+31M	3.0	2.0	phdr_ras:NS5A:28T+30R+31M	NS5A:28T+30R+31M	AL_1a	M28T+Q30R+L31M	NS5A:28T+30R+31M:AL_1a:pibrentasvir	category_II	II	2.0	1.0	4.6	1.0	1.0	0.0	NS5A:28T+30R+31M:AL_1a	pibrentasvir	pibrentasvir	drug_resistance	Abbvie	NS5A inhibitors	28193664;29152781	https://doi.org/10.1128/AAC.02558-16;https://doi.org/10.1002/hep.29671
NS5A	1	30	R	REF_MASTER_NC_004102	NS5A:30R	aminoAcidSimplePolymorphism	NS5A:28T+30R+31V	combination	NS5A:28T+30R+31V	3.0	2.0	phdr_ras:NS5A:28T+30R+31V	NS5A:28T+30R+31V	AL_1a	M28T+Q30R+L31V	NS5A:28T+30R+31V:AL_1a:elbasvir	category_II	II	2.0	1.0	89143.0	0.0			NS5A:28T+30R+31V:AL_1a	elbasvir	elbasvir	drug_resistance	Merck	NS5A inhibitors	26926625	https://doi.org/10.1128/AAC.00051-16
NS5A	1	30	R	REF_MASTER_NC_004102	NS5A:30R	aminoAcidSimplePolymorphism	NS5A:28T+30R+31V+93H	combination	NS5A:28T+30R+31V+93H	4.0	2.0	phdr_ras:NS5A:28T+30R+31V+93H	NS5A:28T+30R+31V+93H	AL_1a	M28T+Q30R+L31V+Y93H	NS5A:28T+30R+31V+93H:AL_1a:elbasvir	category_II	II	2.0	1.0	714286.0	0.0			NS5A:28T+30R+31V+93H:AL_1a	elbasvir	elbasvir	drug_resistance	Merck	NS5A inhibitors	26926625	https://doi.org/10.1128/AAC.00051-16
NS5A	1	30	R	REF_MASTER_NC_004102	NS5A:30R	aminoAcidSimplePolymorphism	NS5A:28V+30R	combination	NS5A:28V+30R	2.0	2.0	phdr_ras:NS5A:28V+30R	NS5A:28V+30R	AL_1a	M28V+Q30R	NS5A:28V+30R:AL_1a:daclatasvir	category_II	II	2.0	1.0	350.0	0.0			NS5A:28V+30R:AL_1a	daclatasvir	daclatasvir	drug_resistance	Bristol-Myers Squibb 	NS5A inhibitors	21809362	https://doi.org/10.1002/hep.24594
NS5A	1	30	R	REF_MASTER_NC_004102	NS5A:30R	aminoAcidSimplePolymorphism	NS5A:28V+30R	combination	NS5A:28V+30R	2.0	2.0	phdr_ras:NS5A:28V+30R	NS5A:28V+30R	AL_1a	M28V+Q30R	NS5A:28V+30R:AL_1a:ombitasvir	category_II	II	2.0	0.0		1.0	1.0	0.0	NS5A:28V+30R:AL_1a	ombitasvir	ombitasvir	drug_resistance	Abbvie	NS5A inhibitors	EASL_2016_Abs_LBP503	https://doi.org/10.1016/S0168-8278(16)00180-X
NS5A	1	30	R	REF_MASTER_NC_004102	NS5A:30R	aminoAcidSimplePolymorphism	NS5A:28V+30R	combination	NS5A:28V+30R	2.0	2.0	phdr_ras:NS5A:28V+30R	NS5A:28V+30R	AL_1a	M28V+Q30R	NS5A:28V+30R:AL_1a:pibrentasvir	category_II	II	2.0	0.0		1.0	1.0	0.0	NS5A:28V+30R:AL_1a	pibrentasvir	pibrentasvir	drug_resistance	Abbvie	NS5A inhibitors	29152781	https://doi.org/10.1002/hep.29671
NS5A	1	30	R	REF_MASTER_NC_004102	NS5A:30R	aminoAcidSimplePolymorphism	NS5A:28V+30R	combination	NS5A:28V+30R	2.0	2.0	phdr_ras:NS5A:28V+30R	NS5A:28V+30R	AL_4r	M/V28V+R30R	NS5A:28V+30R:AL_4r:ledipasvir	category_I	I	1.0	0.0		1.0	1.0	1.0	NS5A:28V+30R:AL_4r	ledipasvir	ledipasvir	drug_resistance	Gilead Sciences	NS5A inhibitors	30125371	https://doi.org/10.1002/hep.30225
NS5A	1	30	R	REF_MASTER_NC_004102	NS5A:30R	aminoAcidSimplePolymorphism	NS5A:28V+30R+31M	combination	NS5A:28V+30R+31M	3.0	2.0	phdr_ras:NS5A:28V+30R+31M	NS5A:28V+30R+31M	AL_1a	M28V+Q30R+L31M	NS5A:28V+30R+31M:AL_1a:pibrentasvir	category_II	II	2.0	0.0		1.0	1.0	0.0	NS5A:28V+30R+31M:AL_1a	pibrentasvir	pibrentasvir	drug_resistance	Abbvie	NS5A inhibitors	29152781	https://doi.org/10.1002/hep.29671
NS5A	1	30	R	REF_MASTER_NC_004102	NS5A:30R	aminoAcidSimplePolymorphism	NS5A:28V+30R+31M	combination	NS5A:28V+30R+31M	3.0	2.0	phdr_ras:NS5A:28V+30R+31M	NS5A:28V+30R+31M	AL_4r	M/V28V+R30R+L/M31M	NS5A:28V+30R+31M:AL_4r:daclatasvir	category_II	II	2.0	0.0		1.0	1.0	0.0	NS5A:28V+30R+31M:AL_4r	daclatasvir	daclatasvir	drug_resistance	Bristol-Myers Squibb 	NS5A inhibitors	30125371	https://doi.org/10.1002/hep.30225
NS5A	1	30	R	REF_MASTER_NC_004102	NS5A:30R	aminoAcidSimplePolymorphism	NS5A:28V+30R+31M	combination	NS5A:28V+30R+31M	3.0	2.0	phdr_ras:NS5A:28V+30R+31M	NS5A:28V+30R+31M	AL_4r	M/V28V+R30R+L/M31M	NS5A:28V+30R+31M:AL_4r:ledipasvir	category_I	I	1.0	0.0		1.0	1.0	1.0	NS5A:28V+30R+31M:AL_4r	ledipasvir	ledipasvir	drug_resistance	Gilead Sciences	NS5A inhibitors	30125371	https://doi.org/10.1002/hep.30225
NS5A	1	30	R	REF_MASTER_NC_004102	NS5A:30R	aminoAcidSimplePolymorphism	NS5A:28V+30R+31M+93H	combination	NS5A:28V+30R+31M+93H	4.0	2.0	phdr_ras:NS5A:28V+30R+31M+93H	NS5A:28V+30R+31M+93H	AL_4r	M/V28V+R30R+L/M31M+Y93H	NS5A:28V+30R+31M+93H:AL_4r:ledipasvir	category_II	II	2.0	0.0		1.0	0.0	1.0	NS5A:28V+30R+31M+93H:AL_4r	ledipasvir	ledipasvir	drug_resistance	Gilead Sciences	NS5A inhibitors	30125371	https://doi.org/10.1002/hep.30225
NS5A	1	30	R	REF_MASTER_NC_004102	NS5A:30R	aminoAcidSimplePolymorphism	NS5A:28V+30R+31M+93H	combination	NS5A:28V+30R+31M+93H	4.0	2.0	phdr_ras:NS5A:28V+30R+31M+93H	NS5A:28V+30R+31M+93H	AL_4r	M/V28V+R30R+L/M31M+Y93H	NS5A:28V+30R+31M+93H:AL_4r:velpatasvir	category_II	II	2.0	0.0		1.0	0.0	1.0	NS5A:28V+30R+31M+93H:AL_4r	velpatasvir	velpatasvir	drug_resistance	Gilead Sciences	NS5A inhibitors	30125371	https://doi.org/10.1002/hep.30225
NS5A	1	30	R	REF_MASTER_NC_004102	NS5A:30R	aminoAcidSimplePolymorphism	NS5A:28V+30R+31V	combination	NS5A:28V+30R+31V	3.0	2.0	phdr_ras:NS5A:28V+30R+31V	NS5A:28V+30R+31V	AL_4r	M/V28V+R30R+L/M31V	NS5A:28V+30R+31V:AL_4r:ledipasvir	category_II	II	2.0	0.0		1.0	0.0	1.0	NS5A:28V+30R+31V:AL_4r	ledipasvir	ledipasvir	drug_resistance	Gilead Sciences	NS5A inhibitors	30125371	https://doi.org/10.1002/hep.30225
NS5A	1	30	R	REF_MASTER_NC_004102	NS5A:30R	aminoAcidSimplePolymorphism	NS5A:30R	single				phdr_ras:NS5A:30R	NS5A:30R	AL_1a	Q30R	NS5A:30R:AL_1a:daclatasvir	category_I	I	1.0	1.0	1227.0	1.0	1.0	1.0	NS5A:30R:AL_1a	daclatasvir	daclatasvir	drug_resistance	Bristol-Myers Squibb 	NS5A inhibitors	26196502;28941023;20410884;29274866;27025835;29146520;21809362;22256805	https://doi.org/10.1056/NEJMoa1503153;https://doi.org/10.1111/liv.13596;https://doi.org/10.1038/nature08960;https://doi.org/10.1053/j.gastro.2017.12.015;https://doi.org/10.1093/cid/ciw163;https://doi.org/10.1053/j.gastro.2017.11.007;https://doi.org/10.1002/hep.24594;https://doi.org/10.1056/NEJMoa1104430
NS5A	1	30	R	REF_MASTER_NC_004102	NS5A:30R	aminoAcidSimplePolymorphism	NS5A:30R	single				phdr_ras:NS5A:30R	NS5A:30R	AL_1a	Q30R	NS5A:30R:AL_1a:elbasvir	category_I	I	1.0	1.0	125.0	1.0	1.0	1.0	NS5A:30R:AL_1a	elbasvir	elbasvir	drug_resistance	Merck	NS5A inhibitors	25467560;25467591;29274866;26303801;24127258;26371152;26926625;27773808;26423374;27720838;28193518	https://doi.org/10.1016/S0140-6736(14)61793-1;https://doi.org/10.1016/S0140-6736(14)61795-5;https://doi.org/10.1053/j.gastro.2017.12.015;https://doi.org/10.1128/AAC.01390-15;https://doi.org/10.1002/cmdc.201300343;https://doi.org/10.1093/cid/civ722;https://doi.org/10.1128/AAC.00051-16;https://doi.org/10.1053/j.gastro.2016.10.017;https://doi.org/10.1016/S2352-3018(15)00114-9;https://doi.org/10.1053/j.gastro.2016.09.045;https://doi.org/10.1053/j.gastro.2017.01.050
NS5A	1	30	R	REF_MASTER_NC_004102	NS5A:30R	aminoAcidSimplePolymorphism	NS5A:30R	single				phdr_ras:NS5A:30R	NS5A:30R	AL_1a	Q30R	NS5A:30R:AL_1a:ledipasvir	category_I	I	1.0	1.0	631.9	1.0	1.0	1.0	NS5A:30R:AL_1a	ledipasvir	ledipasvir	drug_resistance	Gilead Sciences	NS5A inhibitors	29091342;29146520;27923693	https://doi.org/10.1111/liv.13616;https://doi.org/10.1053/j.gastro.2017.11.007;https://doi.org/10.1016/j.jhep.2016.11.022
NS5A	1	30	R	REF_MASTER_NC_004102	NS5A:30R	aminoAcidSimplePolymorphism	NS5A:30R	single				phdr_ras:NS5A:30R	NS5A:30R	AL_1a	Q30R	NS5A:30R:AL_1a:ombitasvir	category_I	I	1.0	1.0	800.0	1.0	1.0	1.0	NS5A:30R:AL_1a	ombitasvir	ombitasvir	drug_resistance	Abbvie	NS5A inhibitors	EASL_2016_Abs_LBP503;25706092;29146520;24795200;25451055;26100711	https://doi.org/10.1016/S0168-8278(16)00180-X;https://doi.org/10.1001/jama.2015.1328;https://doi.org/10.1053/j.gastro.2017.11.007;https://doi.org/10.1056/NEJMoa1402338;https://doi.org/10.1128/AAC.04226-14;https://doi.org/10.1128/AAC.00998-15
NS5A	1	30	R	REF_MASTER_NC_004102	NS5A:30R	aminoAcidSimplePolymorphism	NS5A:30R	single				phdr_ras:NS5A:30R	NS5A:30R	AL_1a	Q30R	NS5A:30R:AL_1a:pibrentasvir	category_II	II	2.0	0.0		1.0	0.0	1.0	NS5A:30R:AL_1a	pibrentasvir	pibrentasvir	drug_resistance	Abbvie	NS5A inhibitors	28128852	https://doi.org/10.1002/hep.29081
NS5A	1	30	R	REF_MASTER_NC_004102	NS5A:30R	aminoAcidSimplePolymorphism	NS5A:30R	single				phdr_ras:NS5A:30R	NS5A:30R	AL_1a	Q30R	NS5A:30R:AL_1a:velpatasvir	insignificant	-	4.0	1.0	2.2	0.0			NS5A:30R:AL_1a	velpatasvir	velpatasvir	drug_resistance	Gilead Sciences	NS5A inhibitors	EASL_2013_Poster_1191;27353271	https://doi.org/10.1016/S0168-8278(13)61192-7;https://doi.org/10.1128/AAC.00763-16
NS5A	1	30	R	REF_MASTER_NC_004102	NS5A:30R	aminoAcidSimplePolymorphism	NS5A:30R	single				phdr_ras:NS5A:30R	NS5A:30R	AL_4a	L30R	NS5A:30R:AL_4a:velpatasvir	insignificant	-	4.0	1.0	2.4	0.0			NS5A:30R:AL_4a	velpatasvir	velpatasvir	drug_resistance	Gilead Sciences	NS5A inhibitors	27353271	https://doi.org/10.1128/AAC.00763-16
NS5A	1	30	R	REF_MASTER_NC_004102	NS5A:30R	aminoAcidSimplePolymorphism	NS5A:30R+31M	combination	NS5A:30R+31M	2.0	1.0	phdr_ras:NS5A:30R+31M	NS5A:30R+31M	AL_1a	Q30R+L31M	NS5A:30R+31M:AL_1a:daclatasvir	category_II	II	2.0	0.0		1.0	0.0	1.0	NS5A:30R+31M:AL_1a	daclatasvir	daclatasvir	drug_resistance	Bristol-Myers Squibb 	NS5A inhibitors	24444658	https://doi.org/10.1016/j.jhep.2013.10.019
NS5A	1	30	R	REF_MASTER_NC_004102	NS5A:30R	aminoAcidSimplePolymorphism	NS5A:30R+31M	combination	NS5A:30R+31M	2.0	1.0	phdr_ras:NS5A:30R+31M	NS5A:30R+31M	AL_1a	Q30R+L31M	NS5A:30R+31M:AL_1a:elbasvir	category_II	II	2.0	0.0		1.0	0.0	1.0	NS5A:30R+31M:AL_1a	elbasvir	elbasvir	drug_resistance	Merck	NS5A inhibitors	25467591	https://doi.org/10.1016/S0140-6736(14)61795-5
NS5A	1	30	R	REF_MASTER_NC_004102	NS5A:30R	aminoAcidSimplePolymorphism	NS5A:30R+31M	combination	NS5A:30R+31M	2.0	1.0	phdr_ras:NS5A:30R+31M	NS5A:30R+31M	AL_1a	Q30R+L31M	NS5A:30R+31M:AL_1a:ledipasvir	category_I	I	1.0	1.0	23400.0	1.0	0.0	1.0	NS5A:30R+31M:AL_1a	ledipasvir	ledipasvir	drug_resistance	Gilead Sciences	NS5A inhibitors	29091342;27923693	https://doi.org/10.1111/liv.13616;https://doi.org/10.1016/j.jhep.2016.11.022
NS5A	1	30	R	REF_MASTER_NC_004102	NS5A:30R	aminoAcidSimplePolymorphism	NS5A:30R+31M	combination	NS5A:30R+31M	2.0	1.0	phdr_ras:NS5A:30R+31M	NS5A:30R+31M	AL_1a	Q30R+L31M	NS5A:30R+31M:AL_1a:pibrentasvir	category_II	II	2.0	1.0	2.4	1.0	1.0	0.0	NS5A:30R+31M:AL_1a	pibrentasvir	pibrentasvir	drug_resistance	Abbvie	NS5A inhibitors	28193664;29152781	https://doi.org/10.1128/AAC.02558-16;https://doi.org/10.1002/hep.29671
NS5A	1	30	R	REF_MASTER_NC_004102	NS5A:30R	aminoAcidSimplePolymorphism	NS5A:30R+31M	combination	NS5A:30R+31M	2.0	1.0	phdr_ras:NS5A:30R+31M	NS5A:30R+31M	AL_1a	Q30R+L31M	NS5A:30R+31M:AL_1a:velpatasvir	category_II	II	2.0	1.0	198.4	0.0			NS5A:30R+31M:AL_1a	velpatasvir	velpatasvir	drug_resistance	Gilead Sciences	NS5A inhibitors	27353271	https://doi.org/10.1128/AAC.00763-16
NS5A	1	30	R	REF_MASTER_NC_004102	NS5A:30R	aminoAcidSimplePolymorphism	NS5A:30R+31M	combination	NS5A:30R+31M	2.0	1.0	phdr_ras:NS5A:30R+31M	NS5A:30R+31M	AL_1b	R30R+L31M	NS5A:30R+31M:AL_1b:daclatasvir	category_II	II	2.0	0.0		1.0	0.0	1.0	NS5A:30R+31M:AL_1b	daclatasvir	daclatasvir	drug_resistance	Bristol-Myers Squibb 	NS5A inhibitors	24444658	https://doi.org/10.1016/j.jhep.2013.10.019
NS5A	1	30	R	REF_MASTER_NC_004102	NS5A:30R	aminoAcidSimplePolymorphism	NS5A:30R+31M	combination	NS5A:30R+31M	2.0	1.0	phdr_ras:NS5A:30R+31M	NS5A:30R+31M	AL_1c	Q30R+L31M	NS5A:30R+31M:AL_1c:velpatasvir	category_II	II	2.0	0.0		1.0	1.0	0.0	NS5A:30R+31M:AL_1c	velpatasvir	velpatasvir	drug_resistance	Gilead Sciences	NS5A inhibitors	29221887	https://doi.org/10.1016/j.jhep.2017.11.032
NS5A	1	30	R	REF_MASTER_NC_004102	NS5A:30R	aminoAcidSimplePolymorphism	NS5A:30R+31M	combination	NS5A:30R+31M	2.0	1.0	phdr_ras:NS5A:30R+31M	NS5A:30R+31M	AL_1h	R30R+L31M	NS5A:30R+31M:AL_1h:velpatasvir	category_II	II	2.0	0.0		1.0	1.0	0.0	NS5A:30R+31M:AL_1h	velpatasvir	velpatasvir	drug_resistance	Gilead Sciences	NS5A inhibitors	29221887	https://doi.org/10.1016/j.jhep.2017.11.032
NS5A	1	30	R	REF_MASTER_NC_004102	NS5A:30R	aminoAcidSimplePolymorphism	NS5A:30R+31M+58D	combination	NS5A:30R+31M+58D	3.0	1.0	phdr_ras:NS5A:30R+31M+58D	NS5A:30R+31M+58D	AL_1a	Q30R+L31M+H58D	NS5A:30R+31M+58D:AL_1a:pibrentasvir	category_I	I	1.0	1.0	1704.0	1.0	0.0	1.0	NS5A:30R+31M+58D:AL_1a	pibrentasvir	pibrentasvir	drug_resistance	Abbvie	NS5A inhibitors	EASL_2017_FRI_205	https://doi.org/10.1016/S0168-8278(17)31399-5
NS5A	1	30	R	REF_MASTER_NC_004102	NS5A:30R	aminoAcidSimplePolymorphism	NS5A:30R+31M+93C	combination	NS5A:30R+31M+93C	3.0	1.0	phdr_ras:NS5A:30R+31M+93C	NS5A:30R+31M+93C	AL_1a	Q30R+L31M+Y93C	NS5A:30R+31M+93C:AL_1a:pibrentasvir	category_III	III	3.0	1.0	42.0	0.0			NS5A:30R+31M+93C:AL_1a	pibrentasvir	pibrentasvir	drug_resistance	Abbvie	NS5A inhibitors	28193664	https://doi.org/10.1128/AAC.02558-16
NS5A	1	30	R	REF_MASTER_NC_004102	NS5A:30R	aminoAcidSimplePolymorphism	NS5A:30R+31M+93H	combination	NS5A:30R+31M+93H	3.0	1.0	phdr_ras:NS5A:30R+31M+93H	NS5A:30R+31M+93H															drug_resistance				
NS5A	1	30	R	REF_MASTER_NC_004102	NS5A:30R	aminoAcidSimplePolymorphism	NS5A:30R+31P	combination	NS5A:30R+31P	2.0	1.0	phdr_ras:NS5A:30R+31P	NS5A:30R+31P	AL_1a	Q30R+L31P	NS5A:30R+31P:AL_1a:ledipasvir	category_II	II	2.0	0.0		1.0	0.0	1.0	NS5A:30R+31P:AL_1a	ledipasvir	ledipasvir	drug_resistance	Gilead Sciences	NS5A inhibitors	27923693	https://doi.org/10.1016/j.jhep.2016.11.022
NS5A	1	30	R	REF_MASTER_NC_004102	NS5A:30R	aminoAcidSimplePolymorphism	NS5A:30R+31V	combination	NS5A:30R+31V	2.0	1.0	phdr_ras:NS5A:30R+31V	NS5A:30R+31V	AL_1a	Q30R+L31V	NS5A:30R+31V:AL_1a:elbasvir	category_II	II	2.0	1.0	7143.0	0.0			NS5A:30R+31V:AL_1a	elbasvir	elbasvir	drug_resistance	Merck	NS5A inhibitors	26926625	https://doi.org/10.1128/AAC.00051-16
NS5A	1	30	R	REF_MASTER_NC_004102	NS5A:30R	aminoAcidSimplePolymorphism	NS5A:30R+58C	combination	NS5A:30R+58C	2.0	1.0	phdr_ras:NS5A:30R+58C	NS5A:30R+58C	AL_1a	Q30R+H58C	NS5A:30R+58C:AL_1a:pibrentasvir	category_II	II	2.0	0.0		1.0	1.0	0.0	NS5A:30R+58C:AL_1a	pibrentasvir	pibrentasvir	drug_resistance	Abbvie	NS5A inhibitors	28128852	https://doi.org/10.1002/hep.29081
NS5A	1	30	R	REF_MASTER_NC_004102	NS5A:30R	aminoAcidSimplePolymorphism	NS5A:30R+58D	combination	NS5A:30R+58D	2.0	1.0	phdr_ras:NS5A:30R+58D	NS5A:30R+58D	AL_1a	Q30R+H58D	NS5A:30R+58D:AL_1a:daclatasvir	category_I	I	1.0	1.0	424318.0	1.0	0.0	1.0	NS5A:30R+58D:AL_1a	daclatasvir	daclatasvir	drug_resistance	Bristol-Myers Squibb 	NS5A inhibitors	24444658;21809362	https://doi.org/10.1016/j.jhep.2013.10.019;https://doi.org/10.1002/hep.24594
NS5A	1	30	R	REF_MASTER_NC_004102	NS5A:30R	aminoAcidSimplePolymorphism	NS5A:30R+58D	combination	NS5A:30R+58D	2.0	1.0	phdr_ras:NS5A:30R+58D	NS5A:30R+58D	AL_1a	Q30R+H58D	NS5A:30R+58D:AL_1a:elbasvir	category_II	II	2.0	0.0		1.0	0.0	1.0	NS5A:30R+58D:AL_1a	elbasvir	elbasvir	drug_resistance	Merck	NS5A inhibitors	25467591	https://doi.org/10.1016/S0140-6736(14)61795-5
NS5A	1	30	R	REF_MASTER_NC_004102	NS5A:30R	aminoAcidSimplePolymorphism	NS5A:30R+58D	combination	NS5A:30R+58D	2.0	1.0	phdr_ras:NS5A:30R+58D	NS5A:30R+58D	AL_1a	Q30R+H58D	NS5A:30R+58D:AL_1a:pibrentasvir	category_I	I	1.0	1.0	108.0	1.0	1.0	1.0	NS5A:30R+58D:AL_1a	pibrentasvir	pibrentasvir	drug_resistance	Abbvie	NS5A inhibitors	28193664;EASL_2017_FRI_205;29152781	https://doi.org/10.1128/AAC.02558-16;https://doi.org/10.1016/S0168-8278(17)31399-5;https://doi.org/10.1002/hep.29671
NS5A	1	30	R	REF_MASTER_NC_004102	NS5A:30R	aminoAcidSimplePolymorphism	NS5A:30R+58D	combination	NS5A:30R+58D	2.0	1.0	phdr_ras:NS5A:30R+58D	NS5A:30R+58D	AL_1a	Q30R+H58D	NS5A:30R+58D:AL_1a:velpatasvir	category_II	II	2.0	0.0		1.0	0.0	1.0	NS5A:30R+58D:AL_1a	velpatasvir	velpatasvir	drug_resistance	Gilead Sciences	NS5A inhibitors	26569658	https://doi.org/10.1056/NEJMoa1512614
NS5A	1	30	R	REF_MASTER_NC_004102	NS5A:30R	aminoAcidSimplePolymorphism	NS5A:30R+58D	combination	NS5A:30R+58D	2.0	1.0	phdr_ras:NS5A:30R+58D	NS5A:30R+58D	AL_1b	R30R+P58D	NS5A:30R+58D:AL_1b:daclatasvir	category_II	II	2.0	0.0		1.0	0.0	1.0	NS5A:30R+58D:AL_1b	daclatasvir	daclatasvir	drug_resistance	Bristol-Myers Squibb 	NS5A inhibitors	24444658	https://doi.org/10.1016/j.jhep.2013.10.019
NS5A	1	30	R	REF_MASTER_NC_004102	NS5A:30R	aminoAcidSimplePolymorphism	NS5A:30R+62D	combination	NS5A:30R+62D	2.0	1.0	phdr_ras:NS5A:30R+62D	NS5A:30R+62D	AL_1a	Q30R+E62D	NS5A:30R+62D:AL_1a:daclatasvir	category_II	II	2.0	1.0	10928.0	0.0			NS5A:30R+62D:AL_1a	daclatasvir	daclatasvir	drug_resistance	Bristol-Myers Squibb 	NS5A inhibitors	22234905	https://doi.org/10.1002/hep.25581
NS5A	1	30	R	REF_MASTER_NC_004102	NS5A:30R	aminoAcidSimplePolymorphism	NS5A:30R+75A	combination	NS5A:30R+75A	2.0	1.0	phdr_ras:NS5A:30R+75A	NS5A:30R+75A	AL_1a	Q30R+V75A	NS5A:30R+75A:AL_1a:daclatasvir	category_II	II	2.0	1.0	850.0	0.0			NS5A:30R+75A:AL_1a	daclatasvir	daclatasvir	drug_resistance	Bristol-Myers Squibb 	NS5A inhibitors	22234905	https://doi.org/10.1002/hep.25581
NS5A	1	30	R	REF_MASTER_NC_004102	NS5A:30R	aminoAcidSimplePolymorphism	NS5A:30R+93C	combination	NS5A:30R+93C	2.0	1.0	phdr_ras:NS5A:30R+93C	NS5A:30R+93C	AL_1a	Q30R+Y93C	NS5A:30R+93C:AL_1a:ledipasvir	category_II	II	2.0	0.0		1.0	0.0	1.0	NS5A:30R+93C:AL_1a	ledipasvir	ledipasvir	drug_resistance	Gilead Sciences	NS5A inhibitors	27923693	https://doi.org/10.1016/j.jhep.2016.11.022
NS5A	1	30	R	REF_MASTER_NC_004102	NS5A:30R	aminoAcidSimplePolymorphism	NS5A:30R+93C	combination	NS5A:30R+93C	2.0	1.0	phdr_ras:NS5A:30R+93C	NS5A:30R+93C	AL_1a	Q30R+Y93C	NS5A:30R+93C:AL_1a:pibrentasvir	insignificant	-	4.0	1.0	3.8	0.0			NS5A:30R+93C:AL_1a	pibrentasvir	pibrentasvir	drug_resistance	Abbvie	NS5A inhibitors	28193664	https://doi.org/10.1128/AAC.02558-16
NS5A	1	30	R	REF_MASTER_NC_004102	NS5A:30R	aminoAcidSimplePolymorphism	NS5A:30R+93H	combination	NS5A:30R+93H	2.0	1.0	phdr_ras:NS5A:30R+93H	NS5A:30R+93H	AL_1a	Q30R+Y93H	NS5A:30R+93H:AL_1a:daclatasvir	category_I	I	1.0	1.0	56817.0	1.0	0.0	1.0	NS5A:30R+93H:AL_1a	daclatasvir	daclatasvir	drug_resistance	Bristol-Myers Squibb 	NS5A inhibitors	24444658;22214777	https://doi.org/10.1016/j.jhep.2013.10.019;https://doi.org/10.1128/AAC.05977-11
NS5A	1	30	R	REF_MASTER_NC_004102	NS5A:30R	aminoAcidSimplePolymorphism	NS5A:30R+93H	combination	NS5A:30R+93H	2.0	1.0	phdr_ras:NS5A:30R+93H	NS5A:30R+93H	AL_1a	Q30R+Y93H	NS5A:30R+93H:AL_1a:elbasvir	category_II	II	2.0	0.0		1.0	0.0	1.0	NS5A:30R+93H:AL_1a	elbasvir	elbasvir	drug_resistance	Merck	NS5A inhibitors	27720838	https://doi.org/10.1053/j.gastro.2016.09.045
NS5A	1	30	R	REF_MASTER_NC_004102	NS5A:30R	aminoAcidSimplePolymorphism	NS5A:30R+93H	combination	NS5A:30R+93H	2.0	1.0	phdr_ras:NS5A:30R+93H	NS5A:30R+93H	AL_1a	Q30R+Y93H	NS5A:30R+93H:AL_1a:ledipasvir	category_I	I	1.0	1.0	33691.0	1.0	0.0	1.0	NS5A:30R+93H:AL_1a	ledipasvir	ledipasvir	drug_resistance	Gilead Sciences	NS5A inhibitors	27923693	https://doi.org/10.1016/j.jhep.2016.11.022
NS5A	1	30	R	REF_MASTER_NC_004102	NS5A:30R	aminoAcidSimplePolymorphism	NS5A:30R+93H	combination	NS5A:30R+93H	2.0	1.0	phdr_ras:NS5A:30R+93H	NS5A:30R+93H	AL_1a	Q30R+Y93H	NS5A:30R+93H:AL_1a:pibrentasvir	category_II	II	2.0	1.0	260.0	0.0			NS5A:30R+93H:AL_1a	pibrentasvir	pibrentasvir	drug_resistance	Abbvie	NS5A inhibitors	28193664	https://doi.org/10.1128/AAC.02558-16
NS5A	1	30	R	REF_MASTER_NC_004102	NS5A:30R	aminoAcidSimplePolymorphism	NS5A:30R+93H	combination	NS5A:30R+93H	2.0	1.0	phdr_ras:NS5A:30R+93H	NS5A:30R+93H	AL_1a	Q30R+Y93H	NS5A:30R+93H:AL_1a:velpatasvir	category_II	II	2.0	1.0	419.0	0.0			NS5A:30R+93H:AL_1a	velpatasvir	velpatasvir	drug_resistance	Gilead Sciences	NS5A inhibitors	27353271	https://doi.org/10.1128/AAC.00763-16
NS5A	1	30	R	REF_MASTER_NC_004102	NS5A:30R	aminoAcidSimplePolymorphism	NS5A:30R+93H	combination	NS5A:30R+93H	2.0	1.0	phdr_ras:NS5A:30R+93H	NS5A:30R+93H	AL_1b	R30R+Y93H	NS5A:30R+93H:AL_1b:daclatasvir	category_II	II	2.0	0.0		1.0	0.0	1.0	NS5A:30R+93H:AL_1b	daclatasvir	daclatasvir	drug_resistance	Bristol-Myers Squibb 	NS5A inhibitors	24444658	https://doi.org/10.1016/j.jhep.2013.10.019
NS5A	1	30	R	REF_MASTER_NC_004102	NS5A:30R	aminoAcidSimplePolymorphism	NS5A:30R+93N	combination	NS5A:30R+93N	2.0	1.0	phdr_ras:NS5A:30R+93N	NS5A:30R+93N	AL_1a	Q30R+Y93N	NS5A:30R+93N:AL_1a:pibrentasvir	category_II	II	2.0	1.0	131.0	0.0			NS5A:30R+93N:AL_1a	pibrentasvir	pibrentasvir	drug_resistance	Abbvie	NS5A inhibitors	EASL_2017_FRI_205	https://doi.org/10.1016/S0168-8278(17)31399-5
NS5A	1	30	R	REF_MASTER_NC_004102	NS5A:30R	aminoAcidSimplePolymorphism	NS5A:31M+30R	combination	NS5A:31M+30R	2.0	2.0	phdr_ras:NS5A:31M+30R	NS5A:31M+30R	AL_1a	L31M+Q30R	NS5A:31M+30R:AL_1a:elbasvir	category_II	II	2.0	0.0		1.0	0.0	1.0	NS5A:31M+30R:AL_1a	elbasvir	elbasvir	drug_resistance	Merck	NS5A inhibitors	28193518	https://doi.org/10.1053/j.gastro.2017.01.050
NS5A	1	30	R	REF_MASTER_NC_004102	NS5A:30R	aminoAcidSimplePolymorphism	NS5A:58D+30R	combination	NS5A:58D+30R	2.0	2.0	phdr_ras:NS5A:58D+30R	NS5A:58D+30R	AL_1a	H58D+Q30R	NS5A:58D+30R:AL_1a:elbasvir	category_II	II	2.0	0.0		1.0	0.0	1.0	NS5A:58D+30R:AL_1a	elbasvir	elbasvir	drug_resistance	Merck	NS5A inhibitors	28193518	https://doi.org/10.1053/j.gastro.2017.01.050
NS5A	1	30	S	REF_MASTER_NC_004102	NS5A:30S	aminoAcidSimplePolymorphism	NS5A:28A+30S	combination	NS5A:28A+30S	2.0	2.0	phdr_ras:NS5A:28A+30S	NS5A:28A+30S	AL_6a	F/L28A+R30S	NS5A:28A+30S:AL_6a:ombitasvir	category_II	II	2.0	1.0	1121.0	0.0			NS5A:28A+30S:AL_6a	ombitasvir	ombitasvir	drug_resistance	Abbvie	NS5A inhibitors	30718256	https://doi.org/10.1128/AAC.02205-18
NS5A	1	30	S	REF_MASTER_NC_004102	NS5A:30S	aminoAcidSimplePolymorphism	NS5A:28T+30S	combination	NS5A:28T+30S	2.0	2.0	phdr_ras:NS5A:28T+30S	NS5A:28T+30S	AL_6a	F/L28T+R30S	NS5A:28T+30S:AL_6a:ombitasvir	category_II	II	2.0	1.0	1746.0	0.0			NS5A:28T+30S:AL_6a	ombitasvir	ombitasvir	drug_resistance	Abbvie	NS5A inhibitors	30718256	https://doi.org/10.1128/AAC.02205-18
NS5A	1	30	S	REF_MASTER_NC_004102	NS5A:30S	aminoAcidSimplePolymorphism	NS5A:28V+30S	combination	NS5A:28V+30S	2.0	2.0	phdr_ras:NS5A:28V+30S	NS5A:28V+30S	AL_6a	F/L28V+R30S	NS5A:28V+30S:AL_6a:ombitasvir	category_III	III	3.0	1.0	9.5	0.0			NS5A:28V+30S:AL_6a	ombitasvir	ombitasvir	drug_resistance	Abbvie	NS5A inhibitors	30718256	https://doi.org/10.1128/AAC.02205-18
NS5A	1	30	S	REF_MASTER_NC_004102	NS5A:30S	aminoAcidSimplePolymorphism	NS5A:28V+30S+31M	combination	NS5A:28V+30S+31M	3.0	2.0	phdr_ras:NS5A:28V+30S+31M	NS5A:28V+30S+31M	AL_4r	M/V28V+R30S+L/M31M	NS5A:28V+30S+31M:AL_4r:daclatasvir	category_II	II	2.0	0.0		1.0	0.0	1.0	NS5A:28V+30S+31M:AL_4r	daclatasvir	daclatasvir	drug_resistance	Bristol-Myers Squibb 	NS5A inhibitors	30125371	https://doi.org/10.1002/hep.30225
NS5A	1	30	S	REF_MASTER_NC_004102	NS5A:30S	aminoAcidSimplePolymorphism	NS5A:28V+30S+93S	combination	NS5A:28V+30S+93S	3.0	2.0	phdr_ras:NS5A:28V+30S+93S	NS5A:28V+30S+93S	AL_6a	F/L28V+R30S+T93S	NS5A:28V+30S+93S:AL_6a:ombitasvir	category_II	II	2.0	1.0	174.0	0.0			NS5A:28V+30S+93S:AL_6a	ombitasvir	ombitasvir	drug_resistance	Abbvie	NS5A inhibitors	30718256	https://doi.org/10.1128/AAC.02205-18
NS5A	1	30	S	REF_MASTER_NC_004102	NS5A:30S	aminoAcidSimplePolymorphism	NS5A:30S	single				phdr_ras:NS5A:30S	NS5A:30S	AL_1b	R30S	NS5A:30S:AL_1b:daclatasvir	category_II	II	2.0	0.0		1.0	1.0	0.0	NS5A:30S:AL_1b	daclatasvir	daclatasvir	drug_resistance	Bristol-Myers Squibb 	NS5A inhibitors	26453968	https://doi.org/10.1016/j.jhep.2015.09.024
NS5A	1	30	S	REF_MASTER_NC_004102	NS5A:30S	aminoAcidSimplePolymorphism	NS5A:30S	single				phdr_ras:NS5A:30S	NS5A:30S	AL_3	A30S	NS5A:30S:AL_3:daclatasvir	category_II	II	2.0	0.0		1.0	1.0	0.0	NS5A:30S:AL_3	daclatasvir	daclatasvir	drug_resistance	Bristol-Myers Squibb 	NS5A inhibitors	26196502	https://doi.org/10.1056/NEJMoa1503153
NS5A	1	30	S	REF_MASTER_NC_004102	NS5A:30S	aminoAcidSimplePolymorphism	NS5A:30S	single				phdr_ras:NS5A:30S	NS5A:30S	AL_4	L/R30S	NS5A:30S:AL_4:daclatasvir	category_II	II	2.0	0.0		1.0	0.0	1.0	NS5A:30S:AL_4	daclatasvir	daclatasvir	drug_resistance	Bristol-Myers Squibb 	NS5A inhibitors	29271114	https://doi.org/10.1111/apt.14478
NS5A	1	30	S	REF_MASTER_NC_004102	NS5A:30S	aminoAcidSimplePolymorphism	NS5A:30S	single				phdr_ras:NS5A:30S	NS5A:30S	AL_4	L/R30S	NS5A:30S:AL_4:elbasvir	insignificant	-	4.0	1.0	4.0	0.0			NS5A:30S:AL_4	elbasvir	elbasvir	drug_resistance	Merck	NS5A inhibitors	28416549	https://doi.org/10.1128/AAC.00363-17
NS5A	1	30	S	REF_MASTER_NC_004102	NS5A:30S	aminoAcidSimplePolymorphism	NS5A:30S	single				phdr_ras:NS5A:30S	NS5A:30S	AL_4a	L30S	NS5A:30S:AL_4a:daclatasvir	category_II	II	2.0	1.0	539.5	0.0			NS5A:30S:AL_4a	daclatasvir	daclatasvir	drug_resistance	Bristol-Myers Squibb 	NS5A inhibitors	26170396;29274866;22203595	https://doi.org/10.1093/infdis/jiv379;https://doi.org/10.1053/j.gastro.2017.12.015;https://doi.org/10.1128/AAC.06169-11
NS5A	1	30	S	REF_MASTER_NC_004102	NS5A:30S	aminoAcidSimplePolymorphism	NS5A:30S	single				phdr_ras:NS5A:30S	NS5A:30S	AL_4r	R30S	NS5A:30S:AL_4r:daclatasvir	category_II	II	2.0	0.0		1.0	0.0	1.0	NS5A:30S:AL_4r	daclatasvir	daclatasvir	drug_resistance	Bristol-Myers Squibb 	NS5A inhibitors	30125371	https://doi.org/10.1002/hep.30225
NS5A	1	30	S	REF_MASTER_NC_004102	NS5A:30S	aminoAcidSimplePolymorphism	NS5A:30S+31I+93H	combination	NS5A:30S+31I+93H	3.0	1.0	phdr_ras:NS5A:30S+31I+93H	NS5A:30S+31I+93H	AL_3	A30S+L31I+Y93H	NS5A:30S+31I+93H:AL_3:elbasvir	category_II	II	2.0	0.0		1.0	0.0	1.0	NS5A:30S+31I+93H:AL_3	elbasvir	elbasvir	drug_resistance	Merck	NS5A inhibitors	28470815	https://doi.org/10.1111/jvh.12719
NS5A	1	30	T	REF_MASTER_NC_004102	NS5A:30T	aminoAcidSimplePolymorphism	NS5A:28V+30T	combination	NS5A:28V+30T	2.0	2.0	phdr_ras:NS5A:28V+30T	NS5A:28V+30T	AL_6a	F/L28V+R30T	NS5A:28V+30T:AL_6a:ombitasvir	insignificant	-	4.0	1.0	2.9	0.0			NS5A:28V+30T:AL_6a	ombitasvir	ombitasvir	drug_resistance	Abbvie	NS5A inhibitors	30718256	https://doi.org/10.1128/AAC.02205-18
NS5A	1	30	T	REF_MASTER_NC_004102	NS5A:30T	aminoAcidSimplePolymorphism	NS5A:30T	single				phdr_ras:NS5A:30T	NS5A:30T	AL_1a	Q30T	NS5A:30T:AL_1a:ledipasvir	insignificant	-	4.0	1.0	4.4	0.0			NS5A:30T:AL_1a	ledipasvir	ledipasvir	drug_resistance	Gilead Sciences	NS5A inhibitors	27923693	https://doi.org/10.1016/j.jhep.2016.11.022
NS5A	1	30	T	REF_MASTER_NC_004102	NS5A:30T	aminoAcidSimplePolymorphism	NS5A:30T	single				phdr_ras:NS5A:30T	NS5A:30T	AL_1a	Q30T	NS5A:30T:AL_1a:velpatasvir	category_II	II	2.0	0.0		1.0	1.0	0.0	NS5A:30T:AL_1a	velpatasvir	velpatasvir	drug_resistance	Gilead Sciences	NS5A inhibitors	28564569	https://doi.org/10.1056/NEJMoa1613512
NS5A	1	30	T	REF_MASTER_NC_004102	NS5A:30T	aminoAcidSimplePolymorphism	NS5A:30T+31M+93H	combination	NS5A:30T+31M+93H	3.0	1.0	phdr_ras:NS5A:30T+31M+93H	NS5A:30T+31M+93H															drug_resistance				
NS5A	1	30	T	REF_MASTER_NC_004102	NS5A:30T	aminoAcidSimplePolymorphism	NS5A:30T+93H	combination	NS5A:30T+93H	2.0	1.0	phdr_ras:NS5A:30T+93H	NS5A:30T+93H	AL_3a	A30T+Y93H	NS5A:30T+93H:AL_3a:daclatasvir	category_II	II	2.0	0.0		1.0	0.0	1.0	NS5A:30T+93H:AL_3a	daclatasvir	daclatasvir	drug_resistance	Bristol-Myers Squibb 	NS5A inhibitors	25614962	https://doi.org/10.1002/hep.27726
NS5A	1	30	V	REF_MASTER_NC_004102	NS5A:30V	aminoAcidSimplePolymorphism	NS5A:30V	single				phdr_ras:NS5A:30V	NS5A:30V															drug_resistance				
NS5A	1	30	V	REF_MASTER_NC_004102	NS5A:30V	aminoAcidSimplePolymorphism	NS5A:30V+93H	combination	NS5A:30V+93H	2.0	1.0	phdr_ras:NS5A:30V+93H	NS5A:30V+93H	AL_3a	A30V+Y93H	NS5A:30V+93H:AL_3a:daclatasvir	category_III	III	3.0	1.0	8.0	0.0			NS5A:30V+93H:AL_3a	daclatasvir	daclatasvir	drug_resistance	Bristol-Myers Squibb 	NS5A inhibitors	23384816	https://doi.org/10.1016/j.jcv.2012.12.020
NS5A	1	30	W	REF_MASTER_NC_004102	NS5A:30W	aminoAcidSimplePolymorphism	NS5A:30W	single				phdr_ras:NS5A:30W	NS5A:30W	AL_1b	R30W	NS5A:30W:AL_1b:daclatasvir	category_II	II	2.0	0.0		1.0	0.0	1.0	NS5A:30W:AL_1b	daclatasvir	daclatasvir	drug_resistance	Bristol-Myers Squibb 	NS5A inhibitors	26453968	https://doi.org/10.1016/j.jhep.2015.09.024
NS5A	1	30	Y	REF_MASTER_NC_004102	NS5A:30Y	aminoAcidSimplePolymorphism	NS5A:30Y	single				phdr_ras:NS5A:30Y	NS5A:30Y	AL_1a	Q30Y	NS5A:30Y:AL_1a:ledipasvir	category_I	I	1.0	0.0		1.0	1.0	1.0	NS5A:30Y:AL_1a	ledipasvir	ledipasvir	drug_resistance	Gilead Sciences	NS5A inhibitors	27923693	https://doi.org/10.1016/j.jhep.2016.11.022
NS5A	1	30	Y	REF_MASTER_NC_004102	NS5A:30Y	aminoAcidSimplePolymorphism	NS5A:30Y+93H	combination	NS5A:30Y+93H	2.0	1.0	phdr_ras:NS5A:30Y+93H	NS5A:30Y+93H	AL_1a	Q30Y+Y93H	NS5A:30Y+93H:AL_1a:ledipasvir	category_I	I	1.0	1.0	47335.9	1.0	1.0	1.0	NS5A:30Y+93H:AL_1a	ledipasvir	ledipasvir	drug_resistance	Gilead Sciences	NS5A inhibitors	27923693	https://doi.org/10.1016/j.jhep.2016.11.022
NS5A	1	30	del	REF_MASTER_NC_004102	NS5A:30del	aminoAcidDeletion	NS5A:30del	single				phdr_ras:NS5A:30del	NS5A:30del	AL_1a	30del	NS5A:30del:AL_1a:pibrentasvir	category_II	II	2.0	1.0	3549.0	0.0			NS5A:30del:AL_1a	pibrentasvir	pibrentasvir	drug_resistance	Abbvie	NS5A inhibitors	28193664	https://doi.org/10.1128/AAC.02558-16
NS5A	1	30	del	REF_MASTER_NC_004102	NS5A:30del	aminoAcidDeletion	NS5A:30del+32L	combination	NS5A:30del+32L	2.0	1.0	phdr_ras:NS5A:30del+32L	NS5A:30del+32L	AL_1b	30del+P32L	NS5A:30del+32L:AL_1b:daclatasvir	category_II	II	2.0	1.0	384615.0	0.0			NS5A:30del+32L:AL_1b	daclatasvir	daclatasvir	drug_resistance	Bristol-Myers Squibb 	NS5A inhibitors	20585111	https://doi.org/10.1128/AAC.00556-10
NS5A	1	31	F	REF_MASTER_NC_004102	NS5A:31F	aminoAcidSimplePolymorphism	NS5A:23F+31F	combination	NS5A:23F+31F	2.0	2.0	phdr_ras:NS5A:23F+31F	NS5A:23F+31F	AL_1b	L23F+L31F	NS5A:23F+31F:AL_1b:daclatasvir	category_III	III	3.0	1.0	13.0	0.0			NS5A:23F+31F:AL_1b	daclatasvir	daclatasvir	drug_resistance	Bristol-Myers Squibb 	NS5A inhibitors	20585111	https://doi.org/10.1128/AAC.00556-10
NS5A	1	31	F	REF_MASTER_NC_004102	NS5A:31F	aminoAcidSimplePolymorphism	NS5A:24R+31F	combination	NS5A:24R+31F	2.0	2.0	phdr_ras:NS5A:24R+31F	NS5A:24R+31F	AL_7a	K24R+L31F	NS5A:24R+31F:AL_7a:daclatasvir	category_II	II	2.0	1.0	539.5	0.0			NS5A:24R+31F:AL_7a	daclatasvir	daclatasvir	drug_resistance	Bristol-Myers Squibb 	NS5A inhibitors	29274866	https://doi.org/10.1053/j.gastro.2017.12.015
NS5A	1	31	F	REF_MASTER_NC_004102	NS5A:31F	aminoAcidSimplePolymorphism	NS5A:24R+31F	combination	NS5A:24R+31F	2.0	2.0	phdr_ras:NS5A:24R+31F	NS5A:24R+31F	AL_7a	K24R+L31F	NS5A:24R+31F:AL_7a:elbasvir	category_II	II	2.0	1.0	539.5	0.0			NS5A:24R+31F:AL_7a	elbasvir	elbasvir	drug_resistance	Merck	NS5A inhibitors	29274866	https://doi.org/10.1053/j.gastro.2017.12.015
NS5A	1	31	F	REF_MASTER_NC_004102	NS5A:31F	aminoAcidSimplePolymorphism	NS5A:24R+31F	combination	NS5A:24R+31F	2.0	2.0	phdr_ras:NS5A:24R+31F	NS5A:24R+31F	AL_7a	K24R+L31F	NS5A:24R+31F:AL_7a:velpatasvir	category_III	III	3.0	1.0	41.5	0.0			NS5A:24R+31F:AL_7a	velpatasvir	velpatasvir	drug_resistance	Gilead Sciences	NS5A inhibitors	29274866	https://doi.org/10.1053/j.gastro.2017.12.015
NS5A	1	31	F	REF_MASTER_NC_004102	NS5A:31F	aminoAcidSimplePolymorphism	NS5A:28M+31F	combination	NS5A:28M+31F	2.0	2.0	phdr_ras:NS5A:28M+31F	NS5A:28M+31F	AL_1b	L28M+L31F	NS5A:28M+31F:AL_1b:ombitasvir	category_II	II	2.0	1.0	569.0	0.0			NS5A:28M+31F:AL_1b	ombitasvir	ombitasvir	drug_resistance	Abbvie	NS5A inhibitors	25451055	https://doi.org/10.1128/AAC.04226-14
NS5A	1	31	F	REF_MASTER_NC_004102	NS5A:31F	aminoAcidSimplePolymorphism	NS5A:28V+31F	combination	NS5A:28V+31F	2.0	2.0	phdr_ras:NS5A:28V+31F	NS5A:28V+31F	AL_1b	L28V+L31F	NS5A:28V+31F:AL_1b:ombitasvir	category_II	II	2.0	1.0	2170.0	0.0			NS5A:28V+31F:AL_1b	ombitasvir	ombitasvir	drug_resistance	Abbvie	NS5A inhibitors	25451055	https://doi.org/10.1128/AAC.04226-14
NS5A	1	31	F	REF_MASTER_NC_004102	NS5A:31F	aminoAcidSimplePolymorphism	NS5A:30Q+31F	combination	NS5A:30Q+31F	2.0	2.0	phdr_ras:NS5A:30Q+31F	NS5A:30Q+31F	AL_1b	R30Q+L31F	NS5A:30Q+31F:AL_1b:daclatasvir	category_II	II	2.0	1.0	90.0	0.0			NS5A:30Q+31F:AL_1b	daclatasvir	daclatasvir	drug_resistance	Bristol-Myers Squibb 	NS5A inhibitors	20585111;22850513	https://doi.org/10.1128/AAC.00556-10;https://doi.org/10.1128/AAC.01209-12
NS5A	1	31	F	REF_MASTER_NC_004102	NS5A:31F	aminoAcidSimplePolymorphism	NS5A:31F	single				phdr_ras:NS5A:31F	NS5A:31F	AL_1a	L31F	NS5A:31F:AL_1a:elbasvir	category_II	II	2.0	1.0	96.0	0.0			NS5A:31F:AL_1a	elbasvir	elbasvir	drug_resistance	Merck	NS5A inhibitors	24127258;26303801	https://doi.org/10.1002/cmdc.201300343;https://doi.org/10.1128/AAC.01390-15
NS5A	1	31	F	REF_MASTER_NC_004102	NS5A:31F	aminoAcidSimplePolymorphism	NS5A:31F	single				phdr_ras:NS5A:31F	NS5A:31F	AL_1a	L31F	NS5A:31F:AL_1a:ledipasvir	category_II	II	2.0	1.0	60.2	0.0			NS5A:31F:AL_1a	ledipasvir	ledipasvir	drug_resistance	Gilead Sciences	NS5A inhibitors	27923693	https://doi.org/10.1016/j.jhep.2016.11.022
NS5A	1	31	F	REF_MASTER_NC_004102	NS5A:31F	aminoAcidSimplePolymorphism	NS5A:31F	single				phdr_ras:NS5A:31F	NS5A:31F	AL_1b	L31F	NS5A:31F:AL_1b:daclatasvir	category_I	I	1.0	1.0	5.0	1.0	0.0	1.0	NS5A:31F:AL_1b	daclatasvir	daclatasvir	drug_resistance	Bristol-Myers Squibb 	NS5A inhibitors	26453968;27003037;20585111	https://doi.org/10.1016/j.jhep.2015.09.024;https://doi.org/10.1111/jgh.13379;https://doi.org/10.1128/AAC.00556-10
NS5A	1	31	F	REF_MASTER_NC_004102	NS5A:31F	aminoAcidSimplePolymorphism	NS5A:31F	single				phdr_ras:NS5A:31F	NS5A:31F	AL_1b	L31F	NS5A:31F:AL_1b:elbasvir	category_III	III	3.0	1.0	16.7	0.0			NS5A:31F:AL_1b	elbasvir	elbasvir	drug_resistance	Merck	NS5A inhibitors	24127258;26303801	https://doi.org/10.1002/cmdc.201300343;https://doi.org/10.1128/AAC.01390-15
NS5A	1	31	F	REF_MASTER_NC_004102	NS5A:31F	aminoAcidSimplePolymorphism	NS5A:31F	single				phdr_ras:NS5A:31F	NS5A:31F	AL_1b	L31F	NS5A:31F:AL_1b:ledipasvir	category_III	III	3.0	1.0	7.800000000000001	0.0			NS5A:31F:AL_1b	ledipasvir	ledipasvir	drug_resistance	Gilead Sciences	NS5A inhibitors	27923693	https://doi.org/10.1016/j.jhep.2016.11.022
NS5A	1	31	F	REF_MASTER_NC_004102	NS5A:31F	aminoAcidSimplePolymorphism	NS5A:31F	single				phdr_ras:NS5A:31F	NS5A:31F	AL_1b	L31F	NS5A:31F:AL_1b:ombitasvir	category_I	I	1.0	1.0	10.0	1.0	0.0	1.0	NS5A:31F:AL_1b	ombitasvir	ombitasvir	drug_resistance	Abbvie	NS5A inhibitors	26643326;25451055	https://doi.org/10.1128/AAC.02606-15;https://doi.org/10.1128/AAC.04226-14
NS5A	1	31	F	REF_MASTER_NC_004102	NS5A:31F	aminoAcidSimplePolymorphism	NS5A:31F	single				phdr_ras:NS5A:31F	NS5A:31F	AL_3	L31F	NS5A:31F:AL_3:elbasvir	category_II	II	2.0	0.0		1.0	0.0	1.0	NS5A:31F:AL_3	elbasvir	elbasvir	drug_resistance	Merck	NS5A inhibitors	28470815	https://doi.org/10.1111/jvh.12719
NS5A	1	31	F	REF_MASTER_NC_004102	NS5A:31F	aminoAcidSimplePolymorphism	NS5A:31F	single				phdr_ras:NS5A:31F	NS5A:31F	AL_3	L31F	NS5A:31F:AL_3:pibrentasvir	category_II	II	2.0	0.0		1.0	0.0	1.0	NS5A:31F:AL_3	pibrentasvir	pibrentasvir	drug_resistance	Abbvie	NS5A inhibitors	EASL_2017_FRI_205	https://doi.org/10.1016/S0168-8278(17)31399-5
NS5A	1	31	F	REF_MASTER_NC_004102	NS5A:31F	aminoAcidSimplePolymorphism	NS5A:31F	single				phdr_ras:NS5A:31F	NS5A:31F	AL_3a	L31F	NS5A:31F:AL_3a:daclatasvir	category_II	II	2.0	1.0	539.5	0.0			NS5A:31F:AL_3a	daclatasvir	daclatasvir	drug_resistance	Bristol-Myers Squibb 	NS5A inhibitors	23089758;29274866	https://doi.org/10.1128/AAC.01874-12;https://doi.org/10.1053/j.gastro.2017.12.015
NS5A	1	31	F	REF_MASTER_NC_004102	NS5A:31F	aminoAcidSimplePolymorphism	NS5A:31F	single				phdr_ras:NS5A:31F	NS5A:31F	AL_3a	L31F	NS5A:31F:AL_3a:elbasvir	category_II	II	2.0	1.0	539.5	0.0			NS5A:31F:AL_3a	elbasvir	elbasvir	drug_resistance	Merck	NS5A inhibitors	29274866;26303801	https://doi.org/10.1053/j.gastro.2017.12.015;https://doi.org/10.1128/AAC.01390-15
NS5A	1	31	F	REF_MASTER_NC_004102	NS5A:31F	aminoAcidSimplePolymorphism	NS5A:31F	single				phdr_ras:NS5A:31F	NS5A:31F	AL_3a	L31F	NS5A:31F:AL_3a:ombitasvir	category_III	III	3.0	1.0	28.0	0.0			NS5A:31F:AL_3a	ombitasvir	ombitasvir	drug_resistance	Abbvie	NS5A inhibitors	25451055	https://doi.org/10.1128/AAC.04226-14
NS5A	1	31	F	REF_MASTER_NC_004102	NS5A:31F	aminoAcidSimplePolymorphism	NS5A:31F	single				phdr_ras:NS5A:31F	NS5A:31F	AL_3a	L31F	NS5A:31F:AL_3a:pibrentasvir	category_II	II	2.0	0.0		1.0	0.0	1.0	NS5A:31F:AL_3a	pibrentasvir	pibrentasvir	drug_resistance	Abbvie	NS5A inhibitors	28412293	https://doi.org/10.1016/j.jhep.2017.03.039
NS5A	1	31	F	REF_MASTER_NC_004102	NS5A:31F	aminoAcidSimplePolymorphism	NS5A:31F	single				phdr_ras:NS5A:31F	NS5A:31F	AL_3a	L31F	NS5A:31F:AL_3a:velpatasvir	category_III	III	3.0	1.0	41.5	0.0			NS5A:31F:AL_3a	velpatasvir	velpatasvir	drug_resistance	Gilead Sciences	NS5A inhibitors	29274866	https://doi.org/10.1053/j.gastro.2017.12.015
NS5A	1	31	F	REF_MASTER_NC_004102	NS5A:31F	aminoAcidSimplePolymorphism	NS5A:31F	single				phdr_ras:NS5A:31F	NS5A:31F	AL_5a	L31F	NS5A:31F:AL_5a:daclatasvir	category_II	II	2.0	1.0	1438.0	0.0			NS5A:31F:AL_5a	daclatasvir	daclatasvir	drug_resistance	Bristol-Myers Squibb 	NS5A inhibitors	24936600;29274866	https://doi.org/10.1128/AAC.02788-14;https://doi.org/10.1053/j.gastro.2017.12.015
NS5A	1	31	F	REF_MASTER_NC_004102	NS5A:31F	aminoAcidSimplePolymorphism	NS5A:31F	single				phdr_ras:NS5A:31F	NS5A:31F	AL_5a	L31F	NS5A:31F:AL_5a:elbasvir	category_II	II	2.0	1.0	1000.0	0.0			NS5A:31F:AL_5a	elbasvir	elbasvir	drug_resistance	Merck	NS5A inhibitors	29274866	https://doi.org/10.1053/j.gastro.2017.12.015
NS5A	1	31	F	REF_MASTER_NC_004102	NS5A:31F	aminoAcidSimplePolymorphism	NS5A:31F	single				phdr_ras:NS5A:31F	NS5A:31F	AL_5a	L31F	NS5A:31F:AL_5a:ombitasvir	category_II	II	2.0	1.0	289.0	0.0			NS5A:31F:AL_5a	ombitasvir	ombitasvir	drug_resistance	Abbvie	NS5A inhibitors	25451055	https://doi.org/10.1128/AAC.04226-14
NS5A	1	31	F	REF_MASTER_NC_004102	NS5A:31F	aminoAcidSimplePolymorphism	NS5A:31F	single				phdr_ras:NS5A:31F	NS5A:31F	AL_5a	L31F	NS5A:31F:AL_5a:pibrentasvir	insignificant	-	4.0	1.0	2.1	0.0			NS5A:31F:AL_5a	pibrentasvir	pibrentasvir	drug_resistance	Abbvie	NS5A inhibitors	28193664	https://doi.org/10.1128/AAC.02558-16
NS5A	1	31	F	REF_MASTER_NC_004102	NS5A:31F	aminoAcidSimplePolymorphism	NS5A:31F	single				phdr_ras:NS5A:31F	NS5A:31F	AL_7a	L31F	NS5A:31F:AL_7a:daclatasvir	category_II	II	2.0	1.0	539.5	0.0			NS5A:31F:AL_7a	daclatasvir	daclatasvir	drug_resistance	Bristol-Myers Squibb 	NS5A inhibitors	29274866	https://doi.org/10.1053/j.gastro.2017.12.015
NS5A	1	31	F	REF_MASTER_NC_004102	NS5A:31F	aminoAcidSimplePolymorphism	NS5A:31F	single				phdr_ras:NS5A:31F	NS5A:31F	AL_7a	L31F	NS5A:31F:AL_7a:elbasvir	category_II	II	2.0	1.0	539.5	0.0			NS5A:31F:AL_7a	elbasvir	elbasvir	drug_resistance	Merck	NS5A inhibitors	29274866	https://doi.org/10.1053/j.gastro.2017.12.015
NS5A	1	31	F	REF_MASTER_NC_004102	NS5A:31F	aminoAcidSimplePolymorphism	NS5A:31F+129H	combination	NS5A:31F+129H	2.0	1.0	phdr_ras:NS5A:31F+129H	NS5A:31F+129H	AL_5a	L31F+Y129H	NS5A:31F+129H:AL_5a:daclatasvir	category_II	II	2.0	1.0	539.5	0.0			NS5A:31F+129H:AL_5a	daclatasvir	daclatasvir	drug_resistance	Bristol-Myers Squibb 	NS5A inhibitors	29274866	https://doi.org/10.1053/j.gastro.2017.12.015
NS5A	1	31	F	REF_MASTER_NC_004102	NS5A:31F	aminoAcidSimplePolymorphism	NS5A:31F+129H	combination	NS5A:31F+129H	2.0	1.0	phdr_ras:NS5A:31F+129H	NS5A:31F+129H	AL_5a	L31F+Y129H	NS5A:31F+129H:AL_5a:elbasvir	category_II	II	2.0	1.0	1000.0	0.0			NS5A:31F+129H:AL_5a	elbasvir	elbasvir	drug_resistance	Merck	NS5A inhibitors	29274866	https://doi.org/10.1053/j.gastro.2017.12.015
NS5A	1	31	F	REF_MASTER_NC_004102	NS5A:31F	aminoAcidSimplePolymorphism	NS5A:31F+32del	combination	NS5A:31F+32del	2.0	1.0	phdr_ras:NS5A:31F+32del	NS5A:31F+32del	AL_1b	L31F+32del	NS5A:31F+32del:AL_1b:daclatasvir	category_II	II	2.0	0.0		1.0	0.0	1.0	NS5A:31F+32del:AL_1b	daclatasvir	daclatasvir	drug_resistance	Bristol-Myers Squibb 	NS5A inhibitors	24448487	https://doi.org/10.3851/IMP2729
NS5A	1	31	F	REF_MASTER_NC_004102	NS5A:31F	aminoAcidSimplePolymorphism	NS5A:31F+56R	combination	NS5A:31F+56R	2.0	1.0	phdr_ras:NS5A:31F+56R	NS5A:31F+56R	AL_5a	L31F+K56R	NS5A:31F+56R:AL_5a:daclatasvir	category_II	II	2.0	1.0	8188.0	0.0			NS5A:31F+56R:AL_5a	daclatasvir	daclatasvir	drug_resistance	Bristol-Myers Squibb 	NS5A inhibitors	24936600	https://doi.org/10.1128/AAC.02788-14
NS5A	1	31	F	REF_MASTER_NC_004102	NS5A:31F	aminoAcidSimplePolymorphism	NS5A:31F+58L	combination	NS5A:31F+58L	2.0	1.0	phdr_ras:NS5A:31F+58L	NS5A:31F+58L	AL_1b	L31F+P58L	NS5A:31F+58L:AL_1b:ombitasvir	category_II	II	2.0	1.0	78.0	0.0			NS5A:31F+58L:AL_1b	ombitasvir	ombitasvir	drug_resistance	Abbvie	NS5A inhibitors	25451055	https://doi.org/10.1128/AAC.04226-14
NS5A	1	31	F	REF_MASTER_NC_004102	NS5A:31F	aminoAcidSimplePolymorphism	NS5A:31F+92E	combination	NS5A:31F+92E	2.0	1.0	phdr_ras:NS5A:31F+92E	NS5A:31F+92E	AL_1b	L31F+A92E	NS5A:31F+92E:AL_1b:ombitasvir	category_II	II	2.0	1.0	1022.0	0.0			NS5A:31F+92E:AL_1b	ombitasvir	ombitasvir	drug_resistance	Abbvie	NS5A inhibitors	26643326	https://doi.org/10.1128/AAC.02606-15
NS5A	1	31	F	REF_MASTER_NC_004102	NS5A:31F	aminoAcidSimplePolymorphism	NS5A:31F+93H	combination	NS5A:31F+93H	2.0	1.0	phdr_ras:NS5A:31F+93H	NS5A:31F+93H	AL_1b	L31F+Y93H	NS5A:31F+93H:AL_1b:daclatasvir	category_I	I	1.0	1.0	5721.0	1.0	0.0	1.0	NS5A:31F+93H:AL_1b	daclatasvir	daclatasvir	drug_resistance	Bristol-Myers Squibb 	NS5A inhibitors	20585111;28078469	https://doi.org/10.1128/AAC.00556-10;https://doi.org/10.1007/s00535-016-1303-0
NS5A	1	31	F	REF_MASTER_NC_004102	NS5A:31F	aminoAcidSimplePolymorphism	NS5A:31F+93H	combination	NS5A:31F+93H	2.0	1.0	phdr_ras:NS5A:31F+93H	NS5A:31F+93H	AL_1b	L31F+Y93H	NS5A:31F+93H:AL_1b:ombitasvir	category_II	II	2.0	1.0	10272.0	0.0			NS5A:31F+93H:AL_1b	ombitasvir	ombitasvir	drug_resistance	Abbvie	NS5A inhibitors	25451055	https://doi.org/10.1128/AAC.04226-14
NS5A	1	31	F	REF_MASTER_NC_004102	NS5A:31F	aminoAcidSimplePolymorphism	NS5A:31F+93H	combination	NS5A:31F+93H	2.0	1.0	phdr_ras:NS5A:31F+93H	NS5A:31F+93H	AL_3a	L31F+Y93H	NS5A:31F+93H:AL_3a:daclatasvir	category_II	II	2.0	1.0	1000.0	0.0			NS5A:31F+93H:AL_3a	daclatasvir	daclatasvir	drug_resistance	Bristol-Myers Squibb 	NS5A inhibitors	29274866	https://doi.org/10.1053/j.gastro.2017.12.015
NS5A	1	31	F	REF_MASTER_NC_004102	NS5A:31F	aminoAcidSimplePolymorphism	NS5A:31F+93H	combination	NS5A:31F+93H	2.0	1.0	phdr_ras:NS5A:31F+93H	NS5A:31F+93H	AL_3a	L31F+Y93H	NS5A:31F+93H:AL_3a:elbasvir	category_II	II	2.0	1.0	1000.0	0.0			NS5A:31F+93H:AL_3a	elbasvir	elbasvir	drug_resistance	Merck	NS5A inhibitors	29274866	https://doi.org/10.1053/j.gastro.2017.12.015
NS5A	1	31	F	REF_MASTER_NC_004102	NS5A:31F	aminoAcidSimplePolymorphism	NS5A:31F+93H	combination	NS5A:31F+93H	2.0	1.0	phdr_ras:NS5A:31F+93H	NS5A:31F+93H	AL_3a	L31F+Y93H	NS5A:31F+93H:AL_3a:velpatasvir	category_II	II	2.0	1.0	999.0	0.0			NS5A:31F+93H:AL_3a	velpatasvir	velpatasvir	drug_resistance	Gilead Sciences	NS5A inhibitors	29274866	https://doi.org/10.1053/j.gastro.2017.12.015
NS5A	1	31	I	REF_MASTER_NC_004102	NS5A:31I	aminoAcidSimplePolymorphism	NS5A:24K+28I+30Q+31I+32L+54Y	combination	NS5A:24K+28I+30Q+31I+32L+54Y	6.0	4.0	phdr_ras:NS5A:24K+28I+30Q+31I+32L+54Y	NS5A:24K+28I+30Q+31I+32L+54Y	AL_1b	Q24K+L28I+R30Q+L31I+P32L+H/Q54Y	NS5A:24K+28I+30Q+31I+32L+54Y:AL_1b:daclatasvir	category_II	II	2.0	0.0		1.0	0.0	1.0	NS5A:24K+28I+30Q+31I+32L+54Y:AL_1b	daclatasvir	daclatasvir	drug_resistance	Bristol-Myers Squibb 	NS5A inhibitors	28078469	https://doi.org/10.1007/s00535-016-1303-0
NS5A	1	31	I	REF_MASTER_NC_004102	NS5A:31I	aminoAcidSimplePolymorphism	NS5A:28S+31I	combination	NS5A:28S+31I	2.0	2.0	phdr_ras:NS5A:28S+31I	NS5A:28S+31I	AL_2a	F28S+L/M31I	NS5A:28S+31I:AL_2a:pibrentasvir	category_II	II	2.0	1.0	14448.0	0.0			NS5A:28S+31I:AL_2a	pibrentasvir	pibrentasvir	drug_resistance	Abbvie	NS5A inhibitors	28193664	https://doi.org/10.1128/AAC.02558-16
NS5A	1	31	I	REF_MASTER_NC_004102	NS5A:31I	aminoAcidSimplePolymorphism	NS5A:28S+31I	combination	NS5A:28S+31I	2.0	2.0	phdr_ras:NS5A:28S+31I	NS5A:28S+31I	AL_4	L/M28S+M31I	NS5A:28S+31I:AL_4:elbasvir	category_II	II	2.0	0.0		1.0	0.0	1.0	NS5A:28S+31I:AL_4	elbasvir	elbasvir	drug_resistance	Merck	NS5A inhibitors	30107485	https://doi.org/10.1093/cid/ciy547
NS5A	1	31	I	REF_MASTER_NC_004102	NS5A:31I	aminoAcidSimplePolymorphism	NS5A:28S+31I	combination	NS5A:28S+31I	2.0	2.0	phdr_ras:NS5A:28S+31I	NS5A:28S+31I	AL_4d	L28S+M31I	NS5A:28S+31I:AL_4d:elbasvir	category_II	II	2.0	0.0		1.0	0.0	1.0	NS5A:28S+31I:AL_4d	elbasvir	elbasvir	drug_resistance	Merck	NS5A inhibitors	28193518	https://doi.org/10.1053/j.gastro.2017.01.050
NS5A	1	31	I	REF_MASTER_NC_004102	NS5A:31I	aminoAcidSimplePolymorphism	NS5A:28S+31I	combination	NS5A:28S+31I	2.0	2.0	phdr_ras:NS5A:28S+31I	NS5A:28S+31I	AL_4d	L28S+M31I	NS5A:28S+31I:AL_4d:ombitasvir	category_II	II	2.0	0.0		1.0	0.0	1.0	NS5A:28S+31I:AL_4d	ombitasvir	ombitasvir	drug_resistance	Abbvie	NS5A inhibitors	26282418	https://doi.org/10.1128/AAC.01229-15
NS5A	1	31	I	REF_MASTER_NC_004102	NS5A:31I	aminoAcidSimplePolymorphism	NS5A:28T+31I	combination	NS5A:28T+31I	2.0	2.0	phdr_ras:NS5A:28T+31I	NS5A:28T+31I	AL_6a	F/L28T+L31I	NS5A:28T+31I:AL_6a:ombitasvir	category_II	II	2.0	1.0	5000.0	0.0			NS5A:28T+31I:AL_6a	ombitasvir	ombitasvir	drug_resistance	Abbvie	NS5A inhibitors	30718256	https://doi.org/10.1128/AAC.02205-18
NS5A	1	31	I	REF_MASTER_NC_004102	NS5A:31I	aminoAcidSimplePolymorphism	NS5A:30G+31I	combination	NS5A:30G+31I	2.0	2.0	phdr_ras:NS5A:30G+31I	NS5A:30G+31I	AL_1b	R30G+L31I	NS5A:30G+31I:AL_1b:daclatasvir	category_II	II	2.0	0.0		1.0	0.0	1.0	NS5A:30G+31I:AL_1b	daclatasvir	daclatasvir	drug_resistance	Bristol-Myers Squibb 	NS5A inhibitors	28078469	https://doi.org/10.1007/s00535-016-1303-0
NS5A	1	31	I	REF_MASTER_NC_004102	NS5A:31I	aminoAcidSimplePolymorphism	NS5A:30S+31I+93H	combination	NS5A:30S+31I+93H	3.0	2.0	phdr_ras:NS5A:30S+31I+93H	NS5A:30S+31I+93H	AL_3	A30S+L31I+Y93H	NS5A:30S+31I+93H:AL_3:elbasvir	category_II	II	2.0	0.0		1.0	0.0	1.0	NS5A:30S+31I+93H:AL_3	elbasvir	elbasvir	drug_resistance	Merck	NS5A inhibitors	28470815	https://doi.org/10.1111/jvh.12719
NS5A	1	31	I	REF_MASTER_NC_004102	NS5A:31I	aminoAcidSimplePolymorphism	NS5A:31I	single				phdr_ras:NS5A:31I	NS5A:31I	AL_1a	L31I	NS5A:31I:AL_1a:ledipasvir	category_II	II	2.0	1.0	370.0	0.0			NS5A:31I:AL_1a	ledipasvir	ledipasvir	drug_resistance	Gilead Sciences	NS5A inhibitors	27923693	https://doi.org/10.1016/j.jhep.2016.11.022
NS5A	1	31	I	REF_MASTER_NC_004102	NS5A:31I	aminoAcidSimplePolymorphism	NS5A:31I	single				phdr_ras:NS5A:31I	NS5A:31I	AL_1a	L31I	NS5A:31I:AL_1a:velpatasvir	insignificant	-	4.0	1.0	4.4	0.0			NS5A:31I:AL_1a	velpatasvir	velpatasvir	drug_resistance	Gilead Sciences	NS5A inhibitors	27353271	https://doi.org/10.1128/AAC.00763-16
NS5A	1	31	I	REF_MASTER_NC_004102	NS5A:31I	aminoAcidSimplePolymorphism	NS5A:31I	single				phdr_ras:NS5A:31I	NS5A:31I	AL_1b	L31I	NS5A:31I:AL_1b:daclatasvir	category_II	II	2.0	0.0		1.0	0.0	1.0	NS5A:31I:AL_1b	daclatasvir	daclatasvir	drug_resistance	Bristol-Myers Squibb 	NS5A inhibitors	26878268	https://doi.org/10.1111/hepr.12673
NS5A	1	31	I	REF_MASTER_NC_004102	NS5A:31I	aminoAcidSimplePolymorphism	NS5A:31I	single				phdr_ras:NS5A:31I	NS5A:31I	AL_1b	L31I	NS5A:31I:AL_1b:elbasvir	category_II	II	2.0	0.0		1.0	1.0	0.0	NS5A:31I:AL_1b	elbasvir	elbasvir	drug_resistance	Merck	NS5A inhibitors	27720838	https://doi.org/10.1053/j.gastro.2016.09.045
NS5A	1	31	I	REF_MASTER_NC_004102	NS5A:31I	aminoAcidSimplePolymorphism	NS5A:31I	single				phdr_ras:NS5A:31I	NS5A:31I	AL_1b	L31I	NS5A:31I:AL_1b:ledipasvir	category_I	I	1.0	1.0	29.4	1.0	0.0	1.0	NS5A:31I:AL_1b	ledipasvir	ledipasvir	drug_resistance	Gilead Sciences	NS5A inhibitors	27923693	https://doi.org/10.1016/j.jhep.2016.11.022
NS5A	1	31	I	REF_MASTER_NC_004102	NS5A:31I	aminoAcidSimplePolymorphism	NS5A:31I	single				phdr_ras:NS5A:31I	NS5A:31I	AL_4d	M31I	NS5A:31I:AL_4d:ombitasvir	insignificant	-	4.0	1.0	2.5	0.0			NS5A:31I:AL_4d	ombitasvir	ombitasvir	drug_resistance	Abbvie	NS5A inhibitors	26282418	https://doi.org/10.1128/AAC.01229-15
NS5A	1	31	I	REF_MASTER_NC_004102	NS5A:31I	aminoAcidSimplePolymorphism	NS5A:31I	single				phdr_ras:NS5A:31I	NS5A:31I	AL_6a	L31I	NS5A:31I:AL_6a:ombitasvir	category_II	II	2.0	1.0	108.0	0.0			NS5A:31I:AL_6a	ombitasvir	ombitasvir	drug_resistance	Abbvie	NS5A inhibitors	30718256	https://doi.org/10.1128/AAC.02205-18
NS5A	1	31	I	REF_MASTER_NC_004102	NS5A:31I	aminoAcidSimplePolymorphism	NS5A:31I+54H+92K	combination	NS5A:31I+54H+92K	3.0	1.0	phdr_ras:NS5A:31I+54H+92K	NS5A:31I+54H+92K	AL_1b	L31I+H/Q54H+A92K	NS5A:31I+54H+92K:AL_1b:daclatasvir	category_II	II	2.0	0.0		1.0	0.0	1.0	NS5A:31I+54H+92K:AL_1b	daclatasvir	daclatasvir	drug_resistance	Bristol-Myers Squibb 	NS5A inhibitors	28078469	https://doi.org/10.1007/s00535-016-1303-0
NS5A	1	31	I	REF_MASTER_NC_004102	NS5A:31I	aminoAcidSimplePolymorphism	NS5A:31I+54H+92T	combination	NS5A:31I+54H+92T	3.0	1.0	phdr_ras:NS5A:31I+54H+92T	NS5A:31I+54H+92T	AL_1b	L31I+H/Q54H+A92T	NS5A:31I+54H+92T:AL_1b:daclatasvir	category_II	II	2.0	0.0		1.0	0.0	1.0	NS5A:31I+54H+92T:AL_1b	daclatasvir	daclatasvir	drug_resistance	Bristol-Myers Squibb 	NS5A inhibitors	28078469	https://doi.org/10.1007/s00535-016-1303-0
NS5A	1	31	I	REF_MASTER_NC_004102	NS5A:31I	aminoAcidSimplePolymorphism	NS5A:31I+92K	combination	NS5A:31I+92K	2.0	1.0	phdr_ras:NS5A:31I+92K	NS5A:31I+92K	AL_1b	L31I+A92K	NS5A:31I+92K:AL_1b:daclatasvir	category_II	II	2.0	0.0		1.0	0.0	1.0	NS5A:31I+92K:AL_1b	daclatasvir	daclatasvir	drug_resistance	Bristol-Myers Squibb 	NS5A inhibitors	27236547	https://doi.org/10.1007/s00535-016-1225-x
NS5A	1	31	I	REF_MASTER_NC_004102	NS5A:31I	aminoAcidSimplePolymorphism	NS5A:31I+93H	combination	NS5A:31I+93H	2.0	1.0	phdr_ras:NS5A:31I+93H	NS5A:31I+93H	AL_1b	L31I+Y93H	NS5A:31I+93H:AL_1b:daclatasvir	category_I	I	1.0	0.0		1.0	1.0	1.0	NS5A:31I+93H:AL_1b	daclatasvir	daclatasvir	drug_resistance	Bristol-Myers Squibb 	NS5A inhibitors	24448487;28078469	https://doi.org/10.3851/IMP2729;https://doi.org/10.1007/s00535-016-1303-0
NS5A	1	31	I	REF_MASTER_NC_004102	NS5A:31I	aminoAcidSimplePolymorphism	NS5A:31I+93H	combination	NS5A:31I+93H	2.0	1.0	phdr_ras:NS5A:31I+93H	NS5A:31I+93H	AL_1b	L31I+Y93H	NS5A:31I+93H:AL_1b:ledipasvir	category_II	II	2.0	1.0	94862.5	0.0			NS5A:31I+93H:AL_1b	ledipasvir	ledipasvir	drug_resistance	Gilead Sciences	NS5A inhibitors	27923693	https://doi.org/10.1016/j.jhep.2016.11.022
NS5A	1	31	I	REF_MASTER_NC_004102	NS5A:31I	aminoAcidSimplePolymorphism	NS5A:31I+93H	combination	NS5A:31I+93H	2.0	1.0	phdr_ras:NS5A:31I+93H	NS5A:31I+93H	AL_3a	L31I+Y93H	NS5A:31I+93H:AL_3a:pibrentasvir	category_II	II	2.0	0.0		1.0	0.0	1.0	NS5A:31I+93H:AL_3a	pibrentasvir	pibrentasvir	drug_resistance	Abbvie	NS5A inhibitors	28412293	https://doi.org/10.1016/j.jhep.2017.03.039
NS5A	1	31	L	REF_MASTER_NC_004102	NS5A:31L	aminoAcidSimplePolymorphism	NS5A:28M+30R+31L	combination	NS5A:28M+30R+31L	3.0	3.0	phdr_ras:NS5A:28M+30R+31L	NS5A:28M+30R+31L	AL_4r	M/V28M+R30R+L/M31L	NS5A:28M+30R+31L:AL_4r:ledipasvir	category_I	I	1.0	0.0		1.0	1.0	1.0	NS5A:28M+30R+31L:AL_4r	ledipasvir	ledipasvir	drug_resistance	Gilead Sciences	NS5A inhibitors	28789880	https://doi.org/10.1016/j.jhep.2017.06.035
NS5A	1	31	L	REF_MASTER_NC_004102	NS5A:31L	aminoAcidSimplePolymorphism	NS5A:28M+30R+31L+93H	combination	NS5A:28M+30R+31L+93H	4.0	3.0	phdr_ras:NS5A:28M+30R+31L+93H	NS5A:28M+30R+31L+93H	AL_4r	M/V28M+R30R+L/M31L+Y93H	NS5A:28M+30R+31L+93H:AL_4r:ledipasvir	category_II	II	2.0	0.0		1.0	0.0	1.0	NS5A:28M+30R+31L+93H:AL_4r	ledipasvir	ledipasvir	drug_resistance	Gilead Sciences	NS5A inhibitors	28789880	https://doi.org/10.1016/j.jhep.2017.06.035
NS5A	1	31	L	REF_MASTER_NC_004102	NS5A:31L	aminoAcidSimplePolymorphism	NS5A:31L	single				phdr_ras:NS5A:31L	NS5A:31L															drug_resistance				
NS5A	1	31	M	REF_MASTER_NC_004102	NS5A:31M	aminoAcidSimplePolymorphism	NS5A:24Q+28T+31M	combination	NS5A:24Q+28T+31M	3.0	3.0	phdr_ras:NS5A:24Q+28T+31M	NS5A:24Q+28T+31M	AL_1a	K24Q+M28T+L31M	NS5A:24Q+28T+31M:AL_1a:elbasvir	category_III	III	3.0	1.0	9.0	0.0			NS5A:24Q+28T+31M:AL_1a	elbasvir	elbasvir	drug_resistance	Merck	NS5A inhibitors	26926625	https://doi.org/10.1128/AAC.00051-16
NS5A	1	31	M	REF_MASTER_NC_004102	NS5A:31M	aminoAcidSimplePolymorphism	NS5A:24R+30Q+31M+37L+93H	combination	NS5A:24R+30Q+31M+37L+93H	5.0	3.0	phdr_ras:NS5A:24R+30Q+31M+37L+93H	NS5A:24R+30Q+31M+37L+93H	AL_1b	Q24R+R30Q+L31M+F/L37L+Y93H	NS5A:24R+30Q+31M+37L+93H:AL_1b:daclatasvir	category_II	II	2.0	0.0		1.0	0.0	1.0	NS5A:24R+30Q+31M+37L+93H:AL_1b	daclatasvir	daclatasvir	drug_resistance	Bristol-Myers Squibb 	NS5A inhibitors	28078469	https://doi.org/10.1007/s00535-016-1303-0
NS5A	1	31	M	REF_MASTER_NC_004102	NS5A:31M	aminoAcidSimplePolymorphism	NS5A:24S+31M	combination	NS5A:24S+31M	2.0	2.0	phdr_ras:NS5A:24S+31M	NS5A:24S+31M	AL_2a	T24S+L/M31M	NS5A:24S+31M:AL_2a:velpatasvir	category_II	II	2.0	0.0		1.0	1.0	0.0	NS5A:24S+31M:AL_2a	velpatasvir	velpatasvir	drug_resistance	Gilead Sciences	NS5A inhibitors	28564569	https://doi.org/10.1056/NEJMoa1613512
NS5A	1	31	M	REF_MASTER_NC_004102	NS5A:31M	aminoAcidSimplePolymorphism	NS5A:24S+31M	combination	NS5A:24S+31M	2.0	2.0	phdr_ras:NS5A:24S+31M	NS5A:24S+31M	AL_2d	S24S+L31M	NS5A:24S+31M:AL_2d:velpatasvir	category_II	II	2.0	0.0		1.0	1.0	0.0	NS5A:24S+31M:AL_2d	velpatasvir	velpatasvir	drug_resistance	Gilead Sciences	NS5A inhibitors	28564569	https://doi.org/10.1056/NEJMoa1613512
NS5A	1	31	M	REF_MASTER_NC_004102	NS5A:31M	aminoAcidSimplePolymorphism	NS5A:24S+31M	combination	NS5A:24S+31M	2.0	2.0	phdr_ras:NS5A:24S+31M	NS5A:24S+31M	AL_2i	S24S+M31M	NS5A:24S+31M:AL_2i:daclatasvir	category_II	II	2.0	0.0		1.0	1.0	0.0	NS5A:24S+31M:AL_2i	daclatasvir	daclatasvir	drug_resistance	Bristol-Myers Squibb 	NS5A inhibitors	27605597	https://doi.org/10.1093/jac/dkw336
NS5A	1	31	M	REF_MASTER_NC_004102	NS5A:31M	aminoAcidSimplePolymorphism	NS5A:24S+31M	combination	NS5A:24S+31M	2.0	2.0	phdr_ras:NS5A:24S+31M	NS5A:24S+31M	AL_2j	S24S+M31M	NS5A:24S+31M:AL_2j:velpatasvir	category_II	II	2.0	0.0		1.0	1.0	0.0	NS5A:24S+31M:AL_2j	velpatasvir	velpatasvir	drug_resistance	Gilead Sciences	NS5A inhibitors	28564569	https://doi.org/10.1056/NEJMoa1613512
NS5A	1	31	M	REF_MASTER_NC_004102	NS5A:31M	aminoAcidSimplePolymorphism	NS5A:24S+31M+93H	combination	NS5A:24S+31M+93H	3.0	2.0	phdr_ras:NS5A:24S+31M+93H	NS5A:24S+31M+93H															drug_resistance				
NS5A	1	31	M	REF_MASTER_NC_004102	NS5A:31M	aminoAcidSimplePolymorphism	NS5A:28C+31M	combination	NS5A:28C+31M	2.0	2.0	phdr_ras:NS5A:28C+31M	NS5A:28C+31M	AL_2a	F28C+L/M31M	NS5A:28C+31M:AL_2a:daclatasvir	category_II	II	2.0	0.0		1.0	1.0	0.0	NS5A:28C+31M:AL_2a	daclatasvir	daclatasvir	drug_resistance	Bristol-Myers Squibb 	NS5A inhibitors	27605597	https://doi.org/10.1093/jac/dkw336
NS5A	1	31	M	REF_MASTER_NC_004102	NS5A:31M	aminoAcidSimplePolymorphism	NS5A:28F+31M	combination	NS5A:28F+31M	2.0	2.0	phdr_ras:NS5A:28F+31M	NS5A:28F+31M	AL_2b	L28F+L/M31M	NS5A:28F+31M:AL_2b:ombitasvir	category_II	II	2.0	1.0	247.0	0.0			NS5A:28F+31M:AL_2b	ombitasvir	ombitasvir	drug_resistance	Abbvie	NS5A inhibitors	25451055	https://doi.org/10.1128/AAC.04226-14
NS5A	1	31	M	REF_MASTER_NC_004102	NS5A:31M	aminoAcidSimplePolymorphism	NS5A:28I+30R+31M	combination	NS5A:28I+30R+31M	3.0	3.0	phdr_ras:NS5A:28I+30R+31M	NS5A:28I+30R+31M	AL_4r	M/V28I+R30R+L/M31M	NS5A:28I+30R+31M:AL_4r:elbasvir	category_II	II	2.0	0.0		1.0	0.0	1.0	NS5A:28I+30R+31M:AL_4r	elbasvir	elbasvir	drug_resistance	Merck	NS5A inhibitors	30125371	https://doi.org/10.1002/hep.30225
NS5A	1	31	M	REF_MASTER_NC_004102	NS5A:31M	aminoAcidSimplePolymorphism	NS5A:28L+31M	combination	NS5A:28L+31M	2.0	2.0	phdr_ras:NS5A:28L+31M	NS5A:28L+31M	AL_2b	L28L+L/M31M	NS5A:28L+31M:AL_2b:daclatasvir	category_I	I	1.0	1.0	650.0	1.0	1.0	0.0	NS5A:28L+31M:AL_2b	daclatasvir	daclatasvir	drug_resistance	Bristol-Myers Squibb 	NS5A inhibitors	27605597	https://doi.org/10.1093/jac/dkw336
NS5A	1	31	M	REF_MASTER_NC_004102	NS5A:31M	aminoAcidSimplePolymorphism	NS5A:28L+31M+92S	combination	NS5A:28L+31M+92S	3.0	2.0	phdr_ras:NS5A:28L+31M+92S	NS5A:28L+31M+92S	AL_2b	L28L+L/M31M+C92S	NS5A:28L+31M+92S:AL_2b:daclatasvir	category_II	II	2.0	1.0	9300.0	0.0			NS5A:28L+31M+92S:AL_2b	daclatasvir	daclatasvir	drug_resistance	Bristol-Myers Squibb 	NS5A inhibitors	27605597	https://doi.org/10.1093/jac/dkw336
NS5A	1	31	M	REF_MASTER_NC_004102	NS5A:31M	aminoAcidSimplePolymorphism	NS5A:28M+30Q+31M	combination	NS5A:28M+30Q+31M	3.0	3.0	phdr_ras:NS5A:28M+30Q+31M	NS5A:28M+30Q+31M	AL_1l	M28M+Q/R30Q+M31M	NS5A:28M+30Q+31M:AL_1l:daclatasvir	category_II	II	2.0	0.0		1.0	1.0	0.0	NS5A:28M+30Q+31M:AL_1l	daclatasvir	daclatasvir	drug_resistance	Bristol-Myers Squibb 	NS5A inhibitors	28789880	https://doi.org/10.1016/j.jhep.2017.06.035
NS5A	1	31	M	REF_MASTER_NC_004102	NS5A:31M	aminoAcidSimplePolymorphism	NS5A:28M+30R+31M	combination	NS5A:28M+30R+31M	3.0	3.0	phdr_ras:NS5A:28M+30R+31M	NS5A:28M+30R+31M	AL_1l	M28M+Q/R30R+M31M	NS5A:28M+30R+31M:AL_1l:ledipasvir	category_I	I	1.0	0.0		1.0	1.0	1.0	NS5A:28M+30R+31M:AL_1l	ledipasvir	ledipasvir	drug_resistance	Gilead Sciences	NS5A inhibitors	28789880	https://doi.org/10.1016/j.jhep.2017.06.035
NS5A	1	31	M	REF_MASTER_NC_004102	NS5A:31M	aminoAcidSimplePolymorphism	NS5A:28M+30R+31M	combination	NS5A:28M+30R+31M	3.0	3.0	phdr_ras:NS5A:28M+30R+31M	NS5A:28M+30R+31M	AL_4r	M/V28M+R30R+L/M31M	NS5A:28M+30R+31M:AL_4r:daclatasvir	category_II	II	2.0	0.0		1.0	0.0	1.0	NS5A:28M+30R+31M:AL_4r	daclatasvir	daclatasvir	drug_resistance	Bristol-Myers Squibb 	NS5A inhibitors	30125371	https://doi.org/10.1002/hep.30225
NS5A	1	31	M	REF_MASTER_NC_004102	NS5A:31M	aminoAcidSimplePolymorphism	NS5A:28M+30R+31M	combination	NS5A:28M+30R+31M	3.0	3.0	phdr_ras:NS5A:28M+30R+31M	NS5A:28M+30R+31M	AL_4r	M/V28M+R30R+L/M31M	NS5A:28M+30R+31M:AL_4r:ledipasvir	category_I	I	1.0	0.0		1.0	1.0	1.0	NS5A:28M+30R+31M:AL_4r	ledipasvir	ledipasvir	drug_resistance	Gilead Sciences	NS5A inhibitors	30125371;28789880	https://doi.org/10.1002/hep.30225;https://doi.org/10.1016/j.jhep.2017.06.035
NS5A	1	31	M	REF_MASTER_NC_004102	NS5A:31M	aminoAcidSimplePolymorphism	NS5A:28S+31M	combination	NS5A:28S+31M	2.0	2.0	phdr_ras:NS5A:28S+31M	NS5A:28S+31M	AL_2a	F28S+L/M31M	NS5A:28S+31M:AL_2a:daclatasvir	category_II	II	2.0	1.0	154.0	0.0			NS5A:28S+31M:AL_2a	daclatasvir	daclatasvir	drug_resistance	Bristol-Myers Squibb 	NS5A inhibitors	24936600	https://doi.org/10.1128/AAC.02788-14
NS5A	1	31	M	REF_MASTER_NC_004102	NS5A:31M	aminoAcidSimplePolymorphism	NS5A:28T+30R+31M	combination	NS5A:28T+30R+31M	3.0	3.0	phdr_ras:NS5A:28T+30R+31M	NS5A:28T+30R+31M	AL_1a	M28T+Q30R+L31M	NS5A:28T+30R+31M:AL_1a:pibrentasvir	category_II	II	2.0	1.0	4.6	1.0	1.0	0.0	NS5A:28T+30R+31M:AL_1a	pibrentasvir	pibrentasvir	drug_resistance	Abbvie	NS5A inhibitors	28193664;29152781	https://doi.org/10.1128/AAC.02558-16;https://doi.org/10.1002/hep.29671
NS5A	1	31	M	REF_MASTER_NC_004102	NS5A:31M	aminoAcidSimplePolymorphism	NS5A:28V+30R+31M	combination	NS5A:28V+30R+31M	3.0	3.0	phdr_ras:NS5A:28V+30R+31M	NS5A:28V+30R+31M	AL_1a	M28V+Q30R+L31M	NS5A:28V+30R+31M:AL_1a:pibrentasvir	category_II	II	2.0	0.0		1.0	1.0	0.0	NS5A:28V+30R+31M:AL_1a	pibrentasvir	pibrentasvir	drug_resistance	Abbvie	NS5A inhibitors	29152781	https://doi.org/10.1002/hep.29671
NS5A	1	31	M	REF_MASTER_NC_004102	NS5A:31M	aminoAcidSimplePolymorphism	NS5A:28V+30R+31M	combination	NS5A:28V+30R+31M	3.0	3.0	phdr_ras:NS5A:28V+30R+31M	NS5A:28V+30R+31M	AL_4r	M/V28V+R30R+L/M31M	NS5A:28V+30R+31M:AL_4r:daclatasvir	category_II	II	2.0	0.0		1.0	1.0	0.0	NS5A:28V+30R+31M:AL_4r	daclatasvir	daclatasvir	drug_resistance	Bristol-Myers Squibb 	NS5A inhibitors	30125371	https://doi.org/10.1002/hep.30225
NS5A	1	31	M	REF_MASTER_NC_004102	NS5A:31M	aminoAcidSimplePolymorphism	NS5A:28V+30R+31M	combination	NS5A:28V+30R+31M	3.0	3.0	phdr_ras:NS5A:28V+30R+31M	NS5A:28V+30R+31M	AL_4r	M/V28V+R30R+L/M31M	NS5A:28V+30R+31M:AL_4r:ledipasvir	category_I	I	1.0	0.0		1.0	1.0	1.0	NS5A:28V+30R+31M:AL_4r	ledipasvir	ledipasvir	drug_resistance	Gilead Sciences	NS5A inhibitors	30125371	https://doi.org/10.1002/hep.30225
NS5A	1	31	M	REF_MASTER_NC_004102	NS5A:31M	aminoAcidSimplePolymorphism	NS5A:28V+30R+31M+93H	combination	NS5A:28V+30R+31M+93H	4.0	3.0	phdr_ras:NS5A:28V+30R+31M+93H	NS5A:28V+30R+31M+93H	AL_4r	M/V28V+R30R+L/M31M+Y93H	NS5A:28V+30R+31M+93H:AL_4r:ledipasvir	category_II	II	2.0	0.0		1.0	0.0	1.0	NS5A:28V+30R+31M+93H:AL_4r	ledipasvir	ledipasvir	drug_resistance	Gilead Sciences	NS5A inhibitors	30125371	https://doi.org/10.1002/hep.30225
NS5A	1	31	M	REF_MASTER_NC_004102	NS5A:31M	aminoAcidSimplePolymorphism	NS5A:28V+30R+31M+93H	combination	NS5A:28V+30R+31M+93H	4.0	3.0	phdr_ras:NS5A:28V+30R+31M+93H	NS5A:28V+30R+31M+93H	AL_4r	M/V28V+R30R+L/M31M+Y93H	NS5A:28V+30R+31M+93H:AL_4r:velpatasvir	category_II	II	2.0	0.0		1.0	0.0	1.0	NS5A:28V+30R+31M+93H:AL_4r	velpatasvir	velpatasvir	drug_resistance	Gilead Sciences	NS5A inhibitors	30125371	https://doi.org/10.1002/hep.30225
NS5A	1	31	M	REF_MASTER_NC_004102	NS5A:31M	aminoAcidSimplePolymorphism	NS5A:28V+30S+31M	combination	NS5A:28V+30S+31M	3.0	3.0	phdr_ras:NS5A:28V+30S+31M	NS5A:28V+30S+31M	AL_4r	M/V28V+R30S+L/M31M	NS5A:28V+30S+31M:AL_4r:daclatasvir	category_II	II	2.0	0.0		1.0	0.0	1.0	NS5A:28V+30S+31M:AL_4r	daclatasvir	daclatasvir	drug_resistance	Bristol-Myers Squibb 	NS5A inhibitors	30125371	https://doi.org/10.1002/hep.30225
NS5A	1	31	M	REF_MASTER_NC_004102	NS5A:31M	aminoAcidSimplePolymorphism	NS5A:30H+31M	combination	NS5A:30H+31M	2.0	2.0	phdr_ras:NS5A:30H+31M	NS5A:30H+31M	AL_1a	Q30H+L31M	NS5A:30H+31M:AL_1a:ledipasvir	category_I	I	1.0	1.0	14869.5	1.0	0.0	1.0	NS5A:30H+31M:AL_1a	ledipasvir	ledipasvir	drug_resistance	Gilead Sciences	NS5A inhibitors	27923693	https://doi.org/10.1016/j.jhep.2016.11.022
NS5A	1	31	M	REF_MASTER_NC_004102	NS5A:31M	aminoAcidSimplePolymorphism	NS5A:30H+31M	combination	NS5A:30H+31M	2.0	2.0	phdr_ras:NS5A:30H+31M	NS5A:30H+31M	AL_1a	Q30H+L31M	NS5A:30H+31M:AL_1a:velpatasvir	category_II	II	2.0	1.0	105.7	0.0			NS5A:30H+31M:AL_1a	velpatasvir	velpatasvir	drug_resistance	Gilead Sciences	NS5A inhibitors	27353271	https://doi.org/10.1128/AAC.00763-16
NS5A	1	31	M	REF_MASTER_NC_004102	NS5A:31M	aminoAcidSimplePolymorphism	NS5A:30H+31M	combination	NS5A:30H+31M	2.0	2.0	phdr_ras:NS5A:30H+31M	NS5A:30H+31M	AL_1b	R30H+L31M	NS5A:30H+31M:AL_1b:daclatasvir	category_II	II	2.0	1.0	240.0	0.0			NS5A:30H+31M:AL_1b	daclatasvir	daclatasvir	drug_resistance	Bristol-Myers Squibb 	NS5A inhibitors	22850513	https://doi.org/10.1128/AAC.01209-12
NS5A	1	31	M	REF_MASTER_NC_004102	NS5A:31M	aminoAcidSimplePolymorphism	NS5A:30K+31M	combination	NS5A:30K+31M	2.0	2.0	phdr_ras:NS5A:30K+31M	NS5A:30K+31M	AL_3a	A30K+L31M	NS5A:30K+31M:AL_3a:daclatasvir	category_II	II	2.0	1.0	10000.0	0.0			NS5A:30K+31M:AL_3a	daclatasvir	daclatasvir	drug_resistance	Bristol-Myers Squibb 	NS5A inhibitors	23384816;29425396	https://doi.org/10.1016/j.jcv.2012.12.020;https://doi.org/10.1002/hep.29837
NS5A	1	31	M	REF_MASTER_NC_004102	NS5A:31M	aminoAcidSimplePolymorphism	NS5A:30K+31M	combination	NS5A:30K+31M	2.0	2.0	phdr_ras:NS5A:30K+31M	NS5A:30K+31M	AL_3a	A30K+L31M	NS5A:30K+31M:AL_3a:elbasvir	category_II	II	2.0	1.0	100000000.0	0.0			NS5A:30K+31M:AL_3a	elbasvir	elbasvir	drug_resistance	Merck	NS5A inhibitors	29425396	https://doi.org/10.1002/hep.29837
NS5A	1	31	M	REF_MASTER_NC_004102	NS5A:31M	aminoAcidSimplePolymorphism	NS5A:30K+31M	combination	NS5A:30K+31M	2.0	2.0	phdr_ras:NS5A:30K+31M	NS5A:30K+31M	AL_3a	A30K+L31M	NS5A:30K+31M:AL_3a:pibrentasvir	category_III	III	3.0	1.0	20.0	0.0			NS5A:30K+31M:AL_3a	pibrentasvir	pibrentasvir	drug_resistance	Abbvie	NS5A inhibitors	29425396	https://doi.org/10.1002/hep.29837
NS5A	1	31	M	REF_MASTER_NC_004102	NS5A:31M	aminoAcidSimplePolymorphism	NS5A:30K+31M	combination	NS5A:30K+31M	2.0	2.0	phdr_ras:NS5A:30K+31M	NS5A:30K+31M	AL_3a	A30K+L31M	NS5A:30K+31M:AL_3a:velpatasvir	category_II	II	2.0	1.0	10000.0	0.0			NS5A:30K+31M:AL_3a	velpatasvir	velpatasvir	drug_resistance	Gilead Sciences	NS5A inhibitors	29425396	https://doi.org/10.1002/hep.29837
NS5A	1	31	M	REF_MASTER_NC_004102	NS5A:31M	aminoAcidSimplePolymorphism	NS5A:30K+31M+93H	combination	NS5A:30K+31M+93H	3.0	2.0	phdr_ras:NS5A:30K+31M+93H	NS5A:30K+31M+93H	AL_3a	A30K+L31M+Y93H	NS5A:30K+31M+93H:AL_3a:daclatasvir	category_II	II	2.0	1.0	10000.0	0.0			NS5A:30K+31M+93H:AL_3a	daclatasvir	daclatasvir	drug_resistance	Bristol-Myers Squibb 	NS5A inhibitors	29425396	https://doi.org/10.1002/hep.29837
NS5A	1	31	M	REF_MASTER_NC_004102	NS5A:31M	aminoAcidSimplePolymorphism	NS5A:30K+31M+93H	combination	NS5A:30K+31M+93H	3.0	2.0	phdr_ras:NS5A:30K+31M+93H	NS5A:30K+31M+93H	AL_3a	A30K+L31M+Y93H	NS5A:30K+31M+93H:AL_3a:elbasvir	category_II	II	2.0	1.0	100000000.0	0.0			NS5A:30K+31M+93H:AL_3a	elbasvir	elbasvir	drug_resistance	Merck	NS5A inhibitors	29425396	https://doi.org/10.1002/hep.29837
NS5A	1	31	M	REF_MASTER_NC_004102	NS5A:31M	aminoAcidSimplePolymorphism	NS5A:30K+31M+93H	combination	NS5A:30K+31M+93H	3.0	2.0	phdr_ras:NS5A:30K+31M+93H	NS5A:30K+31M+93H	AL_3a	A30K+L31M+Y93H	NS5A:30K+31M+93H:AL_3a:pibrentasvir	category_III	III	3.0	1.0	20.0	0.0			NS5A:30K+31M+93H:AL_3a	pibrentasvir	pibrentasvir	drug_resistance	Abbvie	NS5A inhibitors	29425396	https://doi.org/10.1002/hep.29837
NS5A	1	31	M	REF_MASTER_NC_004102	NS5A:31M	aminoAcidSimplePolymorphism	NS5A:30K+31M+93H	combination	NS5A:30K+31M+93H	3.0	2.0	phdr_ras:NS5A:30K+31M+93H	NS5A:30K+31M+93H	AL_3a	A30K+L31M+Y93H	NS5A:30K+31M+93H:AL_3a:velpatasvir	category_II	II	2.0	1.0	10000.0	0.0			NS5A:30K+31M+93H:AL_3a	velpatasvir	velpatasvir	drug_resistance	Gilead Sciences	NS5A inhibitors	29425396	https://doi.org/10.1002/hep.29837
NS5A	1	31	M	REF_MASTER_NC_004102	NS5A:31M	aminoAcidSimplePolymorphism	NS5A:30L+31M+93H	combination	NS5A:30L+31M+93H	3.0	2.0	phdr_ras:NS5A:30L+31M+93H	NS5A:30L+31M+93H	AL_1a	Q30L+L31M+Y93H	NS5A:30L+31M+93H:AL_1a:ledipasvir	category_II	II	2.0	0.0		1.0	0.0	1.0	NS5A:30L+31M+93H:AL_1a	ledipasvir	ledipasvir	drug_resistance	Gilead Sciences	NS5A inhibitors	27923693	https://doi.org/10.1016/j.jhep.2016.11.022
NS5A	1	31	M	REF_MASTER_NC_004102	NS5A:31M	aminoAcidSimplePolymorphism	NS5A:30Q+31M	combination	NS5A:30Q+31M	2.0	2.0	phdr_ras:NS5A:30Q+31M	NS5A:30Q+31M	AL_1b	R30Q+L31M	NS5A:30Q+31M:AL_1b:daclatasvir	category_III	III	3.0	1.0	11.0	0.0			NS5A:30Q+31M:AL_1b	daclatasvir	daclatasvir	drug_resistance	Bristol-Myers Squibb 	NS5A inhibitors	22850513	https://doi.org/10.1128/AAC.01209-12
NS5A	1	31	M	REF_MASTER_NC_004102	NS5A:31M	aminoAcidSimplePolymorphism	NS5A:30Q+31M+93H	combination	NS5A:30Q+31M+93H	3.0	2.0	phdr_ras:NS5A:30Q+31M+93H	NS5A:30Q+31M+93H	AL_1b	R30Q+L31M+Y93H	NS5A:30Q+31M+93H:AL_1b:daclatasvir	category_II	II	2.0	1.0	34000.0	0.0			NS5A:30Q+31M+93H:AL_1b	daclatasvir	daclatasvir	drug_resistance	Bristol-Myers Squibb 	NS5A inhibitors	22850513	https://doi.org/10.1128/AAC.01209-12
NS5A	1	31	M	REF_MASTER_NC_004102	NS5A:31M	aminoAcidSimplePolymorphism	NS5A:30R+31M	combination	NS5A:30R+31M	2.0	2.0	phdr_ras:NS5A:30R+31M	NS5A:30R+31M	AL_1a	Q30R+L31M	NS5A:30R+31M:AL_1a:daclatasvir	category_II	II	2.0	0.0		1.0	0.0	1.0	NS5A:30R+31M:AL_1a	daclatasvir	daclatasvir	drug_resistance	Bristol-Myers Squibb 	NS5A inhibitors	24444658	https://doi.org/10.1016/j.jhep.2013.10.019
NS5A	1	31	M	REF_MASTER_NC_004102	NS5A:31M	aminoAcidSimplePolymorphism	NS5A:30R+31M	combination	NS5A:30R+31M	2.0	2.0	phdr_ras:NS5A:30R+31M	NS5A:30R+31M	AL_1a	Q30R+L31M	NS5A:30R+31M:AL_1a:elbasvir	category_II	II	2.0	0.0		1.0	0.0	1.0	NS5A:30R+31M:AL_1a	elbasvir	elbasvir	drug_resistance	Merck	NS5A inhibitors	25467591	https://doi.org/10.1016/S0140-6736(14)61795-5
NS5A	1	31	M	REF_MASTER_NC_004102	NS5A:31M	aminoAcidSimplePolymorphism	NS5A:30R+31M	combination	NS5A:30R+31M	2.0	2.0	phdr_ras:NS5A:30R+31M	NS5A:30R+31M	AL_1a	Q30R+L31M	NS5A:30R+31M:AL_1a:ledipasvir	category_I	I	1.0	1.0	23400.0	1.0	0.0	1.0	NS5A:30R+31M:AL_1a	ledipasvir	ledipasvir	drug_resistance	Gilead Sciences	NS5A inhibitors	29091342;27923693	https://doi.org/10.1111/liv.13616;https://doi.org/10.1016/j.jhep.2016.11.022
NS5A	1	31	M	REF_MASTER_NC_004102	NS5A:31M	aminoAcidSimplePolymorphism	NS5A:30R+31M	combination	NS5A:30R+31M	2.0	2.0	phdr_ras:NS5A:30R+31M	NS5A:30R+31M	AL_1a	Q30R+L31M	NS5A:30R+31M:AL_1a:pibrentasvir	category_II	II	2.0	1.0	2.4	1.0	1.0	0.0	NS5A:30R+31M:AL_1a	pibrentasvir	pibrentasvir	drug_resistance	Abbvie	NS5A inhibitors	28193664;29152781	https://doi.org/10.1128/AAC.02558-16;https://doi.org/10.1002/hep.29671
NS5A	1	31	M	REF_MASTER_NC_004102	NS5A:31M	aminoAcidSimplePolymorphism	NS5A:30R+31M	combination	NS5A:30R+31M	2.0	2.0	phdr_ras:NS5A:30R+31M	NS5A:30R+31M	AL_1a	Q30R+L31M	NS5A:30R+31M:AL_1a:velpatasvir	category_II	II	2.0	1.0	198.4	0.0			NS5A:30R+31M:AL_1a	velpatasvir	velpatasvir	drug_resistance	Gilead Sciences	NS5A inhibitors	27353271	https://doi.org/10.1128/AAC.00763-16
NS5A	1	31	M	REF_MASTER_NC_004102	NS5A:31M	aminoAcidSimplePolymorphism	NS5A:30R+31M	combination	NS5A:30R+31M	2.0	2.0	phdr_ras:NS5A:30R+31M	NS5A:30R+31M	AL_1b	R30R+L31M	NS5A:30R+31M:AL_1b:daclatasvir	category_II	II	2.0	0.0		1.0	0.0	1.0	NS5A:30R+31M:AL_1b	daclatasvir	daclatasvir	drug_resistance	Bristol-Myers Squibb 	NS5A inhibitors	24444658	https://doi.org/10.1016/j.jhep.2013.10.019
NS5A	1	31	M	REF_MASTER_NC_004102	NS5A:31M	aminoAcidSimplePolymorphism	NS5A:30R+31M	combination	NS5A:30R+31M	2.0	2.0	phdr_ras:NS5A:30R+31M	NS5A:30R+31M	AL_1c	Q30R+L31M	NS5A:30R+31M:AL_1c:velpatasvir	category_II	II	2.0	0.0		1.0	1.0	0.0	NS5A:30R+31M:AL_1c	velpatasvir	velpatasvir	drug_resistance	Gilead Sciences	NS5A inhibitors	29221887	https://doi.org/10.1016/j.jhep.2017.11.032
NS5A	1	31	M	REF_MASTER_NC_004102	NS5A:31M	aminoAcidSimplePolymorphism	NS5A:30R+31M	combination	NS5A:30R+31M	2.0	2.0	phdr_ras:NS5A:30R+31M	NS5A:30R+31M	AL_1h	R30R+L31M	NS5A:30R+31M:AL_1h:velpatasvir	category_II	II	2.0	0.0		1.0	1.0	0.0	NS5A:30R+31M:AL_1h	velpatasvir	velpatasvir	drug_resistance	Gilead Sciences	NS5A inhibitors	29221887	https://doi.org/10.1016/j.jhep.2017.11.032
NS5A	1	31	M	REF_MASTER_NC_004102	NS5A:31M	aminoAcidSimplePolymorphism	NS5A:30R+31M+58D	combination	NS5A:30R+31M+58D	3.0	2.0	phdr_ras:NS5A:30R+31M+58D	NS5A:30R+31M+58D	AL_1a	Q30R+L31M+H58D	NS5A:30R+31M+58D:AL_1a:pibrentasvir	category_I	I	1.0	1.0	1704.0	1.0	0.0	1.0	NS5A:30R+31M+58D:AL_1a	pibrentasvir	pibrentasvir	drug_resistance	Abbvie	NS5A inhibitors	EASL_2017_FRI_205	https://doi.org/10.1016/S0168-8278(17)31399-5
NS5A	1	31	M	REF_MASTER_NC_004102	NS5A:31M	aminoAcidSimplePolymorphism	NS5A:30R+31M+93C	combination	NS5A:30R+31M+93C	3.0	2.0	phdr_ras:NS5A:30R+31M+93C	NS5A:30R+31M+93C	AL_1a	Q30R+L31M+Y93C	NS5A:30R+31M+93C:AL_1a:pibrentasvir	category_III	III	3.0	1.0	42.0	0.0			NS5A:30R+31M+93C:AL_1a	pibrentasvir	pibrentasvir	drug_resistance	Abbvie	NS5A inhibitors	28193664	https://doi.org/10.1128/AAC.02558-16
NS5A	1	31	M	REF_MASTER_NC_004102	NS5A:31M	aminoAcidSimplePolymorphism	NS5A:30R+31M+93H	combination	NS5A:30R+31M+93H	3.0	2.0	phdr_ras:NS5A:30R+31M+93H	NS5A:30R+31M+93H															drug_resistance				
NS5A	1	31	M	REF_MASTER_NC_004102	NS5A:31M	aminoAcidSimplePolymorphism	NS5A:30T+31M+93H	combination	NS5A:30T+31M+93H	3.0	2.0	phdr_ras:NS5A:30T+31M+93H	NS5A:30T+31M+93H															drug_resistance				
NS5A	1	31	M	REF_MASTER_NC_004102	NS5A:31M	aminoAcidSimplePolymorphism	NS5A:31M	single				phdr_ras:NS5A:31M	NS5A:31M	AL_1a	L31M	NS5A:31M:AL_1a:daclatasvir	category_I	I	1.0	1.0	350.0	1.0	0.0	1.0	NS5A:31M:AL_1a	daclatasvir	daclatasvir	drug_resistance	Bristol-Myers Squibb 	NS5A inhibitors	20410884;29146520;21809362;22256805	https://doi.org/10.1038/nature08960;https://doi.org/10.1053/j.gastro.2017.11.007;https://doi.org/10.1002/hep.24594;https://doi.org/10.1056/NEJMoa1104430
NS5A	1	31	M	REF_MASTER_NC_004102	NS5A:31M	aminoAcidSimplePolymorphism	NS5A:31M	single				phdr_ras:NS5A:31M	NS5A:31M	AL_1a	L31M	NS5A:31M:AL_1a:elbasvir	category_I	I	1.0	1.0	10.0	1.0	1.0	1.0	NS5A:31M:AL_1a	elbasvir	elbasvir	drug_resistance	Merck	NS5A inhibitors	25467560;25467591;26303801;26926625;27773808;28193518	https://doi.org/10.1016/S0140-6736(14)61793-1;https://doi.org/10.1016/S0140-6736(14)61795-5;https://doi.org/10.1128/AAC.01390-15;https://doi.org/10.1128/AAC.00051-16;https://doi.org/10.1053/j.gastro.2016.10.017;https://doi.org/10.1053/j.gastro.2017.01.050
NS5A	1	31	M	REF_MASTER_NC_004102	NS5A:31M	aminoAcidSimplePolymorphism	NS5A:31M	single				phdr_ras:NS5A:31M	NS5A:31M	AL_1a	L31M	NS5A:31M:AL_1a:ledipasvir	category_I	I	1.0	1.0	554.4	1.0	1.0	1.0	NS5A:31M:AL_1a	ledipasvir	ledipasvir	drug_resistance	Gilead Sciences	NS5A inhibitors	29091342;27923693;29146520	https://doi.org/10.1111/liv.13616;https://doi.org/10.1016/j.jhep.2016.11.022;https://doi.org/10.1053/j.gastro.2017.11.007
NS5A	1	31	M	REF_MASTER_NC_004102	NS5A:31M	aminoAcidSimplePolymorphism	NS5A:31M	single				phdr_ras:NS5A:31M	NS5A:31M	AL_1a	L31M	NS5A:31M:AL_1a:ombitasvir	category_II	II	2.0	1.0	2.0	1.0	1.0	0.0	NS5A:31M:AL_1a	ombitasvir	ombitasvir	drug_resistance	Abbvie	NS5A inhibitors	25451055;26100711	https://doi.org/10.1128/AAC.04226-14;https://doi.org/10.1128/AAC.00998-15
NS5A	1	31	M	REF_MASTER_NC_004102	NS5A:31M	aminoAcidSimplePolymorphism	NS5A:31M	single				phdr_ras:NS5A:31M	NS5A:31M	AL_1a	L31M	NS5A:31M:AL_1a:velpatasvir	category_I	I	1.0	1.0	16.0	1.0	1.0	0.0	NS5A:31M:AL_1a	velpatasvir	velpatasvir	drug_resistance	Gilead Sciences	NS5A inhibitors	EASL_2013_Poster_1191;27353271;28564569	https://doi.org/10.1016/S0168-8278(13)61192-7;https://doi.org/10.1128/AAC.00763-16;https://doi.org/10.1056/NEJMoa1613512
NS5A	1	31	M	REF_MASTER_NC_004102	NS5A:31M	aminoAcidSimplePolymorphism	NS5A:31M	single				phdr_ras:NS5A:31M	NS5A:31M	AL_1b	L31M	NS5A:31M:AL_1b:daclatasvir	category_I	I	1.0	1.0	3.0	1.0	1.0	1.0	NS5A:31M:AL_1b	daclatasvir	daclatasvir	drug_resistance	Bristol-Myers Squibb 	NS5A inhibitors	26453968;26878268;27003037;27597318;28941023;29271114;29599611;29146520;21809362;20585111	https://doi.org/10.1016/j.jhep.2015.09.024;https://doi.org/10.1111/hepr.12673;https://doi.org/10.1111/jgh.13379;https://doi.org/10.1111/jgh.13587;https://doi.org/10.1111/liv.13596;https://doi.org/10.1111/apt.14478;https://doi.org/10.3748/wjg.v24.i12.1361;https://doi.org/10.1053/j.gastro.2017.11.007;https://doi.org/10.1002/hep.24594;https://doi.org/10.1128/AAC.00556-10
NS5A	1	31	M	REF_MASTER_NC_004102	NS5A:31M	aminoAcidSimplePolymorphism	NS5A:31M	single				phdr_ras:NS5A:31M	NS5A:31M	AL_1b	L31M	NS5A:31M:AL_1b:elbasvir	category_I	I	1.0	0.0		1.0	1.0	1.0	NS5A:31M:AL_1b	elbasvir	elbasvir	drug_resistance	Merck	NS5A inhibitors	28193518;25467591;28576451;26371152;27720838;27873094	https://doi.org/10.1053/j.gastro.2017.01.050;https://doi.org/10.1016/S0140-6736(14)61795-5;https://doi.org/10.1016/S2468-1253(17)30116-4;https://doi.org/10.1093/cid/civ722;https://doi.org/10.1053/j.gastro.2016.09.045;https://doi.org/10.1007/s00535-016-1285-y
NS5A	1	31	M	REF_MASTER_NC_004102	NS5A:31M	aminoAcidSimplePolymorphism	NS5A:31M	single				phdr_ras:NS5A:31M	NS5A:31M	AL_1b	L31M	NS5A:31M:AL_1b:ledipasvir	category_II	II	2.0	1.0	3.4	1.0	0.0	1.0	NS5A:31M:AL_1b	ledipasvir	ledipasvir	drug_resistance	Gilead Sciences	NS5A inhibitors	29146520;27923693	https://doi.org/10.1053/j.gastro.2017.11.007;https://doi.org/10.1016/j.jhep.2016.11.022
NS5A	1	31	M	REF_MASTER_NC_004102	NS5A:31M	aminoAcidSimplePolymorphism	NS5A:31M	single				phdr_ras:NS5A:31M	NS5A:31M	AL_1b	L31M	NS5A:31M:AL_1b:ombitasvir	category_II	II	2.0	0.0		1.0	1.0	0.0	NS5A:31M:AL_1b	ombitasvir	ombitasvir	drug_resistance	Abbvie	NS5A inhibitors	28416221	https://doi.org/10.1016/S2468-1253(17)30071-7
NS5A	1	31	M	REF_MASTER_NC_004102	NS5A:31M	aminoAcidSimplePolymorphism	NS5A:31M	single				phdr_ras:NS5A:31M	NS5A:31M	AL_1b	L31M	NS5A:31M:AL_1b:velpatasvir	category_II	II	2.0	0.0		1.0	0.0	1.0	NS5A:31M:AL_1b	velpatasvir	velpatasvir	drug_resistance	Gilead Sciences	NS5A inhibitors	26569658	https://doi.org/10.1056/NEJMoa1512614
NS5A	1	31	M	REF_MASTER_NC_004102	NS5A:31M	aminoAcidSimplePolymorphism	NS5A:31M	single				phdr_ras:NS5A:31M	NS5A:31M	AL_2	L/M31M	NS5A:31M:AL_2:daclatasvir	category_II	II	2.0	0.0		1.0	1.0	0.0	NS5A:31M:AL_2	daclatasvir	daclatasvir	drug_resistance	Bristol-Myers Squibb 	NS5A inhibitors	26196502;29271114	https://doi.org/10.1056/NEJMoa1503153;https://doi.org/10.1111/apt.14478
NS5A	1	31	M	REF_MASTER_NC_004102	NS5A:31M	aminoAcidSimplePolymorphism	NS5A:31M	single				phdr_ras:NS5A:31M	NS5A:31M	AL_2a	L/M31M	NS5A:31M:AL_2a:daclatasvir	category_I	I	1.0	1.0	539.5	1.0	1.0	0.0	NS5A:31M:AL_2a	daclatasvir	daclatasvir	drug_resistance	Bristol-Myers Squibb 	NS5A inhibitors	27605597;29274866;21593143	https://doi.org/10.1093/jac/dkw336;https://doi.org/10.1053/j.gastro.2017.12.015;https://doi.org/10.1128/JVI.00253-11
NS5A	1	31	M	REF_MASTER_NC_004102	NS5A:31M	aminoAcidSimplePolymorphism	NS5A:31M	single				phdr_ras:NS5A:31M	NS5A:31M	AL_2a	L/M31M	NS5A:31M:AL_2a:elbasvir	category_II	II	2.0	1.0	539.5	0.0			NS5A:31M:AL_2a	elbasvir	elbasvir	drug_resistance	Merck	NS5A inhibitors	29274866	https://doi.org/10.1053/j.gastro.2017.12.015
NS5A	1	31	M	REF_MASTER_NC_004102	NS5A:31M	aminoAcidSimplePolymorphism	NS5A:31M	single				phdr_ras:NS5A:31M	NS5A:31M	AL_2a	L/M31M	NS5A:31M:AL_2a:ombitasvir	category_II	II	2.0	0.0		1.0	1.0	0.0	NS5A:31M:AL_2a	ombitasvir	ombitasvir	drug_resistance	Abbvie	NS5A inhibitors	30485638	https://doi.org/10.1111/hepr.13292
NS5A	1	31	M	REF_MASTER_NC_004102	NS5A:31M	aminoAcidSimplePolymorphism	NS5A:31M	single				phdr_ras:NS5A:31M	NS5A:31M	AL_2a	L/M31M	NS5A:31M:AL_2a:velpatasvir	category_III	III	3.0	1.0	41.5	0.0			NS5A:31M:AL_2a	velpatasvir	velpatasvir	drug_resistance	Gilead Sciences	NS5A inhibitors	29274866	https://doi.org/10.1053/j.gastro.2017.12.015
NS5A	1	31	M	REF_MASTER_NC_004102	NS5A:31M	aminoAcidSimplePolymorphism	NS5A:31M	single				phdr_ras:NS5A:31M	NS5A:31M	AL_2b	L/M31M	NS5A:31M:AL_2b:daclatasvir	category_I	I	1.0	1.0	3200.0	1.0	1.0	1.0	NS5A:31M:AL_2b	daclatasvir	daclatasvir	drug_resistance	Bristol-Myers Squibb 	NS5A inhibitors	27605597	https://doi.org/10.1093/jac/dkw336
NS5A	1	31	M	REF_MASTER_NC_004102	NS5A:31M	aminoAcidSimplePolymorphism	NS5A:31M	single				phdr_ras:NS5A:31M	NS5A:31M	AL_2b	L/M31M	NS5A:31M:AL_2b:velpatasvir	category_II	II	2.0	0.0		1.0	1.0	0.0	NS5A:31M:AL_2b	velpatasvir	velpatasvir	drug_resistance	Gilead Sciences	NS5A inhibitors	28498551	https://doi.org/10.1002/hep.29256
NS5A	1	31	M	REF_MASTER_NC_004102	NS5A:31M	aminoAcidSimplePolymorphism	NS5A:31M	single				phdr_ras:NS5A:31M	NS5A:31M	AL_3	L31M	NS5A:31M:AL_3:pibrentasvir	category_II	II	2.0	0.0		1.0	1.0	0.0	NS5A:31M:AL_3	pibrentasvir	pibrentasvir	drug_resistance	Abbvie	NS5A inhibitors	EASL_2017_FRI_205	https://doi.org/10.1016/S0168-8278(17)31399-5
NS5A	1	31	M	REF_MASTER_NC_004102	NS5A:31M	aminoAcidSimplePolymorphism	NS5A:31M	single				phdr_ras:NS5A:31M	NS5A:31M	AL_3a	L31M	NS5A:31M:AL_3a:daclatasvir	category_II	II	2.0	1.0	537.0	0.0			NS5A:31M:AL_3a	daclatasvir	daclatasvir	drug_resistance	Bristol-Myers Squibb 	NS5A inhibitors	23384816	https://doi.org/10.1016/j.jcv.2012.12.020
NS5A	1	31	M	REF_MASTER_NC_004102	NS5A:31M	aminoAcidSimplePolymorphism	NS5A:31M	single				phdr_ras:NS5A:31M	NS5A:31M	AL_3a	L31M	NS5A:31M:AL_3a:velpatasvir	category_II	II	2.0	1.0	70.8	0.0			NS5A:31M:AL_3a	velpatasvir	velpatasvir	drug_resistance	Gilead Sciences	NS5A inhibitors	27353271	https://doi.org/10.1128/AAC.00763-16
NS5A	1	31	M	REF_MASTER_NC_004102	NS5A:31M	aminoAcidSimplePolymorphism	NS5A:31M	single				phdr_ras:NS5A:31M	NS5A:31M	AL_6a	L31M	NS5A:31M:AL_6a:daclatasvir	category_II	II	2.0	1.0	878.0	0.0			NS5A:31M:AL_6a	daclatasvir	daclatasvir	drug_resistance	Bristol-Myers Squibb 	NS5A inhibitors	24936600;29274866	https://doi.org/10.1128/AAC.02788-14;https://doi.org/10.1053/j.gastro.2017.12.015
NS5A	1	31	M	REF_MASTER_NC_004102	NS5A:31M	aminoAcidSimplePolymorphism	NS5A:31M	single				phdr_ras:NS5A:31M	NS5A:31M	AL_6a	L31M	NS5A:31M:AL_6a:elbasvir	category_III	III	3.0	1.0	41.5	0.0			NS5A:31M:AL_6a	elbasvir	elbasvir	drug_resistance	Merck	NS5A inhibitors	29274866	https://doi.org/10.1053/j.gastro.2017.12.015
NS5A	1	31	M	REF_MASTER_NC_004102	NS5A:31M	aminoAcidSimplePolymorphism	NS5A:31M	single				phdr_ras:NS5A:31M	NS5A:31M	AL_6a	L31M	NS5A:31M:AL_6a:ombitasvir	category_III	III	3.0	1.0	26.0	0.0			NS5A:31M:AL_6a	ombitasvir	ombitasvir	drug_resistance	Abbvie	NS5A inhibitors	30718256	https://doi.org/10.1128/AAC.02205-18
NS5A	1	31	M	REF_MASTER_NC_004102	NS5A:31M	aminoAcidSimplePolymorphism	NS5A:31M	single				phdr_ras:NS5A:31M	NS5A:31M	AL_6a	L31M	NS5A:31M:AL_6a:velpatasvir	category_III	III	3.0	1.0	41.5	0.0			NS5A:31M:AL_6a	velpatasvir	velpatasvir	drug_resistance	Gilead Sciences	NS5A inhibitors	29274866	https://doi.org/10.1053/j.gastro.2017.12.015
NS5A	1	31	M	REF_MASTER_NC_004102	NS5A:31M	aminoAcidSimplePolymorphism	NS5A:31M+30R	combination	NS5A:31M+30R	2.0	1.0	phdr_ras:NS5A:31M+30R	NS5A:31M+30R	AL_1a	L31M+Q30R	NS5A:31M+30R:AL_1a:elbasvir	category_II	II	2.0	0.0		1.0	0.0	1.0	NS5A:31M+30R:AL_1a	elbasvir	elbasvir	drug_resistance	Merck	NS5A inhibitors	28193518	https://doi.org/10.1053/j.gastro.2017.01.050
NS5A	1	31	M	REF_MASTER_NC_004102	NS5A:31M	aminoAcidSimplePolymorphism	NS5A:31M+37M+93H	combination	NS5A:31M+37M+93H	3.0	1.0	phdr_ras:NS5A:31M+37M+93H	NS5A:31M+37M+93H	AL_1a	L31M+V37M+Y93H	NS5A:31M+37M+93H:AL_1a:elbasvir	category_II	II	2.0	0.0		1.0	0.0	1.0	NS5A:31M+37M+93H:AL_1a	elbasvir	elbasvir	drug_resistance	Merck	NS5A inhibitors	25467560	https://doi.org/10.1016/S0140-6736(14)61793-1
NS5A	1	31	M	REF_MASTER_NC_004102	NS5A:31M	aminoAcidSimplePolymorphism	NS5A:31M+54H	combination	NS5A:31M+54H	2.0	1.0	phdr_ras:NS5A:31M+54H	NS5A:31M+54H	AL_1b	L31M+H/Q54H	NS5A:31M+54H:AL_1b:ledipasvir	category_II	II	2.0	0.0		1.0	1.0	0.0	NS5A:31M+54H:AL_1b	ledipasvir	ledipasvir	drug_resistance	Gilead Sciences	NS5A inhibitors	29274188	https://doi.org/10.1111/jvh.12850
NS5A	1	31	M	REF_MASTER_NC_004102	NS5A:31M	aminoAcidSimplePolymorphism	NS5A:31M+54H+62E	combination	NS5A:31M+54H+62E	3.0	1.0	phdr_ras:NS5A:31M+54H+62E	NS5A:31M+54H+62E	AL_1b	L31M+H/Q54H+Q62E	NS5A:31M+54H+62E:AL_1b:ledipasvir	category_II	II	2.0	0.0		1.0	1.0	0.0	NS5A:31M+54H+62E:AL_1b	ledipasvir	ledipasvir	drug_resistance	Gilead Sciences	NS5A inhibitors	29274188	https://doi.org/10.1111/jvh.12850
NS5A	1	31	M	REF_MASTER_NC_004102	NS5A:31M	aminoAcidSimplePolymorphism	NS5A:31M+54H+93H	combination	NS5A:31M+54H+93H	3.0	1.0	phdr_ras:NS5A:31M+54H+93H	NS5A:31M+54H+93H	AL_1b	L31M+H/Q54H+Y93H	NS5A:31M+54H+93H:AL_1b:ledipasvir	category_II	II	2.0	0.0		1.0	1.0	0.0	NS5A:31M+54H+93H:AL_1b	ledipasvir	ledipasvir	drug_resistance	Gilead Sciences	NS5A inhibitors	29274188	https://doi.org/10.1111/jvh.12850
NS5A	1	31	M	REF_MASTER_NC_004102	NS5A:31M	aminoAcidSimplePolymorphism	NS5A:31M+58D	combination	NS5A:31M+58D	2.0	1.0	phdr_ras:NS5A:31M+58D	NS5A:31M+58D	AL_1a	L31M+H58D	NS5A:31M+58D:AL_1a:elbasvir	category_II	II	2.0	0.0		1.0	0.0	1.0	NS5A:31M+58D:AL_1a	elbasvir	elbasvir	drug_resistance	Merck	NS5A inhibitors	25467591	https://doi.org/10.1016/S0140-6736(14)61795-5
NS5A	1	31	M	REF_MASTER_NC_004102	NS5A:31M	aminoAcidSimplePolymorphism	NS5A:31M+58D	combination	NS5A:31M+58D	2.0	1.0	phdr_ras:NS5A:31M+58D	NS5A:31M+58D	AL_1a	L31M+H58D	NS5A:31M+58D:AL_1a:pibrentasvir	category_I	I	1.0	1.0	23.0	1.0	1.0	0.0	NS5A:31M+58D:AL_1a	pibrentasvir	pibrentasvir	drug_resistance	Abbvie	NS5A inhibitors	EASL_2017_FRI_205;28128852	https://doi.org/10.1016/S0168-8278(17)31399-5;https://doi.org/10.1002/hep.29081
NS5A	1	31	M	REF_MASTER_NC_004102	NS5A:31M	aminoAcidSimplePolymorphism	NS5A:31M+58D+93C	combination	NS5A:31M+58D+93C	3.0	1.0	phdr_ras:NS5A:31M+58D+93C	NS5A:31M+58D+93C															drug_resistance				
NS5A	1	31	M	REF_MASTER_NC_004102	NS5A:31M	aminoAcidSimplePolymorphism	NS5A:31M+93C	combination	NS5A:31M+93C	2.0	1.0	phdr_ras:NS5A:31M+93C	NS5A:31M+93C	AL_1a	L31M+Y93C	NS5A:31M+93C:AL_1a:daclatasvir	category_II	II	2.0	0.0		1.0	0.0	1.0	NS5A:31M+93C:AL_1a	daclatasvir	daclatasvir	drug_resistance	Bristol-Myers Squibb 	NS5A inhibitors	24444658	https://doi.org/10.1016/j.jhep.2013.10.019
NS5A	1	31	M	REF_MASTER_NC_004102	NS5A:31M	aminoAcidSimplePolymorphism	NS5A:31M+93C	combination	NS5A:31M+93C	2.0	1.0	phdr_ras:NS5A:31M+93C	NS5A:31M+93C	AL_1a	L31M+Y93C	NS5A:31M+93C:AL_1a:pibrentasvir	category_III	III	3.0	1.0	6.1	0.0			NS5A:31M+93C:AL_1a	pibrentasvir	pibrentasvir	drug_resistance	Abbvie	NS5A inhibitors	28193664	https://doi.org/10.1128/AAC.02558-16
NS5A	1	31	M	REF_MASTER_NC_004102	NS5A:31M	aminoAcidSimplePolymorphism	NS5A:31M+93C	combination	NS5A:31M+93C	2.0	1.0	phdr_ras:NS5A:31M+93C	NS5A:31M+93C	AL_1b	L31M+Y93C	NS5A:31M+93C:AL_1b:daclatasvir	category_II	II	2.0	0.0		1.0	0.0	1.0	NS5A:31M+93C:AL_1b	daclatasvir	daclatasvir	drug_resistance	Bristol-Myers Squibb 	NS5A inhibitors	24444658	https://doi.org/10.1016/j.jhep.2013.10.019
NS5A	1	31	M	REF_MASTER_NC_004102	NS5A:31M	aminoAcidSimplePolymorphism	NS5A:31M+93H	combination	NS5A:31M+93H	2.0	1.0	phdr_ras:NS5A:31M+93H	NS5A:31M+93H	AL_1a	L31M+Y93H	NS5A:31M+93H:AL_1a:velpatasvir	category_II	II	2.0	0.0		1.0	0.0	1.0	NS5A:31M+93H:AL_1a	velpatasvir	velpatasvir	drug_resistance	Gilead Sciences	NS5A inhibitors	28564569	https://doi.org/10.1056/NEJMoa1613512
NS5A	1	31	M	REF_MASTER_NC_004102	NS5A:31M	aminoAcidSimplePolymorphism	NS5A:31M+93H	combination	NS5A:31M+93H	2.0	1.0	phdr_ras:NS5A:31M+93H	NS5A:31M+93H	AL_1b	L31M+Y93H	NS5A:31M+93H:AL_1b:daclatasvir	category_I	I	1.0	1.0	7105.0	1.0	1.0	1.0	NS5A:31M+93H:AL_1b	daclatasvir	daclatasvir	drug_resistance	Bristol-Myers Squibb 	NS5A inhibitors	24448487;20585111;26878268;27003037;27009831;29274866;28078469;21809362	https://doi.org/10.3851/IMP2729;https://doi.org/10.1128/AAC.00556-10;https://doi.org/10.1111/hepr.12673;https://doi.org/10.1111/jgh.13379;https://doi.org/10.1111/liv.13128;https://doi.org/10.1053/j.gastro.2017.12.015;https://doi.org/10.1007/s00535-016-1303-0;https://doi.org/10.1002/hep.24594
NS5A	1	31	M	REF_MASTER_NC_004102	NS5A:31M	aminoAcidSimplePolymorphism	NS5A:31M+93H	combination	NS5A:31M+93H	2.0	1.0	phdr_ras:NS5A:31M+93H	NS5A:31M+93H	AL_1b	L31M+Y93H	NS5A:31M+93H:AL_1b:elbasvir	category_I	I	1.0	1.0	1000.0	1.0	0.0	1.0	NS5A:31M+93H:AL_1b	elbasvir	elbasvir	drug_resistance	Merck	NS5A inhibitors	29274866;25467560;27873094	https://doi.org/10.1053/j.gastro.2017.12.015;https://doi.org/10.1016/S0140-6736(14)61793-1;https://doi.org/10.1007/s00535-016-1285-y
NS5A	1	31	M	REF_MASTER_NC_004102	NS5A:31M	aminoAcidSimplePolymorphism	NS5A:31M+93H	combination	NS5A:31M+93H	2.0	1.0	phdr_ras:NS5A:31M+93H	NS5A:31M+93H	AL_1b	L31M+Y93H	NS5A:31M+93H:AL_1b:ledipasvir	category_I	I	1.0	1.0	20270.4	1.0	0.0	1.0	NS5A:31M+93H:AL_1b	ledipasvir	ledipasvir	drug_resistance	Gilead Sciences	NS5A inhibitors	29091342;27923693	https://doi.org/10.1111/liv.13616;https://doi.org/10.1016/j.jhep.2016.11.022
NS5A	1	31	M	REF_MASTER_NC_004102	NS5A:31M	aminoAcidSimplePolymorphism	NS5A:31M+93H	combination	NS5A:31M+93H	2.0	1.0	phdr_ras:NS5A:31M+93H	NS5A:31M+93H	AL_1b	L31M+Y93H	NS5A:31M+93H:AL_1b:ombitasvir	category_I	I	1.0	1.0	142.0	1.0	1.0	0.0	NS5A:31M+93H:AL_1b	ombitasvir	ombitasvir	drug_resistance	Abbvie	NS5A inhibitors	26643326	https://doi.org/10.1128/AAC.02606-15
NS5A	1	31	M	REF_MASTER_NC_004102	NS5A:31M	aminoAcidSimplePolymorphism	NS5A:31M+93H	combination	NS5A:31M+93H	2.0	1.0	phdr_ras:NS5A:31M+93H	NS5A:31M+93H	AL_1b	L31M+Y93H	NS5A:31M+93H:AL_1b:velpatasvir	category_I	I	1.0	1.0	539.5	1.0	1.0	0.0	NS5A:31M+93H:AL_1b	velpatasvir	velpatasvir	drug_resistance	Gilead Sciences	NS5A inhibitors	29274866;29221887	https://doi.org/10.1053/j.gastro.2017.12.015;https://doi.org/10.1016/j.jhep.2017.11.032
NS5A	1	31	P	REF_MASTER_NC_004102	NS5A:31P	aminoAcidSimplePolymorphism	NS5A:30R+31P	combination	NS5A:30R+31P	2.0	2.0	phdr_ras:NS5A:30R+31P	NS5A:30R+31P	AL_1a	Q30R+L31P	NS5A:30R+31P:AL_1a:ledipasvir	category_II	II	2.0	0.0		1.0	0.0	1.0	NS5A:30R+31P:AL_1a	ledipasvir	ledipasvir	drug_resistance	Gilead Sciences	NS5A inhibitors	27923693	https://doi.org/10.1016/j.jhep.2016.11.022
NS5A	1	31	P	REF_MASTER_NC_004102	NS5A:31P	aminoAcidSimplePolymorphism	NS5A:31P	single				phdr_ras:NS5A:31P	NS5A:31P	AL_1a	L31P	NS5A:31P:AL_1a:ledipasvir	category_II	II	2.0	0.0		1.0	0.0	1.0	NS5A:31P:AL_1a	ledipasvir	ledipasvir	drug_resistance	Gilead Sciences	NS5A inhibitors	27923693	https://doi.org/10.1016/j.jhep.2016.11.022
NS5A	1	31	V	REF_MASTER_NC_004102	NS5A:31V	aminoAcidSimplePolymorphism	NS5A:28I+30R+31V	combination	NS5A:28I+30R+31V	3.0	3.0	phdr_ras:NS5A:28I+30R+31V	NS5A:28I+30R+31V	AL_4r	M/V28I+R30R+L/M31V	NS5A:28I+30R+31V:AL_4r:ledipasvir	category_II	II	2.0	0.0		1.0	0.0	1.0	NS5A:28I+30R+31V:AL_4r	ledipasvir	ledipasvir	drug_resistance	Gilead Sciences	NS5A inhibitors	30125371	https://doi.org/10.1002/hep.30225
NS5A	1	31	V	REF_MASTER_NC_004102	NS5A:31V	aminoAcidSimplePolymorphism	NS5A:28T+30H+31V	combination	NS5A:28T+30H+31V	3.0	3.0	phdr_ras:NS5A:28T+30H+31V	NS5A:28T+30H+31V	AL_1a	M28T+Q30H+L31V	NS5A:28T+30H+31V:AL_1a:elbasvir	category_II	II	2.0	1.0	56000.0	0.0			NS5A:28T+30H+31V:AL_1a	elbasvir	elbasvir	drug_resistance	Merck	NS5A inhibitors	26926625	https://doi.org/10.1128/AAC.00051-16
NS5A	1	31	V	REF_MASTER_NC_004102	NS5A:31V	aminoAcidSimplePolymorphism	NS5A:28T+30R+31V	combination	NS5A:28T+30R+31V	3.0	3.0	phdr_ras:NS5A:28T+30R+31V	NS5A:28T+30R+31V	AL_1a	M28T+Q30R+L31V	NS5A:28T+30R+31V:AL_1a:elbasvir	category_II	II	2.0	1.0	89143.0	0.0			NS5A:28T+30R+31V:AL_1a	elbasvir	elbasvir	drug_resistance	Merck	NS5A inhibitors	26926625	https://doi.org/10.1128/AAC.00051-16
NS5A	1	31	V	REF_MASTER_NC_004102	NS5A:31V	aminoAcidSimplePolymorphism	NS5A:28T+30R+31V+93H	combination	NS5A:28T+30R+31V+93H	4.0	3.0	phdr_ras:NS5A:28T+30R+31V+93H	NS5A:28T+30R+31V+93H	AL_1a	M28T+Q30R+L31V+Y93H	NS5A:28T+30R+31V+93H:AL_1a:elbasvir	category_II	II	2.0	1.0	714286.0	0.0			NS5A:28T+30R+31V+93H:AL_1a	elbasvir	elbasvir	drug_resistance	Merck	NS5A inhibitors	26926625	https://doi.org/10.1128/AAC.00051-16
NS5A	1	31	V	REF_MASTER_NC_004102	NS5A:31V	aminoAcidSimplePolymorphism	NS5A:28V+30H+31V	combination	NS5A:28V+30H+31V	3.0	3.0	phdr_ras:NS5A:28V+30H+31V	NS5A:28V+30H+31V	AL_1a	M28V+Q30H+L31V	NS5A:28V+30H+31V:AL_1a:elbasvir	category_II	II	2.0	1.0	2429.0	0.0			NS5A:28V+30H+31V:AL_1a	elbasvir	elbasvir	drug_resistance	Merck	NS5A inhibitors	26926625	https://doi.org/10.1128/AAC.00051-16
NS5A	1	31	V	REF_MASTER_NC_004102	NS5A:31V	aminoAcidSimplePolymorphism	NS5A:28V+30R+31V	combination	NS5A:28V+30R+31V	3.0	3.0	phdr_ras:NS5A:28V+30R+31V	NS5A:28V+30R+31V	AL_4r	M/V28V+R30R+L/M31V	NS5A:28V+30R+31V:AL_4r:ledipasvir	category_II	II	2.0	0.0		1.0	0.0	1.0	NS5A:28V+30R+31V:AL_4r	ledipasvir	ledipasvir	drug_resistance	Gilead Sciences	NS5A inhibitors	30125371	https://doi.org/10.1002/hep.30225
NS5A	1	31	V	REF_MASTER_NC_004102	NS5A:31V	aminoAcidSimplePolymorphism	NS5A:30H+31V	combination	NS5A:30H+31V	2.0	2.0	phdr_ras:NS5A:30H+31V	NS5A:30H+31V	AL_1a	Q30H+L31V	NS5A:30H+31V:AL_1a:elbasvir	category_II	II	2.0	1.0	1429.0	0.0			NS5A:30H+31V:AL_1a	elbasvir	elbasvir	drug_resistance	Merck	NS5A inhibitors	26926625	https://doi.org/10.1128/AAC.00051-16
NS5A	1	31	V	REF_MASTER_NC_004102	NS5A:31V	aminoAcidSimplePolymorphism	NS5A:30R+31V	combination	NS5A:30R+31V	2.0	2.0	phdr_ras:NS5A:30R+31V	NS5A:30R+31V	AL_1a	Q30R+L31V	NS5A:30R+31V:AL_1a:elbasvir	category_II	II	2.0	1.0	7143.0	0.0			NS5A:30R+31V:AL_1a	elbasvir	elbasvir	drug_resistance	Merck	NS5A inhibitors	26926625	https://doi.org/10.1128/AAC.00051-16
NS5A	1	31	V	REF_MASTER_NC_004102	NS5A:31V	aminoAcidSimplePolymorphism	NS5A:31V	single				phdr_ras:NS5A:31V	NS5A:31V	AL_1a	L31V	NS5A:31V:AL_1a:daclatasvir	category_I	I	1.0	1.0	3386.0	1.0	0.0	1.0	NS5A:31V:AL_1a	daclatasvir	daclatasvir	drug_resistance	Bristol-Myers Squibb 	NS5A inhibitors	20410884;29274866;21809362;22256805	https://doi.org/10.1038/nature08960;https://doi.org/10.1053/j.gastro.2017.12.015;https://doi.org/10.1002/hep.24594;https://doi.org/10.1056/NEJMoa1104430
NS5A	1	31	V	REF_MASTER_NC_004102	NS5A:31V	aminoAcidSimplePolymorphism	NS5A:31V	single				phdr_ras:NS5A:31V	NS5A:31V	AL_1a	L31V	NS5A:31V:AL_1a:elbasvir	category_II	II	2.0	1.0	1000.0	0.0			NS5A:31V:AL_1a	elbasvir	elbasvir	drug_resistance	Merck	NS5A inhibitors	29274866;26303801;24127258;26926625	https://doi.org/10.1053/j.gastro.2017.12.015;https://doi.org/10.1128/AAC.01390-15;https://doi.org/10.1002/cmdc.201300343;https://doi.org/10.1128/AAC.00051-16
NS5A	1	31	V	REF_MASTER_NC_004102	NS5A:31V	aminoAcidSimplePolymorphism	NS5A:31V	single				phdr_ras:NS5A:31V	NS5A:31V	AL_1a	L31V	NS5A:31V:AL_1a:ledipasvir	category_II	II	2.0	1.0	683.0	0.0			NS5A:31V:AL_1a	ledipasvir	ledipasvir	drug_resistance	Gilead Sciences	NS5A inhibitors	27923693	https://doi.org/10.1016/j.jhep.2016.11.022
NS5A	1	31	V	REF_MASTER_NC_004102	NS5A:31V	aminoAcidSimplePolymorphism	NS5A:31V	single				phdr_ras:NS5A:31V	NS5A:31V	AL_1a	L31V	NS5A:31V:AL_1a:velpatasvir	category_II	II	2.0	1.0	999.0	0.0			NS5A:31V:AL_1a	velpatasvir	velpatasvir	drug_resistance	Gilead Sciences	NS5A inhibitors	29274866;27353271	https://doi.org/10.1053/j.gastro.2017.12.015;https://doi.org/10.1128/AAC.00763-16
NS5A	1	31	V	REF_MASTER_NC_004102	NS5A:31V	aminoAcidSimplePolymorphism	NS5A:31V	single				phdr_ras:NS5A:31V	NS5A:31V	AL_1b	L31V	NS5A:31V:AL_1b:daclatasvir	category_I	I	1.0	1.0	41.5	1.0	1.0	1.0	NS5A:31V:AL_1b	daclatasvir	daclatasvir	drug_resistance	Bristol-Myers Squibb 	NS5A inhibitors	26453968;27003037;28941023;29274866;29599611;24444658;21809362;20410884	https://doi.org/10.1016/j.jhep.2015.09.024;https://doi.org/10.1111/jgh.13379;https://doi.org/10.1111/liv.13596;https://doi.org/10.1053/j.gastro.2017.12.015;https://doi.org/10.3748/wjg.v24.i12.1361;https://doi.org/10.1016/j.jhep.2013.10.019;https://doi.org/10.1002/hep.24594;https://doi.org/10.1038/nature08960
NS5A	1	31	V	REF_MASTER_NC_004102	NS5A:31V	aminoAcidSimplePolymorphism	NS5A:31V	single				phdr_ras:NS5A:31V	NS5A:31V	AL_1b	L31V	NS5A:31V:AL_1b:elbasvir	insignificant	-	4.0	1.0	4.0	0.0			NS5A:31V:AL_1b	elbasvir	elbasvir	drug_resistance	Merck	NS5A inhibitors	24127258;26303801	https://doi.org/10.1002/cmdc.201300343;https://doi.org/10.1128/AAC.01390-15
NS5A	1	31	V	REF_MASTER_NC_004102	NS5A:31V	aminoAcidSimplePolymorphism	NS5A:31V	single				phdr_ras:NS5A:31V	NS5A:31V	AL_1b	L31V	NS5A:31V:AL_1b:ledipasvir	category_I	I	1.0	1.0	42.9	1.0	0.0	1.0	NS5A:31V:AL_1b	ledipasvir	ledipasvir	drug_resistance	Gilead Sciences	NS5A inhibitors	27923693	https://doi.org/10.1016/j.jhep.2016.11.022
NS5A	1	31	V	REF_MASTER_NC_004102	NS5A:31V	aminoAcidSimplePolymorphism	NS5A:31V	single				phdr_ras:NS5A:31V	NS5A:31V	AL_1b	L31V	NS5A:31V:AL_1b:ombitasvir	category_I	I	1.0	1.0	8.0	1.0	0.0	1.0	NS5A:31V:AL_1b	ombitasvir	ombitasvir	drug_resistance	Abbvie	NS5A inhibitors	26643326;25451055	https://doi.org/10.1128/AAC.02606-15;https://doi.org/10.1128/AAC.04226-14
NS5A	1	31	V	REF_MASTER_NC_004102	NS5A:31V	aminoAcidSimplePolymorphism	NS5A:31V	single				phdr_ras:NS5A:31V	NS5A:31V	AL_1b	L31V	NS5A:31V:AL_1b:velpatasvir	category_II	II	2.0	1.0	2.3	1.0	0.0	1.0	NS5A:31V:AL_1b	velpatasvir	velpatasvir	drug_resistance	Gilead Sciences	NS5A inhibitors	27353271;26569658	https://doi.org/10.1128/AAC.00763-16;https://doi.org/10.1056/NEJMoa1512614
NS5A	1	31	V	REF_MASTER_NC_004102	NS5A:31V	aminoAcidSimplePolymorphism	NS5A:31V	single				phdr_ras:NS5A:31V	NS5A:31V	AL_2a	L/M31V	NS5A:31V:AL_2a:daclatasvir	category_II	II	2.0	1.0	539.5	0.0			NS5A:31V:AL_2a	daclatasvir	daclatasvir	drug_resistance	Bristol-Myers Squibb 	NS5A inhibitors	29274866	https://doi.org/10.1053/j.gastro.2017.12.015
NS5A	1	31	V	REF_MASTER_NC_004102	NS5A:31V	aminoAcidSimplePolymorphism	NS5A:31V	single				phdr_ras:NS5A:31V	NS5A:31V	AL_2a	L/M31V	NS5A:31V:AL_2a:elbasvir	category_II	II	2.0	1.0	539.5	0.0			NS5A:31V:AL_2a	elbasvir	elbasvir	drug_resistance	Merck	NS5A inhibitors	29274866	https://doi.org/10.1053/j.gastro.2017.12.015
NS5A	1	31	V	REF_MASTER_NC_004102	NS5A:31V	aminoAcidSimplePolymorphism	NS5A:31V	single				phdr_ras:NS5A:31V	NS5A:31V	AL_2a	L/M31V	NS5A:31V:AL_2a:velpatasvir	category_III	III	3.0	1.0	41.5	0.0			NS5A:31V:AL_2a	velpatasvir	velpatasvir	drug_resistance	Gilead Sciences	NS5A inhibitors	29274866;27353271	https://doi.org/10.1053/j.gastro.2017.12.015;https://doi.org/10.1128/AAC.00763-16
NS5A	1	31	V	REF_MASTER_NC_004102	NS5A:31V	aminoAcidSimplePolymorphism	NS5A:31V	single				phdr_ras:NS5A:31V	NS5A:31V	AL_2b	L/M31V	NS5A:31V:AL_2b:ombitasvir	category_II	II	2.0	1.0	511.0	0.0			NS5A:31V:AL_2b	ombitasvir	ombitasvir	drug_resistance	Abbvie	NS5A inhibitors	25451055	https://doi.org/10.1128/AAC.04226-14
NS5A	1	31	V	REF_MASTER_NC_004102	NS5A:31V	aminoAcidSimplePolymorphism	NS5A:31V	single				phdr_ras:NS5A:31V	NS5A:31V	AL_3a	L31V	NS5A:31V:AL_3a:daclatasvir	category_II	II	2.0	1.0	1181.0	0.0			NS5A:31V:AL_3a	daclatasvir	daclatasvir	drug_resistance	Bristol-Myers Squibb 	NS5A inhibitors	23384816;29274866	https://doi.org/10.1016/j.jcv.2012.12.020;https://doi.org/10.1053/j.gastro.2017.12.015
NS5A	1	31	V	REF_MASTER_NC_004102	NS5A:31V	aminoAcidSimplePolymorphism	NS5A:31V	single				phdr_ras:NS5A:31V	NS5A:31V	AL_3a	L31V	NS5A:31V:AL_3a:elbasvir	category_II	II	2.0	1.0	1000.0	0.0			NS5A:31V:AL_3a	elbasvir	elbasvir	drug_resistance	Merck	NS5A inhibitors	29274866	https://doi.org/10.1053/j.gastro.2017.12.015
NS5A	1	31	V	REF_MASTER_NC_004102	NS5A:31V	aminoAcidSimplePolymorphism	NS5A:31V	single				phdr_ras:NS5A:31V	NS5A:31V	AL_3a	L31V	NS5A:31V:AL_3a:velpatasvir	category_II	II	2.0	1.0	999.0	0.0			NS5A:31V:AL_3a	velpatasvir	velpatasvir	drug_resistance	Gilead Sciences	NS5A inhibitors	29274866	https://doi.org/10.1053/j.gastro.2017.12.015
NS5A	1	31	V	REF_MASTER_NC_004102	NS5A:31V	aminoAcidSimplePolymorphism	NS5A:31V	single				phdr_ras:NS5A:31V	NS5A:31V	AL_4	M31V	NS5A:31V:AL_4:elbasvir	insignificant	-	4.0	1.0	2.5	0.0			NS5A:31V:AL_4	elbasvir	elbasvir	drug_resistance	Merck	NS5A inhibitors	28416549	https://doi.org/10.1128/AAC.00363-17
NS5A	1	31	V	REF_MASTER_NC_004102	NS5A:31V	aminoAcidSimplePolymorphism	NS5A:31V	single				phdr_ras:NS5A:31V	NS5A:31V	AL_4a	M31V	NS5A:31V:AL_4a:daclatasvir	category_II	II	2.0	1.0	505.0	0.0			NS5A:31V:AL_4a	daclatasvir	daclatasvir	drug_resistance	Bristol-Myers Squibb 	NS5A inhibitors	26170396;29274866	https://doi.org/10.1093/infdis/jiv379;https://doi.org/10.1053/j.gastro.2017.12.015
NS5A	1	31	V	REF_MASTER_NC_004102	NS5A:31V	aminoAcidSimplePolymorphism	NS5A:31V	single				phdr_ras:NS5A:31V	NS5A:31V	AL_5a	L31V	NS5A:31V:AL_5a:daclatasvir	category_II	II	2.0	1.0	584.0	0.0			NS5A:31V:AL_5a	daclatasvir	daclatasvir	drug_resistance	Bristol-Myers Squibb 	NS5A inhibitors	24936600;29274866	https://doi.org/10.1128/AAC.02788-14;https://doi.org/10.1053/j.gastro.2017.12.015
NS5A	1	31	V	REF_MASTER_NC_004102	NS5A:31V	aminoAcidSimplePolymorphism	NS5A:31V	single				phdr_ras:NS5A:31V	NS5A:31V	AL_5a	L31V	NS5A:31V:AL_5a:elbasvir	category_III	III	3.0	1.0	41.5	0.0			NS5A:31V:AL_5a	elbasvir	elbasvir	drug_resistance	Merck	NS5A inhibitors	29274866	https://doi.org/10.1053/j.gastro.2017.12.015
NS5A	1	31	V	REF_MASTER_NC_004102	NS5A:31V	aminoAcidSimplePolymorphism	NS5A:31V	single				phdr_ras:NS5A:31V	NS5A:31V	AL_5a	L31V	NS5A:31V:AL_5a:ombitasvir	category_II	II	2.0	1.0	243.0	0.0			NS5A:31V:AL_5a	ombitasvir	ombitasvir	drug_resistance	Abbvie	NS5A inhibitors	25451055	https://doi.org/10.1128/AAC.04226-14
NS5A	1	31	V	REF_MASTER_NC_004102	NS5A:31V	aminoAcidSimplePolymorphism	NS5A:31V	single				phdr_ras:NS5A:31V	NS5A:31V	AL_6a	L31V	NS5A:31V:AL_6a:daclatasvir	category_II	II	2.0	1.0	1000.0	0.0			NS5A:31V:AL_6a	daclatasvir	daclatasvir	drug_resistance	Bristol-Myers Squibb 	NS5A inhibitors	29274866	https://doi.org/10.1053/j.gastro.2017.12.015
NS5A	1	31	V	REF_MASTER_NC_004102	NS5A:31V	aminoAcidSimplePolymorphism	NS5A:31V	single				phdr_ras:NS5A:31V	NS5A:31V	AL_6a	L31V	NS5A:31V:AL_6a:elbasvir	category_II	II	2.0	1.0	539.5	0.0			NS5A:31V:AL_6a	elbasvir	elbasvir	drug_resistance	Merck	NS5A inhibitors	29274866	https://doi.org/10.1053/j.gastro.2017.12.015
NS5A	1	31	V	REF_MASTER_NC_004102	NS5A:31V	aminoAcidSimplePolymorphism	NS5A:31V	single				phdr_ras:NS5A:31V	NS5A:31V	AL_6a	L31V	NS5A:31V:AL_6a:ombitasvir	category_II	II	2.0	1.0	68.0	0.0			NS5A:31V:AL_6a	ombitasvir	ombitasvir	drug_resistance	Abbvie	NS5A inhibitors	25451055	https://doi.org/10.1128/AAC.04226-14
NS5A	1	31	V	REF_MASTER_NC_004102	NS5A:31V	aminoAcidSimplePolymorphism	NS5A:31V	single				phdr_ras:NS5A:31V	NS5A:31V	AL_6a	L31V	NS5A:31V:AL_6a:velpatasvir	category_II	II	2.0	1.0	2725.0	0.0			NS5A:31V:AL_6a	velpatasvir	velpatasvir	drug_resistance	Gilead Sciences	NS5A inhibitors	29274866;29454794	https://doi.org/10.1053/j.gastro.2017.12.015;https://doi.org/10.1053/j.gastro.2018.02.017
NS5A	1	31	V	REF_MASTER_NC_004102	NS5A:31V	aminoAcidSimplePolymorphism	NS5A:31V+37L+93H	combination	NS5A:31V+37L+93H	3.0	1.0	phdr_ras:NS5A:31V+37L+93H	NS5A:31V+37L+93H	AL_1b	L31V+F/L37L+Y93H	NS5A:31V+37L+93H:AL_1b:daclatasvir	category_II	II	2.0	0.0		1.0	0.0	1.0	NS5A:31V+37L+93H:AL_1b	daclatasvir	daclatasvir	drug_resistance	Bristol-Myers Squibb 	NS5A inhibitors	28078469	https://doi.org/10.1007/s00535-016-1303-0
NS5A	1	31	V	REF_MASTER_NC_004102	NS5A:31V	aminoAcidSimplePolymorphism	NS5A:31V+54H+58S+93H	combination	NS5A:31V+54H+58S+93H	4.0	1.0	phdr_ras:NS5A:31V+54H+58S+93H	NS5A:31V+54H+58S+93H	AL_1b	L31V+H/Q54H+P58S+Y93H	NS5A:31V+54H+58S+93H:AL_1b:daclatasvir	category_II	II	2.0	0.0		1.0	0.0	1.0	NS5A:31V+54H+58S+93H:AL_1b	daclatasvir	daclatasvir	drug_resistance	Bristol-Myers Squibb 	NS5A inhibitors	28078469	https://doi.org/10.1007/s00535-016-1303-0
NS5A	1	31	V	REF_MASTER_NC_004102	NS5A:31V	aminoAcidSimplePolymorphism	NS5A:31V+54H+93H	combination	NS5A:31V+54H+93H	3.0	1.0	phdr_ras:NS5A:31V+54H+93H	NS5A:31V+54H+93H	AL_1b	L31V+H/Q54H+Y93H	NS5A:31V+54H+93H:AL_1b:daclatasvir	category_I	I	1.0	1.0	19000.0	1.0	0.0	1.0	NS5A:31V+54H+93H:AL_1b	daclatasvir	daclatasvir	drug_resistance	Bristol-Myers Squibb 	NS5A inhibitors	28078469;21809362	https://doi.org/10.1007/s00535-016-1303-0;https://doi.org/10.1002/hep.24594
NS5A	1	31	V	REF_MASTER_NC_004102	NS5A:31V	aminoAcidSimplePolymorphism	NS5A:31V+56R	combination	NS5A:31V+56R	2.0	1.0	phdr_ras:NS5A:31V+56R	NS5A:31V+56R	AL_5a	L31V+K56R	NS5A:31V+56R:AL_5a:daclatasvir	category_II	II	2.0	1.0	6125.0	0.0			NS5A:31V+56R:AL_5a	daclatasvir	daclatasvir	drug_resistance	Bristol-Myers Squibb 	NS5A inhibitors	24936600	https://doi.org/10.1128/AAC.02788-14
NS5A	1	31	V	REF_MASTER_NC_004102	NS5A:31V	aminoAcidSimplePolymorphism	NS5A:31V+58S	combination	NS5A:31V+58S	2.0	1.0	phdr_ras:NS5A:31V+58S	NS5A:31V+58S	AL_1b	L31V+P58S	NS5A:31V+58S:AL_1b:daclatasvir	category_I	I	1.0	1.0	162.0	1.0	0.0	1.0	NS5A:31V+58S:AL_1b	daclatasvir	daclatasvir	drug_resistance	Bristol-Myers Squibb 	NS5A inhibitors	20585111;24444658	https://doi.org/10.1128/AAC.00556-10;https://doi.org/10.1016/j.jhep.2013.10.019
NS5A	1	31	V	REF_MASTER_NC_004102	NS5A:31V	aminoAcidSimplePolymorphism	NS5A:31V+93H	combination	NS5A:31V+93H	2.0	1.0	phdr_ras:NS5A:31V+93H	NS5A:31V+93H	AL_1a	L31V+Y93H	NS5A:31V+93H:AL_1a:daclatasvir	category_II	II	2.0	1.0	166667.0	0.0			NS5A:31V+93H:AL_1a	daclatasvir	daclatasvir	drug_resistance	Bristol-Myers Squibb 	NS5A inhibitors	20585111	https://doi.org/10.1128/AAC.00556-10
NS5A	1	31	V	REF_MASTER_NC_004102	NS5A:31V	aminoAcidSimplePolymorphism	NS5A:31V+93H	combination	NS5A:31V+93H	2.0	1.0	phdr_ras:NS5A:31V+93H	NS5A:31V+93H	AL_1a	L31V+Y93H	NS5A:31V+93H:AL_1a:elbasvir	category_II	II	2.0	1.0	38857.0	0.0			NS5A:31V+93H:AL_1a	elbasvir	elbasvir	drug_resistance	Merck	NS5A inhibitors	26926625	https://doi.org/10.1128/AAC.00051-16
NS5A	1	31	V	REF_MASTER_NC_004102	NS5A:31V	aminoAcidSimplePolymorphism	NS5A:31V+93H	combination	NS5A:31V+93H	2.0	1.0	phdr_ras:NS5A:31V+93H	NS5A:31V+93H	AL_1a	L31V+Y93H	NS5A:31V+93H:AL_1a:pibrentasvir	category_II	II	2.0	1.0	94.0	0.0			NS5A:31V+93H:AL_1a	pibrentasvir	pibrentasvir	drug_resistance	Abbvie	NS5A inhibitors	28193664	https://doi.org/10.1128/AAC.02558-16
NS5A	1	31	V	REF_MASTER_NC_004102	NS5A:31V	aminoAcidSimplePolymorphism	NS5A:31V+93H	combination	NS5A:31V+93H	2.0	1.0	phdr_ras:NS5A:31V+93H	NS5A:31V+93H	AL_1b	L31V+Y93H	NS5A:31V+93H:AL_1b:daclatasvir	category_I	I	1.0	1.0	14789.0	1.0	1.0	1.0	NS5A:31V+93H:AL_1b	daclatasvir	daclatasvir	drug_resistance	Bristol-Myers Squibb 	NS5A inhibitors	24448487;20585111;27009831;28078469;21809362	https://doi.org/10.3851/IMP2729;https://doi.org/10.1128/AAC.00556-10;https://doi.org/10.1111/liv.13128;https://doi.org/10.1007/s00535-016-1303-0;https://doi.org/10.1002/hep.24594
NS5A	1	31	V	REF_MASTER_NC_004102	NS5A:31V	aminoAcidSimplePolymorphism	NS5A:31V+93H	combination	NS5A:31V+93H	2.0	1.0	phdr_ras:NS5A:31V+93H	NS5A:31V+93H	AL_1b	L31V+Y93H	NS5A:31V+93H:AL_1b:ombitasvir	category_II	II	2.0	1.0	12328.0	0.0			NS5A:31V+93H:AL_1b	ombitasvir	ombitasvir	drug_resistance	Abbvie	NS5A inhibitors	26643326;25451055	https://doi.org/10.1128/AAC.02606-15;https://doi.org/10.1128/AAC.04226-14
NS5A	1	31	V	REF_MASTER_NC_004102	NS5A:31V	aminoAcidSimplePolymorphism	NS5A:31V+93H	combination	NS5A:31V+93H	2.0	1.0	phdr_ras:NS5A:31V+93H	NS5A:31V+93H	AL_4d	M31V+Y93H	NS5A:31V+93H:AL_4d:elbasvir	category_II	II	2.0	0.0		1.0	0.0	1.0	NS5A:31V+93H:AL_4d	elbasvir	elbasvir	drug_resistance	Merck	NS5A inhibitors	28193518	https://doi.org/10.1053/j.gastro.2017.01.050
NS5A	1	31	V	REF_MASTER_NC_004102	NS5A:31V	aminoAcidSimplePolymorphism	NS5A:31V+93N	combination	NS5A:31V+93N	2.0	1.0	phdr_ras:NS5A:31V+93N	NS5A:31V+93N	AL_1a	L31V+Y93N	NS5A:31V+93N:AL_1a:elbasvir	category_I	I	1.0	1.0	53571.0	1.0	1.0	0.0	NS5A:31V+93N:AL_1a	elbasvir	elbasvir	drug_resistance	Merck	NS5A inhibitors	25467591;26926625;28193518	https://doi.org/10.1016/S0140-6736(14)61795-5;https://doi.org/10.1128/AAC.00051-16;https://doi.org/10.1053/j.gastro.2017.01.050
NS5A	1	32	L	REF_MASTER_NC_004102	NS5A:32L	aminoAcidSimplePolymorphism	NS5A:24K+28I+30Q+31I+32L+54Y	combination	NS5A:24K+28I+30Q+31I+32L+54Y	6.0	5.0	phdr_ras:NS5A:24K+28I+30Q+31I+32L+54Y	NS5A:24K+28I+30Q+31I+32L+54Y	AL_1b	Q24K+L28I+R30Q+L31I+P32L+H/Q54Y	NS5A:24K+28I+30Q+31I+32L+54Y:AL_1b:daclatasvir	category_II	II	2.0	0.0		1.0	0.0	1.0	NS5A:24K+28I+30Q+31I+32L+54Y:AL_1b	daclatasvir	daclatasvir	drug_resistance	Bristol-Myers Squibb 	NS5A inhibitors	28078469	https://doi.org/10.1007/s00535-016-1303-0
NS5A	1	32	L	REF_MASTER_NC_004102	NS5A:32L	aminoAcidSimplePolymorphism	NS5A:30del+32L	combination	NS5A:30del+32L	2.0	2.0	phdr_ras:NS5A:30del+32L	NS5A:30del+32L	AL_1b	30del+P32L	NS5A:30del+32L:AL_1b:daclatasvir	category_II	II	2.0	1.0	384615.0	0.0			NS5A:30del+32L:AL_1b	daclatasvir	daclatasvir	drug_resistance	Bristol-Myers Squibb 	NS5A inhibitors	20585111	https://doi.org/10.1128/AAC.00556-10
NS5A	1	32	L	REF_MASTER_NC_004102	NS5A:32L	aminoAcidSimplePolymorphism	NS5A:32L	single				phdr_ras:NS5A:32L	NS5A:32L	AL_1a	P32L	NS5A:32L:AL_1a:daclatasvir	category_II	II	2.0	1.0	233.0	0.0			NS5A:32L:AL_1a	daclatasvir	daclatasvir	drug_resistance	Bristol-Myers Squibb 	NS5A inhibitors	20585111	https://doi.org/10.1128/AAC.00556-10
NS5A	1	32	L	REF_MASTER_NC_004102	NS5A:32L	aminoAcidSimplePolymorphism	NS5A:32L	single				phdr_ras:NS5A:32L	NS5A:32L	AL_1a	P32L	NS5A:32L:AL_1a:ledipasvir	category_II	II	2.0	1.0	348.6	0.0			NS5A:32L:AL_1a	ledipasvir	ledipasvir	drug_resistance	Gilead Sciences	NS5A inhibitors	27923693	https://doi.org/10.1016/j.jhep.2016.11.022
NS5A	1	32	L	REF_MASTER_NC_004102	NS5A:32L	aminoAcidSimplePolymorphism	NS5A:32L	single				phdr_ras:NS5A:32L	NS5A:32L	AL_1a	P32L	NS5A:32L:AL_1a:velpatasvir	category_III	III	3.0	1.0	28.4	0.0			NS5A:32L:AL_1a	velpatasvir	velpatasvir	drug_resistance	Gilead Sciences	NS5A inhibitors	27353271	https://doi.org/10.1128/AAC.00763-16
NS5A	1	32	L	REF_MASTER_NC_004102	NS5A:32L	aminoAcidSimplePolymorphism	NS5A:32L	single				phdr_ras:NS5A:32L	NS5A:32L	AL_1b	P32L	NS5A:32L:AL_1b:daclatasvir	category_I	I	1.0	1.0	17.0	1.0	0.0	1.0	NS5A:32L:AL_1b	daclatasvir	daclatasvir	drug_resistance	Bristol-Myers Squibb 	NS5A inhibitors	27009831;28078469;20585111	https://doi.org/10.1111/liv.13128;https://doi.org/10.1007/s00535-016-1303-0;https://doi.org/10.1128/AAC.00556-10
NS5A	1	32	L	REF_MASTER_NC_004102	NS5A:32L	aminoAcidSimplePolymorphism	NS5A:32L	single				phdr_ras:NS5A:32L	NS5A:32L	AL_1b	P32L	NS5A:32L:AL_1b:ledipasvir	category_III	III	3.0	1.0	8.0	0.0			NS5A:32L:AL_1b	ledipasvir	ledipasvir	drug_resistance	Gilead Sciences	NS5A inhibitors	27923693	https://doi.org/10.1016/j.jhep.2016.11.022
NS5A	1	32	L	REF_MASTER_NC_004102	NS5A:32L	aminoAcidSimplePolymorphism	NS5A:32L	single				phdr_ras:NS5A:32L	NS5A:32L	AL_6a	P32L	NS5A:32L:AL_6a:daclatasvir	category_II	II	2.0	1.0	5000.0	0.0			NS5A:32L:AL_6a	daclatasvir	daclatasvir	drug_resistance	Bristol-Myers Squibb 	NS5A inhibitors	24936600	https://doi.org/10.1128/AAC.02788-14
NS5A	1	32	S	REF_MASTER_NC_004102	NS5A:32S	aminoAcidSimplePolymorphism	NS5A:32S	single				phdr_ras:NS5A:32S	NS5A:32S	AL_6a	P32S	NS5A:32S:AL_6a:daclatasvir	category_II	II	2.0	1.0	382.0	0.0			NS5A:32S:AL_6a	daclatasvir	daclatasvir	drug_resistance	Bristol-Myers Squibb 	NS5A inhibitors	24936600	https://doi.org/10.1128/AAC.02788-14
NS5A	1	32	del	REF_MASTER_NC_004102	NS5A:32del	aminoAcidDeletion	NS5A:28M+32del	combination	NS5A:28M+32del	2.0	2.0	phdr_ras:NS5A:28M+32del	NS5A:28M+32del	AL_1b	L28M+32del	NS5A:28M+32del:AL_1b:pibrentasvir	category_II	II	2.0	0.0		1.0	1.0	0.0	NS5A:28M+32del:AL_1b	pibrentasvir	pibrentasvir	drug_resistance	Abbvie	NS5A inhibitors	29152781	https://doi.org/10.1002/hep.29671
NS5A	1	32	del	REF_MASTER_NC_004102	NS5A:32del	aminoAcidDeletion	NS5A:31F+32del	combination	NS5A:31F+32del	2.0	2.0	phdr_ras:NS5A:31F+32del	NS5A:31F+32del	AL_1b	L31F+32del	NS5A:31F+32del:AL_1b:daclatasvir	category_II	II	2.0	0.0		1.0	0.0	1.0	NS5A:31F+32del:AL_1b	daclatasvir	daclatasvir	drug_resistance	Bristol-Myers Squibb 	NS5A inhibitors	24448487	https://doi.org/10.3851/IMP2729
NS5A	1	32	del	REF_MASTER_NC_004102	NS5A:32del	aminoAcidDeletion	NS5A:32del	single				phdr_ras:NS5A:32del	NS5A:32del	AL_1a	32del	NS5A:32del:AL_1a:daclatasvir	category_II	II	2.0	1.0	1000.0	0.0			NS5A:32del:AL_1a	daclatasvir	daclatasvir	drug_resistance	Bristol-Myers Squibb 	NS5A inhibitors	29274866	https://doi.org/10.1053/j.gastro.2017.12.015
NS5A	1	32	del	REF_MASTER_NC_004102	NS5A:32del	aminoAcidDeletion	NS5A:32del	single				phdr_ras:NS5A:32del	NS5A:32del	AL_1a	32del	NS5A:32del:AL_1a:elbasvir	category_II	II	2.0	1.0	1000.0	0.0			NS5A:32del:AL_1a	elbasvir	elbasvir	drug_resistance	Merck	NS5A inhibitors	29274866	https://doi.org/10.1053/j.gastro.2017.12.015
NS5A	1	32	del	REF_MASTER_NC_004102	NS5A:32del	aminoAcidDeletion	NS5A:32del	single				phdr_ras:NS5A:32del	NS5A:32del	AL_1a	32del	NS5A:32del:AL_1a:velpatasvir	category_II	II	2.0	1.0	999.0	0.0			NS5A:32del:AL_1a	velpatasvir	velpatasvir	drug_resistance	Gilead Sciences	NS5A inhibitors	29274866	https://doi.org/10.1053/j.gastro.2017.12.015
NS5A	1	32	del	REF_MASTER_NC_004102	NS5A:32del	aminoAcidDeletion	NS5A:32del	single				phdr_ras:NS5A:32del	NS5A:32del	AL_1b	32del	NS5A:32del:AL_1b:daclatasvir	category_I	I	1.0	1.0	1000.0	1.0	0.0	1.0	NS5A:32del:AL_1b	daclatasvir	daclatasvir	drug_resistance	Bristol-Myers Squibb 	NS5A inhibitors	26453968;26878268;27009831;29274866;24444658	https://doi.org/10.1016/j.jhep.2015.09.024;https://doi.org/10.1111/hepr.12673;https://doi.org/10.1111/liv.13128;https://doi.org/10.1053/j.gastro.2017.12.015;https://doi.org/10.1016/j.jhep.2013.10.019
NS5A	1	32	del	REF_MASTER_NC_004102	NS5A:32del	aminoAcidDeletion	NS5A:32del	single				phdr_ras:NS5A:32del	NS5A:32del	AL_1b	32del	NS5A:32del:AL_1b:elbasvir	category_II	II	2.0	1.0	1000.0	0.0			NS5A:32del:AL_1b	elbasvir	elbasvir	drug_resistance	Merck	NS5A inhibitors	29274866	https://doi.org/10.1053/j.gastro.2017.12.015
NS5A	1	32	del	REF_MASTER_NC_004102	NS5A:32del	aminoAcidDeletion	NS5A:32del	single				phdr_ras:NS5A:32del	NS5A:32del	AL_1b	32del	NS5A:32del:AL_1b:ledipasvir	category_II	II	2.0	0.0		1.0	0.0	1.0	NS5A:32del:AL_1b	ledipasvir	ledipasvir	drug_resistance	Gilead Sciences	NS5A inhibitors	29425404	https://doi.org/10.1002/hep.29836
NS5A	1	32	del	REF_MASTER_NC_004102	NS5A:32del	aminoAcidDeletion	NS5A:32del	single				phdr_ras:NS5A:32del	NS5A:32del	AL_1b	32del	NS5A:32del:AL_1b:velpatasvir	category_II	II	2.0	1.0	999.0	0.0			NS5A:32del:AL_1b	velpatasvir	velpatasvir	drug_resistance	Gilead Sciences	NS5A inhibitors	29274866	https://doi.org/10.1053/j.gastro.2017.12.015
NS5A	1	37	I	REF_MASTER_NC_004102	NS5A:37I	aminoAcidSimplePolymorphism	NS5A:37I	single				phdr_ras:NS5A:37I	NS5A:37I	AL_1b	F/L37I	NS5A:37I:AL_1b:daclatasvir	category_II	II	2.0	0.0		1.0	1.0	0.0	NS5A:37I:AL_1b	daclatasvir	daclatasvir	drug_resistance	Bristol-Myers Squibb 	NS5A inhibitors	28078469	https://doi.org/10.1007/s00535-016-1303-0
NS5A	1	37	L	REF_MASTER_NC_004102	NS5A:37L	aminoAcidSimplePolymorphism	NS5A:24R+30Q+31M+37L+93H	combination	NS5A:24R+30Q+31M+37L+93H	5.0	4.0	phdr_ras:NS5A:24R+30Q+31M+37L+93H	NS5A:24R+30Q+31M+37L+93H	AL_1b	Q24R+R30Q+L31M+F/L37L+Y93H	NS5A:24R+30Q+31M+37L+93H:AL_1b:daclatasvir	category_II	II	2.0	0.0		1.0	0.0	1.0	NS5A:24R+30Q+31M+37L+93H:AL_1b	daclatasvir	daclatasvir	drug_resistance	Bristol-Myers Squibb 	NS5A inhibitors	28078469	https://doi.org/10.1007/s00535-016-1303-0
NS5A	1	37	L	REF_MASTER_NC_004102	NS5A:37L	aminoAcidSimplePolymorphism	NS5A:28M+37L+58R	combination	NS5A:28M+37L+58R	3.0	2.0	phdr_ras:NS5A:28M+37L+58R	NS5A:28M+37L+58R	AL_1b	L28M+F/L37L+P58R	NS5A:28M+37L+58R:AL_1b:daclatasvir	category_II	II	2.0	0.0		1.0	1.0	0.0	NS5A:28M+37L+58R:AL_1b	daclatasvir	daclatasvir	drug_resistance	Bristol-Myers Squibb 	NS5A inhibitors	28078469	https://doi.org/10.1007/s00535-016-1303-0
NS5A	1	37	L	REF_MASTER_NC_004102	NS5A:37L	aminoAcidSimplePolymorphism	NS5A:31V+37L+93H	combination	NS5A:31V+37L+93H	3.0	2.0	phdr_ras:NS5A:31V+37L+93H	NS5A:31V+37L+93H	AL_1b	L31V+F/L37L+Y93H	NS5A:31V+37L+93H:AL_1b:daclatasvir	category_II	II	2.0	0.0		1.0	0.0	1.0	NS5A:31V+37L+93H:AL_1b	daclatasvir	daclatasvir	drug_resistance	Bristol-Myers Squibb 	NS5A inhibitors	28078469	https://doi.org/10.1007/s00535-016-1303-0
NS5A	1	37	L	REF_MASTER_NC_004102	NS5A:37L	aminoAcidSimplePolymorphism	NS5A:37L	single				phdr_ras:NS5A:37L	NS5A:37L	AL_1b	F/L37L	NS5A:37L:AL_1b:daclatasvir	category_II	II	2.0	0.0		1.0	1.0	0.0	NS5A:37L:AL_1b	daclatasvir	daclatasvir	drug_resistance	Bristol-Myers Squibb 	NS5A inhibitors	28078469	https://doi.org/10.1007/s00535-016-1303-0
NS5A	1	37	L	REF_MASTER_NC_004102	NS5A:37L	aminoAcidSimplePolymorphism	NS5A:37L+54H	combination	NS5A:37L+54H	2.0	1.0	phdr_ras:NS5A:37L+54H	NS5A:37L+54H	AL_1b	F/L37L+H/Q54H	NS5A:37L+54H:AL_1b:daclatasvir	category_II	II	2.0	0.0		1.0	1.0	0.0	NS5A:37L+54H:AL_1b	daclatasvir	daclatasvir	drug_resistance	Bristol-Myers Squibb 	NS5A inhibitors	28078469	https://doi.org/10.1007/s00535-016-1303-0
NS5A	1	37	L	REF_MASTER_NC_004102	NS5A:37L	aminoAcidSimplePolymorphism	NS5A:37L+54L+92T	combination	NS5A:37L+54L+92T	3.0	1.0	phdr_ras:NS5A:37L+54L+92T	NS5A:37L+54L+92T	AL_1b	F/L37L+H/Q54L+A92T	NS5A:37L+54L+92T:AL_1b:daclatasvir	category_II	II	2.0	0.0		1.0	1.0	0.0	NS5A:37L+54L+92T:AL_1b	daclatasvir	daclatasvir	drug_resistance	Bristol-Myers Squibb 	NS5A inhibitors	28078469	https://doi.org/10.1007/s00535-016-1303-0
NS5A	1	37	L	REF_MASTER_NC_004102	NS5A:37L	aminoAcidSimplePolymorphism	NS5A:37L+54Y	combination	NS5A:37L+54Y	2.0	1.0	phdr_ras:NS5A:37L+54Y	NS5A:37L+54Y	AL_1b	F/L37L+H/Q54Y	NS5A:37L+54Y:AL_1b:daclatasvir	category_II	II	2.0	0.0		1.0	1.0	0.0	NS5A:37L+54Y:AL_1b	daclatasvir	daclatasvir	drug_resistance	Bristol-Myers Squibb 	NS5A inhibitors	28078469	https://doi.org/10.1007/s00535-016-1303-0
NS5A	1	37	L	REF_MASTER_NC_004102	NS5A:37L	aminoAcidSimplePolymorphism	NS5A:37L+93H	combination	NS5A:37L+93H	2.0	1.0	phdr_ras:NS5A:37L+93H	NS5A:37L+93H	AL_1b	F/L37L+Y93H	NS5A:37L+93H:AL_1b:daclatasvir	category_III	III	3.0	1.0	19.0	0.0			NS5A:37L+93H:AL_1b	daclatasvir	daclatasvir	drug_resistance	Bristol-Myers Squibb 	NS5A inhibitors	20585111	https://doi.org/10.1128/AAC.00556-10
NS5A	1	37	M	REF_MASTER_NC_004102	NS5A:37M	aminoAcidSimplePolymorphism	NS5A:31M+37M+93H	combination	NS5A:31M+37M+93H	3.0	2.0	phdr_ras:NS5A:31M+37M+93H	NS5A:31M+37M+93H	AL_1a	L31M+V37M+Y93H	NS5A:31M+37M+93H:AL_1a:elbasvir	category_II	II	2.0	0.0		1.0	0.0	1.0	NS5A:31M+37M+93H:AL_1a	elbasvir	elbasvir	drug_resistance	Merck	NS5A inhibitors	25467560	https://doi.org/10.1016/S0140-6736(14)61793-1
NS5A	1	37	M	REF_MASTER_NC_004102	NS5A:37M	aminoAcidSimplePolymorphism	NS5A:37M	single				phdr_ras:NS5A:37M	NS5A:37M															drug_resistance				
NS5A	1	37	V	REF_MASTER_NC_004102	NS5A:37V	aminoAcidSimplePolymorphism	NS5A:24K+28M+30Q+37V+54H	combination	NS5A:24K+28M+30Q+37V+54H	5.0	4.0	phdr_ras:NS5A:24K+28M+30Q+37V+54H	NS5A:24K+28M+30Q+37V+54H	AL_1b	Q24K+L28M+R30Q+F/L37V+H/Q54H	NS5A:24K+28M+30Q+37V+54H:AL_1b:daclatasvir	category_II	II	2.0	0.0		1.0	1.0	0.0	NS5A:24K+28M+30Q+37V+54H:AL_1b	daclatasvir	daclatasvir	drug_resistance	Bristol-Myers Squibb 	NS5A inhibitors	28078469	https://doi.org/10.1007/s00535-016-1303-0
NS5A	1	37	V	REF_MASTER_NC_004102	NS5A:37V	aminoAcidSimplePolymorphism	NS5A:37V	single				phdr_ras:NS5A:37V	NS5A:37V															drug_resistance				
NS5A	1	37	Y	REF_MASTER_NC_004102	NS5A:37Y	aminoAcidSimplePolymorphism	NS5A:37Y	single				phdr_ras:NS5A:37Y	NS5A:37Y															drug_resistance				
NS5A	1	37	Y	REF_MASTER_NC_004102	NS5A:37Y	aminoAcidSimplePolymorphism	NS5A:37Y+54H	combination	NS5A:37Y+54H	2.0	1.0	phdr_ras:NS5A:37Y+54H	NS5A:37Y+54H	AL_1b	F/L37Y+H/Q54H	NS5A:37Y+54H:AL_1b:daclatasvir	category_II	II	2.0	0.0		1.0	1.0	0.0	NS5A:37Y+54H:AL_1b	daclatasvir	daclatasvir	drug_resistance	Bristol-Myers Squibb 	NS5A inhibitors	28078469	https://doi.org/10.1007/s00535-016-1303-0
NS5A	1	38	F	REF_MASTER_NC_004102	NS5A:38F	aminoAcidSimplePolymorphism	NS5A:38F	single				phdr_ras:NS5A:38F	NS5A:38F	AL_1a	S38F	NS5A:38F:AL_1a:ledipasvir	category_I	I	1.0	1.0	54.400000000000006	1.0	0.0	1.0	NS5A:38F:AL_1a	ledipasvir	ledipasvir	drug_resistance	Gilead Sciences	NS5A inhibitors	27923693	https://doi.org/10.1016/j.jhep.2016.11.022
NS5A	1	38	F	REF_MASTER_NC_004102	NS5A:38F	aminoAcidSimplePolymorphism	NS5A:38F+93H	combination	NS5A:38F+93H	2.0	1.0	phdr_ras:NS5A:38F+93H	NS5A:38F+93H	AL_1a	S38F+Y93H	NS5A:38F+93H:AL_1a:ledipasvir	category_II	II	2.0	0.0		1.0	0.0	1.0	NS5A:38F+93H:AL_1a	ledipasvir	ledipasvir	drug_resistance	Gilead Sciences	NS5A inhibitors	27923693	https://doi.org/10.1016/j.jhep.2016.11.022
NS5A	1	54	H	REF_MASTER_NC_004102	NS5A:54H	aminoAcidSimplePolymorphism	NS5A:24K+28M+30Q+37V+54H	combination	NS5A:24K+28M+30Q+37V+54H	5.0	5.0	phdr_ras:NS5A:24K+28M+30Q+37V+54H	NS5A:24K+28M+30Q+37V+54H	AL_1b	Q24K+L28M+R30Q+F/L37V+H/Q54H	NS5A:24K+28M+30Q+37V+54H:AL_1b:daclatasvir	category_II	II	2.0	0.0		1.0	1.0	0.0	NS5A:24K+28M+30Q+37V+54H:AL_1b	daclatasvir	daclatasvir	drug_resistance	Bristol-Myers Squibb 	NS5A inhibitors	28078469	https://doi.org/10.1007/s00535-016-1303-0
NS5A	1	54	H	REF_MASTER_NC_004102	NS5A:54H	aminoAcidSimplePolymorphism	NS5A:30Q+54H+93H	combination	NS5A:30Q+54H+93H	3.0	2.0	phdr_ras:NS5A:30Q+54H+93H	NS5A:30Q+54H+93H	AL_1b	R30Q+H/Q54H+Y93H	NS5A:30Q+54H+93H:AL_1b:ledipasvir	category_II	II	2.0	0.0		1.0	1.0	0.0	NS5A:30Q+54H+93H:AL_1b	ledipasvir	ledipasvir	drug_resistance	Gilead Sciences	NS5A inhibitors	29274188	https://doi.org/10.1111/jvh.12850
NS5A	1	54	H	REF_MASTER_NC_004102	NS5A:54H	aminoAcidSimplePolymorphism	NS5A:31I+54H+92K	combination	NS5A:31I+54H+92K	3.0	2.0	phdr_ras:NS5A:31I+54H+92K	NS5A:31I+54H+92K	AL_1b	L31I+H/Q54H+A92K	NS5A:31I+54H+92K:AL_1b:daclatasvir	category_II	II	2.0	0.0		1.0	0.0	1.0	NS5A:31I+54H+92K:AL_1b	daclatasvir	daclatasvir	drug_resistance	Bristol-Myers Squibb 	NS5A inhibitors	28078469	https://doi.org/10.1007/s00535-016-1303-0
NS5A	1	54	H	REF_MASTER_NC_004102	NS5A:54H	aminoAcidSimplePolymorphism	NS5A:31I+54H+92T	combination	NS5A:31I+54H+92T	3.0	2.0	phdr_ras:NS5A:31I+54H+92T	NS5A:31I+54H+92T	AL_1b	L31I+H/Q54H+A92T	NS5A:31I+54H+92T:AL_1b:daclatasvir	category_II	II	2.0	0.0		1.0	0.0	1.0	NS5A:31I+54H+92T:AL_1b	daclatasvir	daclatasvir	drug_resistance	Bristol-Myers Squibb 	NS5A inhibitors	28078469	https://doi.org/10.1007/s00535-016-1303-0
NS5A	1	54	H	REF_MASTER_NC_004102	NS5A:54H	aminoAcidSimplePolymorphism	NS5A:31M+54H	combination	NS5A:31M+54H	2.0	2.0	phdr_ras:NS5A:31M+54H	NS5A:31M+54H	AL_1b	L31M+H/Q54H	NS5A:31M+54H:AL_1b:ledipasvir	category_II	II	2.0	0.0		1.0	1.0	0.0	NS5A:31M+54H:AL_1b	ledipasvir	ledipasvir	drug_resistance	Gilead Sciences	NS5A inhibitors	29274188	https://doi.org/10.1111/jvh.12850
NS5A	1	54	H	REF_MASTER_NC_004102	NS5A:54H	aminoAcidSimplePolymorphism	NS5A:31M+54H+62E	combination	NS5A:31M+54H+62E	3.0	2.0	phdr_ras:NS5A:31M+54H+62E	NS5A:31M+54H+62E	AL_1b	L31M+H/Q54H+Q62E	NS5A:31M+54H+62E:AL_1b:ledipasvir	category_II	II	2.0	0.0		1.0	1.0	0.0	NS5A:31M+54H+62E:AL_1b	ledipasvir	ledipasvir	drug_resistance	Gilead Sciences	NS5A inhibitors	29274188	https://doi.org/10.1111/jvh.12850
NS5A	1	54	H	REF_MASTER_NC_004102	NS5A:54H	aminoAcidSimplePolymorphism	NS5A:31M+54H+93H	combination	NS5A:31M+54H+93H	3.0	2.0	phdr_ras:NS5A:31M+54H+93H	NS5A:31M+54H+93H	AL_1b	L31M+H/Q54H+Y93H	NS5A:31M+54H+93H:AL_1b:ledipasvir	category_II	II	2.0	0.0		1.0	1.0	0.0	NS5A:31M+54H+93H:AL_1b	ledipasvir	ledipasvir	drug_resistance	Gilead Sciences	NS5A inhibitors	29274188	https://doi.org/10.1111/jvh.12850
NS5A	1	54	H	REF_MASTER_NC_004102	NS5A:54H	aminoAcidSimplePolymorphism	NS5A:31V+54H+58S+93H	combination	NS5A:31V+54H+58S+93H	4.0	2.0	phdr_ras:NS5A:31V+54H+58S+93H	NS5A:31V+54H+58S+93H	AL_1b	L31V+H/Q54H+P58S+Y93H	NS5A:31V+54H+58S+93H:AL_1b:daclatasvir	category_II	II	2.0	0.0		1.0	0.0	1.0	NS5A:31V+54H+58S+93H:AL_1b	daclatasvir	daclatasvir	drug_resistance	Bristol-Myers Squibb 	NS5A inhibitors	28078469	https://doi.org/10.1007/s00535-016-1303-0
NS5A	1	54	H	REF_MASTER_NC_004102	NS5A:54H	aminoAcidSimplePolymorphism	NS5A:31V+54H+93H	combination	NS5A:31V+54H+93H	3.0	2.0	phdr_ras:NS5A:31V+54H+93H	NS5A:31V+54H+93H	AL_1b	L31V+H/Q54H+Y93H	NS5A:31V+54H+93H:AL_1b:daclatasvir	category_I	I	1.0	1.0	19000.0	1.0	0.0	1.0	NS5A:31V+54H+93H:AL_1b	daclatasvir	daclatasvir	drug_resistance	Bristol-Myers Squibb 	NS5A inhibitors	28078469;21809362	https://doi.org/10.1007/s00535-016-1303-0;https://doi.org/10.1002/hep.24594
NS5A	1	54	H	REF_MASTER_NC_004102	NS5A:54H	aminoAcidSimplePolymorphism	NS5A:37L+54H	combination	NS5A:37L+54H	2.0	2.0	phdr_ras:NS5A:37L+54H	NS5A:37L+54H	AL_1b	F/L37L+H/Q54H	NS5A:37L+54H:AL_1b:daclatasvir	category_II	II	2.0	0.0		1.0	1.0	0.0	NS5A:37L+54H:AL_1b	daclatasvir	daclatasvir	drug_resistance	Bristol-Myers Squibb 	NS5A inhibitors	28078469	https://doi.org/10.1007/s00535-016-1303-0
NS5A	1	54	H	REF_MASTER_NC_004102	NS5A:54H	aminoAcidSimplePolymorphism	NS5A:37Y+54H	combination	NS5A:37Y+54H	2.0	2.0	phdr_ras:NS5A:37Y+54H	NS5A:37Y+54H	AL_1b	F/L37Y+H/Q54H	NS5A:37Y+54H:AL_1b:daclatasvir	category_II	II	2.0	0.0		1.0	1.0	0.0	NS5A:37Y+54H:AL_1b	daclatasvir	daclatasvir	drug_resistance	Bristol-Myers Squibb 	NS5A inhibitors	28078469	https://doi.org/10.1007/s00535-016-1303-0
NS5A	1	54	H	REF_MASTER_NC_004102	NS5A:54H	aminoAcidSimplePolymorphism	NS5A:54H	single				phdr_ras:NS5A:54H	NS5A:54H															drug_resistance				
NS5A	1	54	H	REF_MASTER_NC_004102	NS5A:54H	aminoAcidSimplePolymorphism	NS5A:54H+58A+62E+93H	combination	NS5A:54H+58A+62E+93H	4.0	1.0	phdr_ras:NS5A:54H+58A+62E+93H	NS5A:54H+58A+62E+93H	AL_1b	H/Q54H+P58A+Q62E+Y93H	NS5A:54H+58A+62E+93H:AL_1b:ledipasvir	category_II	II	2.0	0.0		1.0	1.0	0.0	NS5A:54H+58A+62E+93H:AL_1b	ledipasvir	ledipasvir	drug_resistance	Gilead Sciences	NS5A inhibitors	29274188	https://doi.org/10.1111/jvh.12850
NS5A	1	54	H	REF_MASTER_NC_004102	NS5A:54H	aminoAcidSimplePolymorphism	NS5A:54H+93H	combination	NS5A:54H+93H	2.0	1.0	phdr_ras:NS5A:54H+93H	NS5A:54H+93H	AL_1b	H/Q54H+Y93H	NS5A:54H+93H:AL_1b:daclatasvir	category_III	III	3.0	1.0	10.0	0.0			NS5A:54H+93H:AL_1b	daclatasvir	daclatasvir	drug_resistance	Bristol-Myers Squibb 	NS5A inhibitors	20585111;21809362	https://doi.org/10.1128/AAC.00556-10;https://doi.org/10.1002/hep.24594
NS5A	1	54	L	REF_MASTER_NC_004102	NS5A:54L	aminoAcidSimplePolymorphism	NS5A:37L+54L+92T	combination	NS5A:37L+54L+92T	3.0	2.0	phdr_ras:NS5A:37L+54L+92T	NS5A:37L+54L+92T	AL_1b	F/L37L+H/Q54L+A92T	NS5A:37L+54L+92T:AL_1b:daclatasvir	category_II	II	2.0	0.0		1.0	1.0	0.0	NS5A:37L+54L+92T:AL_1b	daclatasvir	daclatasvir	drug_resistance	Bristol-Myers Squibb 	NS5A inhibitors	28078469	https://doi.org/10.1007/s00535-016-1303-0
NS5A	1	54	L	REF_MASTER_NC_004102	NS5A:54L	aminoAcidSimplePolymorphism	NS5A:54L	single				phdr_ras:NS5A:54L	NS5A:54L	AL_1b	H/Q54L	NS5A:54L:AL_1b:daclatasvir	category_I	I	1.0	0.0		1.0	1.0	1.0	NS5A:54L:AL_1b	daclatasvir	daclatasvir	drug_resistance	Bristol-Myers Squibb 	NS5A inhibitors	26878268	https://doi.org/10.1111/hepr.12673
NS5A	1	54	Y	REF_MASTER_NC_004102	NS5A:54Y	aminoAcidSimplePolymorphism	NS5A:24K+28I+30Q+31I+32L+54Y	combination	NS5A:24K+28I+30Q+31I+32L+54Y	6.0	6.0	phdr_ras:NS5A:24K+28I+30Q+31I+32L+54Y	NS5A:24K+28I+30Q+31I+32L+54Y	AL_1b	Q24K+L28I+R30Q+L31I+P32L+H/Q54Y	NS5A:24K+28I+30Q+31I+32L+54Y:AL_1b:daclatasvir	category_II	II	2.0	0.0		1.0	0.0	1.0	NS5A:24K+28I+30Q+31I+32L+54Y:AL_1b	daclatasvir	daclatasvir	drug_resistance	Bristol-Myers Squibb 	NS5A inhibitors	28078469	https://doi.org/10.1007/s00535-016-1303-0
NS5A	1	54	Y	REF_MASTER_NC_004102	NS5A:54Y	aminoAcidSimplePolymorphism	NS5A:37L+54Y	combination	NS5A:37L+54Y	2.0	2.0	phdr_ras:NS5A:37L+54Y	NS5A:37L+54Y	AL_1b	F/L37L+H/Q54Y	NS5A:37L+54Y:AL_1b:daclatasvir	category_II	II	2.0	0.0		1.0	1.0	0.0	NS5A:37L+54Y:AL_1b	daclatasvir	daclatasvir	drug_resistance	Bristol-Myers Squibb 	NS5A inhibitors	28078469	https://doi.org/10.1007/s00535-016-1303-0
NS5A	1	54	Y	REF_MASTER_NC_004102	NS5A:54Y	aminoAcidSimplePolymorphism	NS5A:54Y	single				phdr_ras:NS5A:54Y	NS5A:54Y															drug_resistance				
NS5A	1	56	R	REF_MASTER_NC_004102	NS5A:56R	aminoAcidSimplePolymorphism	NS5A:31F+56R	combination	NS5A:31F+56R	2.0	2.0	phdr_ras:NS5A:31F+56R	NS5A:31F+56R	AL_5a	L31F+K56R	NS5A:31F+56R:AL_5a:daclatasvir	category_II	II	2.0	1.0	8188.0	0.0			NS5A:31F+56R:AL_5a	daclatasvir	daclatasvir	drug_resistance	Bristol-Myers Squibb 	NS5A inhibitors	24936600	https://doi.org/10.1128/AAC.02788-14
NS5A	1	56	R	REF_MASTER_NC_004102	NS5A:56R	aminoAcidSimplePolymorphism	NS5A:31V+56R	combination	NS5A:31V+56R	2.0	2.0	phdr_ras:NS5A:31V+56R	NS5A:31V+56R	AL_5a	L31V+K56R	NS5A:31V+56R:AL_5a:daclatasvir	category_II	II	2.0	1.0	6125.0	0.0			NS5A:31V+56R:AL_5a	daclatasvir	daclatasvir	drug_resistance	Bristol-Myers Squibb 	NS5A inhibitors	24936600	https://doi.org/10.1128/AAC.02788-14
NS5A	1	56	R	REF_MASTER_NC_004102	NS5A:56R	aminoAcidSimplePolymorphism	NS5A:56R	single				phdr_ras:NS5A:56R	NS5A:56R	AL_5a	K56R	NS5A:56R:AL_5a:daclatasvir	insignificant	-	4.0	1.0	3.0	0.0			NS5A:56R:AL_5a	daclatasvir	daclatasvir	drug_resistance	Bristol-Myers Squibb 	NS5A inhibitors	24936600	https://doi.org/10.1128/AAC.02788-14
NS5A	1	58	A	REF_MASTER_NC_004102	NS5A:58A	aminoAcidSimplePolymorphism	NS5A:54H+58A+62E+93H	combination	NS5A:54H+58A+62E+93H	4.0	2.0	phdr_ras:NS5A:54H+58A+62E+93H	NS5A:54H+58A+62E+93H	AL_1b	H/Q54H+P58A+Q62E+Y93H	NS5A:54H+58A+62E+93H:AL_1b:ledipasvir	category_II	II	2.0	0.0		1.0	1.0	0.0	NS5A:54H+58A+62E+93H:AL_1b	ledipasvir	ledipasvir	drug_resistance	Gilead Sciences	NS5A inhibitors	29274188	https://doi.org/10.1111/jvh.12850
NS5A	1	58	A	REF_MASTER_NC_004102	NS5A:58A	aminoAcidSimplePolymorphism	NS5A:58A	single				phdr_ras:NS5A:58A	NS5A:58A	AL_6a	T58A	NS5A:58A:AL_6a:daclatasvir	category_III	III	3.0	1.0	47.0	0.0			NS5A:58A:AL_6a	daclatasvir	daclatasvir	drug_resistance	Bristol-Myers Squibb 	NS5A inhibitors	24936600;29274866	https://doi.org/10.1128/AAC.02788-14;https://doi.org/10.1053/j.gastro.2017.12.015
NS5A	1	58	A	REF_MASTER_NC_004102	NS5A:58A	aminoAcidSimplePolymorphism	NS5A:58A	single				phdr_ras:NS5A:58A	NS5A:58A	AL_6a	T58A	NS5A:58A:AL_6a:ombitasvir	category_II	II	2.0	1.0	74.0	0.0			NS5A:58A:AL_6a	ombitasvir	ombitasvir	drug_resistance	Abbvie	NS5A inhibitors	30718256;25451055	https://doi.org/10.1128/AAC.02205-18;https://doi.org/10.1128/AAC.04226-14
NS5A	1	58	A	REF_MASTER_NC_004102	NS5A:58A	aminoAcidSimplePolymorphism	NS5A:58A+93H	combination	NS5A:58A+93H	2.0	1.0	phdr_ras:NS5A:58A+93H	NS5A:58A+93H	AL_1b	P58A+Y93H	NS5A:58A+93H:AL_1b:ombitasvir	category_II	II	2.0	1.0	1226.0	0.0			NS5A:58A+93H:AL_1b	ombitasvir	ombitasvir	drug_resistance	Abbvie	NS5A inhibitors	25451055	https://doi.org/10.1128/AAC.04226-14
NS5A	1	58	C	REF_MASTER_NC_004102	NS5A:58C	aminoAcidSimplePolymorphism	NS5A:30R+58C	combination	NS5A:30R+58C	2.0	2.0	phdr_ras:NS5A:30R+58C	NS5A:30R+58C	AL_1a	Q30R+H58C	NS5A:30R+58C:AL_1a:pibrentasvir	category_II	II	2.0	0.0		1.0	1.0	0.0	NS5A:30R+58C:AL_1a	pibrentasvir	pibrentasvir	drug_resistance	Abbvie	NS5A inhibitors	28128852	https://doi.org/10.1002/hep.29081
NS5A	1	58	C	REF_MASTER_NC_004102	NS5A:58C	aminoAcidSimplePolymorphism	NS5A:58C	single				phdr_ras:NS5A:58C	NS5A:58C															drug_resistance				
NS5A	1	58	D	REF_MASTER_NC_004102	NS5A:58D	aminoAcidSimplePolymorphism	NS5A:28A+58D	combination	NS5A:28A+58D	2.0	2.0	phdr_ras:NS5A:28A+58D	NS5A:28A+58D	AL_1a	M28A+H58D	NS5A:28A+58D:AL_1a:pibrentasvir	category_II	II	2.0	0.0		1.0	0.0	1.0	NS5A:28A+58D:AL_1a	pibrentasvir	pibrentasvir	drug_resistance	Abbvie	NS5A inhibitors	29152781	https://doi.org/10.1002/hep.29671
NS5A	1	58	D	REF_MASTER_NC_004102	NS5A:58D	aminoAcidSimplePolymorphism	NS5A:28T+30H+58D	combination	NS5A:28T+30H+58D	3.0	3.0	phdr_ras:NS5A:28T+30H+58D	NS5A:28T+30H+58D	AL_1a	M28T+Q30H+H58D	NS5A:28T+30H+58D:AL_1a:elbasvir	category_II	II	2.0	0.0		1.0	0.0	1.0	NS5A:28T+30H+58D:AL_1a	elbasvir	elbasvir	drug_resistance	Merck	NS5A inhibitors	25467560	https://doi.org/10.1016/S0140-6736(14)61793-1
NS5A	1	58	D	REF_MASTER_NC_004102	NS5A:58D	aminoAcidSimplePolymorphism	NS5A:30K+58D	combination	NS5A:30K+58D	2.0	2.0	phdr_ras:NS5A:30K+58D	NS5A:30K+58D	AL_1a	Q30K+H58D	NS5A:30K+58D:AL_1a:pibrentasvir	category_II	II	2.0	0.0		1.0	0.0	1.0	NS5A:30K+58D:AL_1a	pibrentasvir	pibrentasvir	drug_resistance	Abbvie	NS5A inhibitors	28412293	https://doi.org/10.1016/j.jhep.2017.03.039
NS5A	1	58	D	REF_MASTER_NC_004102	NS5A:58D	aminoAcidSimplePolymorphism	NS5A:30R+31M+58D	combination	NS5A:30R+31M+58D	3.0	3.0	phdr_ras:NS5A:30R+31M+58D	NS5A:30R+31M+58D	AL_1a	Q30R+L31M+H58D	NS5A:30R+31M+58D:AL_1a:pibrentasvir	category_I	I	1.0	1.0	1704.0	1.0	0.0	1.0	NS5A:30R+31M+58D:AL_1a	pibrentasvir	pibrentasvir	drug_resistance	Abbvie	NS5A inhibitors	EASL_2017_FRI_205	https://doi.org/10.1016/S0168-8278(17)31399-5
NS5A	1	58	D	REF_MASTER_NC_004102	NS5A:58D	aminoAcidSimplePolymorphism	NS5A:30R+58D	combination	NS5A:30R+58D	2.0	2.0	phdr_ras:NS5A:30R+58D	NS5A:30R+58D	AL_1a	Q30R+H58D	NS5A:30R+58D:AL_1a:daclatasvir	category_I	I	1.0	1.0	424318.0	1.0	0.0	1.0	NS5A:30R+58D:AL_1a	daclatasvir	daclatasvir	drug_resistance	Bristol-Myers Squibb 	NS5A inhibitors	24444658;21809362	https://doi.org/10.1016/j.jhep.2013.10.019;https://doi.org/10.1002/hep.24594
NS5A	1	58	D	REF_MASTER_NC_004102	NS5A:58D	aminoAcidSimplePolymorphism	NS5A:30R+58D	combination	NS5A:30R+58D	2.0	2.0	phdr_ras:NS5A:30R+58D	NS5A:30R+58D	AL_1a	Q30R+H58D	NS5A:30R+58D:AL_1a:elbasvir	category_II	II	2.0	0.0		1.0	0.0	1.0	NS5A:30R+58D:AL_1a	elbasvir	elbasvir	drug_resistance	Merck	NS5A inhibitors	25467591	https://doi.org/10.1016/S0140-6736(14)61795-5
NS5A	1	58	D	REF_MASTER_NC_004102	NS5A:58D	aminoAcidSimplePolymorphism	NS5A:30R+58D	combination	NS5A:30R+58D	2.0	2.0	phdr_ras:NS5A:30R+58D	NS5A:30R+58D	AL_1a	Q30R+H58D	NS5A:30R+58D:AL_1a:pibrentasvir	category_I	I	1.0	1.0	108.0	1.0	1.0	1.0	NS5A:30R+58D:AL_1a	pibrentasvir	pibrentasvir	drug_resistance	Abbvie	NS5A inhibitors	28193664;EASL_2017_FRI_205;29152781	https://doi.org/10.1128/AAC.02558-16;https://doi.org/10.1016/S0168-8278(17)31399-5;https://doi.org/10.1002/hep.29671
NS5A	1	58	D	REF_MASTER_NC_004102	NS5A:58D	aminoAcidSimplePolymorphism	NS5A:30R+58D	combination	NS5A:30R+58D	2.0	2.0	phdr_ras:NS5A:30R+58D	NS5A:30R+58D	AL_1a	Q30R+H58D	NS5A:30R+58D:AL_1a:velpatasvir	category_II	II	2.0	0.0		1.0	0.0	1.0	NS5A:30R+58D:AL_1a	velpatasvir	velpatasvir	drug_resistance	Gilead Sciences	NS5A inhibitors	26569658	https://doi.org/10.1056/NEJMoa1512614
NS5A	1	58	D	REF_MASTER_NC_004102	NS5A:58D	aminoAcidSimplePolymorphism	NS5A:30R+58D	combination	NS5A:30R+58D	2.0	2.0	phdr_ras:NS5A:30R+58D	NS5A:30R+58D	AL_1b	R30R+P58D	NS5A:30R+58D:AL_1b:daclatasvir	category_II	II	2.0	0.0		1.0	0.0	1.0	NS5A:30R+58D:AL_1b	daclatasvir	daclatasvir	drug_resistance	Bristol-Myers Squibb 	NS5A inhibitors	24444658	https://doi.org/10.1016/j.jhep.2013.10.019
NS5A	1	58	D	REF_MASTER_NC_004102	NS5A:58D	aminoAcidSimplePolymorphism	NS5A:31M+58D	combination	NS5A:31M+58D	2.0	2.0	phdr_ras:NS5A:31M+58D	NS5A:31M+58D	AL_1a	L31M+H58D	NS5A:31M+58D:AL_1a:elbasvir	category_II	II	2.0	0.0		1.0	0.0	1.0	NS5A:31M+58D:AL_1a	elbasvir	elbasvir	drug_resistance	Merck	NS5A inhibitors	25467591	https://doi.org/10.1016/S0140-6736(14)61795-5
NS5A	1	58	D	REF_MASTER_NC_004102	NS5A:58D	aminoAcidSimplePolymorphism	NS5A:31M+58D	combination	NS5A:31M+58D	2.0	2.0	phdr_ras:NS5A:31M+58D	NS5A:31M+58D	AL_1a	L31M+H58D	NS5A:31M+58D:AL_1a:pibrentasvir	category_I	I	1.0	1.0	23.0	1.0	1.0	0.0	NS5A:31M+58D:AL_1a	pibrentasvir	pibrentasvir	drug_resistance	Abbvie	NS5A inhibitors	EASL_2017_FRI_205;28128852	https://doi.org/10.1016/S0168-8278(17)31399-5;https://doi.org/10.1002/hep.29081
NS5A	1	58	D	REF_MASTER_NC_004102	NS5A:58D	aminoAcidSimplePolymorphism	NS5A:31M+58D+93C	combination	NS5A:31M+58D+93C	3.0	2.0	phdr_ras:NS5A:31M+58D+93C	NS5A:31M+58D+93C															drug_resistance				
NS5A	1	58	D	REF_MASTER_NC_004102	NS5A:58D	aminoAcidSimplePolymorphism	NS5A:58D	single				phdr_ras:NS5A:58D	NS5A:58D	AL_1a	H58D	NS5A:58D:AL_1a:daclatasvir	category_II	II	2.0	1.0	500.0	0.0			NS5A:58D:AL_1a	daclatasvir	daclatasvir	drug_resistance	Bristol-Myers Squibb 	NS5A inhibitors	21809362	https://doi.org/10.1002/hep.24594
NS5A	1	58	D	REF_MASTER_NC_004102	NS5A:58D	aminoAcidSimplePolymorphism	NS5A:58D	single				phdr_ras:NS5A:58D	NS5A:58D	AL_1a	H58D	NS5A:58D:AL_1a:elbasvir	category_I	I	1.0	1.0	6.0	1.0	1.0	1.0	NS5A:58D:AL_1a	elbasvir	elbasvir	drug_resistance	Merck	NS5A inhibitors	26303801;26371152;27773808;28193518	https://doi.org/10.1128/AAC.01390-15;https://doi.org/10.1093/cid/civ722;https://doi.org/10.1053/j.gastro.2016.10.017;https://doi.org/10.1053/j.gastro.2017.01.050
NS5A	1	58	D	REF_MASTER_NC_004102	NS5A:58D	aminoAcidSimplePolymorphism	NS5A:58D	single				phdr_ras:NS5A:58D	NS5A:58D	AL_1a	H58D	NS5A:58D:AL_1a:ledipasvir	category_II	II	2.0	1.0	1127.4	0.0			NS5A:58D:AL_1a	ledipasvir	ledipasvir	drug_resistance	Gilead Sciences	NS5A inhibitors	27923693	https://doi.org/10.1016/j.jhep.2016.11.022
NS5A	1	58	D	REF_MASTER_NC_004102	NS5A:58D	aminoAcidSimplePolymorphism	NS5A:58D	single				phdr_ras:NS5A:58D	NS5A:58D	AL_1a	H58D	NS5A:58D:AL_1a:ombitasvir	category_I	I	1.0	1.0	243.0	1.0	1.0	0.0	NS5A:58D:AL_1a	ombitasvir	ombitasvir	drug_resistance	Abbvie	NS5A inhibitors	EASL_2016_Abs_LBP503;25451055	https://doi.org/10.1016/S0168-8278(16)00180-X;https://doi.org/10.1128/AAC.04226-14
NS5A	1	58	D	REF_MASTER_NC_004102	NS5A:58D	aminoAcidSimplePolymorphism	NS5A:58D	single				phdr_ras:NS5A:58D	NS5A:58D	AL_1a	H58D	NS5A:58D:AL_1a:pibrentasvir	category_II	II	2.0	0.0		1.0	0.0	1.0	NS5A:58D:AL_1a	pibrentasvir	pibrentasvir	drug_resistance	Abbvie	NS5A inhibitors	29152781	https://doi.org/10.1002/hep.29671
NS5A	1	58	D	REF_MASTER_NC_004102	NS5A:58D	aminoAcidSimplePolymorphism	NS5A:58D	single				phdr_ras:NS5A:58D	NS5A:58D	AL_1a	H58D	NS5A:58D:AL_1a:velpatasvir	category_III	III	3.0	1.0	7.3	0.0			NS5A:58D:AL_1a	velpatasvir	velpatasvir	drug_resistance	Gilead Sciences	NS5A inhibitors	27353271	https://doi.org/10.1128/AAC.00763-16
NS5A	1	58	D	REF_MASTER_NC_004102	NS5A:58D	aminoAcidSimplePolymorphism	NS5A:58D	single				phdr_ras:NS5A:58D	NS5A:58D	AL_1b	P58D	NS5A:58D:AL_1b:ledipasvir	category_II	II	2.0	1.0	238.3	0.0			NS5A:58D:AL_1b	ledipasvir	ledipasvir	drug_resistance	Gilead Sciences	NS5A inhibitors	27923693	https://doi.org/10.1016/j.jhep.2016.11.022
NS5A	1	58	D	REF_MASTER_NC_004102	NS5A:58D	aminoAcidSimplePolymorphism	NS5A:58D	single				phdr_ras:NS5A:58D	NS5A:58D	AL_4a	P58D	NS5A:58D:AL_4a:elbasvir	category_II	II	2.0	0.0		1.0	0.0	1.0	NS5A:58D:AL_4a	elbasvir	elbasvir	drug_resistance	Merck	NS5A inhibitors	28193518	https://doi.org/10.1053/j.gastro.2017.01.050
NS5A	1	58	D	REF_MASTER_NC_004102	NS5A:58D	aminoAcidSimplePolymorphism	NS5A:58D+30R	combination	NS5A:58D+30R	2.0	1.0	phdr_ras:NS5A:58D+30R	NS5A:58D+30R	AL_1a	H58D+Q30R	NS5A:58D+30R:AL_1a:elbasvir	category_II	II	2.0	0.0		1.0	0.0	1.0	NS5A:58D+30R:AL_1a	elbasvir	elbasvir	drug_resistance	Merck	NS5A inhibitors	28193518	https://doi.org/10.1053/j.gastro.2017.01.050
NS5A	1	58	D	REF_MASTER_NC_004102	NS5A:58D	aminoAcidSimplePolymorphism	NS5A:58D+93C	combination	NS5A:58D+93C	2.0	1.0	phdr_ras:NS5A:58D+93C	NS5A:58D+93C	AL_1a	H58D+Y93C	NS5A:58D+93C:AL_1a:velpatasvir	category_II	II	2.0	0.0		1.0	0.0	1.0	NS5A:58D+93C:AL_1a	velpatasvir	velpatasvir	drug_resistance	Gilead Sciences	NS5A inhibitors	28564569	https://doi.org/10.1056/NEJMoa1613512
NS5A	1	58	D	REF_MASTER_NC_004102	NS5A:58D	aminoAcidSimplePolymorphism	NS5A:58D+93H	combination	NS5A:58D+93H	2.0	1.0	phdr_ras:NS5A:58D+93H	NS5A:58D+93H	AL_1a	H58D+Y93H	NS5A:58D+93H:AL_1a:pibrentasvir	category_II	II	2.0	1.0	2238.0	0.0			NS5A:58D+93H:AL_1a	pibrentasvir	pibrentasvir	drug_resistance	Abbvie	NS5A inhibitors	28193664	https://doi.org/10.1128/AAC.02558-16
NS5A	1	58	L	REF_MASTER_NC_004102	NS5A:58L	aminoAcidSimplePolymorphism	NS5A:31F+58L	combination	NS5A:31F+58L	2.0	2.0	phdr_ras:NS5A:31F+58L	NS5A:31F+58L	AL_1b	L31F+P58L	NS5A:31F+58L:AL_1b:ombitasvir	category_II	II	2.0	1.0	78.0	0.0			NS5A:31F+58L:AL_1b	ombitasvir	ombitasvir	drug_resistance	Abbvie	NS5A inhibitors	25451055	https://doi.org/10.1128/AAC.04226-14
NS5A	1	58	L	REF_MASTER_NC_004102	NS5A:58L	aminoAcidSimplePolymorphism	NS5A:58L	single				phdr_ras:NS5A:58L	NS5A:58L	AL_4a	P58L	NS5A:58L:AL_4a:daclatasvir	category_III	III	3.0	1.0	41.5	0.0			NS5A:58L:AL_4a	daclatasvir	daclatasvir	drug_resistance	Bristol-Myers Squibb 	NS5A inhibitors	29274866	https://doi.org/10.1053/j.gastro.2017.12.015
NS5A	1	58	L	REF_MASTER_NC_004102	NS5A:58L	aminoAcidSimplePolymorphism	NS5A:58L	single				phdr_ras:NS5A:58L	NS5A:58L	AL_4a	P58L	NS5A:58L:AL_4a:ombitasvir	category_II	II	2.0	0.0		1.0	1.0	0.0	NS5A:58L:AL_4a	ombitasvir	ombitasvir	drug_resistance	Abbvie	NS5A inhibitors	28404108	https://doi.org/10.1016/S2468-1253(16)30001-2
NS5A	1	58	L	REF_MASTER_NC_004102	NS5A:58L	aminoAcidSimplePolymorphism	NS5A:58L+93H	combination	NS5A:58L+93H	2.0	1.0	phdr_ras:NS5A:58L+93H	NS5A:58L+93H	AL_1b	P58L+Y93H	NS5A:58L+93H:AL_1b:ombitasvir	category_II	II	2.0	1.0	135.0	0.0			NS5A:58L+93H:AL_1b	ombitasvir	ombitasvir	drug_resistance	Abbvie	NS5A inhibitors	25451055	https://doi.org/10.1128/AAC.04226-14
NS5A	1	58	L	REF_MASTER_NC_004102	NS5A:58L	aminoAcidSimplePolymorphism	NS5A:8A+58L	combination	NS5A:8A+58L	2.0	2.0	phdr_ras:NS5A:8A+58L	NS5A:8A+58L	AL_4a	V8A+P58L	NS5A:8A+58L:AL_4a:daclatasvir	category_III	III	3.0	1.0	41.5	0.0			NS5A:8A+58L:AL_4a	daclatasvir	daclatasvir	drug_resistance	Bristol-Myers Squibb 	NS5A inhibitors	29274866	https://doi.org/10.1053/j.gastro.2017.12.015
NS5A	1	58	L	REF_MASTER_NC_004102	NS5A:58L	aminoAcidSimplePolymorphism	NS5A:8A+58L	combination	NS5A:8A+58L	2.0	2.0	phdr_ras:NS5A:8A+58L	NS5A:8A+58L	AL_4a	V8A+P58L	NS5A:8A+58L:AL_4a:elbasvir	category_III	III	3.0	1.0	41.5	0.0			NS5A:8A+58L:AL_4a	elbasvir	elbasvir	drug_resistance	Merck	NS5A inhibitors	29274866	https://doi.org/10.1053/j.gastro.2017.12.015
NS5A	1	58	N	REF_MASTER_NC_004102	NS5A:58N	aminoAcidSimplePolymorphism	NS5A:58N	single				phdr_ras:NS5A:58N	NS5A:58N	AL_6a	T58N	NS5A:58N:AL_6a:daclatasvir	category_II	II	2.0	1.0	532.0	0.0			NS5A:58N:AL_6a	daclatasvir	daclatasvir	drug_resistance	Bristol-Myers Squibb 	NS5A inhibitors	24936600;29274866	https://doi.org/10.1128/AAC.02788-14;https://doi.org/10.1053/j.gastro.2017.12.015
NS5A	1	58	N	REF_MASTER_NC_004102	NS5A:58N	aminoAcidSimplePolymorphism	NS5A:58N	single				phdr_ras:NS5A:58N	NS5A:58N	AL_6a	T58N	NS5A:58N:AL_6a:ombitasvir	category_II	II	2.0	1.0	101.0	0.0			NS5A:58N:AL_6a	ombitasvir	ombitasvir	drug_resistance	Abbvie	NS5A inhibitors	25451055	https://doi.org/10.1128/AAC.04226-14
NS5A	1	58	P	REF_MASTER_NC_004102	NS5A:58P	aminoAcidSimplePolymorphism	NS5A:28T+58P	combination	NS5A:28T+58P	2.0	2.0	phdr_ras:NS5A:28T+58P	NS5A:28T+58P	AL_1a	M28T+H58P	NS5A:28T+58P:AL_1a:ombitasvir	category_II	II	2.0	0.0		1.0	0.0	1.0	NS5A:28T+58P:AL_1a	ombitasvir	ombitasvir	drug_resistance	Abbvie	NS5A inhibitors	26100711	https://doi.org/10.1128/AAC.00998-15
NS5A	1	58	P	REF_MASTER_NC_004102	NS5A:58P	aminoAcidSimplePolymorphism	NS5A:58P	single				phdr_ras:NS5A:58P	NS5A:58P	AL_4	P58P	NS5A:58P:AL_4:elbasvir	category_II	II	2.0	0.0		1.0	1.0	0.0	NS5A:58P:AL_4	elbasvir	elbasvir	drug_resistance	Merck	NS5A inhibitors	30107485	https://doi.org/10.1093/cid/ciy547
NS5A	1	58	P	REF_MASTER_NC_004102	NS5A:58P	aminoAcidSimplePolymorphism	NS5A:58P	single				phdr_ras:NS5A:58P	NS5A:58P	AL_4d	P/T58P	NS5A:58P:AL_4d:ombitasvir	category_II	II	2.0	0.0		1.0	1.0	0.0	NS5A:58P:AL_4d	ombitasvir	ombitasvir	drug_resistance	Abbvie	NS5A inhibitors	26282418	https://doi.org/10.1128/AAC.01229-15
NS5A	1	58	Q	REF_MASTER_NC_004102	NS5A:58Q	aminoAcidSimplePolymorphism	NS5A:58Q	single				phdr_ras:NS5A:58Q	NS5A:58Q															drug_resistance				
NS5A	1	58	Q	REF_MASTER_NC_004102	NS5A:58Q	aminoAcidSimplePolymorphism	NS5A:58Q+93N	combination	NS5A:58Q+93N	2.0	1.0	phdr_ras:NS5A:58Q+93N	NS5A:58Q+93N	AL_1b	P58Q+Y93N	NS5A:58Q+93N:AL_1b:daclatasvir	category_II	II	2.0	0.0		1.0	0.0	1.0	NS5A:58Q+93N:AL_1b	daclatasvir	daclatasvir	drug_resistance	Bristol-Myers Squibb 	NS5A inhibitors	28078469	https://doi.org/10.1007/s00535-016-1303-0
NS5A	1	58	R	REF_MASTER_NC_004102	NS5A:58R	aminoAcidSimplePolymorphism	NS5A:28M+37L+58R	combination	NS5A:28M+37L+58R	3.0	3.0	phdr_ras:NS5A:28M+37L+58R	NS5A:28M+37L+58R	AL_1b	L28M+F/L37L+P58R	NS5A:28M+37L+58R:AL_1b:daclatasvir	category_II	II	2.0	0.0		1.0	1.0	0.0	NS5A:28M+37L+58R:AL_1b	daclatasvir	daclatasvir	drug_resistance	Bristol-Myers Squibb 	NS5A inhibitors	28078469	https://doi.org/10.1007/s00535-016-1303-0
NS5A	1	58	R	REF_MASTER_NC_004102	NS5A:58R	aminoAcidSimplePolymorphism	NS5A:58R	single				phdr_ras:NS5A:58R	NS5A:58R															drug_resistance				
NS5A	1	58	S	REF_MASTER_NC_004102	NS5A:58S	aminoAcidSimplePolymorphism	NS5A:28V+58S	combination	NS5A:28V+58S	2.0	2.0	phdr_ras:NS5A:28V+58S	NS5A:28V+58S	AL_4d	L28V+P/T58S	NS5A:28V+58S:AL_4d:ombitasvir	category_II	II	2.0	1.0	760.0	0.0			NS5A:28V+58S:AL_4d	ombitasvir	ombitasvir	drug_resistance	Abbvie	NS5A inhibitors	26282418	https://doi.org/10.1128/AAC.01229-15
NS5A	1	58	S	REF_MASTER_NC_004102	NS5A:58S	aminoAcidSimplePolymorphism	NS5A:30K+58S	combination	NS5A:30K+58S	2.0	2.0	phdr_ras:NS5A:30K+58S	NS5A:30K+58S	AL_3	A30K+P58S	NS5A:30K+58S:AL_3:elbasvir	category_II	II	2.0	0.0		1.0	0.0	1.0	NS5A:30K+58S:AL_3	elbasvir	elbasvir	drug_resistance	Merck	NS5A inhibitors	28470815	https://doi.org/10.1111/jvh.12719
NS5A	1	58	S	REF_MASTER_NC_004102	NS5A:58S	aminoAcidSimplePolymorphism	NS5A:31V+54H+58S+93H	combination	NS5A:31V+54H+58S+93H	4.0	3.0	phdr_ras:NS5A:31V+54H+58S+93H	NS5A:31V+54H+58S+93H	AL_1b	L31V+H/Q54H+P58S+Y93H	NS5A:31V+54H+58S+93H:AL_1b:daclatasvir	category_II	II	2.0	0.0		1.0	0.0	1.0	NS5A:31V+54H+58S+93H:AL_1b	daclatasvir	daclatasvir	drug_resistance	Bristol-Myers Squibb 	NS5A inhibitors	28078469	https://doi.org/10.1007/s00535-016-1303-0
NS5A	1	58	S	REF_MASTER_NC_004102	NS5A:58S	aminoAcidSimplePolymorphism	NS5A:31V+58S	combination	NS5A:31V+58S	2.0	2.0	phdr_ras:NS5A:31V+58S	NS5A:31V+58S	AL_1b	L31V+P58S	NS5A:31V+58S:AL_1b:daclatasvir	category_I	I	1.0	1.0	162.0	1.0	0.0	1.0	NS5A:31V+58S:AL_1b	daclatasvir	daclatasvir	drug_resistance	Bristol-Myers Squibb 	NS5A inhibitors	20585111;24444658	https://doi.org/10.1128/AAC.00556-10;https://doi.org/10.1016/j.jhep.2013.10.019
NS5A	1	58	S	REF_MASTER_NC_004102	NS5A:58S	aminoAcidSimplePolymorphism	NS5A:58S	single				phdr_ras:NS5A:58S	NS5A:58S	AL_1b	P58S	NS5A:58S:AL_1b:daclatasvir	category_II	II	2.0	0.0		1.0	1.0	0.0	NS5A:58S:AL_1b	daclatasvir	daclatasvir	drug_resistance	Bristol-Myers Squibb 	NS5A inhibitors	27009831	https://doi.org/10.1111/liv.13128
NS5A	1	58	S	REF_MASTER_NC_004102	NS5A:58S	aminoAcidSimplePolymorphism	NS5A:58S	single				phdr_ras:NS5A:58S	NS5A:58S	AL_1b	P58S	NS5A:58S:AL_1b:ombitasvir	category_II	II	2.0	0.0		1.0	0.0	1.0	NS5A:58S:AL_1b	ombitasvir	ombitasvir	drug_resistance	Abbvie	NS5A inhibitors	26170136;26643326	https://doi.org/10.1053/j.gastro.2015.07.001;https://doi.org/10.1128/AAC.02606-15
NS5A	1	58	S	REF_MASTER_NC_004102	NS5A:58S	aminoAcidSimplePolymorphism	NS5A:58S	single				phdr_ras:NS5A:58S	NS5A:58S	AL_2b	P58S	NS5A:58S:AL_2b:velpatasvir	insignificant	-	4.0	1.0	2.5	0.0			NS5A:58S:AL_2b	velpatasvir	velpatasvir	drug_resistance	Gilead Sciences	NS5A inhibitors	EASL_2013_Poster_1191	https://doi.org/10.1016/S0168-8278(13)61192-7
NS5A	1	58	S	REF_MASTER_NC_004102	NS5A:58S	aminoAcidSimplePolymorphism	NS5A:58S	single				phdr_ras:NS5A:58S	NS5A:58S	AL_4d	P/T58S	NS5A:58S:AL_4d:ombitasvir	category_II	II	2.0	0.0		1.0	1.0	0.0	NS5A:58S:AL_4d	ombitasvir	ombitasvir	drug_resistance	Abbvie	NS5A inhibitors	26282418	https://doi.org/10.1128/AAC.01229-15
NS5A	1	58	S	REF_MASTER_NC_004102	NS5A:58S	aminoAcidSimplePolymorphism	NS5A:58S	single				phdr_ras:NS5A:58S	NS5A:58S	AL_6a	T58S	NS5A:58S:AL_6a:daclatasvir	category_III	III	3.0	1.0	48.0	0.0			NS5A:58S:AL_6a	daclatasvir	daclatasvir	drug_resistance	Bristol-Myers Squibb 	NS5A inhibitors	24936600	https://doi.org/10.1128/AAC.02788-14
NS5A	1	58	S	REF_MASTER_NC_004102	NS5A:58S	aminoAcidSimplePolymorphism	NS5A:58S	single				phdr_ras:NS5A:58S	NS5A:58S	AL_6a	T58S	NS5A:58S:AL_6a:ombitasvir	category_III	III	3.0	1.0	44.0	0.0			NS5A:58S:AL_6a	ombitasvir	ombitasvir	drug_resistance	Abbvie	NS5A inhibitors	30718256;25451055	https://doi.org/10.1128/AAC.02205-18;https://doi.org/10.1128/AAC.04226-14
NS5A	1	58	S	REF_MASTER_NC_004102	NS5A:58S	aminoAcidSimplePolymorphism	NS5A:58S+62T+93H	combination	NS5A:58S+62T+93H	3.0	1.0	phdr_ras:NS5A:58S+62T+93H	NS5A:58S+62T+93H	AL_3	P58S+S/T62T+Y93H	NS5A:58S+62T+93H:AL_3:elbasvir	category_II	II	2.0	0.0		1.0	1.0	0.0	NS5A:58S+62T+93H:AL_3	elbasvir	elbasvir	drug_resistance	Merck	NS5A inhibitors	29473975	https://doi.org/10.1002/hep.29852
NS5A	1	58	S	REF_MASTER_NC_004102	NS5A:58S	aminoAcidSimplePolymorphism	NS5A:58S+93H	combination	NS5A:58S+93H	2.0	1.0	phdr_ras:NS5A:58S+93H	NS5A:58S+93H	AL_1b	P58S+Y93H	NS5A:58S+93H:AL_1b:ombitasvir	category_I	I	1.0	1.0	1401.0	1.0	1.0	0.0	NS5A:58S+93H:AL_1b	ombitasvir	ombitasvir	drug_resistance	Abbvie	NS5A inhibitors	26643326;26170136	https://doi.org/10.1128/AAC.02606-15;https://doi.org/10.1053/j.gastro.2015.07.001
NS5A	1	58	S	REF_MASTER_NC_004102	NS5A:58S	aminoAcidSimplePolymorphism	NS5A:58S+93H	combination	NS5A:58S+93H	2.0	1.0	phdr_ras:NS5A:58S+93H	NS5A:58S+93H	AL_3a	P58S+Y93H	NS5A:58S+93H:AL_3a:daclatasvir	category_II	II	2.0	1.0	3430.0	0.0			NS5A:58S+93H:AL_3a	daclatasvir	daclatasvir	drug_resistance	Bristol-Myers Squibb 	NS5A inhibitors	23384816	https://doi.org/10.1016/j.jcv.2012.12.020
NS5A	1	58	T	REF_MASTER_NC_004102	NS5A:58T	aminoAcidSimplePolymorphism	NS5A:58T	single				phdr_ras:NS5A:58T	NS5A:58T	AL_3	P58T	NS5A:58T:AL_3:pibrentasvir	category_II	II	2.0	0.0		1.0	0.0	1.0	NS5A:58T:AL_3	pibrentasvir	pibrentasvir	drug_resistance	Abbvie	NS5A inhibitors	EASL_2017_FRI_205	https://doi.org/10.1016/S0168-8278(17)31399-5
NS5A	1	58	T	REF_MASTER_NC_004102	NS5A:58T	aminoAcidSimplePolymorphism	NS5A:58T	single				phdr_ras:NS5A:58T	NS5A:58T	AL_4d	P/T58T	NS5A:58T:AL_4d:elbasvir	category_II	II	2.0	0.0		1.0	1.0	0.0	NS5A:58T:AL_4d	elbasvir	elbasvir	drug_resistance	Merck	NS5A inhibitors	28193518	https://doi.org/10.1053/j.gastro.2017.01.050
NS5A	1	58	Y	REF_MASTER_NC_004102	NS5A:58Y	aminoAcidSimplePolymorphism	NS5A:28M+58Y	combination	NS5A:28M+58Y	2.0	2.0	phdr_ras:NS5A:28M+58Y	NS5A:28M+58Y	AL_4a	L/M28M+P58Y	NS5A:28M+58Y:AL_4a:elbasvir	category_II	II	2.0	0.0		1.0	1.0	0.0	NS5A:28M+58Y:AL_4a	elbasvir	elbasvir	drug_resistance	Merck	NS5A inhibitors	28193518	https://doi.org/10.1053/j.gastro.2017.01.050
NS5A	1	58	Y	REF_MASTER_NC_004102	NS5A:58Y	aminoAcidSimplePolymorphism	NS5A:58Y	single				phdr_ras:NS5A:58Y	NS5A:58Y															drug_resistance				
NS5A	1	62	A	REF_MASTER_NC_004102	NS5A:62A	aminoAcidSimplePolymorphism	NS5A:62A	single				phdr_ras:NS5A:62A	NS5A:62A	AL_1a	E62A	NS5A:62A:AL_1a:pibrentasvir	category_II	II	2.0	0.0		1.0	1.0	0.0	NS5A:62A:AL_1a	pibrentasvir	pibrentasvir	drug_resistance	Abbvie	NS5A inhibitors	28412293	https://doi.org/10.1016/j.jhep.2017.03.039
NS5A	1	62	A	REF_MASTER_NC_004102	NS5A:62A	aminoAcidSimplePolymorphism	NS5A:62A+93H	combination	NS5A:62A+93H	2.0	1.0	phdr_ras:NS5A:62A+93H	NS5A:62A+93H	AL_3a	S/T62A+Y93H	NS5A:62A+93H:AL_3a:daclatasvir	category_II	II	2.0	1.0	2783.0	0.0			NS5A:62A+93H:AL_3a	daclatasvir	daclatasvir	drug_resistance	Bristol-Myers Squibb 	NS5A inhibitors	23384816	https://doi.org/10.1016/j.jcv.2012.12.020
NS5A	1	62	D	REF_MASTER_NC_004102	NS5A:62D	aminoAcidSimplePolymorphism	NS5A:30R+62D	combination	NS5A:30R+62D	2.0	2.0	phdr_ras:NS5A:30R+62D	NS5A:30R+62D	AL_1a	Q30R+E62D	NS5A:30R+62D:AL_1a:daclatasvir	category_II	II	2.0	1.0	10928.0	0.0			NS5A:30R+62D:AL_1a	daclatasvir	daclatasvir	drug_resistance	Bristol-Myers Squibb 	NS5A inhibitors	22234905	https://doi.org/10.1002/hep.25581
NS5A	1	62	D	REF_MASTER_NC_004102	NS5A:62D	aminoAcidSimplePolymorphism	NS5A:62D	single				phdr_ras:NS5A:62D	NS5A:62D															drug_resistance				
NS5A	1	62	D	REF_MASTER_NC_004102	NS5A:62D	aminoAcidSimplePolymorphism	NS5A:62D+93H	combination	NS5A:62D+93H	2.0	1.0	phdr_ras:NS5A:62D+93H	NS5A:62D+93H	AL_2a	N62D+Y93H	NS5A:62D+93H:AL_2a:daclatasvir	category_II	II	2.0	1.0	539.5	0.0			NS5A:62D+93H:AL_2a	daclatasvir	daclatasvir	drug_resistance	Bristol-Myers Squibb 	NS5A inhibitors	29274866	https://doi.org/10.1053/j.gastro.2017.12.015
NS5A	1	62	D	REF_MASTER_NC_004102	NS5A:62D	aminoAcidSimplePolymorphism	NS5A:62D+93H	combination	NS5A:62D+93H	2.0	1.0	phdr_ras:NS5A:62D+93H	NS5A:62D+93H	AL_2a	N62D+Y93H	NS5A:62D+93H:AL_2a:elbasvir	category_III	III	3.0	1.0	41.5	0.0			NS5A:62D+93H:AL_2a	elbasvir	elbasvir	drug_resistance	Merck	NS5A inhibitors	29274866	https://doi.org/10.1053/j.gastro.2017.12.015
NS5A	1	62	D	REF_MASTER_NC_004102	NS5A:62D	aminoAcidSimplePolymorphism	NS5A:62D+93H	combination	NS5A:62D+93H	2.0	1.0	phdr_ras:NS5A:62D+93H	NS5A:62D+93H	AL_2a	N62D+Y93H	NS5A:62D+93H:AL_2a:velpatasvir	category_II	II	2.0	1.0	999.0	0.0			NS5A:62D+93H:AL_2a	velpatasvir	velpatasvir	drug_resistance	Gilead Sciences	NS5A inhibitors	29274866	https://doi.org/10.1053/j.gastro.2017.12.015
NS5A	1	62	E	REF_MASTER_NC_004102	NS5A:62E	aminoAcidSimplePolymorphism	NS5A:31M+54H+62E	combination	NS5A:31M+54H+62E	3.0	3.0	phdr_ras:NS5A:31M+54H+62E	NS5A:31M+54H+62E	AL_1b	L31M+H/Q54H+Q62E	NS5A:31M+54H+62E:AL_1b:ledipasvir	category_II	II	2.0	0.0		1.0	1.0	0.0	NS5A:31M+54H+62E:AL_1b	ledipasvir	ledipasvir	drug_resistance	Gilead Sciences	NS5A inhibitors	29274188	https://doi.org/10.1111/jvh.12850
NS5A	1	62	E	REF_MASTER_NC_004102	NS5A:62E	aminoAcidSimplePolymorphism	NS5A:54H+58A+62E+93H	combination	NS5A:54H+58A+62E+93H	4.0	3.0	phdr_ras:NS5A:54H+58A+62E+93H	NS5A:54H+58A+62E+93H	AL_1b	H/Q54H+P58A+Q62E+Y93H	NS5A:54H+58A+62E+93H:AL_1b:ledipasvir	category_II	II	2.0	0.0		1.0	1.0	0.0	NS5A:54H+58A+62E+93H:AL_1b	ledipasvir	ledipasvir	drug_resistance	Gilead Sciences	NS5A inhibitors	29274188	https://doi.org/10.1111/jvh.12850
NS5A	1	62	E	REF_MASTER_NC_004102	NS5A:62E	aminoAcidSimplePolymorphism	NS5A:62E	single				phdr_ras:NS5A:62E	NS5A:62E															drug_resistance				
NS5A	1	62	L	REF_MASTER_NC_004102	NS5A:62L	aminoAcidSimplePolymorphism	NS5A:62L	single				phdr_ras:NS5A:62L	NS5A:62L	AL_3a	S/T62L	NS5A:62L:AL_3a:daclatasvir	insignificant	-	4.0	1.0	2.0	0.0			NS5A:62L:AL_3a	daclatasvir	daclatasvir	drug_resistance	Bristol-Myers Squibb 	NS5A inhibitors	23089758;23384816	https://doi.org/10.1128/AAC.01874-12;https://doi.org/10.1016/j.jcv.2012.12.020
NS5A	1	62	Q	REF_MASTER_NC_004102	NS5A:62Q	aminoAcidSimplePolymorphism	NS5A:30E+62Q	combination	NS5A:30E+62Q	2.0	2.0	phdr_ras:NS5A:30E+62Q	NS5A:30E+62Q	AL_1a	Q30E+E62Q	NS5A:30E+62Q:AL_1a:daclatasvir	category_II	II	2.0	0.0		1.0	0.0	1.0	NS5A:30E+62Q:AL_1a	daclatasvir	daclatasvir	drug_resistance	Bristol-Myers Squibb 	NS5A inhibitors	24444658	https://doi.org/10.1016/j.jhep.2013.10.019
NS5A	1	62	Q	REF_MASTER_NC_004102	NS5A:62Q	aminoAcidSimplePolymorphism	NS5A:62Q	single				phdr_ras:NS5A:62Q	NS5A:62Q															drug_resistance				
NS5A	1	62	T	REF_MASTER_NC_004102	NS5A:62T	aminoAcidSimplePolymorphism	NS5A:58S+62T+93H	combination	NS5A:58S+62T+93H	3.0	2.0	phdr_ras:NS5A:58S+62T+93H	NS5A:58S+62T+93H	AL_3	P58S+S/T62T+Y93H	NS5A:58S+62T+93H:AL_3:elbasvir	category_II	II	2.0	0.0		1.0	1.0	0.0	NS5A:58S+62T+93H:AL_3	elbasvir	elbasvir	drug_resistance	Merck	NS5A inhibitors	29473975	https://doi.org/10.1002/hep.29852
NS5A	1	62	T	REF_MASTER_NC_004102	NS5A:62T	aminoAcidSimplePolymorphism	NS5A:62T	single				phdr_ras:NS5A:62T	NS5A:62T															drug_resistance				
NS5A	1	62	T	REF_MASTER_NC_004102	NS5A:62T	aminoAcidSimplePolymorphism	NS5A:62T+93H	combination	NS5A:62T+93H	2.0	1.0	phdr_ras:NS5A:62T+93H	NS5A:62T+93H	AL_3a	S/T62T+Y93H	NS5A:62T+93H:AL_3a:daclatasvir	category_II	II	2.0	1.0	2606.0	0.0			NS5A:62T+93H:AL_3a	daclatasvir	daclatasvir	drug_resistance	Bristol-Myers Squibb 	NS5A inhibitors	23384816	https://doi.org/10.1016/j.jcv.2012.12.020
NS5A	1	68	R	REF_MASTER_NC_004102	NS5A:68R	aminoAcidSimplePolymorphism	NS5A:28T+68R	combination	NS5A:28T+68R	2.0	2.0	phdr_ras:NS5A:28T+68R	NS5A:28T+68R	AL_1a	M28T+K68R	NS5A:28T+68R:AL_1a:daclatasvir	category_II	II	2.0	1.0	7229.0	0.0			NS5A:28T+68R:AL_1a	daclatasvir	daclatasvir	drug_resistance	Bristol-Myers Squibb 	NS5A inhibitors	22850513	https://doi.org/10.1128/AAC.01209-12
NS5A	1	68	R	REF_MASTER_NC_004102	NS5A:68R	aminoAcidSimplePolymorphism	NS5A:30H+68R	combination	NS5A:30H+68R	2.0	2.0	phdr_ras:NS5A:30H+68R	NS5A:30H+68R	AL_1a	Q30H+K68R	NS5A:30H+68R:AL_1a:daclatasvir	category_II	II	2.0	1.0	1155.5	0.0			NS5A:30H+68R:AL_1a	daclatasvir	daclatasvir	drug_resistance	Bristol-Myers Squibb 	NS5A inhibitors	22850513	https://doi.org/10.1128/AAC.01209-12
NS5A	1	68	R	REF_MASTER_NC_004102	NS5A:68R	aminoAcidSimplePolymorphism	NS5A:68R	single				phdr_ras:NS5A:68R	NS5A:68R															drug_resistance				
NS5A	1	75	A	REF_MASTER_NC_004102	NS5A:75A	aminoAcidSimplePolymorphism	NS5A:30R+75A	combination	NS5A:30R+75A	2.0	2.0	phdr_ras:NS5A:30R+75A	NS5A:30R+75A	AL_1a	Q30R+V75A	NS5A:30R+75A:AL_1a:daclatasvir	category_II	II	2.0	1.0	850.0	0.0			NS5A:30R+75A:AL_1a	daclatasvir	daclatasvir	drug_resistance	Bristol-Myers Squibb 	NS5A inhibitors	22234905	https://doi.org/10.1002/hep.25581
NS5A	1	75	A	REF_MASTER_NC_004102	NS5A:75A	aminoAcidSimplePolymorphism	NS5A:75A	single				phdr_ras:NS5A:75A	NS5A:75A															drug_resistance				
NS5A	1	8	A	REF_MASTER_NC_004102	NS5A:8A	aminoAcidSimplePolymorphism	NS5A:8A	single				phdr_ras:NS5A:8A	NS5A:8A															drug_resistance				
NS5A	1	8	A	REF_MASTER_NC_004102	NS5A:8A	aminoAcidSimplePolymorphism	NS5A:8A+30H	combination	NS5A:8A+30H	2.0	1.0	phdr_ras:NS5A:8A+30H	NS5A:8A+30H	AL_4a	V8A+L30H	NS5A:8A+30H:AL_4a:daclatasvir	category_II	II	2.0	1.0	539.5	0.0			NS5A:8A+30H:AL_4a	daclatasvir	daclatasvir	drug_resistance	Bristol-Myers Squibb 	NS5A inhibitors	29274866	https://doi.org/10.1053/j.gastro.2017.12.015
NS5A	1	8	A	REF_MASTER_NC_004102	NS5A:8A	aminoAcidSimplePolymorphism	NS5A:8A+58L	combination	NS5A:8A+58L	2.0	1.0	phdr_ras:NS5A:8A+58L	NS5A:8A+58L	AL_4a	V8A+P58L	NS5A:8A+58L:AL_4a:daclatasvir	category_III	III	3.0	1.0	41.5	0.0			NS5A:8A+58L:AL_4a	daclatasvir	daclatasvir	drug_resistance	Bristol-Myers Squibb 	NS5A inhibitors	29274866	https://doi.org/10.1053/j.gastro.2017.12.015
NS5A	1	8	A	REF_MASTER_NC_004102	NS5A:8A	aminoAcidSimplePolymorphism	NS5A:8A+58L	combination	NS5A:8A+58L	2.0	1.0	phdr_ras:NS5A:8A+58L	NS5A:8A+58L	AL_4a	V8A+P58L	NS5A:8A+58L:AL_4a:elbasvir	category_III	III	3.0	1.0	41.5	0.0			NS5A:8A+58L:AL_4a	elbasvir	elbasvir	drug_resistance	Merck	NS5A inhibitors	29274866	https://doi.org/10.1053/j.gastro.2017.12.015
NS5A	1	81	M	REF_MASTER_NC_004102	NS5A:81M	aminoAcidSimplePolymorphism	NS5A:24M+30R+81M	combination	NS5A:24M+30R+81M	3.0	3.0	phdr_ras:NS5A:24M+30R+81M	NS5A:24M+30R+81M	AL_1a	K24M+Q30R+R81M	NS5A:24M+30R+81M:AL_1a:elbasvir	category_II	II	2.0	1.0	69.0	0.0			NS5A:24M+30R+81M:AL_1a	elbasvir	elbasvir	drug_resistance	Merck	NS5A inhibitors	26926625	https://doi.org/10.1128/AAC.00051-16
NS5A	1	81	M	REF_MASTER_NC_004102	NS5A:81M	aminoAcidSimplePolymorphism	NS5A:81M	single				phdr_ras:NS5A:81M	NS5A:81M															drug_resistance				
NS5A	1	92	A	REF_MASTER_NC_004102	NS5A:92A	aminoAcidSimplePolymorphism	NS5A:92A	single				phdr_ras:NS5A:92A	NS5A:92A															drug_resistance				
NS5A	1	92	A	REF_MASTER_NC_004102	NS5A:92A	aminoAcidSimplePolymorphism	NS5A:92A+93H	combination	NS5A:92A+93H	2.0	1.0	phdr_ras:NS5A:92A+93H	NS5A:92A+93H	AL_3a	E92A+Y93H	NS5A:92A+93H:AL_3a:daclatasvir	category_II	II	2.0	1.0	292.0	0.0			NS5A:92A+93H:AL_3a	daclatasvir	daclatasvir	drug_resistance	Bristol-Myers Squibb 	NS5A inhibitors	23384816	https://doi.org/10.1016/j.jcv.2012.12.020
NS5A	1	92	E	REF_MASTER_NC_004102	NS5A:92E	aminoAcidSimplePolymorphism	NS5A:31F+92E	combination	NS5A:31F+92E	2.0	2.0	phdr_ras:NS5A:31F+92E	NS5A:31F+92E	AL_1b	L31F+A92E	NS5A:31F+92E:AL_1b:ombitasvir	category_II	II	2.0	1.0	1022.0	0.0			NS5A:31F+92E:AL_1b	ombitasvir	ombitasvir	drug_resistance	Abbvie	NS5A inhibitors	26643326	https://doi.org/10.1128/AAC.02606-15
NS5A	1	92	E	REF_MASTER_NC_004102	NS5A:92E	aminoAcidSimplePolymorphism	NS5A:92E	single				phdr_ras:NS5A:92E	NS5A:92E	AL_1b	A92E	NS5A:92E:AL_1b:ledipasvir	insignificant	-	4.0	1.0	0.3	0.0			NS5A:92E:AL_1b	ledipasvir	ledipasvir	drug_resistance	Gilead Sciences	NS5A inhibitors	27923693	https://doi.org/10.1016/j.jhep.2016.11.022
NS5A	1	92	E	REF_MASTER_NC_004102	NS5A:92E	aminoAcidSimplePolymorphism	NS5A:92E+93H	combination	NS5A:92E+93H	2.0	1.0	phdr_ras:NS5A:92E+93H	NS5A:92E+93H	AL_1b	A92E+Y93H	NS5A:92E+93H:AL_1b:ombitasvir	category_II	II	2.0	0.0		1.0	1.0	0.0	NS5A:92E+93H:AL_1b	ombitasvir	ombitasvir	drug_resistance	Abbvie	NS5A inhibitors	26643326	https://doi.org/10.1128/AAC.02606-15
NS5A	1	92	K	REF_MASTER_NC_004102	NS5A:92K	aminoAcidSimplePolymorphism	NS5A:28M+30Q+92K	combination	NS5A:28M+30Q+92K	3.0	3.0	phdr_ras:NS5A:28M+30Q+92K	NS5A:28M+30Q+92K	AL_1b	L28M+R30Q+A92K	NS5A:28M+30Q+92K:AL_1b:daclatasvir	category_II	II	2.0	0.0		1.0	0.0	1.0	NS5A:28M+30Q+92K:AL_1b	daclatasvir	daclatasvir	drug_resistance	Bristol-Myers Squibb 	NS5A inhibitors	24448487	https://doi.org/10.3851/IMP2729
NS5A	1	92	K	REF_MASTER_NC_004102	NS5A:92K	aminoAcidSimplePolymorphism	NS5A:31I+54H+92K	combination	NS5A:31I+54H+92K	3.0	3.0	phdr_ras:NS5A:31I+54H+92K	NS5A:31I+54H+92K	AL_1b	L31I+H/Q54H+A92K	NS5A:31I+54H+92K:AL_1b:daclatasvir	category_II	II	2.0	0.0		1.0	0.0	1.0	NS5A:31I+54H+92K:AL_1b	daclatasvir	daclatasvir	drug_resistance	Bristol-Myers Squibb 	NS5A inhibitors	28078469	https://doi.org/10.1007/s00535-016-1303-0
NS5A	1	92	K	REF_MASTER_NC_004102	NS5A:92K	aminoAcidSimplePolymorphism	NS5A:31I+92K	combination	NS5A:31I+92K	2.0	2.0	phdr_ras:NS5A:31I+92K	NS5A:31I+92K	AL_1b	L31I+A92K	NS5A:31I+92K:AL_1b:daclatasvir	category_II	II	2.0	0.0		1.0	0.0	1.0	NS5A:31I+92K:AL_1b	daclatasvir	daclatasvir	drug_resistance	Bristol-Myers Squibb 	NS5A inhibitors	27236547	https://doi.org/10.1007/s00535-016-1225-x
NS5A	1	92	K	REF_MASTER_NC_004102	NS5A:92K	aminoAcidSimplePolymorphism	NS5A:92K	single				phdr_ras:NS5A:92K	NS5A:92K	AL_1a	A92K	NS5A:92K:AL_1a:ledipasvir	category_II	II	2.0	1.0	8333.0	0.0			NS5A:92K:AL_1a	ledipasvir	ledipasvir	drug_resistance	Gilead Sciences	NS5A inhibitors	27923693	https://doi.org/10.1016/j.jhep.2016.11.022
NS5A	1	92	K	REF_MASTER_NC_004102	NS5A:92K	aminoAcidSimplePolymorphism	NS5A:92K	single				phdr_ras:NS5A:92K	NS5A:92K	AL_1b	A92K	NS5A:92K:AL_1b:daclatasvir	category_II	II	2.0	0.0		1.0	0.0	1.0	NS5A:92K:AL_1b	daclatasvir	daclatasvir	drug_resistance	Bristol-Myers Squibb 	NS5A inhibitors	26878268;28078469	https://doi.org/10.1111/hepr.12673;https://doi.org/10.1007/s00535-016-1303-0
NS5A	1	92	K	REF_MASTER_NC_004102	NS5A:92K	aminoAcidSimplePolymorphism	NS5A:92K	single				phdr_ras:NS5A:92K	NS5A:92K	AL_1b	A92K	NS5A:92K:AL_1b:ledipasvir	category_II	II	2.0	1.0	10000.0	0.0			NS5A:92K:AL_1b	ledipasvir	ledipasvir	drug_resistance	Gilead Sciences	NS5A inhibitors	27923693	https://doi.org/10.1016/j.jhep.2016.11.022
NS5A	1	92	M	REF_MASTER_NC_004102	NS5A:92M	aminoAcidSimplePolymorphism	NS5A:92M	single				phdr_ras:NS5A:92M	NS5A:92M															drug_resistance				
NS5A	1	92	M	REF_MASTER_NC_004102	NS5A:92M	aminoAcidSimplePolymorphism	NS5A:92M+93H	combination	NS5A:92M+93H	2.0	1.0	phdr_ras:NS5A:92M+93H	NS5A:92M+93H	AL_1b	A92M+Y93H	NS5A:92M+93H:AL_1b:ombitasvir	category_II	II	2.0	0.0		1.0	1.0	0.0	NS5A:92M+93H:AL_1b	ombitasvir	ombitasvir	drug_resistance	Abbvie	NS5A inhibitors	26643326	https://doi.org/10.1128/AAC.02606-15
NS5A	1	92	R	REF_MASTER_NC_004102	NS5A:92R	aminoAcidSimplePolymorphism	NS5A:30E+92R	combination	NS5A:30E+92R	2.0	2.0	phdr_ras:NS5A:30E+92R	NS5A:30E+92R	AL_2a	K30E+C92R	NS5A:30E+92R:AL_2a:daclatasvir	category_II	II	2.0	1.0	440.0	0.0			NS5A:30E+92R:AL_2a	daclatasvir	daclatasvir	drug_resistance	Bristol-Myers Squibb 	NS5A inhibitors	21593143	https://doi.org/10.1128/JVI.00253-11
NS5A	1	92	R	REF_MASTER_NC_004102	NS5A:92R	aminoAcidSimplePolymorphism	NS5A:30Q+92R	combination	NS5A:30Q+92R	2.0	2.0	phdr_ras:NS5A:30Q+92R	NS5A:30Q+92R	AL_2a	K30Q+C92R	NS5A:30Q+92R:AL_2a:daclatasvir	insignificant	-	4.0	1.0	0.4	0.0			NS5A:30Q+92R:AL_2a	daclatasvir	daclatasvir	drug_resistance	Bristol-Myers Squibb 	NS5A inhibitors	21593143	https://doi.org/10.1128/JVI.00253-11
NS5A	1	92	R	REF_MASTER_NC_004102	NS5A:92R	aminoAcidSimplePolymorphism	NS5A:92R	single				phdr_ras:NS5A:92R	NS5A:92R	AL_2a	C92R	NS5A:92R:AL_2a:daclatasvir	category_II	II	2.0	1.0	115.5	0.0			NS5A:92R:AL_2a	daclatasvir	daclatasvir	drug_resistance	Bristol-Myers Squibb 	NS5A inhibitors	21593143	https://doi.org/10.1128/JVI.00253-11
NS5A	1	92	R	REF_MASTER_NC_004102	NS5A:92R	aminoAcidSimplePolymorphism	NS5A:92R	single				phdr_ras:NS5A:92R	NS5A:92R	AL_2b	C92R	NS5A:92R:AL_2b:daclatasvir	category_III	III	3.0	1.0	41.5	0.0			NS5A:92R:AL_2b	daclatasvir	daclatasvir	drug_resistance	Bristol-Myers Squibb 	NS5A inhibitors	29274866	https://doi.org/10.1053/j.gastro.2017.12.015
NS5A	1	92	S	REF_MASTER_NC_004102	NS5A:92S	aminoAcidSimplePolymorphism	NS5A:24S+92S	combination	NS5A:24S+92S	2.0	2.0	phdr_ras:NS5A:24S+92S	NS5A:24S+92S	AL_2b	S24S+C92S	NS5A:24S+92S:AL_2b:daclatasvir	category_II	II	2.0	0.0		1.0	0.0	1.0	NS5A:24S+92S:AL_2b	daclatasvir	daclatasvir	drug_resistance	Bristol-Myers Squibb 	NS5A inhibitors	27605597	https://doi.org/10.1093/jac/dkw336
NS5A	1	92	S	REF_MASTER_NC_004102	NS5A:92S	aminoAcidSimplePolymorphism	NS5A:28L+31M+92S	combination	NS5A:28L+31M+92S	3.0	3.0	phdr_ras:NS5A:28L+31M+92S	NS5A:28L+31M+92S	AL_2b	L28L+L/M31M+C92S	NS5A:28L+31M+92S:AL_2b:daclatasvir	category_II	II	2.0	1.0	9300.0	0.0			NS5A:28L+31M+92S:AL_2b	daclatasvir	daclatasvir	drug_resistance	Bristol-Myers Squibb 	NS5A inhibitors	27605597	https://doi.org/10.1093/jac/dkw336
NS5A	1	92	S	REF_MASTER_NC_004102	NS5A:92S	aminoAcidSimplePolymorphism	NS5A:92S	single				phdr_ras:NS5A:92S	NS5A:92S	AL_2a	C92S	NS5A:92S:AL_2a:daclatasvir	category_III	III	3.0	1.0	41.5	0.0			NS5A:92S:AL_2a	daclatasvir	daclatasvir	drug_resistance	Bristol-Myers Squibb 	NS5A inhibitors	29274866	https://doi.org/10.1053/j.gastro.2017.12.015
NS5A	1	92	T	REF_MASTER_NC_004102	NS5A:92T	aminoAcidSimplePolymorphism	NS5A:24K+28M+30H+92T	combination	NS5A:24K+28M+30H+92T	4.0	4.0	phdr_ras:NS5A:24K+28M+30H+92T	NS5A:24K+28M+30H+92T	AL_1b	Q24K+L28M+R30H+A92T	NS5A:24K+28M+30H+92T:AL_1b:daclatasvir	category_II	II	2.0	0.0		1.0	1.0	0.0	NS5A:24K+28M+30H+92T:AL_1b	daclatasvir	daclatasvir	drug_resistance	Bristol-Myers Squibb 	NS5A inhibitors	28078469	https://doi.org/10.1007/s00535-016-1303-0
NS5A	1	92	T	REF_MASTER_NC_004102	NS5A:92T	aminoAcidSimplePolymorphism	NS5A:24K+28M+30Q+92T	combination	NS5A:24K+28M+30Q+92T	4.0	4.0	phdr_ras:NS5A:24K+28M+30Q+92T	NS5A:24K+28M+30Q+92T	AL_1b	Q24K+L28M+R30Q+A92T	NS5A:24K+28M+30Q+92T:AL_1b:daclatasvir	category_II	II	2.0	0.0		1.0	1.0	0.0	NS5A:24K+28M+30Q+92T:AL_1b	daclatasvir	daclatasvir	drug_resistance	Bristol-Myers Squibb 	NS5A inhibitors	28078469	https://doi.org/10.1007/s00535-016-1303-0
NS5A	1	92	T	REF_MASTER_NC_004102	NS5A:92T	aminoAcidSimplePolymorphism	NS5A:24K+28M+92T	combination	NS5A:24K+28M+92T	3.0	3.0	phdr_ras:NS5A:24K+28M+92T	NS5A:24K+28M+92T	AL_1b	Q24K+L28M+A92T	NS5A:24K+28M+92T:AL_1b:daclatasvir	category_II	II	2.0	0.0		1.0	1.0	0.0	NS5A:24K+28M+92T:AL_1b	daclatasvir	daclatasvir	drug_resistance	Bristol-Myers Squibb 	NS5A inhibitors	28078469	https://doi.org/10.1007/s00535-016-1303-0
NS5A	1	92	T	REF_MASTER_NC_004102	NS5A:92T	aminoAcidSimplePolymorphism	NS5A:24K+28V+92T	combination	NS5A:24K+28V+92T	3.0	3.0	phdr_ras:NS5A:24K+28V+92T	NS5A:24K+28V+92T	AL_1b	Q24K+L28V+A92T	NS5A:24K+28V+92T:AL_1b:daclatasvir	category_II	II	2.0	0.0		1.0	1.0	0.0	NS5A:24K+28V+92T:AL_1b	daclatasvir	daclatasvir	drug_resistance	Bristol-Myers Squibb 	NS5A inhibitors	28078469	https://doi.org/10.1007/s00535-016-1303-0
NS5A	1	92	T	REF_MASTER_NC_004102	NS5A:92T	aminoAcidSimplePolymorphism	NS5A:31I+54H+92T	combination	NS5A:31I+54H+92T	3.0	3.0	phdr_ras:NS5A:31I+54H+92T	NS5A:31I+54H+92T	AL_1b	L31I+H/Q54H+A92T	NS5A:31I+54H+92T:AL_1b:daclatasvir	category_II	II	2.0	0.0		1.0	0.0	1.0	NS5A:31I+54H+92T:AL_1b	daclatasvir	daclatasvir	drug_resistance	Bristol-Myers Squibb 	NS5A inhibitors	28078469	https://doi.org/10.1007/s00535-016-1303-0
NS5A	1	92	T	REF_MASTER_NC_004102	NS5A:92T	aminoAcidSimplePolymorphism	NS5A:37L+54L+92T	combination	NS5A:37L+54L+92T	3.0	3.0	phdr_ras:NS5A:37L+54L+92T	NS5A:37L+54L+92T	AL_1b	F/L37L+H/Q54L+A92T	NS5A:37L+54L+92T:AL_1b:daclatasvir	category_II	II	2.0	0.0		1.0	1.0	0.0	NS5A:37L+54L+92T:AL_1b	daclatasvir	daclatasvir	drug_resistance	Bristol-Myers Squibb 	NS5A inhibitors	28078469	https://doi.org/10.1007/s00535-016-1303-0
NS5A	1	92	T	REF_MASTER_NC_004102	NS5A:92T	aminoAcidSimplePolymorphism	NS5A:92T	single				phdr_ras:NS5A:92T	NS5A:92T	AL_1a	A92T	NS5A:92T:AL_1a:ledipasvir	category_III	III	3.0	1.0	15.2	0.0			NS5A:92T:AL_1a	ledipasvir	ledipasvir	drug_resistance	Gilead Sciences	NS5A inhibitors	27923693	https://doi.org/10.1016/j.jhep.2016.11.022
NS5A	1	92	T	REF_MASTER_NC_004102	NS5A:92T	aminoAcidSimplePolymorphism	NS5A:92T+93H	combination	NS5A:92T+93H	2.0	1.0	phdr_ras:NS5A:92T+93H	NS5A:92T+93H	AL_1b	A92T+Y93H	NS5A:92T+93H:AL_1b:ombitasvir	category_II	II	2.0	0.0		1.0	1.0	0.0	NS5A:92T+93H:AL_1b	ombitasvir	ombitasvir	drug_resistance	Abbvie	NS5A inhibitors	26643326	https://doi.org/10.1128/AAC.02606-15
NS5A	1	92	V	REF_MASTER_NC_004102	NS5A:92V	aminoAcidSimplePolymorphism	NS5A:92V	single				phdr_ras:NS5A:92V	NS5A:92V															drug_resistance				
NS5A	1	92	V	REF_MASTER_NC_004102	NS5A:92V	aminoAcidSimplePolymorphism	NS5A:92V+93H	combination	NS5A:92V+93H	2.0	1.0	phdr_ras:NS5A:92V+93H	NS5A:92V+93H	AL_1b	A92V+Y93H	NS5A:92V+93H:AL_1b:ombitasvir	category_II	II	2.0	0.0		1.0	1.0	0.0	NS5A:92V+93H:AL_1b	ombitasvir	ombitasvir	drug_resistance	Abbvie	NS5A inhibitors	26643326	https://doi.org/10.1128/AAC.02606-15
NS5A	1	93	C	REF_MASTER_NC_004102	NS5A:93C	aminoAcidSimplePolymorphism	NS5A:28T+93C	combination	NS5A:28T+93C	2.0	2.0	phdr_ras:NS5A:28T+93C	NS5A:28T+93C	AL_1a	M28T+Y93C	NS5A:28T+93C:AL_1a:pibrentasvir	insignificant	-	4.0	1.0	3.1	0.0			NS5A:28T+93C:AL_1a	pibrentasvir	pibrentasvir	drug_resistance	Abbvie	NS5A inhibitors	28193664	https://doi.org/10.1128/AAC.02558-16
NS5A	1	93	C	REF_MASTER_NC_004102	NS5A:93C	aminoAcidSimplePolymorphism	NS5A:30E+93C	combination	NS5A:30E+93C	2.0	2.0	phdr_ras:NS5A:30E+93C	NS5A:30E+93C	AL_1a	Q30E+Y93C	NS5A:30E+93C:AL_1a:ledipasvir	category_II	II	2.0	0.0		1.0	0.0	1.0	NS5A:30E+93C:AL_1a	ledipasvir	ledipasvir	drug_resistance	Gilead Sciences	NS5A inhibitors	27923693	https://doi.org/10.1016/j.jhep.2016.11.022
NS5A	1	93	C	REF_MASTER_NC_004102	NS5A:93C	aminoAcidSimplePolymorphism	NS5A:30R+31M+93C	combination	NS5A:30R+31M+93C	3.0	3.0	phdr_ras:NS5A:30R+31M+93C	NS5A:30R+31M+93C	AL_1a	Q30R+L31M+Y93C	NS5A:30R+31M+93C:AL_1a:pibrentasvir	category_III	III	3.0	1.0	42.0	0.0			NS5A:30R+31M+93C:AL_1a	pibrentasvir	pibrentasvir	drug_resistance	Abbvie	NS5A inhibitors	28193664	https://doi.org/10.1128/AAC.02558-16
NS5A	1	93	C	REF_MASTER_NC_004102	NS5A:93C	aminoAcidSimplePolymorphism	NS5A:30R+93C	combination	NS5A:30R+93C	2.0	2.0	phdr_ras:NS5A:30R+93C	NS5A:30R+93C	AL_1a	Q30R+Y93C	NS5A:30R+93C:AL_1a:ledipasvir	category_II	II	2.0	0.0		1.0	0.0	1.0	NS5A:30R+93C:AL_1a	ledipasvir	ledipasvir	drug_resistance	Gilead Sciences	NS5A inhibitors	27923693	https://doi.org/10.1016/j.jhep.2016.11.022
NS5A	1	93	C	REF_MASTER_NC_004102	NS5A:93C	aminoAcidSimplePolymorphism	NS5A:30R+93C	combination	NS5A:30R+93C	2.0	2.0	phdr_ras:NS5A:30R+93C	NS5A:30R+93C	AL_1a	Q30R+Y93C	NS5A:30R+93C:AL_1a:pibrentasvir	insignificant	-	4.0	1.0	3.8	0.0			NS5A:30R+93C:AL_1a	pibrentasvir	pibrentasvir	drug_resistance	Abbvie	NS5A inhibitors	28193664	https://doi.org/10.1128/AAC.02558-16
NS5A	1	93	C	REF_MASTER_NC_004102	NS5A:93C	aminoAcidSimplePolymorphism	NS5A:31M+58D+93C	combination	NS5A:31M+58D+93C	3.0	3.0	phdr_ras:NS5A:31M+58D+93C	NS5A:31M+58D+93C															drug_resistance				
NS5A	1	93	C	REF_MASTER_NC_004102	NS5A:93C	aminoAcidSimplePolymorphism	NS5A:31M+93C	combination	NS5A:31M+93C	2.0	2.0	phdr_ras:NS5A:31M+93C	NS5A:31M+93C	AL_1a	L31M+Y93C	NS5A:31M+93C:AL_1a:daclatasvir	category_II	II	2.0	0.0		1.0	0.0	1.0	NS5A:31M+93C:AL_1a	daclatasvir	daclatasvir	drug_resistance	Bristol-Myers Squibb 	NS5A inhibitors	24444658	https://doi.org/10.1016/j.jhep.2013.10.019
NS5A	1	93	C	REF_MASTER_NC_004102	NS5A:93C	aminoAcidSimplePolymorphism	NS5A:31M+93C	combination	NS5A:31M+93C	2.0	2.0	phdr_ras:NS5A:31M+93C	NS5A:31M+93C	AL_1a	L31M+Y93C	NS5A:31M+93C:AL_1a:pibrentasvir	category_III	III	3.0	1.0	6.1	0.0			NS5A:31M+93C:AL_1a	pibrentasvir	pibrentasvir	drug_resistance	Abbvie	NS5A inhibitors	28193664	https://doi.org/10.1128/AAC.02558-16
NS5A	1	93	C	REF_MASTER_NC_004102	NS5A:93C	aminoAcidSimplePolymorphism	NS5A:31M+93C	combination	NS5A:31M+93C	2.0	2.0	phdr_ras:NS5A:31M+93C	NS5A:31M+93C	AL_1b	L31M+Y93C	NS5A:31M+93C:AL_1b:daclatasvir	category_II	II	2.0	0.0		1.0	0.0	1.0	NS5A:31M+93C:AL_1b	daclatasvir	daclatasvir	drug_resistance	Bristol-Myers Squibb 	NS5A inhibitors	24444658	https://doi.org/10.1016/j.jhep.2013.10.019
NS5A	1	93	C	REF_MASTER_NC_004102	NS5A:93C	aminoAcidSimplePolymorphism	NS5A:58D+93C	combination	NS5A:58D+93C	2.0	2.0	phdr_ras:NS5A:58D+93C	NS5A:58D+93C	AL_1a	H58D+Y93C	NS5A:58D+93C:AL_1a:velpatasvir	category_II	II	2.0	0.0		1.0	0.0	1.0	NS5A:58D+93C:AL_1a	velpatasvir	velpatasvir	drug_resistance	Gilead Sciences	NS5A inhibitors	28564569	https://doi.org/10.1056/NEJMoa1613512
NS5A	1	93	C	REF_MASTER_NC_004102	NS5A:93C	aminoAcidSimplePolymorphism	NS5A:93C	single				phdr_ras:NS5A:93C	NS5A:93C	AL_1a	Y93C	NS5A:93C:AL_1a:daclatasvir	category_I	I	1.0	1.0	1864.0	1.0	0.0	1.0	NS5A:93C:AL_1a	daclatasvir	daclatasvir	drug_resistance	Bristol-Myers Squibb 	NS5A inhibitors	28941023;29274866;20410884;21809362;22256805	https://doi.org/10.1111/liv.13596;https://doi.org/10.1053/j.gastro.2017.12.015;https://doi.org/10.1038/nature08960;https://doi.org/10.1002/hep.24594;https://doi.org/10.1056/NEJMoa1104430
NS5A	1	93	C	REF_MASTER_NC_004102	NS5A:93C	aminoAcidSimplePolymorphism	NS5A:93C	single				phdr_ras:NS5A:93C	NS5A:93C	AL_1a	Y93C	NS5A:93C:AL_1a:elbasvir	category_II	II	2.0	1.0	1000.0	0.0			NS5A:93C:AL_1a	elbasvir	elbasvir	drug_resistance	Merck	NS5A inhibitors	29274866;24127258;26303801;26926625;27773808	https://doi.org/10.1053/j.gastro.2017.12.015;https://doi.org/10.1002/cmdc.201300343;https://doi.org/10.1128/AAC.01390-15;https://doi.org/10.1128/AAC.00051-16;https://doi.org/10.1053/j.gastro.2016.10.017
NS5A	1	93	C	REF_MASTER_NC_004102	NS5A:93C	aminoAcidSimplePolymorphism	NS5A:93C	single				phdr_ras:NS5A:93C	NS5A:93C	AL_1a	Y93C	NS5A:93C:AL_1a:ledipasvir	category_I	I	1.0	1.0	1601.5	1.0	1.0	1.0	NS5A:93C:AL_1a	ledipasvir	ledipasvir	drug_resistance	Gilead Sciences	NS5A inhibitors	29091342;27923693	https://doi.org/10.1111/liv.13616;https://doi.org/10.1016/j.jhep.2016.11.022
NS5A	1	93	C	REF_MASTER_NC_004102	NS5A:93C	aminoAcidSimplePolymorphism	NS5A:93C	single				phdr_ras:NS5A:93C	NS5A:93C	AL_1a	Y93C	NS5A:93C:AL_1a:ombitasvir	category_II	II	2.0	1.0	1675.0	0.0			NS5A:93C:AL_1a	ombitasvir	ombitasvir	drug_resistance	Abbvie	NS5A inhibitors	25451055	https://doi.org/10.1128/AAC.04226-14
NS5A	1	93	C	REF_MASTER_NC_004102	NS5A:93C	aminoAcidSimplePolymorphism	NS5A:93C	single				phdr_ras:NS5A:93C	NS5A:93C	AL_1a	Y93C	NS5A:93C:AL_1a:velpatasvir	category_II	II	2.0	1.0	999.0	0.0			NS5A:93C:AL_1a	velpatasvir	velpatasvir	drug_resistance	Gilead Sciences	NS5A inhibitors	EASL_2013_Poster_1191;29274866;27353271	https://doi.org/10.1016/S0168-8278(13)61192-7;https://doi.org/10.1053/j.gastro.2017.12.015;https://doi.org/10.1128/AAC.00763-16
NS5A	1	93	C	REF_MASTER_NC_004102	NS5A:93C	aminoAcidSimplePolymorphism	NS5A:93C	single				phdr_ras:NS5A:93C	NS5A:93C	AL_1b	Y93C	NS5A:93C:AL_1b:ledipasvir	category_III	III	3.0	1.0	5.3	0.0			NS5A:93C:AL_1b	ledipasvir	ledipasvir	drug_resistance	Gilead Sciences	NS5A inhibitors	27923693	https://doi.org/10.1016/j.jhep.2016.11.022
NS5A	1	93	C	REF_MASTER_NC_004102	NS5A:93C	aminoAcidSimplePolymorphism	NS5A:93C	single				phdr_ras:NS5A:93C	NS5A:93C	AL_1b	Y93C	NS5A:93C:AL_1b:ombitasvir	category_II	II	2.0	0.0		1.0	0.0	1.0	NS5A:93C:AL_1b	ombitasvir	ombitasvir	drug_resistance	Abbvie	NS5A inhibitors	28416221	https://doi.org/10.1016/S2468-1253(17)30071-7
NS5A	1	93	C	REF_MASTER_NC_004102	NS5A:93C	aminoAcidSimplePolymorphism	NS5A:93C	single				phdr_ras:NS5A:93C	NS5A:93C	AL_4	Y93C	NS5A:93C:AL_4:daclatasvir	category_II	II	2.0	0.0		1.0	0.0	1.0	NS5A:93C:AL_4	daclatasvir	daclatasvir	drug_resistance	Bristol-Myers Squibb 	NS5A inhibitors	29146520	https://doi.org/10.1053/j.gastro.2017.11.007
NS5A	1	93	C	REF_MASTER_NC_004102	NS5A:93C	aminoAcidSimplePolymorphism	NS5A:93C	single				phdr_ras:NS5A:93C	NS5A:93C	AL_4	Y93C	NS5A:93C:AL_4:ledipasvir	category_II	II	2.0	0.0		1.0	0.0	1.0	NS5A:93C:AL_4	ledipasvir	ledipasvir	drug_resistance	Gilead Sciences	NS5A inhibitors	29146520	https://doi.org/10.1053/j.gastro.2017.11.007
NS5A	1	93	C	REF_MASTER_NC_004102	NS5A:93C	aminoAcidSimplePolymorphism	NS5A:93C	single				phdr_ras:NS5A:93C	NS5A:93C	AL_4	Y93C	NS5A:93C:AL_4:ombitasvir	category_II	II	2.0	0.0		1.0	1.0	0.0	NS5A:93C:AL_4	ombitasvir	ombitasvir	drug_resistance	Abbvie	NS5A inhibitors	30882744	https://doi.org/10.1097/INF.0000000000002137
NS5A	1	93	C	REF_MASTER_NC_004102	NS5A:93C	aminoAcidSimplePolymorphism	NS5A:93C	single				phdr_ras:NS5A:93C	NS5A:93C	AL_4g	H/R/Y93C	NS5A:93C:AL_4g:elbasvir	category_II	II	2.0	0.0		1.0	0.0	1.0	NS5A:93C:AL_4g	elbasvir	elbasvir	drug_resistance	Merck	NS5A inhibitors	29461687	https://doi.org/10.1111/liv.13727
NS5A	1	93	F	REF_MASTER_NC_004102	NS5A:93F	aminoAcidSimplePolymorphism	NS5A:93F	single				phdr_ras:NS5A:93F	NS5A:93F	AL_1a	Y93F	NS5A:93F:AL_1a:ledipasvir	category_I	I	1.0	1.0	7.1	1.0	1.0	0.0	NS5A:93F:AL_1a	ledipasvir	ledipasvir	drug_resistance	Gilead Sciences	NS5A inhibitors	27923693	https://doi.org/10.1016/j.jhep.2016.11.022
NS5A	1	93	F	REF_MASTER_NC_004102	NS5A:93F	aminoAcidSimplePolymorphism	NS5A:93F	single				phdr_ras:NS5A:93F	NS5A:93F	AL_1a	Y93F	NS5A:93F:AL_1a:velpatasvir	insignificant	-	4.0	1.0	2.5	0.0			NS5A:93F:AL_1a	velpatasvir	velpatasvir	drug_resistance	Gilead Sciences	NS5A inhibitors	27353271	https://doi.org/10.1128/AAC.00763-16
NS5A	1	93	H	REF_MASTER_NC_004102	NS5A:93H	aminoAcidSimplePolymorphism	NS5A:23F+93H	combination	NS5A:23F+93H	2.0	2.0	phdr_ras:NS5A:23F+93H	NS5A:23F+93H	AL_1b	L23F+Y93H	NS5A:23F+93H:AL_1b:daclatasvir	category_II	II	2.0	1.0	80.0	0.0			NS5A:23F+93H:AL_1b	daclatasvir	daclatasvir	drug_resistance	Bristol-Myers Squibb 	NS5A inhibitors	20585111	https://doi.org/10.1128/AAC.00556-10
NS5A	1	93	H	REF_MASTER_NC_004102	NS5A:93H	aminoAcidSimplePolymorphism	NS5A:24F+93H	combination	NS5A:24F+93H	2.0	2.0	phdr_ras:NS5A:24F+93H	NS5A:24F+93H	AL_2b	S24F+Y93H	NS5A:24F+93H:AL_2b:daclatasvir	category_II	II	2.0	1.0	539.5	0.0			NS5A:24F+93H:AL_2b	daclatasvir	daclatasvir	drug_resistance	Bristol-Myers Squibb 	NS5A inhibitors	29274866	https://doi.org/10.1053/j.gastro.2017.12.015
NS5A	1	93	H	REF_MASTER_NC_004102	NS5A:93H	aminoAcidSimplePolymorphism	NS5A:24F+93H	combination	NS5A:24F+93H	2.0	2.0	phdr_ras:NS5A:24F+93H	NS5A:24F+93H	AL_2b	S24F+Y93H	NS5A:24F+93H:AL_2b:elbasvir	category_II	II	2.0	1.0	539.5	0.0			NS5A:24F+93H:AL_2b	elbasvir	elbasvir	drug_resistance	Merck	NS5A inhibitors	29274866	https://doi.org/10.1053/j.gastro.2017.12.015
NS5A	1	93	H	REF_MASTER_NC_004102	NS5A:93H	aminoAcidSimplePolymorphism	NS5A:24F+93H	combination	NS5A:24F+93H	2.0	2.0	phdr_ras:NS5A:24F+93H	NS5A:24F+93H	AL_2b	S24F+Y93H	NS5A:24F+93H:AL_2b:velpatasvir	category_II	II	2.0	1.0	999.0	0.0			NS5A:24F+93H:AL_2b	velpatasvir	velpatasvir	drug_resistance	Gilead Sciences	NS5A inhibitors	29274866	https://doi.org/10.1053/j.gastro.2017.12.015
NS5A	1	93	H	REF_MASTER_NC_004102	NS5A:93H	aminoAcidSimplePolymorphism	NS5A:24Q+93H	combination	NS5A:24Q+93H	2.0	2.0	phdr_ras:NS5A:24Q+93H	NS5A:24Q+93H	AL_1a	K24Q+Y93H	NS5A:24Q+93H:AL_1a:pibrentasvir	category_II	II	2.0	0.0		1.0	1.0	0.0	NS5A:24Q+93H:AL_1a	pibrentasvir	pibrentasvir	drug_resistance	Abbvie	NS5A inhibitors	29152781	https://doi.org/10.1002/hep.29671
NS5A	1	93	H	REF_MASTER_NC_004102	NS5A:93H	aminoAcidSimplePolymorphism	NS5A:24R+30K+93H	combination	NS5A:24R+30K+93H	3.0	3.0	phdr_ras:NS5A:24R+30K+93H	NS5A:24R+30K+93H															drug_resistance				
NS5A	1	93	H	REF_MASTER_NC_004102	NS5A:93H	aminoAcidSimplePolymorphism	NS5A:24R+30Q+31M+37L+93H	combination	NS5A:24R+30Q+31M+37L+93H	5.0	5.0	phdr_ras:NS5A:24R+30Q+31M+37L+93H	NS5A:24R+30Q+31M+37L+93H	AL_1b	Q24R+R30Q+L31M+F/L37L+Y93H	NS5A:24R+30Q+31M+37L+93H:AL_1b:daclatasvir	category_II	II	2.0	0.0		1.0	0.0	1.0	NS5A:24R+30Q+31M+37L+93H:AL_1b	daclatasvir	daclatasvir	drug_resistance	Bristol-Myers Squibb 	NS5A inhibitors	28078469	https://doi.org/10.1007/s00535-016-1303-0
NS5A	1	93	H	REF_MASTER_NC_004102	NS5A:93H	aminoAcidSimplePolymorphism	NS5A:24R+93H	combination	NS5A:24R+93H	2.0	2.0	phdr_ras:NS5A:24R+93H	NS5A:24R+93H	AL_1a	K24R+Y93H	NS5A:24R+93H:AL_1a:ledipasvir	category_II	II	2.0	0.0		1.0	0.0	1.0	NS5A:24R+93H:AL_1a	ledipasvir	ledipasvir	drug_resistance	Gilead Sciences	NS5A inhibitors	27923693	https://doi.org/10.1016/j.jhep.2016.11.022
NS5A	1	93	H	REF_MASTER_NC_004102	NS5A:93H	aminoAcidSimplePolymorphism	NS5A:24S+31M+93H	combination	NS5A:24S+31M+93H	3.0	3.0	phdr_ras:NS5A:24S+31M+93H	NS5A:24S+31M+93H															drug_resistance				
NS5A	1	93	H	REF_MASTER_NC_004102	NS5A:93H	aminoAcidSimplePolymorphism	NS5A:24T+93H	combination	NS5A:24T+93H	2.0	2.0	phdr_ras:NS5A:24T+93H	NS5A:24T+93H	AL_2b	S24T+Y93H	NS5A:24T+93H:AL_2b:daclatasvir	category_II	II	2.0	1.0	539.5	0.0			NS5A:24T+93H:AL_2b	daclatasvir	daclatasvir	drug_resistance	Bristol-Myers Squibb 	NS5A inhibitors	29274866	https://doi.org/10.1053/j.gastro.2017.12.015
NS5A	1	93	H	REF_MASTER_NC_004102	NS5A:93H	aminoAcidSimplePolymorphism	NS5A:24T+93H	combination	NS5A:24T+93H	2.0	2.0	phdr_ras:NS5A:24T+93H	NS5A:24T+93H	AL_2b	S24T+Y93H	NS5A:24T+93H:AL_2b:elbasvir	category_II	II	2.0	1.0	539.5	0.0			NS5A:24T+93H:AL_2b	elbasvir	elbasvir	drug_resistance	Merck	NS5A inhibitors	29274866	https://doi.org/10.1053/j.gastro.2017.12.015
NS5A	1	93	H	REF_MASTER_NC_004102	NS5A:93H	aminoAcidSimplePolymorphism	NS5A:24T+93H	combination	NS5A:24T+93H	2.0	2.0	phdr_ras:NS5A:24T+93H	NS5A:24T+93H	AL_2b	S24T+Y93H	NS5A:24T+93H:AL_2b:velpatasvir	category_II	II	2.0	1.0	999.0	0.0			NS5A:24T+93H:AL_2b	velpatasvir	velpatasvir	drug_resistance	Gilead Sciences	NS5A inhibitors	29274866	https://doi.org/10.1053/j.gastro.2017.12.015
NS5A	1	93	H	REF_MASTER_NC_004102	NS5A:93H	aminoAcidSimplePolymorphism	NS5A:28L+93H	combination	NS5A:28L+93H	2.0	2.0	phdr_ras:NS5A:28L+93H	NS5A:28L+93H	AL_2b	L28L+Y93H	NS5A:28L+93H:AL_2b:daclatasvir	category_II	II	2.0	1.0	1000.0	0.0			NS5A:28L+93H:AL_2b	daclatasvir	daclatasvir	drug_resistance	Bristol-Myers Squibb 	NS5A inhibitors	27605597	https://doi.org/10.1093/jac/dkw336
NS5A	1	93	H	REF_MASTER_NC_004102	NS5A:93H	aminoAcidSimplePolymorphism	NS5A:28M+30Q+93H	combination	NS5A:28M+30Q+93H	3.0	3.0	phdr_ras:NS5A:28M+30Q+93H	NS5A:28M+30Q+93H	AL_1b	L28M+R30Q+Y93H	NS5A:28M+30Q+93H:AL_1b:ombitasvir	category_I	I	1.0	1.0	981.0	1.0	1.0	0.0	NS5A:28M+30Q+93H:AL_1b	ombitasvir	ombitasvir	drug_resistance	Abbvie	NS5A inhibitors	26643326	https://doi.org/10.1128/AAC.02606-15
NS5A	1	93	H	REF_MASTER_NC_004102	NS5A:93H	aminoAcidSimplePolymorphism	NS5A:28M+30R+31L+93H	combination	NS5A:28M+30R+31L+93H	4.0	4.0	phdr_ras:NS5A:28M+30R+31L+93H	NS5A:28M+30R+31L+93H	AL_4r	M/V28M+R30R+L/M31L+Y93H	NS5A:28M+30R+31L+93H:AL_4r:ledipasvir	category_II	II	2.0	0.0		1.0	0.0	1.0	NS5A:28M+30R+31L+93H:AL_4r	ledipasvir	ledipasvir	drug_resistance	Gilead Sciences	NS5A inhibitors	28789880	https://doi.org/10.1016/j.jhep.2017.06.035
NS5A	1	93	H	REF_MASTER_NC_004102	NS5A:93H	aminoAcidSimplePolymorphism	NS5A:28M+93H	combination	NS5A:28M+93H	2.0	2.0	phdr_ras:NS5A:28M+93H	NS5A:28M+93H	AL_1b	L28M+Y93H	NS5A:28M+93H:AL_1b:ombitasvir	category_II	II	2.0	1.0	415.0	0.0			NS5A:28M+93H:AL_1b	ombitasvir	ombitasvir	drug_resistance	Abbvie	NS5A inhibitors	26643326;25451055	https://doi.org/10.1128/AAC.02606-15;https://doi.org/10.1128/AAC.04226-14
NS5A	1	93	H	REF_MASTER_NC_004102	NS5A:93H	aminoAcidSimplePolymorphism	NS5A:28M+93H	combination	NS5A:28M+93H	2.0	2.0	phdr_ras:NS5A:28M+93H	NS5A:28M+93H	AL_4a	L/M28M+Y93H	NS5A:28M+93H:AL_4a:elbasvir	category_II	II	2.0	0.0		1.0	1.0	0.0	NS5A:28M+93H:AL_4a	elbasvir	elbasvir	drug_resistance	Merck	NS5A inhibitors	29461687	https://doi.org/10.1111/liv.13727
NS5A	1	93	H	REF_MASTER_NC_004102	NS5A:93H	aminoAcidSimplePolymorphism	NS5A:28M+93H	combination	NS5A:28M+93H	2.0	2.0	phdr_ras:NS5A:28M+93H	NS5A:28M+93H	AL_4a	L/M28M+Y93H	NS5A:28M+93H:AL_4a:ombitasvir	category_II	II	2.0	0.0		1.0	0.0	1.0	NS5A:28M+93H:AL_4a	ombitasvir	ombitasvir	drug_resistance	Abbvie	NS5A inhibitors	28404108	https://doi.org/10.1016/S2468-1253(16)30001-2
NS5A	1	93	H	REF_MASTER_NC_004102	NS5A:93H	aminoAcidSimplePolymorphism	NS5A:28S+93H	combination	NS5A:28S+93H	2.0	2.0	phdr_ras:NS5A:28S+93H	NS5A:28S+93H	AL_2a	F28S+Y93H	NS5A:28S+93H:AL_2a:daclatasvir	category_II	II	2.0	1.0	1000.0	0.0			NS5A:28S+93H:AL_2a	daclatasvir	daclatasvir	drug_resistance	Bristol-Myers Squibb 	NS5A inhibitors	29274866	https://doi.org/10.1053/j.gastro.2017.12.015
NS5A	1	93	H	REF_MASTER_NC_004102	NS5A:93H	aminoAcidSimplePolymorphism	NS5A:28S+93H	combination	NS5A:28S+93H	2.0	2.0	phdr_ras:NS5A:28S+93H	NS5A:28S+93H	AL_2a	F28S+Y93H	NS5A:28S+93H:AL_2a:elbasvir	category_II	II	2.0	1.0	1000.0	0.0			NS5A:28S+93H:AL_2a	elbasvir	elbasvir	drug_resistance	Merck	NS5A inhibitors	29274866	https://doi.org/10.1053/j.gastro.2017.12.015
NS5A	1	93	H	REF_MASTER_NC_004102	NS5A:93H	aminoAcidSimplePolymorphism	NS5A:28S+93H	combination	NS5A:28S+93H	2.0	2.0	phdr_ras:NS5A:28S+93H	NS5A:28S+93H	AL_2a	F28S+Y93H	NS5A:28S+93H:AL_2a:velpatasvir	category_II	II	2.0	1.0	999.0	0.0			NS5A:28S+93H:AL_2a	velpatasvir	velpatasvir	drug_resistance	Gilead Sciences	NS5A inhibitors	29274866	https://doi.org/10.1053/j.gastro.2017.12.015
NS5A	1	93	H	REF_MASTER_NC_004102	NS5A:93H	aminoAcidSimplePolymorphism	NS5A:28T+30H+93H	combination	NS5A:28T+30H+93H	3.0	3.0	phdr_ras:NS5A:28T+30H+93H	NS5A:28T+30H+93H	AL_1a	M28T+Q30H+Y93H	NS5A:28T+30H+93H:AL_1a:elbasvir	category_II	II	2.0	0.0		1.0	0.0	1.0	NS5A:28T+30H+93H:AL_1a	elbasvir	elbasvir	drug_resistance	Merck	NS5A inhibitors	26371152	https://doi.org/10.1093/cid/civ722
NS5A	1	93	H	REF_MASTER_NC_004102	NS5A:93H	aminoAcidSimplePolymorphism	NS5A:28T+30R+31V+93H	combination	NS5A:28T+30R+31V+93H	4.0	4.0	phdr_ras:NS5A:28T+30R+31V+93H	NS5A:28T+30R+31V+93H	AL_1a	M28T+Q30R+L31V+Y93H	NS5A:28T+30R+31V+93H:AL_1a:elbasvir	category_II	II	2.0	1.0	714286.0	0.0			NS5A:28T+30R+31V+93H:AL_1a	elbasvir	elbasvir	drug_resistance	Merck	NS5A inhibitors	26926625	https://doi.org/10.1128/AAC.00051-16
NS5A	1	93	H	REF_MASTER_NC_004102	NS5A:93H	aminoAcidSimplePolymorphism	NS5A:28T+93H	combination	NS5A:28T+93H	2.0	2.0	phdr_ras:NS5A:28T+93H	NS5A:28T+93H	AL_1b	L28T+Y93H	NS5A:28T+93H:AL_1b:daclatasvir	category_II	II	2.0	0.0		1.0	0.0	1.0	NS5A:28T+93H:AL_1b	daclatasvir	daclatasvir	drug_resistance	Bristol-Myers Squibb 	NS5A inhibitors	27009831	https://doi.org/10.1111/liv.13128
NS5A	1	93	H	REF_MASTER_NC_004102	NS5A:93H	aminoAcidSimplePolymorphism	NS5A:28V+30R+31M+93H	combination	NS5A:28V+30R+31M+93H	4.0	4.0	phdr_ras:NS5A:28V+30R+31M+93H	NS5A:28V+30R+31M+93H	AL_4r	M/V28V+R30R+L/M31M+Y93H	NS5A:28V+30R+31M+93H:AL_4r:ledipasvir	category_II	II	2.0	0.0		1.0	0.0	1.0	NS5A:28V+30R+31M+93H:AL_4r	ledipasvir	ledipasvir	drug_resistance	Gilead Sciences	NS5A inhibitors	30125371	https://doi.org/10.1002/hep.30225
NS5A	1	93	H	REF_MASTER_NC_004102	NS5A:93H	aminoAcidSimplePolymorphism	NS5A:28V+30R+31M+93H	combination	NS5A:28V+30R+31M+93H	4.0	4.0	phdr_ras:NS5A:28V+30R+31M+93H	NS5A:28V+30R+31M+93H	AL_4r	M/V28V+R30R+L/M31M+Y93H	NS5A:28V+30R+31M+93H:AL_4r:velpatasvir	category_II	II	2.0	0.0		1.0	0.0	1.0	NS5A:28V+30R+31M+93H:AL_4r	velpatasvir	velpatasvir	drug_resistance	Gilead Sciences	NS5A inhibitors	30125371	https://doi.org/10.1002/hep.30225
NS5A	1	93	H	REF_MASTER_NC_004102	NS5A:93H	aminoAcidSimplePolymorphism	NS5A:28V+93H	combination	NS5A:28V+93H	2.0	2.0	phdr_ras:NS5A:28V+93H	NS5A:28V+93H	AL_3a	M28V+Y93H	NS5A:28V+93H:AL_3a:daclatasvir	category_II	II	2.0	1.0	279.0	0.0			NS5A:28V+93H:AL_3a	daclatasvir	daclatasvir	drug_resistance	Bristol-Myers Squibb 	NS5A inhibitors	23384816	https://doi.org/10.1016/j.jcv.2012.12.020
NS5A	1	93	H	REF_MASTER_NC_004102	NS5A:93H	aminoAcidSimplePolymorphism	NS5A:30E+93H	combination	NS5A:30E+93H	2.0	2.0	phdr_ras:NS5A:30E+93H	NS5A:30E+93H	AL_1a	Q30E+Y93H	NS5A:30E+93H:AL_1a:daclatasvir	category_II	II	2.0	1.0	67267.0	0.0			NS5A:30E+93H:AL_1a	daclatasvir	daclatasvir	drug_resistance	Bristol-Myers Squibb 	NS5A inhibitors	22214777	https://doi.org/10.1128/AAC.05977-11
NS5A	1	93	H	REF_MASTER_NC_004102	NS5A:93H	aminoAcidSimplePolymorphism	NS5A:30E+93H	combination	NS5A:30E+93H	2.0	2.0	phdr_ras:NS5A:30E+93H	NS5A:30E+93H	AL_1a	Q30E+Y93H	NS5A:30E+93H:AL_1a:ledipasvir	category_II	II	2.0	0.0		1.0	0.0	1.0	NS5A:30E+93H:AL_1a	ledipasvir	ledipasvir	drug_resistance	Gilead Sciences	NS5A inhibitors	27923693	https://doi.org/10.1016/j.jhep.2016.11.022
NS5A	1	93	H	REF_MASTER_NC_004102	NS5A:93H	aminoAcidSimplePolymorphism	NS5A:30G+93H	combination	NS5A:30G+93H	2.0	2.0	phdr_ras:NS5A:30G+93H	NS5A:30G+93H	AL_3	A30G+Y93H	NS5A:30G+93H:AL_3:elbasvir	category_II	II	2.0	0.0		1.0	0.0	1.0	NS5A:30G+93H:AL_3	elbasvir	elbasvir	drug_resistance	Merck	NS5A inhibitors	28470815	https://doi.org/10.1111/jvh.12719
NS5A	1	93	H	REF_MASTER_NC_004102	NS5A:93H	aminoAcidSimplePolymorphism	NS5A:30H+93H	combination	NS5A:30H+93H	2.0	2.0	phdr_ras:NS5A:30H+93H	NS5A:30H+93H	AL_1a	Q30H+Y93H	NS5A:30H+93H:AL_1a:daclatasvir	category_II	II	2.0	1.0	93136.0	0.0			NS5A:30H+93H:AL_1a	daclatasvir	daclatasvir	drug_resistance	Bristol-Myers Squibb 	NS5A inhibitors	20585111;21809362	https://doi.org/10.1128/AAC.00556-10;https://doi.org/10.1002/hep.24594
NS5A	1	93	H	REF_MASTER_NC_004102	NS5A:93H	aminoAcidSimplePolymorphism	NS5A:30H+93H	combination	NS5A:30H+93H	2.0	2.0	phdr_ras:NS5A:30H+93H	NS5A:30H+93H	AL_1a	Q30H+Y93H	NS5A:30H+93H:AL_1a:elbasvir	category_I	I	1.0	0.0		1.0	1.0	1.0	NS5A:30H+93H:AL_1a	elbasvir	elbasvir	drug_resistance	Merck	NS5A inhibitors	25467560;27720838	https://doi.org/10.1016/S0140-6736(14)61793-1;https://doi.org/10.1053/j.gastro.2016.09.045
NS5A	1	93	H	REF_MASTER_NC_004102	NS5A:93H	aminoAcidSimplePolymorphism	NS5A:30H+93H	combination	NS5A:30H+93H	2.0	2.0	phdr_ras:NS5A:30H+93H	NS5A:30H+93H	AL_1a	Q30H+Y93H	NS5A:30H+93H:AL_1a:ledipasvir	category_I	I	1.0	1.0	34960.9	1.0	1.0	1.0	NS5A:30H+93H:AL_1a	ledipasvir	ledipasvir	drug_resistance	Gilead Sciences	NS5A inhibitors	29091342;27923693	https://doi.org/10.1111/liv.13616;https://doi.org/10.1016/j.jhep.2016.11.022
NS5A	1	93	H	REF_MASTER_NC_004102	NS5A:93H	aminoAcidSimplePolymorphism	NS5A:30H+93H	combination	NS5A:30H+93H	2.0	2.0	phdr_ras:NS5A:30H+93H	NS5A:30H+93H	AL_1a	Q30H+Y93H	NS5A:30H+93H:AL_1a:pibrentasvir	category_II	II	2.0	0.0		1.0	1.0	0.0	NS5A:30H+93H:AL_1a	pibrentasvir	pibrentasvir	drug_resistance	Abbvie	NS5A inhibitors	29152781	https://doi.org/10.1002/hep.29671
NS5A	1	93	H	REF_MASTER_NC_004102	NS5A:93H	aminoAcidSimplePolymorphism	NS5A:30H+93H	combination	NS5A:30H+93H	2.0	2.0	phdr_ras:NS5A:30H+93H	NS5A:30H+93H	AL_1a	Q30H+Y93H	NS5A:30H+93H:AL_1a:velpatasvir	category_I	I	1.0	1.0	2835.0	1.0	1.0	0.0	NS5A:30H+93H:AL_1a	velpatasvir	velpatasvir	drug_resistance	Gilead Sciences	NS5A inhibitors	27353271;26569658	https://doi.org/10.1128/AAC.00763-16;https://doi.org/10.1056/NEJMoa1512614
NS5A	1	93	H	REF_MASTER_NC_004102	NS5A:93H	aminoAcidSimplePolymorphism	NS5A:30H+93H	combination	NS5A:30H+93H	2.0	2.0	phdr_ras:NS5A:30H+93H	NS5A:30H+93H	AL_1b	R30H+Y93H	NS5A:30H+93H:AL_1b:daclatasvir	category_II	II	2.0	0.0		1.0	0.0	1.0	NS5A:30H+93H:AL_1b	daclatasvir	daclatasvir	drug_resistance	Bristol-Myers Squibb 	NS5A inhibitors	27009831;28078469	https://doi.org/10.1111/liv.13128;https://doi.org/10.1007/s00535-016-1303-0
NS5A	1	93	H	REF_MASTER_NC_004102	NS5A:93H	aminoAcidSimplePolymorphism	NS5A:30K+31M+93H	combination	NS5A:30K+31M+93H	3.0	3.0	phdr_ras:NS5A:30K+31M+93H	NS5A:30K+31M+93H	AL_3a	A30K+L31M+Y93H	NS5A:30K+31M+93H:AL_3a:daclatasvir	category_II	II	2.0	1.0	10000.0	0.0			NS5A:30K+31M+93H:AL_3a	daclatasvir	daclatasvir	drug_resistance	Bristol-Myers Squibb 	NS5A inhibitors	29425396	https://doi.org/10.1002/hep.29837
NS5A	1	93	H	REF_MASTER_NC_004102	NS5A:93H	aminoAcidSimplePolymorphism	NS5A:30K+31M+93H	combination	NS5A:30K+31M+93H	3.0	3.0	phdr_ras:NS5A:30K+31M+93H	NS5A:30K+31M+93H	AL_3a	A30K+L31M+Y93H	NS5A:30K+31M+93H:AL_3a:elbasvir	category_II	II	2.0	1.0	100000000.0	0.0			NS5A:30K+31M+93H:AL_3a	elbasvir	elbasvir	drug_resistance	Merck	NS5A inhibitors	29425396	https://doi.org/10.1002/hep.29837
NS5A	1	93	H	REF_MASTER_NC_004102	NS5A:93H	aminoAcidSimplePolymorphism	NS5A:30K+31M+93H	combination	NS5A:30K+31M+93H	3.0	3.0	phdr_ras:NS5A:30K+31M+93H	NS5A:30K+31M+93H	AL_3a	A30K+L31M+Y93H	NS5A:30K+31M+93H:AL_3a:pibrentasvir	category_III	III	3.0	1.0	20.0	0.0			NS5A:30K+31M+93H:AL_3a	pibrentasvir	pibrentasvir	drug_resistance	Abbvie	NS5A inhibitors	29425396	https://doi.org/10.1002/hep.29837
NS5A	1	93	H	REF_MASTER_NC_004102	NS5A:93H	aminoAcidSimplePolymorphism	NS5A:30K+31M+93H	combination	NS5A:30K+31M+93H	3.0	3.0	phdr_ras:NS5A:30K+31M+93H	NS5A:30K+31M+93H	AL_3a	A30K+L31M+Y93H	NS5A:30K+31M+93H:AL_3a:velpatasvir	category_II	II	2.0	1.0	10000.0	0.0			NS5A:30K+31M+93H:AL_3a	velpatasvir	velpatasvir	drug_resistance	Gilead Sciences	NS5A inhibitors	29425396	https://doi.org/10.1002/hep.29837
NS5A	1	93	H	REF_MASTER_NC_004102	NS5A:93H	aminoAcidSimplePolymorphism	NS5A:30K+93H	combination	NS5A:30K+93H	2.0	2.0	phdr_ras:NS5A:30K+93H	NS5A:30K+93H	AL_3	A30K+Y93H	NS5A:30K+93H:AL_3:elbasvir	category_II	II	2.0	0.0		1.0	1.0	0.0	NS5A:30K+93H:AL_3	elbasvir	elbasvir	drug_resistance	Merck	NS5A inhibitors	28470815	https://doi.org/10.1111/jvh.12719
NS5A	1	93	H	REF_MASTER_NC_004102	NS5A:93H	aminoAcidSimplePolymorphism	NS5A:30K+93H	combination	NS5A:30K+93H	2.0	2.0	phdr_ras:NS5A:30K+93H	NS5A:30K+93H	AL_3a	A30K+Y93H	NS5A:30K+93H:AL_3a:daclatasvir	category_I	I	1.0	1.0	10000.0	1.0	0.0	1.0	NS5A:30K+93H:AL_3a	daclatasvir	daclatasvir	drug_resistance	Bristol-Myers Squibb 	NS5A inhibitors	25614962;29425396	https://doi.org/10.1002/hep.27726;https://doi.org/10.1002/hep.29837
NS5A	1	93	H	REF_MASTER_NC_004102	NS5A:93H	aminoAcidSimplePolymorphism	NS5A:30K+93H	combination	NS5A:30K+93H	2.0	2.0	phdr_ras:NS5A:30K+93H	NS5A:30K+93H	AL_3a	A30K+Y93H	NS5A:30K+93H:AL_3a:elbasvir	category_II	II	2.0	1.0	100000000.0	0.0			NS5A:30K+93H:AL_3a	elbasvir	elbasvir	drug_resistance	Merck	NS5A inhibitors	29425396	https://doi.org/10.1002/hep.29837
NS5A	1	93	H	REF_MASTER_NC_004102	NS5A:93H	aminoAcidSimplePolymorphism	NS5A:30K+93H	combination	NS5A:30K+93H	2.0	2.0	phdr_ras:NS5A:30K+93H	NS5A:30K+93H	AL_3a	A30K+Y93H	NS5A:30K+93H:AL_3a:pibrentasvir	category_I	I	1.0	1.0	69.0	1.0	1.0	0.0	NS5A:30K+93H:AL_3a	pibrentasvir	pibrentasvir	drug_resistance	Abbvie	NS5A inhibitors	EASL_2017_FRI_205;29425396	https://doi.org/10.1016/S0168-8278(17)31399-5;https://doi.org/10.1002/hep.29837
NS5A	1	93	H	REF_MASTER_NC_004102	NS5A:93H	aminoAcidSimplePolymorphism	NS5A:30K+93H	combination	NS5A:30K+93H	2.0	2.0	phdr_ras:NS5A:30K+93H	NS5A:30K+93H	AL_3a	A30K+Y93H	NS5A:30K+93H:AL_3a:velpatasvir	category_II	II	2.0	1.0	10000.0	0.0			NS5A:30K+93H:AL_3a	velpatasvir	velpatasvir	drug_resistance	Gilead Sciences	NS5A inhibitors	29425396	https://doi.org/10.1002/hep.29837
NS5A	1	93	H	REF_MASTER_NC_004102	NS5A:93H	aminoAcidSimplePolymorphism	NS5A:30L+31M+93H	combination	NS5A:30L+31M+93H	3.0	3.0	phdr_ras:NS5A:30L+31M+93H	NS5A:30L+31M+93H	AL_1a	Q30L+L31M+Y93H	NS5A:30L+31M+93H:AL_1a:ledipasvir	category_II	II	2.0	0.0		1.0	0.0	1.0	NS5A:30L+31M+93H:AL_1a	ledipasvir	ledipasvir	drug_resistance	Gilead Sciences	NS5A inhibitors	27923693	https://doi.org/10.1016/j.jhep.2016.11.022
NS5A	1	93	H	REF_MASTER_NC_004102	NS5A:93H	aminoAcidSimplePolymorphism	NS5A:30L+93H	combination	NS5A:30L+93H	2.0	2.0	phdr_ras:NS5A:30L+93H	NS5A:30L+93H	AL_1a	Q30L+Y93H	NS5A:30L+93H:AL_1a:elbasvir	category_II	II	2.0	0.0		1.0	1.0	0.0	NS5A:30L+93H:AL_1a	elbasvir	elbasvir	drug_resistance	Merck	NS5A inhibitors	25467591;28193518	https://doi.org/10.1016/S0140-6736(14)61795-5;https://doi.org/10.1053/j.gastro.2017.01.050
NS5A	1	93	H	REF_MASTER_NC_004102	NS5A:93H	aminoAcidSimplePolymorphism	NS5A:30L+93H	combination	NS5A:30L+93H	2.0	2.0	phdr_ras:NS5A:30L+93H	NS5A:30L+93H	AL_1a	Q30L+Y93H	NS5A:30L+93H:AL_1a:ledipasvir	category_I	I	1.0	0.0		1.0	1.0	1.0	NS5A:30L+93H:AL_1a	ledipasvir	ledipasvir	drug_resistance	Gilead Sciences	NS5A inhibitors	27923693	https://doi.org/10.1016/j.jhep.2016.11.022
NS5A	1	93	H	REF_MASTER_NC_004102	NS5A:93H	aminoAcidSimplePolymorphism	NS5A:30L+93H	combination	NS5A:30L+93H	2.0	2.0	phdr_ras:NS5A:30L+93H	NS5A:30L+93H	AL_1a	Q30L+Y93H	NS5A:30L+93H:AL_1a:ombitasvir	category_II	II	2.0	1.0	416.0	0.0			NS5A:30L+93H:AL_1a	ombitasvir	ombitasvir	drug_resistance	Abbvie	NS5A inhibitors	25451055	https://doi.org/10.1128/AAC.04226-14
NS5A	1	93	H	REF_MASTER_NC_004102	NS5A:93H	aminoAcidSimplePolymorphism	NS5A:30Q+31M+93H	combination	NS5A:30Q+31M+93H	3.0	3.0	phdr_ras:NS5A:30Q+31M+93H	NS5A:30Q+31M+93H	AL_1b	R30Q+L31M+Y93H	NS5A:30Q+31M+93H:AL_1b:daclatasvir	category_II	II	2.0	1.0	34000.0	0.0			NS5A:30Q+31M+93H:AL_1b	daclatasvir	daclatasvir	drug_resistance	Bristol-Myers Squibb 	NS5A inhibitors	22850513	https://doi.org/10.1128/AAC.01209-12
NS5A	1	93	H	REF_MASTER_NC_004102	NS5A:93H	aminoAcidSimplePolymorphism	NS5A:30Q+54H+93H	combination	NS5A:30Q+54H+93H	3.0	3.0	phdr_ras:NS5A:30Q+54H+93H	NS5A:30Q+54H+93H	AL_1b	R30Q+H/Q54H+Y93H	NS5A:30Q+54H+93H:AL_1b:ledipasvir	category_II	II	2.0	0.0		1.0	1.0	0.0	NS5A:30Q+54H+93H:AL_1b	ledipasvir	ledipasvir	drug_resistance	Gilead Sciences	NS5A inhibitors	29274188	https://doi.org/10.1111/jvh.12850
NS5A	1	93	H	REF_MASTER_NC_004102	NS5A:93H	aminoAcidSimplePolymorphism	NS5A:30Q+93H	combination	NS5A:30Q+93H	2.0	2.0	phdr_ras:NS5A:30Q+93H	NS5A:30Q+93H	AL_1b	R30Q+Y93H	NS5A:30Q+93H:AL_1b:daclatasvir	category_II	II	2.0	0.0		1.0	0.0	1.0	NS5A:30Q+93H:AL_1b	daclatasvir	daclatasvir	drug_resistance	Bristol-Myers Squibb 	NS5A inhibitors	26878268;24444658	https://doi.org/10.1111/hepr.12673;https://doi.org/10.1016/j.jhep.2013.10.019
NS5A	1	93	H	REF_MASTER_NC_004102	NS5A:93H	aminoAcidSimplePolymorphism	NS5A:30Q+93H	combination	NS5A:30Q+93H	2.0	2.0	phdr_ras:NS5A:30Q+93H	NS5A:30Q+93H	AL_1b	R30Q+Y93H	NS5A:30Q+93H:AL_1b:ombitasvir	category_II	II	2.0	1.0	284.0	0.0			NS5A:30Q+93H:AL_1b	ombitasvir	ombitasvir	drug_resistance	Abbvie	NS5A inhibitors	26643326;25451055	https://doi.org/10.1128/AAC.02606-15;https://doi.org/10.1128/AAC.04226-14
NS5A	1	93	H	REF_MASTER_NC_004102	NS5A:93H	aminoAcidSimplePolymorphism	NS5A:30R+31M+93H	combination	NS5A:30R+31M+93H	3.0	3.0	phdr_ras:NS5A:30R+31M+93H	NS5A:30R+31M+93H															drug_resistance				
NS5A	1	93	H	REF_MASTER_NC_004102	NS5A:93H	aminoAcidSimplePolymorphism	NS5A:30R+93H	combination	NS5A:30R+93H	2.0	2.0	phdr_ras:NS5A:30R+93H	NS5A:30R+93H	AL_1a	Q30R+Y93H	NS5A:30R+93H:AL_1a:daclatasvir	category_I	I	1.0	1.0	56817.0	1.0	0.0	1.0	NS5A:30R+93H:AL_1a	daclatasvir	daclatasvir	drug_resistance	Bristol-Myers Squibb 	NS5A inhibitors	24444658;22214777	https://doi.org/10.1016/j.jhep.2013.10.019;https://doi.org/10.1128/AAC.05977-11
NS5A	1	93	H	REF_MASTER_NC_004102	NS5A:93H	aminoAcidSimplePolymorphism	NS5A:30R+93H	combination	NS5A:30R+93H	2.0	2.0	phdr_ras:NS5A:30R+93H	NS5A:30R+93H	AL_1a	Q30R+Y93H	NS5A:30R+93H:AL_1a:elbasvir	category_II	II	2.0	0.0		1.0	0.0	1.0	NS5A:30R+93H:AL_1a	elbasvir	elbasvir	drug_resistance	Merck	NS5A inhibitors	27720838	https://doi.org/10.1053/j.gastro.2016.09.045
NS5A	1	93	H	REF_MASTER_NC_004102	NS5A:93H	aminoAcidSimplePolymorphism	NS5A:30R+93H	combination	NS5A:30R+93H	2.0	2.0	phdr_ras:NS5A:30R+93H	NS5A:30R+93H	AL_1a	Q30R+Y93H	NS5A:30R+93H:AL_1a:ledipasvir	category_I	I	1.0	1.0	33691.0	1.0	0.0	1.0	NS5A:30R+93H:AL_1a	ledipasvir	ledipasvir	drug_resistance	Gilead Sciences	NS5A inhibitors	27923693	https://doi.org/10.1016/j.jhep.2016.11.022
NS5A	1	93	H	REF_MASTER_NC_004102	NS5A:93H	aminoAcidSimplePolymorphism	NS5A:30R+93H	combination	NS5A:30R+93H	2.0	2.0	phdr_ras:NS5A:30R+93H	NS5A:30R+93H	AL_1a	Q30R+Y93H	NS5A:30R+93H:AL_1a:pibrentasvir	category_II	II	2.0	1.0	260.0	0.0			NS5A:30R+93H:AL_1a	pibrentasvir	pibrentasvir	drug_resistance	Abbvie	NS5A inhibitors	28193664	https://doi.org/10.1128/AAC.02558-16
NS5A	1	93	H	REF_MASTER_NC_004102	NS5A:93H	aminoAcidSimplePolymorphism	NS5A:30R+93H	combination	NS5A:30R+93H	2.0	2.0	phdr_ras:NS5A:30R+93H	NS5A:30R+93H	AL_1a	Q30R+Y93H	NS5A:30R+93H:AL_1a:velpatasvir	category_II	II	2.0	1.0	419.0	0.0			NS5A:30R+93H:AL_1a	velpatasvir	velpatasvir	drug_resistance	Gilead Sciences	NS5A inhibitors	27353271	https://doi.org/10.1128/AAC.00763-16
NS5A	1	93	H	REF_MASTER_NC_004102	NS5A:93H	aminoAcidSimplePolymorphism	NS5A:30R+93H	combination	NS5A:30R+93H	2.0	2.0	phdr_ras:NS5A:30R+93H	NS5A:30R+93H	AL_1b	R30R+Y93H	NS5A:30R+93H:AL_1b:daclatasvir	category_II	II	2.0	0.0		1.0	0.0	1.0	NS5A:30R+93H:AL_1b	daclatasvir	daclatasvir	drug_resistance	Bristol-Myers Squibb 	NS5A inhibitors	24444658	https://doi.org/10.1016/j.jhep.2013.10.019
NS5A	1	93	H	REF_MASTER_NC_004102	NS5A:93H	aminoAcidSimplePolymorphism	NS5A:30S+31I+93H	combination	NS5A:30S+31I+93H	3.0	3.0	phdr_ras:NS5A:30S+31I+93H	NS5A:30S+31I+93H	AL_3	A30S+L31I+Y93H	NS5A:30S+31I+93H:AL_3:elbasvir	category_II	II	2.0	0.0		1.0	0.0	1.0	NS5A:30S+31I+93H:AL_3	elbasvir	elbasvir	drug_resistance	Merck	NS5A inhibitors	28470815	https://doi.org/10.1111/jvh.12719
NS5A	1	93	H	REF_MASTER_NC_004102	NS5A:93H	aminoAcidSimplePolymorphism	NS5A:30T+31M+93H	combination	NS5A:30T+31M+93H	3.0	3.0	phdr_ras:NS5A:30T+31M+93H	NS5A:30T+31M+93H															drug_resistance				
NS5A	1	93	H	REF_MASTER_NC_004102	NS5A:93H	aminoAcidSimplePolymorphism	NS5A:30T+93H	combination	NS5A:30T+93H	2.0	2.0	phdr_ras:NS5A:30T+93H	NS5A:30T+93H	AL_3a	A30T+Y93H	NS5A:30T+93H:AL_3a:daclatasvir	category_II	II	2.0	0.0		1.0	0.0	1.0	NS5A:30T+93H:AL_3a	daclatasvir	daclatasvir	drug_resistance	Bristol-Myers Squibb 	NS5A inhibitors	25614962	https://doi.org/10.1002/hep.27726
NS5A	1	93	H	REF_MASTER_NC_004102	NS5A:93H	aminoAcidSimplePolymorphism	NS5A:30V+93H	combination	NS5A:30V+93H	2.0	2.0	phdr_ras:NS5A:30V+93H	NS5A:30V+93H	AL_3a	A30V+Y93H	NS5A:30V+93H:AL_3a:daclatasvir	category_III	III	3.0	1.0	8.0	0.0			NS5A:30V+93H:AL_3a	daclatasvir	daclatasvir	drug_resistance	Bristol-Myers Squibb 	NS5A inhibitors	23384816	https://doi.org/10.1016/j.jcv.2012.12.020
NS5A	1	93	H	REF_MASTER_NC_004102	NS5A:93H	aminoAcidSimplePolymorphism	NS5A:30Y+93H	combination	NS5A:30Y+93H	2.0	2.0	phdr_ras:NS5A:30Y+93H	NS5A:30Y+93H	AL_1a	Q30Y+Y93H	NS5A:30Y+93H:AL_1a:ledipasvir	category_I	I	1.0	1.0	47335.9	1.0	1.0	1.0	NS5A:30Y+93H:AL_1a	ledipasvir	ledipasvir	drug_resistance	Gilead Sciences	NS5A inhibitors	27923693	https://doi.org/10.1016/j.jhep.2016.11.022
NS5A	1	93	H	REF_MASTER_NC_004102	NS5A:93H	aminoAcidSimplePolymorphism	NS5A:31F+93H	combination	NS5A:31F+93H	2.0	2.0	phdr_ras:NS5A:31F+93H	NS5A:31F+93H	AL_1b	L31F+Y93H	NS5A:31F+93H:AL_1b:daclatasvir	category_I	I	1.0	1.0	5721.0	1.0	0.0	1.0	NS5A:31F+93H:AL_1b	daclatasvir	daclatasvir	drug_resistance	Bristol-Myers Squibb 	NS5A inhibitors	20585111;28078469	https://doi.org/10.1128/AAC.00556-10;https://doi.org/10.1007/s00535-016-1303-0
NS5A	1	93	H	REF_MASTER_NC_004102	NS5A:93H	aminoAcidSimplePolymorphism	NS5A:31F+93H	combination	NS5A:31F+93H	2.0	2.0	phdr_ras:NS5A:31F+93H	NS5A:31F+93H	AL_1b	L31F+Y93H	NS5A:31F+93H:AL_1b:ombitasvir	category_II	II	2.0	1.0	10272.0	0.0			NS5A:31F+93H:AL_1b	ombitasvir	ombitasvir	drug_resistance	Abbvie	NS5A inhibitors	25451055	https://doi.org/10.1128/AAC.04226-14
NS5A	1	93	H	REF_MASTER_NC_004102	NS5A:93H	aminoAcidSimplePolymorphism	NS5A:31F+93H	combination	NS5A:31F+93H	2.0	2.0	phdr_ras:NS5A:31F+93H	NS5A:31F+93H	AL_3a	L31F+Y93H	NS5A:31F+93H:AL_3a:daclatasvir	category_II	II	2.0	1.0	1000.0	0.0			NS5A:31F+93H:AL_3a	daclatasvir	daclatasvir	drug_resistance	Bristol-Myers Squibb 	NS5A inhibitors	29274866	https://doi.org/10.1053/j.gastro.2017.12.015
NS5A	1	93	H	REF_MASTER_NC_004102	NS5A:93H	aminoAcidSimplePolymorphism	NS5A:31F+93H	combination	NS5A:31F+93H	2.0	2.0	phdr_ras:NS5A:31F+93H	NS5A:31F+93H	AL_3a	L31F+Y93H	NS5A:31F+93H:AL_3a:elbasvir	category_II	II	2.0	1.0	1000.0	0.0			NS5A:31F+93H:AL_3a	elbasvir	elbasvir	drug_resistance	Merck	NS5A inhibitors	29274866	https://doi.org/10.1053/j.gastro.2017.12.015
NS5A	1	93	H	REF_MASTER_NC_004102	NS5A:93H	aminoAcidSimplePolymorphism	NS5A:31F+93H	combination	NS5A:31F+93H	2.0	2.0	phdr_ras:NS5A:31F+93H	NS5A:31F+93H	AL_3a	L31F+Y93H	NS5A:31F+93H:AL_3a:velpatasvir	category_II	II	2.0	1.0	999.0	0.0			NS5A:31F+93H:AL_3a	velpatasvir	velpatasvir	drug_resistance	Gilead Sciences	NS5A inhibitors	29274866	https://doi.org/10.1053/j.gastro.2017.12.015
NS5A	1	93	H	REF_MASTER_NC_004102	NS5A:93H	aminoAcidSimplePolymorphism	NS5A:31I+93H	combination	NS5A:31I+93H	2.0	2.0	phdr_ras:NS5A:31I+93H	NS5A:31I+93H	AL_1b	L31I+Y93H	NS5A:31I+93H:AL_1b:daclatasvir	category_I	I	1.0	0.0		1.0	1.0	1.0	NS5A:31I+93H:AL_1b	daclatasvir	daclatasvir	drug_resistance	Bristol-Myers Squibb 	NS5A inhibitors	24448487;28078469	https://doi.org/10.3851/IMP2729;https://doi.org/10.1007/s00535-016-1303-0
NS5A	1	93	H	REF_MASTER_NC_004102	NS5A:93H	aminoAcidSimplePolymorphism	NS5A:31I+93H	combination	NS5A:31I+93H	2.0	2.0	phdr_ras:NS5A:31I+93H	NS5A:31I+93H	AL_1b	L31I+Y93H	NS5A:31I+93H:AL_1b:ledipasvir	category_II	II	2.0	1.0	94862.5	0.0			NS5A:31I+93H:AL_1b	ledipasvir	ledipasvir	drug_resistance	Gilead Sciences	NS5A inhibitors	27923693	https://doi.org/10.1016/j.jhep.2016.11.022
NS5A	1	93	H	REF_MASTER_NC_004102	NS5A:93H	aminoAcidSimplePolymorphism	NS5A:31I+93H	combination	NS5A:31I+93H	2.0	2.0	phdr_ras:NS5A:31I+93H	NS5A:31I+93H	AL_3a	L31I+Y93H	NS5A:31I+93H:AL_3a:pibrentasvir	category_II	II	2.0	0.0		1.0	0.0	1.0	NS5A:31I+93H:AL_3a	pibrentasvir	pibrentasvir	drug_resistance	Abbvie	NS5A inhibitors	28412293	https://doi.org/10.1016/j.jhep.2017.03.039
NS5A	1	93	H	REF_MASTER_NC_004102	NS5A:93H	aminoAcidSimplePolymorphism	NS5A:31M+37M+93H	combination	NS5A:31M+37M+93H	3.0	3.0	phdr_ras:NS5A:31M+37M+93H	NS5A:31M+37M+93H	AL_1a	L31M+V37M+Y93H	NS5A:31M+37M+93H:AL_1a:elbasvir	category_II	II	2.0	0.0		1.0	0.0	1.0	NS5A:31M+37M+93H:AL_1a	elbasvir	elbasvir	drug_resistance	Merck	NS5A inhibitors	25467560	https://doi.org/10.1016/S0140-6736(14)61793-1
NS5A	1	93	H	REF_MASTER_NC_004102	NS5A:93H	aminoAcidSimplePolymorphism	NS5A:31M+54H+93H	combination	NS5A:31M+54H+93H	3.0	3.0	phdr_ras:NS5A:31M+54H+93H	NS5A:31M+54H+93H	AL_1b	L31M+H/Q54H+Y93H	NS5A:31M+54H+93H:AL_1b:ledipasvir	category_II	II	2.0	0.0		1.0	1.0	0.0	NS5A:31M+54H+93H:AL_1b	ledipasvir	ledipasvir	drug_resistance	Gilead Sciences	NS5A inhibitors	29274188	https://doi.org/10.1111/jvh.12850
NS5A	1	93	H	REF_MASTER_NC_004102	NS5A:93H	aminoAcidSimplePolymorphism	NS5A:31M+93H	combination	NS5A:31M+93H	2.0	2.0	phdr_ras:NS5A:31M+93H	NS5A:31M+93H	AL_1a	L31M+Y93H	NS5A:31M+93H:AL_1a:velpatasvir	category_II	II	2.0	0.0		1.0	0.0	1.0	NS5A:31M+93H:AL_1a	velpatasvir	velpatasvir	drug_resistance	Gilead Sciences	NS5A inhibitors	28564569	https://doi.org/10.1056/NEJMoa1613512
NS5A	1	93	H	REF_MASTER_NC_004102	NS5A:93H	aminoAcidSimplePolymorphism	NS5A:31M+93H	combination	NS5A:31M+93H	2.0	2.0	phdr_ras:NS5A:31M+93H	NS5A:31M+93H	AL_1b	L31M+Y93H	NS5A:31M+93H:AL_1b:daclatasvir	category_I	I	1.0	1.0	7105.0	1.0	1.0	1.0	NS5A:31M+93H:AL_1b	daclatasvir	daclatasvir	drug_resistance	Bristol-Myers Squibb 	NS5A inhibitors	24448487;20585111;26878268;27003037;27009831;29274866;28078469;21809362	https://doi.org/10.3851/IMP2729;https://doi.org/10.1128/AAC.00556-10;https://doi.org/10.1111/hepr.12673;https://doi.org/10.1111/jgh.13379;https://doi.org/10.1111/liv.13128;https://doi.org/10.1053/j.gastro.2017.12.015;https://doi.org/10.1007/s00535-016-1303-0;https://doi.org/10.1002/hep.24594
NS5A	1	93	H	REF_MASTER_NC_004102	NS5A:93H	aminoAcidSimplePolymorphism	NS5A:31M+93H	combination	NS5A:31M+93H	2.0	2.0	phdr_ras:NS5A:31M+93H	NS5A:31M+93H	AL_1b	L31M+Y93H	NS5A:31M+93H:AL_1b:elbasvir	category_I	I	1.0	1.0	1000.0	1.0	0.0	1.0	NS5A:31M+93H:AL_1b	elbasvir	elbasvir	drug_resistance	Merck	NS5A inhibitors	29274866;25467560;27873094	https://doi.org/10.1053/j.gastro.2017.12.015;https://doi.org/10.1016/S0140-6736(14)61793-1;https://doi.org/10.1007/s00535-016-1285-y
NS5A	1	93	H	REF_MASTER_NC_004102	NS5A:93H	aminoAcidSimplePolymorphism	NS5A:31M+93H	combination	NS5A:31M+93H	2.0	2.0	phdr_ras:NS5A:31M+93H	NS5A:31M+93H	AL_1b	L31M+Y93H	NS5A:31M+93H:AL_1b:ledipasvir	category_I	I	1.0	1.0	20270.4	1.0	0.0	1.0	NS5A:31M+93H:AL_1b	ledipasvir	ledipasvir	drug_resistance	Gilead Sciences	NS5A inhibitors	29091342;27923693	https://doi.org/10.1111/liv.13616;https://doi.org/10.1016/j.jhep.2016.11.022
NS5A	1	93	H	REF_MASTER_NC_004102	NS5A:93H	aminoAcidSimplePolymorphism	NS5A:31M+93H	combination	NS5A:31M+93H	2.0	2.0	phdr_ras:NS5A:31M+93H	NS5A:31M+93H	AL_1b	L31M+Y93H	NS5A:31M+93H:AL_1b:ombitasvir	category_I	I	1.0	1.0	142.0	1.0	1.0	0.0	NS5A:31M+93H:AL_1b	ombitasvir	ombitasvir	drug_resistance	Abbvie	NS5A inhibitors	26643326	https://doi.org/10.1128/AAC.02606-15
NS5A	1	93	H	REF_MASTER_NC_004102	NS5A:93H	aminoAcidSimplePolymorphism	NS5A:31M+93H	combination	NS5A:31M+93H	2.0	2.0	phdr_ras:NS5A:31M+93H	NS5A:31M+93H	AL_1b	L31M+Y93H	NS5A:31M+93H:AL_1b:velpatasvir	category_I	I	1.0	1.0	539.5	1.0	1.0	0.0	NS5A:31M+93H:AL_1b	velpatasvir	velpatasvir	drug_resistance	Gilead Sciences	NS5A inhibitors	29274866;29221887	https://doi.org/10.1053/j.gastro.2017.12.015;https://doi.org/10.1016/j.jhep.2017.11.032
NS5A	1	93	H	REF_MASTER_NC_004102	NS5A:93H	aminoAcidSimplePolymorphism	NS5A:31V+37L+93H	combination	NS5A:31V+37L+93H	3.0	3.0	phdr_ras:NS5A:31V+37L+93H	NS5A:31V+37L+93H	AL_1b	L31V+F/L37L+Y93H	NS5A:31V+37L+93H:AL_1b:daclatasvir	category_II	II	2.0	0.0		1.0	0.0	1.0	NS5A:31V+37L+93H:AL_1b	daclatasvir	daclatasvir	drug_resistance	Bristol-Myers Squibb 	NS5A inhibitors	28078469	https://doi.org/10.1007/s00535-016-1303-0
NS5A	1	93	H	REF_MASTER_NC_004102	NS5A:93H	aminoAcidSimplePolymorphism	NS5A:31V+54H+58S+93H	combination	NS5A:31V+54H+58S+93H	4.0	4.0	phdr_ras:NS5A:31V+54H+58S+93H	NS5A:31V+54H+58S+93H	AL_1b	L31V+H/Q54H+P58S+Y93H	NS5A:31V+54H+58S+93H:AL_1b:daclatasvir	category_II	II	2.0	0.0		1.0	0.0	1.0	NS5A:31V+54H+58S+93H:AL_1b	daclatasvir	daclatasvir	drug_resistance	Bristol-Myers Squibb 	NS5A inhibitors	28078469	https://doi.org/10.1007/s00535-016-1303-0
NS5A	1	93	H	REF_MASTER_NC_004102	NS5A:93H	aminoAcidSimplePolymorphism	NS5A:31V+54H+93H	combination	NS5A:31V+54H+93H	3.0	3.0	phdr_ras:NS5A:31V+54H+93H	NS5A:31V+54H+93H	AL_1b	L31V+H/Q54H+Y93H	NS5A:31V+54H+93H:AL_1b:daclatasvir	category_I	I	1.0	1.0	19000.0	1.0	0.0	1.0	NS5A:31V+54H+93H:AL_1b	daclatasvir	daclatasvir	drug_resistance	Bristol-Myers Squibb 	NS5A inhibitors	28078469;21809362	https://doi.org/10.1007/s00535-016-1303-0;https://doi.org/10.1002/hep.24594
NS5A	1	93	H	REF_MASTER_NC_004102	NS5A:93H	aminoAcidSimplePolymorphism	NS5A:31V+93H	combination	NS5A:31V+93H	2.0	2.0	phdr_ras:NS5A:31V+93H	NS5A:31V+93H	AL_1a	L31V+Y93H	NS5A:31V+93H:AL_1a:daclatasvir	category_II	II	2.0	1.0	166667.0	0.0			NS5A:31V+93H:AL_1a	daclatasvir	daclatasvir	drug_resistance	Bristol-Myers Squibb 	NS5A inhibitors	20585111	https://doi.org/10.1128/AAC.00556-10
NS5A	1	93	H	REF_MASTER_NC_004102	NS5A:93H	aminoAcidSimplePolymorphism	NS5A:31V+93H	combination	NS5A:31V+93H	2.0	2.0	phdr_ras:NS5A:31V+93H	NS5A:31V+93H	AL_1a	L31V+Y93H	NS5A:31V+93H:AL_1a:elbasvir	category_II	II	2.0	1.0	38857.0	0.0			NS5A:31V+93H:AL_1a	elbasvir	elbasvir	drug_resistance	Merck	NS5A inhibitors	26926625	https://doi.org/10.1128/AAC.00051-16
NS5A	1	93	H	REF_MASTER_NC_004102	NS5A:93H	aminoAcidSimplePolymorphism	NS5A:31V+93H	combination	NS5A:31V+93H	2.0	2.0	phdr_ras:NS5A:31V+93H	NS5A:31V+93H	AL_1a	L31V+Y93H	NS5A:31V+93H:AL_1a:pibrentasvir	category_II	II	2.0	1.0	94.0	0.0			NS5A:31V+93H:AL_1a	pibrentasvir	pibrentasvir	drug_resistance	Abbvie	NS5A inhibitors	28193664	https://doi.org/10.1128/AAC.02558-16
NS5A	1	93	H	REF_MASTER_NC_004102	NS5A:93H	aminoAcidSimplePolymorphism	NS5A:31V+93H	combination	NS5A:31V+93H	2.0	2.0	phdr_ras:NS5A:31V+93H	NS5A:31V+93H	AL_1b	L31V+Y93H	NS5A:31V+93H:AL_1b:daclatasvir	category_I	I	1.0	1.0	14789.0	1.0	1.0	1.0	NS5A:31V+93H:AL_1b	daclatasvir	daclatasvir	drug_resistance	Bristol-Myers Squibb 	NS5A inhibitors	24448487;20585111;27009831;28078469;21809362	https://doi.org/10.3851/IMP2729;https://doi.org/10.1128/AAC.00556-10;https://doi.org/10.1111/liv.13128;https://doi.org/10.1007/s00535-016-1303-0;https://doi.org/10.1002/hep.24594
NS5A	1	93	H	REF_MASTER_NC_004102	NS5A:93H	aminoAcidSimplePolymorphism	NS5A:31V+93H	combination	NS5A:31V+93H	2.0	2.0	phdr_ras:NS5A:31V+93H	NS5A:31V+93H	AL_1b	L31V+Y93H	NS5A:31V+93H:AL_1b:ombitasvir	category_II	II	2.0	1.0	12328.0	0.0			NS5A:31V+93H:AL_1b	ombitasvir	ombitasvir	drug_resistance	Abbvie	NS5A inhibitors	26643326;25451055	https://doi.org/10.1128/AAC.02606-15;https://doi.org/10.1128/AAC.04226-14
NS5A	1	93	H	REF_MASTER_NC_004102	NS5A:93H	aminoAcidSimplePolymorphism	NS5A:31V+93H	combination	NS5A:31V+93H	2.0	2.0	phdr_ras:NS5A:31V+93H	NS5A:31V+93H	AL_4d	M31V+Y93H	NS5A:31V+93H:AL_4d:elbasvir	category_II	II	2.0	0.0		1.0	0.0	1.0	NS5A:31V+93H:AL_4d	elbasvir	elbasvir	drug_resistance	Merck	NS5A inhibitors	28193518	https://doi.org/10.1053/j.gastro.2017.01.050
NS5A	1	93	H	REF_MASTER_NC_004102	NS5A:93H	aminoAcidSimplePolymorphism	NS5A:37L+93H	combination	NS5A:37L+93H	2.0	2.0	phdr_ras:NS5A:37L+93H	NS5A:37L+93H	AL_1b	F/L37L+Y93H	NS5A:37L+93H:AL_1b:daclatasvir	category_III	III	3.0	1.0	19.0	0.0			NS5A:37L+93H:AL_1b	daclatasvir	daclatasvir	drug_resistance	Bristol-Myers Squibb 	NS5A inhibitors	20585111	https://doi.org/10.1128/AAC.00556-10
NS5A	1	93	H	REF_MASTER_NC_004102	NS5A:93H	aminoAcidSimplePolymorphism	NS5A:38F+93H	combination	NS5A:38F+93H	2.0	2.0	phdr_ras:NS5A:38F+93H	NS5A:38F+93H	AL_1a	S38F+Y93H	NS5A:38F+93H:AL_1a:ledipasvir	category_II	II	2.0	0.0		1.0	0.0	1.0	NS5A:38F+93H:AL_1a	ledipasvir	ledipasvir	drug_resistance	Gilead Sciences	NS5A inhibitors	27923693	https://doi.org/10.1016/j.jhep.2016.11.022
NS5A	1	93	H	REF_MASTER_NC_004102	NS5A:93H	aminoAcidSimplePolymorphism	NS5A:54H+58A+62E+93H	combination	NS5A:54H+58A+62E+93H	4.0	4.0	phdr_ras:NS5A:54H+58A+62E+93H	NS5A:54H+58A+62E+93H	AL_1b	H/Q54H+P58A+Q62E+Y93H	NS5A:54H+58A+62E+93H:AL_1b:ledipasvir	category_II	II	2.0	0.0		1.0	1.0	0.0	NS5A:54H+58A+62E+93H:AL_1b	ledipasvir	ledipasvir	drug_resistance	Gilead Sciences	NS5A inhibitors	29274188	https://doi.org/10.1111/jvh.12850
NS5A	1	93	H	REF_MASTER_NC_004102	NS5A:93H	aminoAcidSimplePolymorphism	NS5A:54H+93H	combination	NS5A:54H+93H	2.0	2.0	phdr_ras:NS5A:54H+93H	NS5A:54H+93H	AL_1b	H/Q54H+Y93H	NS5A:54H+93H:AL_1b:daclatasvir	category_III	III	3.0	1.0	10.0	0.0			NS5A:54H+93H:AL_1b	daclatasvir	daclatasvir	drug_resistance	Bristol-Myers Squibb 	NS5A inhibitors	20585111;21809362	https://doi.org/10.1128/AAC.00556-10;https://doi.org/10.1002/hep.24594
NS5A	1	93	H	REF_MASTER_NC_004102	NS5A:93H	aminoAcidSimplePolymorphism	NS5A:58A+93H	combination	NS5A:58A+93H	2.0	2.0	phdr_ras:NS5A:58A+93H	NS5A:58A+93H	AL_1b	P58A+Y93H	NS5A:58A+93H:AL_1b:ombitasvir	category_II	II	2.0	1.0	1226.0	0.0			NS5A:58A+93H:AL_1b	ombitasvir	ombitasvir	drug_resistance	Abbvie	NS5A inhibitors	25451055	https://doi.org/10.1128/AAC.04226-14
NS5A	1	93	H	REF_MASTER_NC_004102	NS5A:93H	aminoAcidSimplePolymorphism	NS5A:58D+93H	combination	NS5A:58D+93H	2.0	2.0	phdr_ras:NS5A:58D+93H	NS5A:58D+93H	AL_1a	H58D+Y93H	NS5A:58D+93H:AL_1a:pibrentasvir	category_II	II	2.0	1.0	2238.0	0.0			NS5A:58D+93H:AL_1a	pibrentasvir	pibrentasvir	drug_resistance	Abbvie	NS5A inhibitors	28193664	https://doi.org/10.1128/AAC.02558-16
NS5A	1	93	H	REF_MASTER_NC_004102	NS5A:93H	aminoAcidSimplePolymorphism	NS5A:58L+93H	combination	NS5A:58L+93H	2.0	2.0	phdr_ras:NS5A:58L+93H	NS5A:58L+93H	AL_1b	P58L+Y93H	NS5A:58L+93H:AL_1b:ombitasvir	category_II	II	2.0	1.0	135.0	0.0			NS5A:58L+93H:AL_1b	ombitasvir	ombitasvir	drug_resistance	Abbvie	NS5A inhibitors	25451055	https://doi.org/10.1128/AAC.04226-14
NS5A	1	93	H	REF_MASTER_NC_004102	NS5A:93H	aminoAcidSimplePolymorphism	NS5A:58S+62T+93H	combination	NS5A:58S+62T+93H	3.0	3.0	phdr_ras:NS5A:58S+62T+93H	NS5A:58S+62T+93H	AL_3	P58S+S/T62T+Y93H	NS5A:58S+62T+93H:AL_3:elbasvir	category_II	II	2.0	0.0		1.0	1.0	0.0	NS5A:58S+62T+93H:AL_3	elbasvir	elbasvir	drug_resistance	Merck	NS5A inhibitors	29473975	https://doi.org/10.1002/hep.29852
NS5A	1	93	H	REF_MASTER_NC_004102	NS5A:93H	aminoAcidSimplePolymorphism	NS5A:58S+93H	combination	NS5A:58S+93H	2.0	2.0	phdr_ras:NS5A:58S+93H	NS5A:58S+93H	AL_1b	P58S+Y93H	NS5A:58S+93H:AL_1b:ombitasvir	category_I	I	1.0	1.0	1401.0	1.0	1.0	0.0	NS5A:58S+93H:AL_1b	ombitasvir	ombitasvir	drug_resistance	Abbvie	NS5A inhibitors	26643326;26170136	https://doi.org/10.1128/AAC.02606-15;https://doi.org/10.1053/j.gastro.2015.07.001
NS5A	1	93	H	REF_MASTER_NC_004102	NS5A:93H	aminoAcidSimplePolymorphism	NS5A:58S+93H	combination	NS5A:58S+93H	2.0	2.0	phdr_ras:NS5A:58S+93H	NS5A:58S+93H	AL_3a	P58S+Y93H	NS5A:58S+93H:AL_3a:daclatasvir	category_II	II	2.0	1.0	3430.0	0.0			NS5A:58S+93H:AL_3a	daclatasvir	daclatasvir	drug_resistance	Bristol-Myers Squibb 	NS5A inhibitors	23384816	https://doi.org/10.1016/j.jcv.2012.12.020
NS5A	1	93	H	REF_MASTER_NC_004102	NS5A:93H	aminoAcidSimplePolymorphism	NS5A:62A+93H	combination	NS5A:62A+93H	2.0	2.0	phdr_ras:NS5A:62A+93H	NS5A:62A+93H	AL_3a	S/T62A+Y93H	NS5A:62A+93H:AL_3a:daclatasvir	category_II	II	2.0	1.0	2783.0	0.0			NS5A:62A+93H:AL_3a	daclatasvir	daclatasvir	drug_resistance	Bristol-Myers Squibb 	NS5A inhibitors	23384816	https://doi.org/10.1016/j.jcv.2012.12.020
NS5A	1	93	H	REF_MASTER_NC_004102	NS5A:93H	aminoAcidSimplePolymorphism	NS5A:62D+93H	combination	NS5A:62D+93H	2.0	2.0	phdr_ras:NS5A:62D+93H	NS5A:62D+93H	AL_2a	N62D+Y93H	NS5A:62D+93H:AL_2a:daclatasvir	category_II	II	2.0	1.0	539.5	0.0			NS5A:62D+93H:AL_2a	daclatasvir	daclatasvir	drug_resistance	Bristol-Myers Squibb 	NS5A inhibitors	29274866	https://doi.org/10.1053/j.gastro.2017.12.015
NS5A	1	93	H	REF_MASTER_NC_004102	NS5A:93H	aminoAcidSimplePolymorphism	NS5A:62D+93H	combination	NS5A:62D+93H	2.0	2.0	phdr_ras:NS5A:62D+93H	NS5A:62D+93H	AL_2a	N62D+Y93H	NS5A:62D+93H:AL_2a:elbasvir	category_III	III	3.0	1.0	41.5	0.0			NS5A:62D+93H:AL_2a	elbasvir	elbasvir	drug_resistance	Merck	NS5A inhibitors	29274866	https://doi.org/10.1053/j.gastro.2017.12.015
NS5A	1	93	H	REF_MASTER_NC_004102	NS5A:93H	aminoAcidSimplePolymorphism	NS5A:62D+93H	combination	NS5A:62D+93H	2.0	2.0	phdr_ras:NS5A:62D+93H	NS5A:62D+93H	AL_2a	N62D+Y93H	NS5A:62D+93H:AL_2a:velpatasvir	category_II	II	2.0	1.0	999.0	0.0			NS5A:62D+93H:AL_2a	velpatasvir	velpatasvir	drug_resistance	Gilead Sciences	NS5A inhibitors	29274866	https://doi.org/10.1053/j.gastro.2017.12.015
NS5A	1	93	H	REF_MASTER_NC_004102	NS5A:93H	aminoAcidSimplePolymorphism	NS5A:62T+93H	combination	NS5A:62T+93H	2.0	2.0	phdr_ras:NS5A:62T+93H	NS5A:62T+93H	AL_3a	S/T62T+Y93H	NS5A:62T+93H:AL_3a:daclatasvir	category_II	II	2.0	1.0	2606.0	0.0			NS5A:62T+93H:AL_3a	daclatasvir	daclatasvir	drug_resistance	Bristol-Myers Squibb 	NS5A inhibitors	23384816	https://doi.org/10.1016/j.jcv.2012.12.020
NS5A	1	93	H	REF_MASTER_NC_004102	NS5A:93H	aminoAcidSimplePolymorphism	NS5A:92A+93H	combination	NS5A:92A+93H	2.0	2.0	phdr_ras:NS5A:92A+93H	NS5A:92A+93H	AL_3a	E92A+Y93H	NS5A:92A+93H:AL_3a:daclatasvir	category_II	II	2.0	1.0	292.0	0.0			NS5A:92A+93H:AL_3a	daclatasvir	daclatasvir	drug_resistance	Bristol-Myers Squibb 	NS5A inhibitors	23384816	https://doi.org/10.1016/j.jcv.2012.12.020
NS5A	1	93	H	REF_MASTER_NC_004102	NS5A:93H	aminoAcidSimplePolymorphism	NS5A:92E+93H	combination	NS5A:92E+93H	2.0	2.0	phdr_ras:NS5A:92E+93H	NS5A:92E+93H	AL_1b	A92E+Y93H	NS5A:92E+93H:AL_1b:ombitasvir	category_II	II	2.0	0.0		1.0	1.0	0.0	NS5A:92E+93H:AL_1b	ombitasvir	ombitasvir	drug_resistance	Abbvie	NS5A inhibitors	26643326	https://doi.org/10.1128/AAC.02606-15
NS5A	1	93	H	REF_MASTER_NC_004102	NS5A:93H	aminoAcidSimplePolymorphism	NS5A:92M+93H	combination	NS5A:92M+93H	2.0	2.0	phdr_ras:NS5A:92M+93H	NS5A:92M+93H	AL_1b	A92M+Y93H	NS5A:92M+93H:AL_1b:ombitasvir	category_II	II	2.0	0.0		1.0	1.0	0.0	NS5A:92M+93H:AL_1b	ombitasvir	ombitasvir	drug_resistance	Abbvie	NS5A inhibitors	26643326	https://doi.org/10.1128/AAC.02606-15
NS5A	1	93	H	REF_MASTER_NC_004102	NS5A:93H	aminoAcidSimplePolymorphism	NS5A:92T+93H	combination	NS5A:92T+93H	2.0	2.0	phdr_ras:NS5A:92T+93H	NS5A:92T+93H	AL_1b	A92T+Y93H	NS5A:92T+93H:AL_1b:ombitasvir	category_II	II	2.0	0.0		1.0	1.0	0.0	NS5A:92T+93H:AL_1b	ombitasvir	ombitasvir	drug_resistance	Abbvie	NS5A inhibitors	26643326	https://doi.org/10.1128/AAC.02606-15
NS5A	1	93	H	REF_MASTER_NC_004102	NS5A:93H	aminoAcidSimplePolymorphism	NS5A:92V+93H	combination	NS5A:92V+93H	2.0	2.0	phdr_ras:NS5A:92V+93H	NS5A:92V+93H	AL_1b	A92V+Y93H	NS5A:92V+93H:AL_1b:ombitasvir	category_II	II	2.0	0.0		1.0	1.0	0.0	NS5A:92V+93H:AL_1b	ombitasvir	ombitasvir	drug_resistance	Abbvie	NS5A inhibitors	26643326	https://doi.org/10.1128/AAC.02606-15
NS5A	1	93	H	REF_MASTER_NC_004102	NS5A:93H	aminoAcidSimplePolymorphism	NS5A:93H	single				phdr_ras:NS5A:93H	NS5A:93H	AL_1a	Y93H	NS5A:93H:AL_1a:daclatasvir	category_I	I	1.0	1.0	5432.0	1.0	0.0	1.0	NS5A:93H:AL_1a	daclatasvir	daclatasvir	drug_resistance	Bristol-Myers Squibb 	NS5A inhibitors	28941023;29274866;20585111;21809362	https://doi.org/10.1111/liv.13596;https://doi.org/10.1053/j.gastro.2017.12.015;https://doi.org/10.1128/AAC.00556-10;https://doi.org/10.1002/hep.24594
NS5A	1	93	H	REF_MASTER_NC_004102	NS5A:93H	aminoAcidSimplePolymorphism	NS5A:93H	single				phdr_ras:NS5A:93H	NS5A:93H	AL_1a	Y93H	NS5A:93H:AL_1a:elbasvir	category_I	I	1.0	1.0	1000.0	1.0	1.0	0.0	NS5A:93H:AL_1a	elbasvir	elbasvir	drug_resistance	Merck	NS5A inhibitors	28576451;29274866;24127258;26303801;26926625	https://doi.org/10.1016/S2468-1253(17)30116-4;https://doi.org/10.1053/j.gastro.2017.12.015;https://doi.org/10.1002/cmdc.201300343;https://doi.org/10.1128/AAC.01390-15;https://doi.org/10.1128/AAC.00051-16
NS5A	1	93	H	REF_MASTER_NC_004102	NS5A:93H	aminoAcidSimplePolymorphism	NS5A:93H	single				phdr_ras:NS5A:93H	NS5A:93H	AL_1a	Y93H	NS5A:93H:AL_1a:ledipasvir	category_I	I	1.0	1.0	1676.7	1.0	1.0	1.0	NS5A:93H:AL_1a	ledipasvir	ledipasvir	drug_resistance	Gilead Sciences	NS5A inhibitors	29146520;27923693	https://doi.org/10.1053/j.gastro.2017.11.007;https://doi.org/10.1016/j.jhep.2016.11.022
NS5A	1	93	H	REF_MASTER_NC_004102	NS5A:93H	aminoAcidSimplePolymorphism	NS5A:93H	single				phdr_ras:NS5A:93H	NS5A:93H	AL_1a	Y93H	NS5A:93H:AL_1a:ombitasvir	category_II	II	2.0	1.0	41383.0	0.0			NS5A:93H:AL_1a	ombitasvir	ombitasvir	drug_resistance	Abbvie	NS5A inhibitors	25451055	https://doi.org/10.1128/AAC.04226-14
NS5A	1	93	H	REF_MASTER_NC_004102	NS5A:93H	aminoAcidSimplePolymorphism	NS5A:93H	single				phdr_ras:NS5A:93H	NS5A:93H	AL_1a	Y93H	NS5A:93H:AL_1a:pibrentasvir	category_I	I	1.0	1.0	6.7	1.0	0.0	1.0	NS5A:93H:AL_1a	pibrentasvir	pibrentasvir	drug_resistance	Abbvie	NS5A inhibitors	28193664;29152781	https://doi.org/10.1128/AAC.02558-16;https://doi.org/10.1002/hep.29671
NS5A	1	93	H	REF_MASTER_NC_004102	NS5A:93H	aminoAcidSimplePolymorphism	NS5A:93H	single				phdr_ras:NS5A:93H	NS5A:93H	AL_1a	Y93H	NS5A:93H:AL_1a:velpatasvir	category_I	I	1.0	1.0	609.1	1.0	0.0	1.0	NS5A:93H:AL_1a	velpatasvir	velpatasvir	drug_resistance	Gilead Sciences	NS5A inhibitors	EASL_2013_Poster_1191;29274866;27353271;29221887;28564569	https://doi.org/10.1016/S0168-8278(13)61192-7;https://doi.org/10.1053/j.gastro.2017.12.015;https://doi.org/10.1128/AAC.00763-16;https://doi.org/10.1016/j.jhep.2017.11.032;https://doi.org/10.1056/NEJMoa1613512
NS5A	1	93	H	REF_MASTER_NC_004102	NS5A:93H	aminoAcidSimplePolymorphism	NS5A:93H	single				phdr_ras:NS5A:93H	NS5A:93H	AL_1b	Y93H	NS5A:93H:AL_1b:daclatasvir	category_I	I	1.0	1.0	539.5	1.0	1.0	1.0	NS5A:93H:AL_1b	daclatasvir	daclatasvir	drug_resistance	Bristol-Myers Squibb 	NS5A inhibitors	26453968;26878268;27003037;27009831;27597318;28941023;29271114;29274866;29599611;29146520;21809362;20410884	https://doi.org/10.1016/j.jhep.2015.09.024;https://doi.org/10.1111/hepr.12673;https://doi.org/10.1111/jgh.13379;https://doi.org/10.1111/liv.13128;https://doi.org/10.1111/jgh.13587;https://doi.org/10.1111/liv.13596;https://doi.org/10.1111/apt.14478;https://doi.org/10.1053/j.gastro.2017.12.015;https://doi.org/10.3748/wjg.v24.i12.1361;https://doi.org/10.1053/j.gastro.2017.11.007;https://doi.org/10.1002/hep.24594;https://doi.org/10.1038/nature08960
NS5A	1	93	H	REF_MASTER_NC_004102	NS5A:93H	aminoAcidSimplePolymorphism	NS5A:93H	single				phdr_ras:NS5A:93H	NS5A:93H	AL_1b	Y93H	NS5A:93H:AL_1b:elbasvir	category_I	I	1.0	1.0	41.5	1.0	1.0	1.0	NS5A:93H:AL_1b	elbasvir	elbasvir	drug_resistance	Merck	NS5A inhibitors	28193518;25467591;29274866;24127258;26303801;26371152;27720838;27873094	https://doi.org/10.1053/j.gastro.2017.01.050;https://doi.org/10.1016/S0140-6736(14)61795-5;https://doi.org/10.1053/j.gastro.2017.12.015;https://doi.org/10.1002/cmdc.201300343;https://doi.org/10.1128/AAC.01390-15;https://doi.org/10.1093/cid/civ722;https://doi.org/10.1053/j.gastro.2016.09.045;https://doi.org/10.1007/s00535-016-1285-y
NS5A	1	93	H	REF_MASTER_NC_004102	NS5A:93H	aminoAcidSimplePolymorphism	NS5A:93H	single				phdr_ras:NS5A:93H	NS5A:93H	AL_1b	Y93H	NS5A:93H:AL_1b:ledipasvir	category_I	I	1.0	1.0	1807.3	1.0	1.0	1.0	NS5A:93H:AL_1b	ledipasvir	ledipasvir	drug_resistance	Gilead Sciences	NS5A inhibitors	29146520;27923693	https://doi.org/10.1053/j.gastro.2017.11.007;https://doi.org/10.1016/j.jhep.2016.11.022
NS5A	1	93	H	REF_MASTER_NC_004102	NS5A:93H	aminoAcidSimplePolymorphism	NS5A:93H	single				phdr_ras:NS5A:93H	NS5A:93H	AL_1b	Y93H	NS5A:93H:AL_1b:ombitasvir	category_I	I	1.0	1.0	77.0	1.0	1.0	1.0	NS5A:93H:AL_1b	ombitasvir	ombitasvir	drug_resistance	Abbvie	NS5A inhibitors	26643326;24720679;25644279;29146520;27670383;29575060;25451055;26170136	https://doi.org/10.1128/AAC.02606-15;https://doi.org/10.1056/NEJMoa1401561;https://doi.org/10.1002/hep.27705;https://doi.org/10.1053/j.gastro.2017.11.007;https://doi.org/10.1016/j.cgh.2016.09.139;https://doi.org/10.1002/jmv.25073;https://doi.org/10.1128/AAC.04226-14;https://doi.org/10.1053/j.gastro.2015.07.001
NS5A	1	93	H	REF_MASTER_NC_004102	NS5A:93H	aminoAcidSimplePolymorphism	NS5A:93H	single				phdr_ras:NS5A:93H	NS5A:93H	AL_1b	Y93H	NS5A:93H:AL_1b:velpatasvir	category_I	I	1.0	1.0	3.3	1.0	1.0	1.0	NS5A:93H:AL_1b	velpatasvir	velpatasvir	drug_resistance	Gilead Sciences	NS5A inhibitors	26569658;27353271	https://doi.org/10.1056/NEJMoa1512614;https://doi.org/10.1128/AAC.00763-16
NS5A	1	93	H	REF_MASTER_NC_004102	NS5A:93H	aminoAcidSimplePolymorphism	NS5A:93H	single				phdr_ras:NS5A:93H	NS5A:93H	AL_1c	H/N/Y93H	NS5A:93H:AL_1c:velpatasvir	category_I	I	1.0	1.0	763.0	1.0	0.0	1.0	NS5A:93H:AL_1c	velpatasvir	velpatasvir	drug_resistance	Gilead Sciences	NS5A inhibitors	29221887	https://doi.org/10.1016/j.jhep.2017.11.032
NS5A	1	93	H	REF_MASTER_NC_004102	NS5A:93H	aminoAcidSimplePolymorphism	NS5A:93H	single				phdr_ras:NS5A:93H	NS5A:93H	AL_1h	Y93H	NS5A:93H:AL_1h:velpatasvir	category_I	I	1.0	1.0	763.0	1.0	0.0	1.0	NS5A:93H:AL_1h	velpatasvir	velpatasvir	drug_resistance	Gilead Sciences	NS5A inhibitors	29221887	https://doi.org/10.1016/j.jhep.2017.11.032
NS5A	1	93	H	REF_MASTER_NC_004102	NS5A:93H	aminoAcidSimplePolymorphism	NS5A:93H	single				phdr_ras:NS5A:93H	NS5A:93H	AL_2a	Y93H	NS5A:93H:AL_2a:daclatasvir	category_II	II	2.0	1.0	1750.0	0.0			NS5A:93H:AL_2a	daclatasvir	daclatasvir	drug_resistance	Bristol-Myers Squibb 	NS5A inhibitors	27605597;29274866;21593143	https://doi.org/10.1093/jac/dkw336;https://doi.org/10.1053/j.gastro.2017.12.015;https://doi.org/10.1128/JVI.00253-11
NS5A	1	93	H	REF_MASTER_NC_004102	NS5A:93H	aminoAcidSimplePolymorphism	NS5A:93H	single				phdr_ras:NS5A:93H	NS5A:93H	AL_2a	Y93H	NS5A:93H:AL_2a:elbasvir	category_III	III	3.0	1.0	41.5	0.0			NS5A:93H:AL_2a	elbasvir	elbasvir	drug_resistance	Merck	NS5A inhibitors	29274866	https://doi.org/10.1053/j.gastro.2017.12.015
NS5A	1	93	H	REF_MASTER_NC_004102	NS5A:93H	aminoAcidSimplePolymorphism	NS5A:93H	single				phdr_ras:NS5A:93H	NS5A:93H	AL_2a	Y93H	NS5A:93H:AL_2a:velpatasvir	category_I	I	1.0	1.0	999.0	1.0	0.0	1.0	NS5A:93H:AL_2a	velpatasvir	velpatasvir	drug_resistance	Gilead Sciences	NS5A inhibitors	29274866;27353271;28564569	https://doi.org/10.1053/j.gastro.2017.12.015;https://doi.org/10.1128/AAC.00763-16;https://doi.org/10.1056/NEJMoa1613512
NS5A	1	93	H	REF_MASTER_NC_004102	NS5A:93H	aminoAcidSimplePolymorphism	NS5A:93H	single				phdr_ras:NS5A:93H	NS5A:93H	AL_2b	Y93H	NS5A:93H:AL_2b:daclatasvir	category_II	II	2.0	1.0	539.5	0.0			NS5A:93H:AL_2b	daclatasvir	daclatasvir	drug_resistance	Bristol-Myers Squibb 	NS5A inhibitors	29274866	https://doi.org/10.1053/j.gastro.2017.12.015
NS5A	1	93	H	REF_MASTER_NC_004102	NS5A:93H	aminoAcidSimplePolymorphism	NS5A:93H	single				phdr_ras:NS5A:93H	NS5A:93H	AL_2b	Y93H	NS5A:93H:AL_2b:elbasvir	category_III	III	3.0	1.0	41.5	0.0			NS5A:93H:AL_2b	elbasvir	elbasvir	drug_resistance	Merck	NS5A inhibitors	29274866	https://doi.org/10.1053/j.gastro.2017.12.015
NS5A	1	93	H	REF_MASTER_NC_004102	NS5A:93H	aminoAcidSimplePolymorphism	NS5A:93H	single				phdr_ras:NS5A:93H	NS5A:93H	AL_2b	Y93H	NS5A:93H:AL_2b:velpatasvir	category_II	II	2.0	1.0	999.0	0.0			NS5A:93H:AL_2b	velpatasvir	velpatasvir	drug_resistance	Gilead Sciences	NS5A inhibitors	29274866	https://doi.org/10.1053/j.gastro.2017.12.015
NS5A	1	93	H	REF_MASTER_NC_004102	NS5A:93H	aminoAcidSimplePolymorphism	NS5A:93H	single				phdr_ras:NS5A:93H	NS5A:93H	AL_2d	Y93H	NS5A:93H:AL_2d:velpatasvir	category_II	II	2.0	0.0		1.0	0.0	1.0	NS5A:93H:AL_2d	velpatasvir	velpatasvir	drug_resistance	Gilead Sciences	NS5A inhibitors	28564569	https://doi.org/10.1056/NEJMoa1613512
NS5A	1	93	H	REF_MASTER_NC_004102	NS5A:93H	aminoAcidSimplePolymorphism	NS5A:93H	single				phdr_ras:NS5A:93H	NS5A:93H	AL_2j	Y93H	NS5A:93H:AL_2j:velpatasvir	category_II	II	2.0	0.0		1.0	0.0	1.0	NS5A:93H:AL_2j	velpatasvir	velpatasvir	drug_resistance	Gilead Sciences	NS5A inhibitors	28564569	https://doi.org/10.1056/NEJMoa1613512
NS5A	1	93	H	REF_MASTER_NC_004102	NS5A:93H	aminoAcidSimplePolymorphism	NS5A:93H	single				phdr_ras:NS5A:93H	NS5A:93H	AL_3	Y93H	NS5A:93H:AL_3:daclatasvir	category_I	I	1.0	0.0		1.0	1.0	1.0	NS5A:93H:AL_3	daclatasvir	daclatasvir	drug_resistance	Bristol-Myers Squibb 	NS5A inhibitors	26822022;28941023;29271114	https://doi.org/10.1002/hep.28473;https://doi.org/10.1111/liv.13596;https://doi.org/10.1111/apt.14478
NS5A	1	93	H	REF_MASTER_NC_004102	NS5A:93H	aminoAcidSimplePolymorphism	NS5A:93H	single				phdr_ras:NS5A:93H	NS5A:93H	AL_3	Y93H	NS5A:93H:AL_3:elbasvir	category_II	II	2.0	0.0		1.0	0.0	1.0	NS5A:93H:AL_3	elbasvir	elbasvir	drug_resistance	Merck	NS5A inhibitors	28470815	https://doi.org/10.1111/jvh.12719
NS5A	1	93	H	REF_MASTER_NC_004102	NS5A:93H	aminoAcidSimplePolymorphism	NS5A:93H	single				phdr_ras:NS5A:93H	NS5A:93H	AL_3	Y93H	NS5A:93H:AL_3:pibrentasvir	category_I	I	1.0	0.0		1.0	1.0	1.0	NS5A:93H:AL_3	pibrentasvir	pibrentasvir	drug_resistance	Abbvie	NS5A inhibitors	EASL_2017_FRI_205	https://doi.org/10.1016/S0168-8278(17)31399-5
NS5A	1	93	H	REF_MASTER_NC_004102	NS5A:93H	aminoAcidSimplePolymorphism	NS5A:93H	single				phdr_ras:NS5A:93H	NS5A:93H	AL_3	Y93H	NS5A:93H:AL_3:velpatasvir	category_II	II	2.0	0.0		1.0	0.0	1.0	NS5A:93H:AL_3	velpatasvir	velpatasvir	drug_resistance	Gilead Sciences	NS5A inhibitors	26569658;26575258	https://doi.org/10.1056/NEJMoa1512614;https://doi.org/10.1056/NEJMoa1512612
NS5A	1	93	H	REF_MASTER_NC_004102	NS5A:93H	aminoAcidSimplePolymorphism	NS5A:93H	single				phdr_ras:NS5A:93H	NS5A:93H	AL_3a	Y93H	NS5A:93H:AL_3a:daclatasvir	category_I	I	1.0	1.0	2745.0	1.0	1.0	1.0	NS5A:93H:AL_3a	daclatasvir	daclatasvir	drug_resistance	Bristol-Myers Squibb 	NS5A inhibitors	23089758;23384816;29274866;26822022	https://doi.org/10.1128/AAC.01874-12;https://doi.org/10.1016/j.jcv.2012.12.020;https://doi.org/10.1053/j.gastro.2017.12.015;https://doi.org/10.1002/hep.28473
NS5A	1	93	H	REF_MASTER_NC_004102	NS5A:93H	aminoAcidSimplePolymorphism	NS5A:93H	single				phdr_ras:NS5A:93H	NS5A:93H	AL_3a	Y93H	NS5A:93H:AL_3a:elbasvir	category_II	II	2.0	1.0	1000.0	0.0			NS5A:93H:AL_3a	elbasvir	elbasvir	drug_resistance	Merck	NS5A inhibitors	29274866;26303801	https://doi.org/10.1053/j.gastro.2017.12.015;https://doi.org/10.1128/AAC.01390-15
NS5A	1	93	H	REF_MASTER_NC_004102	NS5A:93H	aminoAcidSimplePolymorphism	NS5A:93H	single				phdr_ras:NS5A:93H	NS5A:93H	AL_3a	Y93H	NS5A:93H:AL_3a:ombitasvir	category_II	II	2.0	1.0	6728.0	0.0			NS5A:93H:AL_3a	ombitasvir	ombitasvir	drug_resistance	Abbvie	NS5A inhibitors	25451055	https://doi.org/10.1128/AAC.04226-14
NS5A	1	93	H	REF_MASTER_NC_004102	NS5A:93H	aminoAcidSimplePolymorphism	NS5A:93H	single				phdr_ras:NS5A:93H	NS5A:93H	AL_3a	Y93H	NS5A:93H:AL_3a:pibrentasvir	category_I	I	1.0	1.0	2.3	1.0	1.0	1.0	NS5A:93H:AL_3a	pibrentasvir	pibrentasvir	drug_resistance	Abbvie	NS5A inhibitors	28193664;28412293	https://doi.org/10.1128/AAC.02558-16;https://doi.org/10.1016/j.jhep.2017.03.039
NS5A	1	93	H	REF_MASTER_NC_004102	NS5A:93H	aminoAcidSimplePolymorphism	NS5A:93H	single				phdr_ras:NS5A:93H	NS5A:93H	AL_3a	Y93H	NS5A:93H:AL_3a:velpatasvir	category_I	I	1.0	1.0	35154.0	1.0	1.0	1.0	NS5A:93H:AL_3a	velpatasvir	velpatasvir	drug_resistance	Gilead Sciences	NS5A inhibitors	28498551;26569658;EASL_2013_Poster_1191;29274866;27353271;29221887;26575258;28564569	https://doi.org/10.1002/hep.29256;https://doi.org/10.1056/NEJMoa1512614;https://doi.org/10.1016/S0168-8278(13)61192-7;https://doi.org/10.1053/j.gastro.2017.12.015;https://doi.org/10.1128/AAC.00763-16;https://doi.org/10.1016/j.jhep.2017.11.032;https://doi.org/10.1056/NEJMoa1512612;https://doi.org/10.1056/NEJMoa1613512
NS5A	1	93	H	REF_MASTER_NC_004102	NS5A:93H	aminoAcidSimplePolymorphism	NS5A:93H	single				phdr_ras:NS5A:93H	NS5A:93H	AL_4	Y93H	NS5A:93H:AL_4:daclatasvir	category_II	II	2.0	0.0		1.0	0.0	1.0	NS5A:93H:AL_4	daclatasvir	daclatasvir	drug_resistance	Bristol-Myers Squibb 	NS5A inhibitors	28941023;29146520	https://doi.org/10.1111/liv.13596;https://doi.org/10.1053/j.gastro.2017.11.007
NS5A	1	93	H	REF_MASTER_NC_004102	NS5A:93H	aminoAcidSimplePolymorphism	NS5A:93H	single				phdr_ras:NS5A:93H	NS5A:93H	AL_4	Y93H	NS5A:93H:AL_4:elbasvir	category_III	III	3.0	1.0	7.5	0.0			NS5A:93H:AL_4	elbasvir	elbasvir	drug_resistance	Merck	NS5A inhibitors	28416549	https://doi.org/10.1128/AAC.00363-17
NS5A	1	93	H	REF_MASTER_NC_004102	NS5A:93H	aminoAcidSimplePolymorphism	NS5A:93H	single				phdr_ras:NS5A:93H	NS5A:93H	AL_4	Y93H	NS5A:93H:AL_4:ledipasvir	category_II	II	2.0	0.0		1.0	0.0	1.0	NS5A:93H:AL_4	ledipasvir	ledipasvir	drug_resistance	Gilead Sciences	NS5A inhibitors	29146520	https://doi.org/10.1053/j.gastro.2017.11.007
NS5A	1	93	H	REF_MASTER_NC_004102	NS5A:93H	aminoAcidSimplePolymorphism	NS5A:93H	single				phdr_ras:NS5A:93H	NS5A:93H	AL_4	Y93H	NS5A:93H:AL_4:ombitasvir	category_II	II	2.0	1.0	60.0	0.0			NS5A:93H:AL_4	ombitasvir	ombitasvir	drug_resistance	Abbvie	NS5A inhibitors	29146520	https://doi.org/10.1053/j.gastro.2017.11.007
NS5A	1	93	H	REF_MASTER_NC_004102	NS5A:93H	aminoAcidSimplePolymorphism	NS5A:93H	single				phdr_ras:NS5A:93H	NS5A:93H	AL_4a	Y93H	NS5A:93H:AL_4a:daclatasvir	category_II	II	2.0	1.0	505.0	0.0			NS5A:93H:AL_4a	daclatasvir	daclatasvir	drug_resistance	Bristol-Myers Squibb 	NS5A inhibitors	26170396;29274866;22203595	https://doi.org/10.1093/infdis/jiv379;https://doi.org/10.1053/j.gastro.2017.12.015;https://doi.org/10.1128/AAC.06169-11
NS5A	1	93	H	REF_MASTER_NC_004102	NS5A:93H	aminoAcidSimplePolymorphism	NS5A:93H	single				phdr_ras:NS5A:93H	NS5A:93H	AL_4a	Y93H	NS5A:93H:AL_4a:velpatasvir	insignificant	-	4.0	1.0	2.9	0.0			NS5A:93H:AL_4a	velpatasvir	velpatasvir	drug_resistance	Gilead Sciences	NS5A inhibitors	27353271	https://doi.org/10.1128/AAC.00763-16
NS5A	1	93	H	REF_MASTER_NC_004102	NS5A:93H	aminoAcidSimplePolymorphism	NS5A:93H	single				phdr_ras:NS5A:93H	NS5A:93H	AL_4d	Y93H	NS5A:93H:AL_4d:velpatasvir	category_II	II	2.0	0.0		1.0	0.0	1.0	NS5A:93H:AL_4d	velpatasvir	velpatasvir	drug_resistance	Gilead Sciences	NS5A inhibitors	28564569	https://doi.org/10.1056/NEJMoa1613512
NS5A	1	93	H	REF_MASTER_NC_004102	NS5A:93H	aminoAcidSimplePolymorphism	NS5A:93H+99A	combination	NS5A:93H+99A	2.0	1.0	phdr_ras:NS5A:93H+99A	NS5A:93H+99A	AL_3a	Y93H+T99A	NS5A:93H+99A:AL_3a:daclatasvir	category_II	II	2.0	1.0	1000.0	0.0			NS5A:93H+99A:AL_3a	daclatasvir	daclatasvir	drug_resistance	Bristol-Myers Squibb 	NS5A inhibitors	29274866	https://doi.org/10.1053/j.gastro.2017.12.015
NS5A	1	93	H	REF_MASTER_NC_004102	NS5A:93H	aminoAcidSimplePolymorphism	NS5A:93H+99A	combination	NS5A:93H+99A	2.0	1.0	phdr_ras:NS5A:93H+99A	NS5A:93H+99A	AL_3a	Y93H+T99A	NS5A:93H+99A:AL_3a:elbasvir	category_II	II	2.0	1.0	539.5	0.0			NS5A:93H+99A:AL_3a	elbasvir	elbasvir	drug_resistance	Merck	NS5A inhibitors	29274866	https://doi.org/10.1053/j.gastro.2017.12.015
NS5A	1	93	H	REF_MASTER_NC_004102	NS5A:93H	aminoAcidSimplePolymorphism	NS5A:93H+99A	combination	NS5A:93H+99A	2.0	1.0	phdr_ras:NS5A:93H+99A	NS5A:93H+99A	AL_3a	Y93H+T99A	NS5A:93H+99A:AL_3a:velpatasvir	category_II	II	2.0	1.0	539.5	0.0			NS5A:93H+99A:AL_3a	velpatasvir	velpatasvir	drug_resistance	Gilead Sciences	NS5A inhibitors	29274866	https://doi.org/10.1053/j.gastro.2017.12.015
NS5A	1	93	I	REF_MASTER_NC_004102	NS5A:93I	aminoAcidSimplePolymorphism	NS5A:93I	single				phdr_ras:NS5A:93I	NS5A:93I	AL_6a	T93I	NS5A:93I:AL_6a:ombitasvir	category_III	III	3.0	1.0	29.0	0.0			NS5A:93I:AL_6a	ombitasvir	ombitasvir	drug_resistance	Abbvie	NS5A inhibitors	30718256	https://doi.org/10.1128/AAC.02205-18
NS5A	1	93	L	REF_MASTER_NC_004102	NS5A:93L	aminoAcidSimplePolymorphism	NS5A:93L	single				phdr_ras:NS5A:93L	NS5A:93L	AL_1a	Y93L	NS5A:93L:AL_1a:ombitasvir	category_II	II	2.0	0.0		1.0	1.0	0.0	NS5A:93L:AL_1a	ombitasvir	ombitasvir	drug_resistance	Abbvie	NS5A inhibitors	EASL_2016_Abs_LBP503	https://doi.org/10.1016/S0168-8278(16)00180-X
NS5A	1	93	N	REF_MASTER_NC_004102	NS5A:93N	aminoAcidSimplePolymorphism	NS5A:28M+93N	combination	NS5A:28M+93N	2.0	2.0	phdr_ras:NS5A:28M+93N	NS5A:28M+93N	AL_1b	L28M+Y93N	NS5A:28M+93N:AL_1b:daclatasvir	category_II	II	2.0	1.0	1000.0	0.0			NS5A:28M+93N:AL_1b	daclatasvir	daclatasvir	drug_resistance	Bristol-Myers Squibb 	NS5A inhibitors	29274866	https://doi.org/10.1053/j.gastro.2017.12.015
NS5A	1	93	N	REF_MASTER_NC_004102	NS5A:93N	aminoAcidSimplePolymorphism	NS5A:28M+93N	combination	NS5A:28M+93N	2.0	2.0	phdr_ras:NS5A:28M+93N	NS5A:28M+93N	AL_1b	L28M+Y93N	NS5A:28M+93N:AL_1b:elbasvir	category_II	II	2.0	1.0	1000.0	0.0			NS5A:28M+93N:AL_1b	elbasvir	elbasvir	drug_resistance	Merck	NS5A inhibitors	29274866	https://doi.org/10.1053/j.gastro.2017.12.015
NS5A	1	93	N	REF_MASTER_NC_004102	NS5A:93N	aminoAcidSimplePolymorphism	NS5A:28M+93N	combination	NS5A:28M+93N	2.0	2.0	phdr_ras:NS5A:28M+93N	NS5A:28M+93N	AL_1b	L28M+Y93N	NS5A:28M+93N:AL_1b:velpatasvir	category_II	II	2.0	1.0	539.5	0.0			NS5A:28M+93N:AL_1b	velpatasvir	velpatasvir	drug_resistance	Gilead Sciences	NS5A inhibitors	29274866	https://doi.org/10.1053/j.gastro.2017.12.015
NS5A	1	93	N	REF_MASTER_NC_004102	NS5A:93N	aminoAcidSimplePolymorphism	NS5A:30D+93N	combination	NS5A:30D+93N	2.0	2.0	phdr_ras:NS5A:30D+93N	NS5A:30D+93N	AL_1a	Q30D+Y93N	NS5A:30D+93N:AL_1a:elbasvir	category_II	II	2.0	1.0	21600.0	0.0			NS5A:30D+93N:AL_1a	elbasvir	elbasvir	drug_resistance	Merck	NS5A inhibitors	26303801	https://doi.org/10.1128/AAC.01390-15
NS5A	1	93	N	REF_MASTER_NC_004102	NS5A:93N	aminoAcidSimplePolymorphism	NS5A:30E+93N	combination	NS5A:30E+93N	2.0	2.0	phdr_ras:NS5A:30E+93N	NS5A:30E+93N	AL_1b	R30E+Y93N	NS5A:30E+93N:AL_1b:daclatasvir	category_II	II	2.0	0.0		1.0	0.0	1.0	NS5A:30E+93N:AL_1b	daclatasvir	daclatasvir	drug_resistance	Bristol-Myers Squibb 	NS5A inhibitors	28078469	https://doi.org/10.1007/s00535-016-1303-0
NS5A	1	93	N	REF_MASTER_NC_004102	NS5A:93N	aminoAcidSimplePolymorphism	NS5A:30R+93N	combination	NS5A:30R+93N	2.0	2.0	phdr_ras:NS5A:30R+93N	NS5A:30R+93N	AL_1a	Q30R+Y93N	NS5A:30R+93N:AL_1a:pibrentasvir	category_II	II	2.0	1.0	131.0	0.0			NS5A:30R+93N:AL_1a	pibrentasvir	pibrentasvir	drug_resistance	Abbvie	NS5A inhibitors	EASL_2017_FRI_205	https://doi.org/10.1016/S0168-8278(17)31399-5
NS5A	1	93	N	REF_MASTER_NC_004102	NS5A:93N	aminoAcidSimplePolymorphism	NS5A:31V+93N	combination	NS5A:31V+93N	2.0	2.0	phdr_ras:NS5A:31V+93N	NS5A:31V+93N	AL_1a	L31V+Y93N	NS5A:31V+93N:AL_1a:elbasvir	category_I	I	1.0	1.0	53571.0	1.0	1.0	0.0	NS5A:31V+93N:AL_1a	elbasvir	elbasvir	drug_resistance	Merck	NS5A inhibitors	25467591;26926625;28193518	https://doi.org/10.1016/S0140-6736(14)61795-5;https://doi.org/10.1128/AAC.00051-16;https://doi.org/10.1053/j.gastro.2017.01.050
NS5A	1	93	N	REF_MASTER_NC_004102	NS5A:93N	aminoAcidSimplePolymorphism	NS5A:58Q+93N	combination	NS5A:58Q+93N	2.0	2.0	phdr_ras:NS5A:58Q+93N	NS5A:58Q+93N	AL_1b	P58Q+Y93N	NS5A:58Q+93N:AL_1b:daclatasvir	category_II	II	2.0	0.0		1.0	0.0	1.0	NS5A:58Q+93N:AL_1b	daclatasvir	daclatasvir	drug_resistance	Bristol-Myers Squibb 	NS5A inhibitors	28078469	https://doi.org/10.1007/s00535-016-1303-0
NS5A	1	93	N	REF_MASTER_NC_004102	NS5A:93N	aminoAcidSimplePolymorphism	NS5A:93N	single				phdr_ras:NS5A:93N	NS5A:93N	AL_1a	Y93N	NS5A:93N:AL_1a:daclatasvir	category_I	I	1.0	1.0	47477.0	1.0	1.0	1.0	NS5A:93N:AL_1a	daclatasvir	daclatasvir	drug_resistance	Bristol-Myers Squibb 	NS5A inhibitors	26196502;28941023;29274866;20585111;24444658;27025835;21809362;22256805	https://doi.org/10.1056/NEJMoa1503153;https://doi.org/10.1111/liv.13596;https://doi.org/10.1053/j.gastro.2017.12.015;https://doi.org/10.1128/AAC.00556-10;https://doi.org/10.1016/j.jhep.2013.10.019;https://doi.org/10.1093/cid/ciw163;https://doi.org/10.1002/hep.24594;https://doi.org/10.1056/NEJMoa1104430
NS5A	1	93	N	REF_MASTER_NC_004102	NS5A:93N	aminoAcidSimplePolymorphism	NS5A:93N	single				phdr_ras:NS5A:93N	NS5A:93N	AL_1a	Y93N	NS5A:93N:AL_1a:elbasvir	category_I	I	1.0	1.0	1464.5	1.0	1.0	1.0	NS5A:93N:AL_1a	elbasvir	elbasvir	drug_resistance	Merck	NS5A inhibitors	28193518;28576451;29274866;26303801;25467560;26926625;27773808;27720838	https://doi.org/10.1053/j.gastro.2017.01.050;https://doi.org/10.1016/S2468-1253(17)30116-4;https://doi.org/10.1053/j.gastro.2017.12.015;https://doi.org/10.1128/AAC.01390-15;https://doi.org/10.1016/S0140-6736(14)61793-1;https://doi.org/10.1128/AAC.00051-16;https://doi.org/10.1053/j.gastro.2016.10.017;https://doi.org/10.1053/j.gastro.2016.09.045
NS5A	1	93	N	REF_MASTER_NC_004102	NS5A:93N	aminoAcidSimplePolymorphism	NS5A:93N	single				phdr_ras:NS5A:93N	NS5A:93N	AL_1a	Y93N	NS5A:93N:AL_1a:ledipasvir	category_I	I	1.0	1.0	6677.4	1.0	1.0	1.0	NS5A:93N:AL_1a	ledipasvir	ledipasvir	drug_resistance	Gilead Sciences	NS5A inhibitors	27923693	https://doi.org/10.1016/j.jhep.2016.11.022
NS5A	1	93	N	REF_MASTER_NC_004102	NS5A:93N	aminoAcidSimplePolymorphism	NS5A:93N	single				phdr_ras:NS5A:93N	NS5A:93N	AL_1a	Y93N	NS5A:93N:AL_1a:ombitasvir	category_I	I	1.0	1.0	66740.0	1.0	1.0	0.0	NS5A:93N:AL_1a	ombitasvir	ombitasvir	drug_resistance	Abbvie	NS5A inhibitors	EASL_2016_Abs_LBP503;25451055;26100711	https://doi.org/10.1016/S0168-8278(16)00180-X;https://doi.org/10.1128/AAC.04226-14;https://doi.org/10.1128/AAC.00998-15
NS5A	1	93	N	REF_MASTER_NC_004102	NS5A:93N	aminoAcidSimplePolymorphism	NS5A:93N	single				phdr_ras:NS5A:93N	NS5A:93N	AL_1a	Y93N	NS5A:93N:AL_1a:pibrentasvir	category_I	I	1.0	1.0	7.1	1.0	1.0	0.0	NS5A:93N:AL_1a	pibrentasvir	pibrentasvir	drug_resistance	Abbvie	NS5A inhibitors	28193664;EASL_2017_FRI_205	https://doi.org/10.1128/AAC.02558-16;https://doi.org/10.1016/S0168-8278(17)31399-5
NS5A	1	93	N	REF_MASTER_NC_004102	NS5A:93N	aminoAcidSimplePolymorphism	NS5A:93N	single				phdr_ras:NS5A:93N	NS5A:93N	AL_1a	Y93N	NS5A:93N:AL_1a:velpatasvir	category_I	I	1.0	1.0	2758.0	1.0	1.0	1.0	NS5A:93N:AL_1a	velpatasvir	velpatasvir	drug_resistance	Gilead Sciences	NS5A inhibitors	29274866;27353271;29221887;28564569;26569658	https://doi.org/10.1053/j.gastro.2017.12.015;https://doi.org/10.1128/AAC.00763-16;https://doi.org/10.1016/j.jhep.2017.11.032;https://doi.org/10.1056/NEJMoa1613512;https://doi.org/10.1056/NEJMoa1512614
NS5A	1	93	N	REF_MASTER_NC_004102	NS5A:93N	aminoAcidSimplePolymorphism	NS5A:93N	single				phdr_ras:NS5A:93N	NS5A:93N	AL_1b	Y93N	NS5A:93N:AL_1b:daclatasvir	category_I	I	1.0	1.0	539.5	1.0	0.0	1.0	NS5A:93N:AL_1b	daclatasvir	daclatasvir	drug_resistance	Bristol-Myers Squibb 	NS5A inhibitors	28941023;29274866;24444658;20585111	https://doi.org/10.1111/liv.13596;https://doi.org/10.1053/j.gastro.2017.12.015;https://doi.org/10.1016/j.jhep.2013.10.019;https://doi.org/10.1128/AAC.00556-10
NS5A	1	93	N	REF_MASTER_NC_004102	NS5A:93N	aminoAcidSimplePolymorphism	NS5A:93N	single				phdr_ras:NS5A:93N	NS5A:93N	AL_1b	Y93N	NS5A:93N:AL_1b:elbasvir	category_III	III	3.0	1.0	41.5	0.0			NS5A:93N:AL_1b	elbasvir	elbasvir	drug_resistance	Merck	NS5A inhibitors	29274866	https://doi.org/10.1053/j.gastro.2017.12.015
NS5A	1	93	N	REF_MASTER_NC_004102	NS5A:93N	aminoAcidSimplePolymorphism	NS5A:93N	single				phdr_ras:NS5A:93N	NS5A:93N	AL_1b	Y93N	NS5A:93N:AL_1b:ledipasvir	category_II	II	2.0	1.0	110.4	0.0			NS5A:93N:AL_1b	ledipasvir	ledipasvir	drug_resistance	Gilead Sciences	NS5A inhibitors	27923693	https://doi.org/10.1016/j.jhep.2016.11.022
NS5A	1	93	N	REF_MASTER_NC_004102	NS5A:93N	aminoAcidSimplePolymorphism	NS5A:93N	single				phdr_ras:NS5A:93N	NS5A:93N	AL_1b	Y93N	NS5A:93N:AL_1b:velpatasvir	category_III	III	3.0	1.0	41.5	0.0			NS5A:93N:AL_1b	velpatasvir	velpatasvir	drug_resistance	Gilead Sciences	NS5A inhibitors	29274866;27353271	https://doi.org/10.1053/j.gastro.2017.12.015;https://doi.org/10.1128/AAC.00763-16
NS5A	1	93	N	REF_MASTER_NC_004102	NS5A:93N	aminoAcidSimplePolymorphism	NS5A:93N	single				phdr_ras:NS5A:93N	NS5A:93N	AL_2a	Y93N	NS5A:93N:AL_2a:daclatasvir	category_III	III	3.0	1.0	41.5	0.0			NS5A:93N:AL_2a	daclatasvir	daclatasvir	drug_resistance	Bristol-Myers Squibb 	NS5A inhibitors	29274866	https://doi.org/10.1053/j.gastro.2017.12.015
NS5A	1	93	N	REF_MASTER_NC_004102	NS5A:93N	aminoAcidSimplePolymorphism	NS5A:93N	single				phdr_ras:NS5A:93N	NS5A:93N	AL_4a	Y93N	NS5A:93N:AL_4a:velpatasvir	category_III	III	3.0	1.0	12.7	0.0			NS5A:93N:AL_4a	velpatasvir	velpatasvir	drug_resistance	Gilead Sciences	NS5A inhibitors	27353271	https://doi.org/10.1128/AAC.00763-16
NS5A	1	93	R	REF_MASTER_NC_004102	NS5A:93R	aminoAcidSimplePolymorphism	NS5A:30I+93R	combination	NS5A:30I+93R	2.0	2.0	phdr_ras:NS5A:30I+93R	NS5A:30I+93R	AL_4a	L30I+Y93R	NS5A:30I+93R:AL_4a:daclatasvir	category_II	II	2.0	1.0	9100.0	0.0			NS5A:30I+93R:AL_4a	daclatasvir	daclatasvir	drug_resistance	Bristol-Myers Squibb 	NS5A inhibitors	22203595	https://doi.org/10.1128/AAC.06169-11
NS5A	1	93	R	REF_MASTER_NC_004102	NS5A:93R	aminoAcidSimplePolymorphism	NS5A:93R	single				phdr_ras:NS5A:93R	NS5A:93R	AL_1a	Y93R	NS5A:93R:AL_1a:velpatasvir	category_II	II	2.0	1.0	497.2	0.0			NS5A:93R:AL_1a	velpatasvir	velpatasvir	drug_resistance	Gilead Sciences	NS5A inhibitors	27353271	https://doi.org/10.1128/AAC.00763-16
NS5A	1	93	R	REF_MASTER_NC_004102	NS5A:93R	aminoAcidSimplePolymorphism	NS5A:93R	single				phdr_ras:NS5A:93R	NS5A:93R	AL_4a	Y93R	NS5A:93R:AL_4a:daclatasvir	category_II	II	2.0	1.0	454.0	0.0			NS5A:93R:AL_4a	daclatasvir	daclatasvir	drug_resistance	Bristol-Myers Squibb 	NS5A inhibitors	22203595	https://doi.org/10.1128/AAC.06169-11
NS5A	1	93	S	REF_MASTER_NC_004102	NS5A:93S	aminoAcidSimplePolymorphism	NS5A:28T+93S	combination	NS5A:28T+93S	2.0	2.0	phdr_ras:NS5A:28T+93S	NS5A:28T+93S	AL_1a	M28T+Y93S	NS5A:28T+93S:AL_1a:elbasvir	category_II	II	2.0	0.0		1.0	0.0	1.0	NS5A:28T+93S:AL_1a	elbasvir	elbasvir	drug_resistance	Merck	NS5A inhibitors	27720838	https://doi.org/10.1053/j.gastro.2016.09.045
NS5A	1	93	S	REF_MASTER_NC_004102	NS5A:93S	aminoAcidSimplePolymorphism	NS5A:28V+30S+93S	combination	NS5A:28V+30S+93S	3.0	3.0	phdr_ras:NS5A:28V+30S+93S	NS5A:28V+30S+93S	AL_6a	F/L28V+R30S+T93S	NS5A:28V+30S+93S:AL_6a:ombitasvir	category_II	II	2.0	1.0	174.0	0.0			NS5A:28V+30S+93S:AL_6a	ombitasvir	ombitasvir	drug_resistance	Abbvie	NS5A inhibitors	30718256	https://doi.org/10.1128/AAC.02205-18
NS5A	1	93	S	REF_MASTER_NC_004102	NS5A:93S	aminoAcidSimplePolymorphism	NS5A:30L+93S	combination	NS5A:30L+93S	2.0	2.0	phdr_ras:NS5A:30L+93S	NS5A:30L+93S	AL_1a	Q30L+Y93S	NS5A:30L+93S:AL_1a:ombitasvir	category_II	II	2.0	1.0	218.0	0.0			NS5A:30L+93S:AL_1a	ombitasvir	ombitasvir	drug_resistance	Abbvie	NS5A inhibitors	25451055	https://doi.org/10.1128/AAC.04226-14
NS5A	1	93	S	REF_MASTER_NC_004102	NS5A:93S	aminoAcidSimplePolymorphism	NS5A:93S	single				phdr_ras:NS5A:93S	NS5A:93S	AL_1a	Y93S	NS5A:93S:AL_1a:elbasvir	category_II	II	2.0	0.0		1.0	1.0	0.0	NS5A:93S:AL_1a	elbasvir	elbasvir	drug_resistance	Merck	NS5A inhibitors	27773808	https://doi.org/10.1053/j.gastro.2016.10.017
NS5A	1	93	S	REF_MASTER_NC_004102	NS5A:93S	aminoAcidSimplePolymorphism	NS5A:93S	single				phdr_ras:NS5A:93S	NS5A:93S	AL_1a	Y93S	NS5A:93S:AL_1a:ledipasvir	category_II	II	2.0	1.0	1626.1	0.0			NS5A:93S:AL_1a	ledipasvir	ledipasvir	drug_resistance	Gilead Sciences	NS5A inhibitors	27923693	https://doi.org/10.1016/j.jhep.2016.11.022
NS5A	1	93	S	REF_MASTER_NC_004102	NS5A:93S	aminoAcidSimplePolymorphism	NS5A:93S	single				phdr_ras:NS5A:93S	NS5A:93S	AL_1a	Y93S	NS5A:93S:AL_1a:ombitasvir	category_II	II	2.0	1.0	1013.0	0.0			NS5A:93S:AL_1a	ombitasvir	ombitasvir	drug_resistance	Abbvie	NS5A inhibitors	25451055	https://doi.org/10.1128/AAC.04226-14
NS5A	1	93	S	REF_MASTER_NC_004102	NS5A:93S	aminoAcidSimplePolymorphism	NS5A:93S	single				phdr_ras:NS5A:93S	NS5A:93S	AL_1a	Y93S	NS5A:93S:AL_1a:velpatasvir	category_II	II	2.0	1.0	63.9	0.0			NS5A:93S:AL_1a	velpatasvir	velpatasvir	drug_resistance	Gilead Sciences	NS5A inhibitors	27353271	https://doi.org/10.1128/AAC.00763-16
NS5A	1	93	S	REF_MASTER_NC_004102	NS5A:93S	aminoAcidSimplePolymorphism	NS5A:93S	single				phdr_ras:NS5A:93S	NS5A:93S	AL_1b	Y93S	NS5A:93S:AL_1b:ledipasvir	category_II	II	2.0	1.0	141.6	0.0			NS5A:93S:AL_1b	ledipasvir	ledipasvir	drug_resistance	Gilead Sciences	NS5A inhibitors	27923693	https://doi.org/10.1016/j.jhep.2016.11.022
NS5A	1	93	S	REF_MASTER_NC_004102	NS5A:93S	aminoAcidSimplePolymorphism	NS5A:93S	single				phdr_ras:NS5A:93S	NS5A:93S	AL_1b	Y93S	NS5A:93S:AL_1b:ombitasvir	category_III	III	3.0	1.0	12.0	0.0			NS5A:93S:AL_1b	ombitasvir	ombitasvir	drug_resistance	Abbvie	NS5A inhibitors	26643326	https://doi.org/10.1128/AAC.02606-15
NS5A	1	93	S	REF_MASTER_NC_004102	NS5A:93S	aminoAcidSimplePolymorphism	NS5A:93S	single				phdr_ras:NS5A:93S	NS5A:93S	AL_4a	Y93S	NS5A:93S:AL_4a:daclatasvir	category_II	II	2.0	1.0	505.0	0.0			NS5A:93S:AL_4a	daclatasvir	daclatasvir	drug_resistance	Bristol-Myers Squibb 	NS5A inhibitors	26170396	https://doi.org/10.1093/infdis/jiv379
NS5A	1	93	S	REF_MASTER_NC_004102	NS5A:93S	aminoAcidSimplePolymorphism	NS5A:93S	single				phdr_ras:NS5A:93S	NS5A:93S	AL_6a	T93S	NS5A:93S:AL_6a:ombitasvir	category_III	III	3.0	1.0	46.0	0.0			NS5A:93S:AL_6a	ombitasvir	ombitasvir	drug_resistance	Abbvie	NS5A inhibitors	30718256	https://doi.org/10.1128/AAC.02205-18
NS5A	1	93	W	REF_MASTER_NC_004102	NS5A:93W	aminoAcidSimplePolymorphism	NS5A:93W	single				phdr_ras:NS5A:93W	NS5A:93W	AL_1a	Y93W	NS5A:93W:AL_1a:velpatasvir	category_II	II	2.0	1.0	998.9	0.0			NS5A:93W:AL_1a	velpatasvir	velpatasvir	drug_resistance	Gilead Sciences	NS5A inhibitors	27353271	https://doi.org/10.1128/AAC.00763-16
NS5A	1	93	W	REF_MASTER_NC_004102	NS5A:93W	aminoAcidSimplePolymorphism	NS5A:93W	single				phdr_ras:NS5A:93W	NS5A:93W	AL_4a	Y93W	NS5A:93W:AL_4a:daclatasvir	category_II	II	2.0	1.0	1000.0	0.0			NS5A:93W:AL_4a	daclatasvir	daclatasvir	drug_resistance	Bristol-Myers Squibb 	NS5A inhibitors	26170396	https://doi.org/10.1093/infdis/jiv379
NS5A	1	99	A	REF_MASTER_NC_004102	NS5A:99A	aminoAcidSimplePolymorphism	NS5A:93H+99A	combination	NS5A:93H+99A	2.0	2.0	phdr_ras:NS5A:93H+99A	NS5A:93H+99A	AL_3a	Y93H+T99A	NS5A:93H+99A:AL_3a:daclatasvir	category_II	II	2.0	1.0	1000.0	0.0			NS5A:93H+99A:AL_3a	daclatasvir	daclatasvir	drug_resistance	Bristol-Myers Squibb 	NS5A inhibitors	29274866	https://doi.org/10.1053/j.gastro.2017.12.015
NS5A	1	99	A	REF_MASTER_NC_004102	NS5A:99A	aminoAcidSimplePolymorphism	NS5A:93H+99A	combination	NS5A:93H+99A	2.0	2.0	phdr_ras:NS5A:93H+99A	NS5A:93H+99A	AL_3a	Y93H+T99A	NS5A:93H+99A:AL_3a:elbasvir	category_II	II	2.0	1.0	539.5	0.0			NS5A:93H+99A:AL_3a	elbasvir	elbasvir	drug_resistance	Merck	NS5A inhibitors	29274866	https://doi.org/10.1053/j.gastro.2017.12.015
NS5A	1	99	A	REF_MASTER_NC_004102	NS5A:99A	aminoAcidSimplePolymorphism	NS5A:93H+99A	combination	NS5A:93H+99A	2.0	2.0	phdr_ras:NS5A:93H+99A	NS5A:93H+99A	AL_3a	Y93H+T99A	NS5A:93H+99A:AL_3a:velpatasvir	category_II	II	2.0	1.0	539.5	0.0			NS5A:93H+99A:AL_3a	velpatasvir	velpatasvir	drug_resistance	Gilead Sciences	NS5A inhibitors	29274866	https://doi.org/10.1053/j.gastro.2017.12.015
NS5A	1	99	A	REF_MASTER_NC_004102	NS5A:99A	aminoAcidSimplePolymorphism	NS5A:99A	single				phdr_ras:NS5A:99A	NS5A:99A															drug_resistance				
NS5B	1	100	R	REF_MASTER_NC_004102	NS5B:100R	aminoAcidSimplePolymorphism	NS5B:100R	single				phdr_ras:NS5B:100R	NS5B:100R	AL_3a	K100R	NS5B:100R:AL_3a:sofosbuvir	insignificant	-	4.0	1.0	2.0	0.0			NS5B:100R:AL_3a	sofosbuvir	sofosbuvir	drug_resistance	Gilead Sciences	NS5B RNA polymerase inhibitors	31078622	https://doi.org/10.1053/j.gastro.2019.05.007
NS5B	1	100	R	REF_MASTER_NC_004102	NS5B:100R	aminoAcidSimplePolymorphism	NS5B:100R+188D	combination	NS5B:100R+188D	2.0	1.0	phdr_ras:NS5B:100R+188D	NS5B:100R+188D	AL_3a	K100R+G188D	NS5B:100R+188D:AL_3a:sofosbuvir	category_III	III	3.0	1.0	31.8	0.0			NS5B:100R+188D:AL_3a	sofosbuvir	sofosbuvir	drug_resistance	Gilead Sciences	NS5B RNA polymerase inhibitors	31078622	https://doi.org/10.1053/j.gastro.2019.05.007
NS5B	1	150	V	REF_MASTER_NC_004102	NS5B:150V	aminoAcidSimplePolymorphism	NS5B:150V	single				phdr_ras:NS5B:150V	NS5B:150V	AL_3a	A/T/V150V	NS5B:150V:AL_3a:sofosbuvir	category_I	I	1.0	1.0	7.8	1.0	1.0	0.0	NS5B:150V:AL_3a	sofosbuvir	sofosbuvir	drug_resistance	Gilead Sciences	NS5B RNA polymerase inhibitors	31078622	https://doi.org/10.1053/j.gastro.2019.05.007
NS5B	1	150	V	REF_MASTER_NC_004102	NS5B:150V	aminoAcidSimplePolymorphism	NS5B:150V+206E	combination	NS5B:150V+206E	2.0	1.0	phdr_ras:NS5B:150V+206E	NS5B:150V+206E	AL_3a	A/T/V150V+E/K206E	NS5B:150V+206E:AL_3a:sofosbuvir	category_III	III	3.0	1.0	35.8	0.0			NS5B:150V+206E:AL_3a	sofosbuvir	sofosbuvir	drug_resistance	Gilead Sciences	NS5B RNA polymerase inhibitors	31078622	https://doi.org/10.1053/j.gastro.2019.05.007
NS5B	1	159	F	REF_MASTER_NC_004102	NS5B:159F	aminoAcidSimplePolymorphism	NS5B:159F	single				phdr_ras:NS5B:159F	NS5B:159F	AL_1	L159F	NS5B:159F:AL_1:sofosbuvir	category_II	II	2.0	0.0		1.0	0.0	1.0	NS5B:159F:AL_1	sofosbuvir	sofosbuvir	drug_resistance	Gilead Sciences	NS5B RNA polymerase inhibitors	26196665;25659285	https://doi.org/10.1056/NEJMoa1501315;https://doi.org/10.1016/S0140-6736(14)62483-1
NS5B	1	159	F	REF_MASTER_NC_004102	NS5B:159F	aminoAcidSimplePolymorphism	NS5B:159F	single				phdr_ras:NS5B:159F	NS5B:159F	AL_1a	L159F	NS5B:159F:AL_1a:sofosbuvir	category_II	II	2.0	0.0		1.0	0.0	1.0	NS5B:159F:AL_1a	sofosbuvir	sofosbuvir	drug_resistance	Gilead Sciences	NS5B RNA polymerase inhibitors	26196502;26603202	https://doi.org/10.1056/NEJMoa1503153;https://doi.org/10.1093/infdis/jiv564
NS5B	1	159	F	REF_MASTER_NC_004102	NS5B:159F	aminoAcidSimplePolymorphism	NS5B:159F	single				phdr_ras:NS5B:159F	NS5B:159F	AL_1b	F/L159F	NS5B:159F:AL_1b:dasabuvir	category_III	III	3.0	1.0	11.0	0.0			NS5B:159F:AL_1b	dasabuvir	dasabuvir	drug_resistance	Abbvie	NS5B RNA polymerase inhibitors	29146520	https://doi.org/10.1053/j.gastro.2017.11.007
NS5B	1	159	F	REF_MASTER_NC_004102	NS5B:159F	aminoAcidSimplePolymorphism	NS5B:159F	single				phdr_ras:NS5B:159F	NS5B:159F	AL_1b	F/L159F	NS5B:159F:AL_1b:sofosbuvir	category_I	I	1.0	0.0		1.0	1.0	1.0	NS5B:159F:AL_1b	sofosbuvir	sofosbuvir	drug_resistance	Gilead Sciences	NS5B RNA polymerase inhibitors	28332272;26603202	https://doi.org/10.1111/hepr.12898;https://doi.org/10.1093/infdis/jiv564
NS5B	1	159	F	REF_MASTER_NC_004102	NS5B:159F	aminoAcidSimplePolymorphism	NS5B:159F	single				phdr_ras:NS5B:159F	NS5B:159F	AL_2	L159F	NS5B:159F:AL_2:sofosbuvir	category_II	II	2.0	0.0		1.0	0.0	1.0	NS5B:159F:AL_2	sofosbuvir	sofosbuvir	drug_resistance	Gilead Sciences	NS5B RNA polymerase inhibitors	26603202	https://doi.org/10.1093/infdis/jiv564
NS5B	1	159	F	REF_MASTER_NC_004102	NS5B:159F	aminoAcidSimplePolymorphism	NS5B:159F	single				phdr_ras:NS5B:159F	NS5B:159F	AL_3	L159F	NS5B:159F:AL_3:sofosbuvir	category_I	I	1.0	0.0		1.0	1.0	1.0	NS5B:159F:AL_3	sofosbuvir	sofosbuvir	drug_resistance	Gilead Sciences	NS5B RNA polymerase inhibitors	29146520;25322962;25266287;24795201;26603202	https://doi.org/10.1053/j.gastro.2017.11.007;https://doi.org/10.1002/hep.27567;https://doi.org/10.1093/cid/ciu697;https://doi.org/10.1056/NEJMoa1316145;https://doi.org/10.1093/infdis/jiv564
NS5B	1	159	F	REF_MASTER_NC_004102	NS5B:159F	aminoAcidSimplePolymorphism	NS5B:159F	single				phdr_ras:NS5B:159F	NS5B:159F	AL_3a	L159F	NS5B:159F:AL_3a:sofosbuvir	category_II	II	2.0	1.0	2.0	1.0	0.0	1.0	NS5B:159F:AL_3a	sofosbuvir	sofosbuvir	drug_resistance	Gilead Sciences	NS5B RNA polymerase inhibitors	25659285;29425396;28105744	https://doi.org/10.1016/S0140-6736(14)62483-1;https://doi.org/10.1002/hep.29837;https://doi.org/10.1111/liv.13327
NS5B	1	159	F	REF_MASTER_NC_004102	NS5B:159F	aminoAcidSimplePolymorphism	NS5B:159F+282T	combination	NS5B:159F+282T	2.0	1.0	phdr_ras:NS5B:159F+282T	NS5B:159F+282T	AL_1a	L159F+S282T	NS5B:159F+282T:AL_1a:sofosbuvir	category_III	III	3.0	1.0	30.0	0.0			NS5B:159F+282T:AL_1a	sofosbuvir	sofosbuvir	drug_resistance	Gilead Sciences	NS5B RNA polymerase inhibitors	29404477;24154738	https://doi.org/10.1002/hep4.1060;https://doi.org/10.1093/infdis/jit562
NS5B	1	159	F	REF_MASTER_NC_004102	NS5B:159F	aminoAcidSimplePolymorphism	NS5B:159F+282T	combination	NS5B:159F+282T	2.0	1.0	phdr_ras:NS5B:159F+282T	NS5B:159F+282T	AL_1b	F/L159F+S282T	NS5B:159F+282T:AL_1b:sofosbuvir	category_III	III	3.0	1.0	11.0	0.0			NS5B:159F+282T:AL_1b	sofosbuvir	sofosbuvir	drug_resistance	Gilead Sciences	NS5B RNA polymerase inhibitors	24154738	https://doi.org/10.1093/infdis/jit562
NS5B	1	159	F	REF_MASTER_NC_004102	NS5B:159F	aminoAcidSimplePolymorphism	NS5B:159F+282T+320F	combination	NS5B:159F+282T+320F	3.0	1.0	phdr_ras:NS5B:159F+282T+320F	NS5B:159F+282T+320F	AL_1b	F/L159F+S282T+L320F	NS5B:159F+282T+320F:AL_1b:sofosbuvir	category_III	III	3.0	1.0	23.0	0.0			NS5B:159F+282T+320F:AL_1b	sofosbuvir	sofosbuvir	drug_resistance	Gilead Sciences	NS5B RNA polymerase inhibitors	24154738	https://doi.org/10.1093/infdis/jit562
NS5B	1	159	F	REF_MASTER_NC_004102	NS5B:159F	aminoAcidSimplePolymorphism	NS5B:159F+316H	combination	NS5B:159F+316H	2.0	1.0	phdr_ras:NS5B:159F+316H	NS5B:159F+316H	AL_1b	F/L159F+C/N316H	NS5B:159F+316H:AL_1b:sofosbuvir	category_II	II	2.0	0.0		1.0	0.0	1.0	NS5B:159F+316H:AL_1b	sofosbuvir	sofosbuvir	drug_resistance	Gilead Sciences	NS5B RNA polymerase inhibitors	29146520	https://doi.org/10.1053/j.gastro.2017.11.007
NS5B	1	159	F	REF_MASTER_NC_004102	NS5B:159F	aminoAcidSimplePolymorphism	NS5B:159F+316N	combination	NS5B:159F+316N	2.0	1.0	phdr_ras:NS5B:159F+316N	NS5B:159F+316N	AL_1b	F/L159F+C/N316N	NS5B:159F+316N:AL_1b:dasabuvir	category_II	II	2.0	0.0		1.0	1.0	0.0	NS5B:159F+316N:AL_1b	dasabuvir	dasabuvir	drug_resistance	Abbvie	NS5B RNA polymerase inhibitors	29575060	https://doi.org/10.1002/jmv.25073
NS5B	1	159	F	REF_MASTER_NC_004102	NS5B:159F	aminoAcidSimplePolymorphism	NS5B:159F+316N	combination	NS5B:159F+316N	2.0	1.0	phdr_ras:NS5B:159F+316N	NS5B:159F+316N	AL_1b	F/L159F+C/N316N	NS5B:159F+316N:AL_1b:sofosbuvir	category_I	I	1.0	0.0		1.0	1.0	1.0	NS5B:159F+316N:AL_1b	sofosbuvir	sofosbuvir	drug_resistance	Gilead Sciences	NS5B RNA polymerase inhibitors	28105744;26603202;25847509	https://doi.org/10.1111/liv.13327;https://doi.org/10.1093/infdis/jiv564;https://doi.org/10.1002/hep.27836
NS5B	1	159	F	REF_MASTER_NC_004102	NS5B:159F	aminoAcidSimplePolymorphism	NS5B:159F+316N	combination	NS5B:159F+316N	2.0	1.0	phdr_ras:NS5B:159F+316N	NS5B:159F+316N	AL_3	L159F+C316N	NS5B:159F+316N:AL_3:sofosbuvir	category_II	II	2.0	0.0		1.0	1.0	0.0	NS5B:159F+316N:AL_3	sofosbuvir	sofosbuvir	drug_resistance	Gilead Sciences	NS5B RNA polymerase inhibitors	25266287	https://doi.org/10.1093/cid/ciu697
NS5B	1	159	F	REF_MASTER_NC_004102	NS5B:159F	aminoAcidSimplePolymorphism	NS5B:159F+320F	combination	NS5B:159F+320F	2.0	1.0	phdr_ras:NS5B:159F+320F	NS5B:159F+320F	AL_1a	L159F+L320F	NS5B:159F+320F:AL_1a:sofosbuvir	insignificant	-	4.0	1.0	4.3	0.0			NS5B:159F+320F:AL_1a	sofosbuvir	sofosbuvir	drug_resistance	Gilead Sciences	NS5B RNA polymerase inhibitors	26603202;24154738	https://doi.org/10.1093/infdis/jiv564;https://doi.org/10.1093/infdis/jit562
NS5B	1	159	F	REF_MASTER_NC_004102	NS5B:159F	aminoAcidSimplePolymorphism	NS5B:159F+320F	combination	NS5B:159F+320F	2.0	1.0	phdr_ras:NS5B:159F+320F	NS5B:159F+320F	AL_1b	F/L159F+L320F	NS5B:159F+320F:AL_1b:sofosbuvir	insignificant	-	4.0	1.0	2.6	0.0			NS5B:159F+320F:AL_1b	sofosbuvir	sofosbuvir	drug_resistance	Gilead Sciences	NS5B RNA polymerase inhibitors	26603202;24154738	https://doi.org/10.1093/infdis/jiv564;https://doi.org/10.1093/infdis/jit562
NS5B	1	159	F	REF_MASTER_NC_004102	NS5B:159F	aminoAcidSimplePolymorphism	NS5B:159F+321A	combination	NS5B:159F+321A	2.0	1.0	phdr_ras:NS5B:159F+321A	NS5B:159F+321A	AL_1b	F/L159F+V321A	NS5B:159F+321A:AL_1b:sofosbuvir	category_II	II	2.0	0.0		1.0	0.0	1.0	NS5B:159F+321A:AL_1b	sofosbuvir	sofosbuvir	drug_resistance	Gilead Sciences	NS5B RNA polymerase inhibitors	26603202	https://doi.org/10.1093/infdis/jiv564
NS5B	1	159	F	REF_MASTER_NC_004102	NS5B:159F	aminoAcidSimplePolymorphism	NS5B:282T+159F	combination	NS5B:282T+159F	2.0	2.0	phdr_ras:NS5B:282T+159F	NS5B:282T+159F	AL_1a	S282T+L159F	NS5B:282T+159F:AL_1a:sofosbuvir	category_II	II	2.0	0.0		1.0	0.0	1.0	NS5B:282T+159F:AL_1a	sofosbuvir	sofosbuvir	drug_resistance	Gilead Sciences	NS5B RNA polymerase inhibitors	29404477	https://doi.org/10.1002/hep4.1060
NS5B	1	179	A	REF_MASTER_NC_004102	NS5B:179A	aminoAcidSimplePolymorphism	NS5B:179A	single				phdr_ras:NS5B:179A	NS5B:179A	AL_1b	V179A	NS5B:179A:AL_1b:sofosbuvir	insignificant	-	4.0	1.0	2.0	0.0			NS5B:179A:AL_1b	sofosbuvir	sofosbuvir	drug_resistance	Gilead Sciences	NS5B RNA polymerase inhibitors	22430955	https://doi.org/10.1128/AAC.00054-12
NS5B	1	179	A	REF_MASTER_NC_004102	NS5B:179A	aminoAcidSimplePolymorphism	NS5B:179A+282T+289L+293L	combination	NS5B:179A+282T+289L+293L	4.0	1.0	phdr_ras:NS5B:179A+282T+289L+293L	NS5B:179A+282T+289L+293L	AL_2a	T179A+S282T+M289L+I293L	NS5B:179A+282T+289L+293L:AL_2a:sofosbuvir	category_III	III	3.0	1.0	9.5	0.0			NS5B:179A+282T+289L+293L:AL_2a	sofosbuvir	sofosbuvir	drug_resistance	Gilead Sciences	NS5B RNA polymerase inhibitors	22430955	https://doi.org/10.1128/AAC.00054-12
NS5B	1	179	A	REF_MASTER_NC_004102	NS5B:179A	aminoAcidSimplePolymorphism	NS5B:179A+282T+289L+293L+434T	combination	NS5B:179A+282T+289L+293L+434T	5.0	1.0	phdr_ras:NS5B:179A+282T+289L+293L+434T	NS5B:179A+282T+289L+293L+434T	AL_2a	T179A+S282T+M289L+I293L+M434T	NS5B:179A+282T+289L+293L+434T:AL_2a:sofosbuvir	category_III	III	3.0	1.0	10.6	0.0			NS5B:179A+282T+289L+293L+434T:AL_2a	sofosbuvir	sofosbuvir	drug_resistance	Gilead Sciences	NS5B RNA polymerase inhibitors	22430955	https://doi.org/10.1128/AAC.00054-12
NS5B	1	179	A	REF_MASTER_NC_004102	NS5B:179A	aminoAcidSimplePolymorphism	NS5B:179A+282T+289L+293L+479P	combination	NS5B:179A+282T+289L+293L+479P	5.0	1.0	phdr_ras:NS5B:179A+282T+289L+293L+479P	NS5B:179A+282T+289L+293L+479P	AL_2a	T179A+S282T+M289L+I293L+P479P	NS5B:179A+282T+289L+293L+479P:AL_2a:sofosbuvir	category_III	III	3.0	1.0	11.8	0.0			NS5B:179A+282T+289L+293L+479P:AL_2a	sofosbuvir	sofosbuvir	drug_resistance	Gilead Sciences	NS5B RNA polymerase inhibitors	22430955	https://doi.org/10.1128/AAC.00054-12
NS5B	1	179	A	REF_MASTER_NC_004102	NS5B:179A	aminoAcidSimplePolymorphism	NS5B:179A+282T+289L+479P	combination	NS5B:179A+282T+289L+479P	4.0	1.0	phdr_ras:NS5B:179A+282T+289L+479P	NS5B:179A+282T+289L+479P	AL_2a	T179A+S282T+M289L+P479P	NS5B:179A+282T+289L+479P:AL_2a:sofosbuvir	category_III	III	3.0	1.0	11.4	0.0			NS5B:179A+282T+289L+479P:AL_2a	sofosbuvir	sofosbuvir	drug_resistance	Gilead Sciences	NS5B RNA polymerase inhibitors	22430955	https://doi.org/10.1128/AAC.00054-12
NS5B	1	179	A	REF_MASTER_NC_004102	NS5B:179A	aminoAcidSimplePolymorphism	NS5B:179A+282T+293L	combination	NS5B:179A+282T+293L	3.0	1.0	phdr_ras:NS5B:179A+282T+293L	NS5B:179A+282T+293L	AL_2a	T179A+S282T+I293L	NS5B:179A+282T+293L:AL_2a:sofosbuvir	category_III	III	3.0	1.0	8.3	0.0			NS5B:179A+282T+293L:AL_2a	sofosbuvir	sofosbuvir	drug_resistance	Gilead Sciences	NS5B RNA polymerase inhibitors	22430955	https://doi.org/10.1128/AAC.00054-12
NS5B	1	179	A	REF_MASTER_NC_004102	NS5B:179A	aminoAcidSimplePolymorphism	NS5B:179A+282T+293L+479P	combination	NS5B:179A+282T+293L+479P	4.0	1.0	phdr_ras:NS5B:179A+282T+293L+479P	NS5B:179A+282T+293L+479P	AL_2a	T179A+S282T+I293L+P479P	NS5B:179A+282T+293L+479P:AL_2a:sofosbuvir	category_III	III	3.0	1.0	9.0	0.0			NS5B:179A+282T+293L+479P:AL_2a	sofosbuvir	sofosbuvir	drug_resistance	Gilead Sciences	NS5B RNA polymerase inhibitors	22430955	https://doi.org/10.1128/AAC.00054-12
NS5B	1	188	D	REF_MASTER_NC_004102	NS5B:188D	aminoAcidSimplePolymorphism	NS5B:100R+188D	combination	NS5B:100R+188D	2.0	2.0	phdr_ras:NS5B:100R+188D	NS5B:100R+188D	AL_3a	K100R+G188D	NS5B:100R+188D:AL_3a:sofosbuvir	category_III	III	3.0	1.0	31.8	0.0			NS5B:100R+188D:AL_3a	sofosbuvir	sofosbuvir	drug_resistance	Gilead Sciences	NS5B RNA polymerase inhibitors	31078622	https://doi.org/10.1053/j.gastro.2019.05.007
NS5B	1	188	D	REF_MASTER_NC_004102	NS5B:188D	aminoAcidSimplePolymorphism	NS5B:188D	single				phdr_ras:NS5B:188D	NS5B:188D	AL_3a	G188D	NS5B:188D:AL_3a:sofosbuvir	category_III	III	3.0	1.0	10.9	0.0			NS5B:188D:AL_3a	sofosbuvir	sofosbuvir	drug_resistance	Gilead Sciences	NS5B RNA polymerase inhibitors	31078622	https://doi.org/10.1053/j.gastro.2019.05.007
NS5B	1	206	E	REF_MASTER_NC_004102	NS5B:206E	aminoAcidSimplePolymorphism	NS5B:150V+206E	combination	NS5B:150V+206E	2.0	2.0	phdr_ras:NS5B:150V+206E	NS5B:150V+206E	AL_3a	A/T/V150V+E/K206E	NS5B:150V+206E:AL_3a:sofosbuvir	category_III	III	3.0	1.0	35.8	0.0			NS5B:150V+206E:AL_3a	sofosbuvir	sofosbuvir	drug_resistance	Gilead Sciences	NS5B RNA polymerase inhibitors	31078622	https://doi.org/10.1053/j.gastro.2019.05.007
NS5B	1	206	E	REF_MASTER_NC_004102	NS5B:206E	aminoAcidSimplePolymorphism	NS5B:206E	single				phdr_ras:NS5B:206E	NS5B:206E	AL_3a	E/K206E	NS5B:206E:AL_3a:sofosbuvir	category_III	III	3.0	1.0	8.3	0.0			NS5B:206E:AL_3a	sofosbuvir	sofosbuvir	drug_resistance	Gilead Sciences	NS5B RNA polymerase inhibitors	31078622	https://doi.org/10.1053/j.gastro.2019.05.007
NS5B	1	237	G	REF_MASTER_NC_004102	NS5B:237G	aminoAcidSimplePolymorphism	NS5B:237G	single				phdr_ras:NS5B:237G	NS5B:237G	AL_1a	E237G	NS5B:237G:AL_1a:sofosbuvir	category_II	II	2.0	0.0		1.0	0.0	1.0	NS5B:237G:AL_1a	sofosbuvir	sofosbuvir	drug_resistance	Gilead Sciences	NS5B RNA polymerase inhibitors	27923693	https://doi.org/10.1016/j.jhep.2016.11.022
NS5B	1	244	I	REF_MASTER_NC_004102	NS5B:244I	aminoAcidSimplePolymorphism	NS5B:244I	single				phdr_ras:NS5B:244I	NS5B:244I	AL_3a	D/N244I	NS5B:244I:AL_3a:sofosbuvir	category_III	III	3.0	1.0	16.4	0.0			NS5B:244I:AL_3a	sofosbuvir	sofosbuvir	drug_resistance	Gilead Sciences	NS5B RNA polymerase inhibitors	31078622	https://doi.org/10.1053/j.gastro.2019.05.007
NS5B	1	282	T	REF_MASTER_NC_004102	NS5B:282T	aminoAcidSimplePolymorphism	NS5B:159F+282T	combination	NS5B:159F+282T	2.0	2.0	phdr_ras:NS5B:159F+282T	NS5B:159F+282T	AL_1a	L159F+S282T	NS5B:159F+282T:AL_1a:sofosbuvir	category_III	III	3.0	1.0	30.0	0.0			NS5B:159F+282T:AL_1a	sofosbuvir	sofosbuvir	drug_resistance	Gilead Sciences	NS5B RNA polymerase inhibitors	29404477;24154738	https://doi.org/10.1002/hep4.1060;https://doi.org/10.1093/infdis/jit562
NS5B	1	282	T	REF_MASTER_NC_004102	NS5B:282T	aminoAcidSimplePolymorphism	NS5B:159F+282T	combination	NS5B:159F+282T	2.0	2.0	phdr_ras:NS5B:159F+282T	NS5B:159F+282T	AL_1b	F/L159F+S282T	NS5B:159F+282T:AL_1b:sofosbuvir	category_III	III	3.0	1.0	11.0	0.0			NS5B:159F+282T:AL_1b	sofosbuvir	sofosbuvir	drug_resistance	Gilead Sciences	NS5B RNA polymerase inhibitors	24154738	https://doi.org/10.1093/infdis/jit562
NS5B	1	282	T	REF_MASTER_NC_004102	NS5B:282T	aminoAcidSimplePolymorphism	NS5B:159F+282T+320F	combination	NS5B:159F+282T+320F	3.0	2.0	phdr_ras:NS5B:159F+282T+320F	NS5B:159F+282T+320F	AL_1b	F/L159F+S282T+L320F	NS5B:159F+282T+320F:AL_1b:sofosbuvir	category_III	III	3.0	1.0	23.0	0.0			NS5B:159F+282T+320F:AL_1b	sofosbuvir	sofosbuvir	drug_resistance	Gilead Sciences	NS5B RNA polymerase inhibitors	24154738	https://doi.org/10.1093/infdis/jit562
NS5B	1	282	T	REF_MASTER_NC_004102	NS5B:282T	aminoAcidSimplePolymorphism	NS5B:179A+282T+289L+293L	combination	NS5B:179A+282T+289L+293L	4.0	2.0	phdr_ras:NS5B:179A+282T+289L+293L	NS5B:179A+282T+289L+293L	AL_2a	T179A+S282T+M289L+I293L	NS5B:179A+282T+289L+293L:AL_2a:sofosbuvir	category_III	III	3.0	1.0	9.5	0.0			NS5B:179A+282T+289L+293L:AL_2a	sofosbuvir	sofosbuvir	drug_resistance	Gilead Sciences	NS5B RNA polymerase inhibitors	22430955	https://doi.org/10.1128/AAC.00054-12
NS5B	1	282	T	REF_MASTER_NC_004102	NS5B:282T	aminoAcidSimplePolymorphism	NS5B:179A+282T+289L+293L+434T	combination	NS5B:179A+282T+289L+293L+434T	5.0	2.0	phdr_ras:NS5B:179A+282T+289L+293L+434T	NS5B:179A+282T+289L+293L+434T	AL_2a	T179A+S282T+M289L+I293L+M434T	NS5B:179A+282T+289L+293L+434T:AL_2a:sofosbuvir	category_III	III	3.0	1.0	10.6	0.0			NS5B:179A+282T+289L+293L+434T:AL_2a	sofosbuvir	sofosbuvir	drug_resistance	Gilead Sciences	NS5B RNA polymerase inhibitors	22430955	https://doi.org/10.1128/AAC.00054-12
NS5B	1	282	T	REF_MASTER_NC_004102	NS5B:282T	aminoAcidSimplePolymorphism	NS5B:179A+282T+289L+293L+479P	combination	NS5B:179A+282T+289L+293L+479P	5.0	2.0	phdr_ras:NS5B:179A+282T+289L+293L+479P	NS5B:179A+282T+289L+293L+479P	AL_2a	T179A+S282T+M289L+I293L+P479P	NS5B:179A+282T+289L+293L+479P:AL_2a:sofosbuvir	category_III	III	3.0	1.0	11.8	0.0			NS5B:179A+282T+289L+293L+479P:AL_2a	sofosbuvir	sofosbuvir	drug_resistance	Gilead Sciences	NS5B RNA polymerase inhibitors	22430955	https://doi.org/10.1128/AAC.00054-12
NS5B	1	282	T	REF_MASTER_NC_004102	NS5B:282T	aminoAcidSimplePolymorphism	NS5B:179A+282T+289L+479P	combination	NS5B:179A+282T+289L+479P	4.0	2.0	phdr_ras:NS5B:179A+282T+289L+479P	NS5B:179A+282T+289L+479P	AL_2a	T179A+S282T+M289L+P479P	NS5B:179A+282T+289L+479P:AL_2a:sofosbuvir	category_III	III	3.0	1.0	11.4	0.0			NS5B:179A+282T+289L+479P:AL_2a	sofosbuvir	sofosbuvir	drug_resistance	Gilead Sciences	NS5B RNA polymerase inhibitors	22430955	https://doi.org/10.1128/AAC.00054-12
NS5B	1	282	T	REF_MASTER_NC_004102	NS5B:282T	aminoAcidSimplePolymorphism	NS5B:179A+282T+293L	combination	NS5B:179A+282T+293L	3.0	2.0	phdr_ras:NS5B:179A+282T+293L	NS5B:179A+282T+293L	AL_2a	T179A+S282T+I293L	NS5B:179A+282T+293L:AL_2a:sofosbuvir	category_III	III	3.0	1.0	8.3	0.0			NS5B:179A+282T+293L:AL_2a	sofosbuvir	sofosbuvir	drug_resistance	Gilead Sciences	NS5B RNA polymerase inhibitors	22430955	https://doi.org/10.1128/AAC.00054-12
NS5B	1	282	T	REF_MASTER_NC_004102	NS5B:282T	aminoAcidSimplePolymorphism	NS5B:179A+282T+293L+479P	combination	NS5B:179A+282T+293L+479P	4.0	2.0	phdr_ras:NS5B:179A+282T+293L+479P	NS5B:179A+282T+293L+479P	AL_2a	T179A+S282T+I293L+P479P	NS5B:179A+282T+293L+479P:AL_2a:sofosbuvir	category_III	III	3.0	1.0	9.0	0.0			NS5B:179A+282T+293L+479P:AL_2a	sofosbuvir	sofosbuvir	drug_resistance	Gilead Sciences	NS5B RNA polymerase inhibitors	22430955	https://doi.org/10.1128/AAC.00054-12
NS5B	1	282	T	REF_MASTER_NC_004102	NS5B:282T	aminoAcidSimplePolymorphism	NS5B:282T	single				phdr_ras:NS5B:282T	NS5B:282T	AL_1a	S282T	NS5B:282T:AL_1a:sofosbuvir	category_I	I	1.0	1.0	17.0	1.0	0.0	1.0	NS5B:282T:AL_1a	sofosbuvir	sofosbuvir	drug_resistance	Gilead Sciences	NS5B RNA polymerase inhibitors	29146520;29404477;27923693;24154738;22430955	https://doi.org/10.1053/j.gastro.2017.11.007;https://doi.org/10.1002/hep4.1060;https://doi.org/10.1016/j.jhep.2016.11.022;https://doi.org/10.1093/infdis/jit562;https://doi.org/10.1128/AAC.00054-12
NS5B	1	282	T	REF_MASTER_NC_004102	NS5B:282T	aminoAcidSimplePolymorphism	NS5B:282T	single				phdr_ras:NS5B:282T	NS5B:282T	AL_1b	S282T	NS5B:282T:AL_1b:sofosbuvir	category_I	I	1.0	1.0	8.8	1.0	0.0	1.0	NS5B:282T:AL_1b	sofosbuvir	sofosbuvir	drug_resistance	Gilead Sciences	NS5B RNA polymerase inhibitors	29146520;29404477;26603202;26521268;24154738;22430955	https://doi.org/10.1053/j.gastro.2017.11.007;https://doi.org/10.1002/hep4.1060;https://doi.org/10.1093/infdis/jiv564;https://doi.org/10.1093/cid/civ874;https://doi.org/10.1093/infdis/jit562;https://doi.org/10.1128/AAC.00054-12
NS5B	1	282	T	REF_MASTER_NC_004102	NS5B:282T	aminoAcidSimplePolymorphism	NS5B:282T	single				phdr_ras:NS5B:282T	NS5B:282T	AL_2a	S282T	NS5B:282T:AL_2a:sofosbuvir	category_II	II	2.0	1.0	3.6	1.0	0.0	1.0	NS5B:282T:AL_2a	sofosbuvir	sofosbuvir	drug_resistance	Gilead Sciences	NS5B RNA polymerase inhibitors	28564569;22430955	https://doi.org/10.1056/NEJMoa1613512;https://doi.org/10.1128/AAC.00054-12
NS5B	1	282	T	REF_MASTER_NC_004102	NS5B:282T	aminoAcidSimplePolymorphism	NS5B:282T	single				phdr_ras:NS5B:282T	NS5B:282T	AL_2b	S282T	NS5B:282T:AL_2b:sofosbuvir	category_I	I	1.0	1.0	16.2	1.0	0.0	1.0	NS5B:282T:AL_2b	sofosbuvir	sofosbuvir	drug_resistance	Gilead Sciences	NS5B RNA polymerase inhibitors	29404477;26603202;22430955	https://doi.org/10.1002/hep4.1060;https://doi.org/10.1093/infdis/jiv564;https://doi.org/10.1128/AAC.00054-12
NS5B	1	282	T	REF_MASTER_NC_004102	NS5B:282T	aminoAcidSimplePolymorphism	NS5B:282T	single				phdr_ras:NS5B:282T	NS5B:282T	AL_2d	S282T	NS5B:282T:AL_2d:sofosbuvir	category_II	II	2.0	0.0		1.0	0.0	1.0	NS5B:282T:AL_2d	sofosbuvir	sofosbuvir	drug_resistance	Gilead Sciences	NS5B RNA polymerase inhibitors	28564569	https://doi.org/10.1056/NEJMoa1613512
NS5B	1	282	T	REF_MASTER_NC_004102	NS5B:282T	aminoAcidSimplePolymorphism	NS5B:282T	single				phdr_ras:NS5B:282T	NS5B:282T	AL_2j	S282T	NS5B:282T:AL_2j:sofosbuvir	category_II	II	2.0	0.0		1.0	0.0	1.0	NS5B:282T:AL_2j	sofosbuvir	sofosbuvir	drug_resistance	Gilead Sciences	NS5B RNA polymerase inhibitors	28564569	https://doi.org/10.1056/NEJMoa1613512
NS5B	1	282	T	REF_MASTER_NC_004102	NS5B:282T	aminoAcidSimplePolymorphism	NS5B:282T	single				phdr_ras:NS5B:282T	NS5B:282T	AL_3	S282T	NS5B:282T:AL_3:sofosbuvir	category_II	II	2.0	0.0		1.0	0.0	1.0	NS5B:282T:AL_3	sofosbuvir	sofosbuvir	drug_resistance	Gilead Sciences	NS5B RNA polymerase inhibitors	29146520	https://doi.org/10.1053/j.gastro.2017.11.007
NS5B	1	282	T	REF_MASTER_NC_004102	NS5B:282T	aminoAcidSimplePolymorphism	NS5B:282T	single				phdr_ras:NS5B:282T	NS5B:282T	AL_3a	S282T	NS5B:282T:AL_3a:sofosbuvir	category_I	I	1.0	1.0	71.7	1.0	0.0	1.0	NS5B:282T:AL_3a	sofosbuvir	sofosbuvir	drug_resistance	Gilead Sciences	NS5B RNA polymerase inhibitors	31078622;29425396;28783119;29404477;28595606;28105744;27453546;26603202	https://doi.org/10.1053/j.gastro.2019.05.007;https://doi.org/10.1002/hep.29837;https://doi.org/10.3390/v9080212;https://doi.org/10.1002/hep4.1060;https://doi.org/10.1186/s12985-017-0779-4;https://doi.org/10.1111/liv.13327;https://doi.org/10.1053/j.gastro.2016.07.013;https://doi.org/10.1093/infdis/jiv564
NS5B	1	282	T	REF_MASTER_NC_004102	NS5B:282T	aminoAcidSimplePolymorphism	NS5B:282T	single				phdr_ras:NS5B:282T	NS5B:282T	AL_4	S282T	NS5B:282T:AL_4:sofosbuvir	category_I	I	1.0	1.0	6.1	1.0	0.0	1.0	NS5B:282T:AL_4	sofosbuvir	sofosbuvir	drug_resistance	Gilead Sciences	NS5B RNA polymerase inhibitors	29146520;28984067	https://doi.org/10.1053/j.gastro.2017.11.007;https://doi.org/10.1111/jvh.12795
NS5B	1	282	T	REF_MASTER_NC_004102	NS5B:282T	aminoAcidSimplePolymorphism	NS5B:282T	single				phdr_ras:NS5B:282T	NS5B:282T	AL_4a	S282T	NS5B:282T:AL_4a:sofosbuvir	category_II	II	2.0	0.0		1.0	0.0	1.0	NS5B:282T:AL_4a	sofosbuvir	sofosbuvir	drug_resistance	Gilead Sciences	NS5B RNA polymerase inhibitors	28105744	https://doi.org/10.1111/liv.13327
NS5B	1	282	T	REF_MASTER_NC_004102	NS5B:282T	aminoAcidSimplePolymorphism	NS5B:282T	single				phdr_ras:NS5B:282T	NS5B:282T	AL_4r	S282T	NS5B:282T:AL_4r:sofosbuvir	category_II	II	2.0	0.0		1.0	0.0	1.0	NS5B:282T:AL_4r	sofosbuvir	sofosbuvir	drug_resistance	Gilead Sciences	NS5B RNA polymerase inhibitors	28984067;29404477;27351341	https://doi.org/10.1111/jvh.12795;https://doi.org/10.1002/hep4.1060;https://doi.org/10.1002/hep.28706
NS5B	1	282	T	REF_MASTER_NC_004102	NS5B:282T	aminoAcidSimplePolymorphism	NS5B:282T	single				phdr_ras:NS5B:282T	NS5B:282T	AL_6a	S282T	NS5B:282T:AL_6a:sofosbuvir	category_III	III	3.0	1.0	8.0	0.0			NS5B:282T:AL_6a	sofosbuvir	sofosbuvir	drug_resistance	Gilead Sciences	NS5B RNA polymerase inhibitors	29454794	https://doi.org/10.1053/j.gastro.2018.02.017
NS5B	1	282	T	REF_MASTER_NC_004102	NS5B:282T	aminoAcidSimplePolymorphism	NS5B:282T	single				phdr_ras:NS5B:282T	NS5B:282T	AL_6l	S282T	NS5B:282T:AL_6l:sofosbuvir	category_II	II	2.0	0.0		1.0	0.0	1.0	NS5B:282T:AL_6l	sofosbuvir	sofosbuvir	drug_resistance	Gilead Sciences	NS5B RNA polymerase inhibitors	29404477	https://doi.org/10.1002/hep4.1060
NS5B	1	282	T	REF_MASTER_NC_004102	NS5B:282T	aminoAcidSimplePolymorphism	NS5B:282T+159F	combination	NS5B:282T+159F	2.0	1.0	phdr_ras:NS5B:282T+159F	NS5B:282T+159F	AL_1a	S282T+L159F	NS5B:282T+159F:AL_1a:sofosbuvir	category_II	II	2.0	0.0		1.0	0.0	1.0	NS5B:282T+159F:AL_1a	sofosbuvir	sofosbuvir	drug_resistance	Gilead Sciences	NS5B RNA polymerase inhibitors	29404477	https://doi.org/10.1002/hep4.1060
NS5B	1	282	T	REF_MASTER_NC_004102	NS5B:282T	aminoAcidSimplePolymorphism	NS5B:282T+289L	combination	NS5B:282T+289L	2.0	1.0	phdr_ras:NS5B:282T+289L	NS5B:282T+289L	AL_1b	S282T+C289L	NS5B:282T+289L:AL_1b:sofosbuvir	category_III	III	3.0	1.0	10.8	0.0			NS5B:282T+289L:AL_1b	sofosbuvir	sofosbuvir	drug_resistance	Gilead Sciences	NS5B RNA polymerase inhibitors	22430955	https://doi.org/10.1128/AAC.00054-12
NS5B	1	282	T	REF_MASTER_NC_004102	NS5B:282T	aminoAcidSimplePolymorphism	NS5B:282T+289L	combination	NS5B:282T+289L	2.0	1.0	phdr_ras:NS5B:282T+289L	NS5B:282T+289L	AL_2a	S282T+M289L	NS5B:282T+289L:AL_2a:sofosbuvir	category_III	III	3.0	1.0	5.65	0.0			NS5B:282T+289L:AL_2a	sofosbuvir	sofosbuvir	drug_resistance	Gilead Sciences	NS5B RNA polymerase inhibitors	22430955	https://doi.org/10.1128/AAC.00054-12
NS5B	1	282	T	REF_MASTER_NC_004102	NS5B:282T	aminoAcidSimplePolymorphism	NS5B:282T+289L+293L+434T	combination	NS5B:282T+289L+293L+434T	4.0	1.0	phdr_ras:NS5B:282T+289L+293L+434T	NS5B:282T+289L+293L+434T	AL_2a	S282T+M289L+I293L+M434T	NS5B:282T+289L+293L+434T:AL_2a:sofosbuvir	category_III	III	3.0	1.0	7.1	0.0			NS5B:282T+289L+293L+434T:AL_2a	sofosbuvir	sofosbuvir	drug_resistance	Gilead Sciences	NS5B RNA polymerase inhibitors	22430955	https://doi.org/10.1128/AAC.00054-12
NS5B	1	282	T	REF_MASTER_NC_004102	NS5B:282T	aminoAcidSimplePolymorphism	NS5B:282T+289L+293L+479P	combination	NS5B:282T+289L+293L+479P	4.0	1.0	phdr_ras:NS5B:282T+289L+293L+479P	NS5B:282T+289L+293L+479P	AL_2a	S282T+M289L+I293L+P479P	NS5B:282T+289L+293L+479P:AL_2a:sofosbuvir	category_III	III	3.0	1.0	8.4	0.0			NS5B:282T+289L+293L+479P:AL_2a	sofosbuvir	sofosbuvir	drug_resistance	Gilead Sciences	NS5B RNA polymerase inhibitors	22430955	https://doi.org/10.1128/AAC.00054-12
NS5B	1	282	T	REF_MASTER_NC_004102	NS5B:282T	aminoAcidSimplePolymorphism	NS5B:282T+289L+479P	combination	NS5B:282T+289L+479P	3.0	1.0	phdr_ras:NS5B:282T+289L+479P	NS5B:282T+289L+479P	AL_2a	S282T+M289L+P479P	NS5B:282T+289L+479P:AL_2a:sofosbuvir	category_III	III	3.0	1.0	7.4	0.0			NS5B:282T+289L+479P:AL_2a	sofosbuvir	sofosbuvir	drug_resistance	Gilead Sciences	NS5B RNA polymerase inhibitors	22430955	https://doi.org/10.1128/AAC.00054-12
NS5B	1	282	T	REF_MASTER_NC_004102	NS5B:282T	aminoAcidSimplePolymorphism	NS5B:282T+320F	combination	NS5B:282T+320F	2.0	1.0	phdr_ras:NS5B:282T+320F	NS5B:282T+320F	AL_1a	S282T+L320F	NS5B:282T+320F:AL_1a:sofosbuvir	category_III	III	3.0	1.0	41.0	0.0			NS5B:282T+320F:AL_1a	sofosbuvir	sofosbuvir	drug_resistance	Gilead Sciences	NS5B RNA polymerase inhibitors	24154738	https://doi.org/10.1093/infdis/jit562
NS5B	1	282	T	REF_MASTER_NC_004102	NS5B:282T	aminoAcidSimplePolymorphism	NS5B:282T+320F	combination	NS5B:282T+320F	2.0	1.0	phdr_ras:NS5B:282T+320F	NS5B:282T+320F	AL_1b	S282T+L320F	NS5B:282T+320F:AL_1b:sofosbuvir	category_III	III	3.0	1.0	13.0	0.0			NS5B:282T+320F:AL_1b	sofosbuvir	sofosbuvir	drug_resistance	Gilead Sciences	NS5B RNA polymerase inhibitors	24154738	https://doi.org/10.1093/infdis/jit562
NS5B	1	282	T	REF_MASTER_NC_004102	NS5B:282T	aminoAcidSimplePolymorphism	NS5B:282T+321I	combination	NS5B:282T+321I	2.0	1.0	phdr_ras:NS5B:282T+321I	NS5B:282T+321I	AL_4	S282T+V321I	NS5B:282T+321I:AL_4:sofosbuvir	insignificant	-	4.0	1.0	3.0	0.0			NS5B:282T+321I:AL_4	sofosbuvir	sofosbuvir	drug_resistance	Gilead Sciences	NS5B RNA polymerase inhibitors	28984067	https://doi.org/10.1111/jvh.12795
NS5B	1	289	I	REF_MASTER_NC_004102	NS5B:289I	aminoAcidSimplePolymorphism	NS5B:289I	single				phdr_ras:NS5B:289I	NS5B:289I	AL_3	F289I	NS5B:289I:AL_3:sofosbuvir	category_II	II	2.0	0.0		1.0	1.0	0.0	NS5B:289I:AL_3	sofosbuvir	sofosbuvir	drug_resistance	Gilead Sciences	NS5B RNA polymerase inhibitors	25266287	https://doi.org/10.1093/cid/ciu697
NS5B	1	289	L	REF_MASTER_NC_004102	NS5B:289L	aminoAcidSimplePolymorphism	NS5B:179A+282T+289L+293L	combination	NS5B:179A+282T+289L+293L	4.0	3.0	phdr_ras:NS5B:179A+282T+289L+293L	NS5B:179A+282T+289L+293L	AL_2a	T179A+S282T+M289L+I293L	NS5B:179A+282T+289L+293L:AL_2a:sofosbuvir	category_III	III	3.0	1.0	9.5	0.0			NS5B:179A+282T+289L+293L:AL_2a	sofosbuvir	sofosbuvir	drug_resistance	Gilead Sciences	NS5B RNA polymerase inhibitors	22430955	https://doi.org/10.1128/AAC.00054-12
NS5B	1	289	L	REF_MASTER_NC_004102	NS5B:289L	aminoAcidSimplePolymorphism	NS5B:179A+282T+289L+293L+434T	combination	NS5B:179A+282T+289L+293L+434T	5.0	3.0	phdr_ras:NS5B:179A+282T+289L+293L+434T	NS5B:179A+282T+289L+293L+434T	AL_2a	T179A+S282T+M289L+I293L+M434T	NS5B:179A+282T+289L+293L+434T:AL_2a:sofosbuvir	category_III	III	3.0	1.0	10.6	0.0			NS5B:179A+282T+289L+293L+434T:AL_2a	sofosbuvir	sofosbuvir	drug_resistance	Gilead Sciences	NS5B RNA polymerase inhibitors	22430955	https://doi.org/10.1128/AAC.00054-12
NS5B	1	289	L	REF_MASTER_NC_004102	NS5B:289L	aminoAcidSimplePolymorphism	NS5B:179A+282T+289L+293L+479P	combination	NS5B:179A+282T+289L+293L+479P	5.0	3.0	phdr_ras:NS5B:179A+282T+289L+293L+479P	NS5B:179A+282T+289L+293L+479P	AL_2a	T179A+S282T+M289L+I293L+P479P	NS5B:179A+282T+289L+293L+479P:AL_2a:sofosbuvir	category_III	III	3.0	1.0	11.8	0.0			NS5B:179A+282T+289L+293L+479P:AL_2a	sofosbuvir	sofosbuvir	drug_resistance	Gilead Sciences	NS5B RNA polymerase inhibitors	22430955	https://doi.org/10.1128/AAC.00054-12
NS5B	1	289	L	REF_MASTER_NC_004102	NS5B:289L	aminoAcidSimplePolymorphism	NS5B:179A+282T+289L+479P	combination	NS5B:179A+282T+289L+479P	4.0	3.0	phdr_ras:NS5B:179A+282T+289L+479P	NS5B:179A+282T+289L+479P	AL_2a	T179A+S282T+M289L+P479P	NS5B:179A+282T+289L+479P:AL_2a:sofosbuvir	category_III	III	3.0	1.0	11.4	0.0			NS5B:179A+282T+289L+479P:AL_2a	sofosbuvir	sofosbuvir	drug_resistance	Gilead Sciences	NS5B RNA polymerase inhibitors	22430955	https://doi.org/10.1128/AAC.00054-12
NS5B	1	289	L	REF_MASTER_NC_004102	NS5B:289L	aminoAcidSimplePolymorphism	NS5B:282T+289L	combination	NS5B:282T+289L	2.0	2.0	phdr_ras:NS5B:282T+289L	NS5B:282T+289L	AL_1b	S282T+C289L	NS5B:282T+289L:AL_1b:sofosbuvir	category_III	III	3.0	1.0	10.8	0.0			NS5B:282T+289L:AL_1b	sofosbuvir	sofosbuvir	drug_resistance	Gilead Sciences	NS5B RNA polymerase inhibitors	22430955	https://doi.org/10.1128/AAC.00054-12
NS5B	1	289	L	REF_MASTER_NC_004102	NS5B:289L	aminoAcidSimplePolymorphism	NS5B:282T+289L	combination	NS5B:282T+289L	2.0	2.0	phdr_ras:NS5B:282T+289L	NS5B:282T+289L	AL_2a	S282T+M289L	NS5B:282T+289L:AL_2a:sofosbuvir	category_III	III	3.0	1.0	5.65	0.0			NS5B:282T+289L:AL_2a	sofosbuvir	sofosbuvir	drug_resistance	Gilead Sciences	NS5B RNA polymerase inhibitors	22430955	https://doi.org/10.1128/AAC.00054-12
NS5B	1	289	L	REF_MASTER_NC_004102	NS5B:289L	aminoAcidSimplePolymorphism	NS5B:282T+289L+293L+434T	combination	NS5B:282T+289L+293L+434T	4.0	2.0	phdr_ras:NS5B:282T+289L+293L+434T	NS5B:282T+289L+293L+434T	AL_2a	S282T+M289L+I293L+M434T	NS5B:282T+289L+293L+434T:AL_2a:sofosbuvir	category_III	III	3.0	1.0	7.1	0.0			NS5B:282T+289L+293L+434T:AL_2a	sofosbuvir	sofosbuvir	drug_resistance	Gilead Sciences	NS5B RNA polymerase inhibitors	22430955	https://doi.org/10.1128/AAC.00054-12
NS5B	1	289	L	REF_MASTER_NC_004102	NS5B:289L	aminoAcidSimplePolymorphism	NS5B:282T+289L+293L+479P	combination	NS5B:282T+289L+293L+479P	4.0	2.0	phdr_ras:NS5B:282T+289L+293L+479P	NS5B:282T+289L+293L+479P	AL_2a	S282T+M289L+I293L+P479P	NS5B:282T+289L+293L+479P:AL_2a:sofosbuvir	category_III	III	3.0	1.0	8.4	0.0			NS5B:282T+289L+293L+479P:AL_2a	sofosbuvir	sofosbuvir	drug_resistance	Gilead Sciences	NS5B RNA polymerase inhibitors	22430955	https://doi.org/10.1128/AAC.00054-12
NS5B	1	289	L	REF_MASTER_NC_004102	NS5B:289L	aminoAcidSimplePolymorphism	NS5B:282T+289L+479P	combination	NS5B:282T+289L+479P	3.0	2.0	phdr_ras:NS5B:282T+289L+479P	NS5B:282T+289L+479P	AL_2a	S282T+M289L+P479P	NS5B:282T+289L+479P:AL_2a:sofosbuvir	category_III	III	3.0	1.0	7.4	0.0			NS5B:282T+289L+479P:AL_2a	sofosbuvir	sofosbuvir	drug_resistance	Gilead Sciences	NS5B RNA polymerase inhibitors	22430955	https://doi.org/10.1128/AAC.00054-12
NS5B	1	289	L	REF_MASTER_NC_004102	NS5B:289L	aminoAcidSimplePolymorphism	NS5B:289L	single				phdr_ras:NS5B:289L	NS5B:289L	AL_1b	C289L	NS5B:289L:AL_1b:sofosbuvir	insignificant	-	4.0	1.0	2.0	0.0			NS5B:289L:AL_1b	sofosbuvir	sofosbuvir	drug_resistance	Gilead Sciences	NS5B RNA polymerase inhibitors	22430955	https://doi.org/10.1128/AAC.00054-12
NS5B	1	289	L	REF_MASTER_NC_004102	NS5B:289L	aminoAcidSimplePolymorphism	NS5B:289L	single				phdr_ras:NS5B:289L	NS5B:289L	AL_2a	M289L	NS5B:289L:AL_2a:sofosbuvir	insignificant	-	4.0	1.0	2.9	0.0			NS5B:289L:AL_2a	sofosbuvir	sofosbuvir	drug_resistance	Gilead Sciences	NS5B RNA polymerase inhibitors	22430955	https://doi.org/10.1128/AAC.00054-12
NS5B	1	293	L	REF_MASTER_NC_004102	NS5B:293L	aminoAcidSimplePolymorphism	NS5B:179A+282T+289L+293L	combination	NS5B:179A+282T+289L+293L	4.0	4.0	phdr_ras:NS5B:179A+282T+289L+293L	NS5B:179A+282T+289L+293L	AL_2a	T179A+S282T+M289L+I293L	NS5B:179A+282T+289L+293L:AL_2a:sofosbuvir	category_III	III	3.0	1.0	9.5	0.0			NS5B:179A+282T+289L+293L:AL_2a	sofosbuvir	sofosbuvir	drug_resistance	Gilead Sciences	NS5B RNA polymerase inhibitors	22430955	https://doi.org/10.1128/AAC.00054-12
NS5B	1	293	L	REF_MASTER_NC_004102	NS5B:293L	aminoAcidSimplePolymorphism	NS5B:179A+282T+289L+293L+434T	combination	NS5B:179A+282T+289L+293L+434T	5.0	4.0	phdr_ras:NS5B:179A+282T+289L+293L+434T	NS5B:179A+282T+289L+293L+434T	AL_2a	T179A+S282T+M289L+I293L+M434T	NS5B:179A+282T+289L+293L+434T:AL_2a:sofosbuvir	category_III	III	3.0	1.0	10.6	0.0			NS5B:179A+282T+289L+293L+434T:AL_2a	sofosbuvir	sofosbuvir	drug_resistance	Gilead Sciences	NS5B RNA polymerase inhibitors	22430955	https://doi.org/10.1128/AAC.00054-12
NS5B	1	293	L	REF_MASTER_NC_004102	NS5B:293L	aminoAcidSimplePolymorphism	NS5B:179A+282T+289L+293L+479P	combination	NS5B:179A+282T+289L+293L+479P	5.0	4.0	phdr_ras:NS5B:179A+282T+289L+293L+479P	NS5B:179A+282T+289L+293L+479P	AL_2a	T179A+S282T+M289L+I293L+P479P	NS5B:179A+282T+289L+293L+479P:AL_2a:sofosbuvir	category_III	III	3.0	1.0	11.8	0.0			NS5B:179A+282T+289L+293L+479P:AL_2a	sofosbuvir	sofosbuvir	drug_resistance	Gilead Sciences	NS5B RNA polymerase inhibitors	22430955	https://doi.org/10.1128/AAC.00054-12
NS5B	1	293	L	REF_MASTER_NC_004102	NS5B:293L	aminoAcidSimplePolymorphism	NS5B:179A+282T+293L	combination	NS5B:179A+282T+293L	3.0	3.0	phdr_ras:NS5B:179A+282T+293L	NS5B:179A+282T+293L	AL_2a	T179A+S282T+I293L	NS5B:179A+282T+293L:AL_2a:sofosbuvir	category_III	III	3.0	1.0	8.3	0.0			NS5B:179A+282T+293L:AL_2a	sofosbuvir	sofosbuvir	drug_resistance	Gilead Sciences	NS5B RNA polymerase inhibitors	22430955	https://doi.org/10.1128/AAC.00054-12
NS5B	1	293	L	REF_MASTER_NC_004102	NS5B:293L	aminoAcidSimplePolymorphism	NS5B:179A+282T+293L+479P	combination	NS5B:179A+282T+293L+479P	4.0	3.0	phdr_ras:NS5B:179A+282T+293L+479P	NS5B:179A+282T+293L+479P	AL_2a	T179A+S282T+I293L+P479P	NS5B:179A+282T+293L+479P:AL_2a:sofosbuvir	category_III	III	3.0	1.0	9.0	0.0			NS5B:179A+282T+293L+479P:AL_2a	sofosbuvir	sofosbuvir	drug_resistance	Gilead Sciences	NS5B RNA polymerase inhibitors	22430955	https://doi.org/10.1128/AAC.00054-12
NS5B	1	293	L	REF_MASTER_NC_004102	NS5B:293L	aminoAcidSimplePolymorphism	NS5B:282T+289L+293L+434T	combination	NS5B:282T+289L+293L+434T	4.0	3.0	phdr_ras:NS5B:282T+289L+293L+434T	NS5B:282T+289L+293L+434T	AL_2a	S282T+M289L+I293L+M434T	NS5B:282T+289L+293L+434T:AL_2a:sofosbuvir	category_III	III	3.0	1.0	7.1	0.0			NS5B:282T+289L+293L+434T:AL_2a	sofosbuvir	sofosbuvir	drug_resistance	Gilead Sciences	NS5B RNA polymerase inhibitors	22430955	https://doi.org/10.1128/AAC.00054-12
NS5B	1	293	L	REF_MASTER_NC_004102	NS5B:293L	aminoAcidSimplePolymorphism	NS5B:282T+289L+293L+479P	combination	NS5B:282T+289L+293L+479P	4.0	3.0	phdr_ras:NS5B:282T+289L+293L+479P	NS5B:282T+289L+293L+479P	AL_2a	S282T+M289L+I293L+P479P	NS5B:282T+289L+293L+479P:AL_2a:sofosbuvir	category_III	III	3.0	1.0	8.4	0.0			NS5B:282T+289L+293L+479P:AL_2a	sofosbuvir	sofosbuvir	drug_resistance	Gilead Sciences	NS5B RNA polymerase inhibitors	22430955	https://doi.org/10.1128/AAC.00054-12
NS5B	1	293	L	REF_MASTER_NC_004102	NS5B:293L	aminoAcidSimplePolymorphism	NS5B:293L	single				phdr_ras:NS5B:293L	NS5B:293L															drug_resistance				
NS5B	1	316	H	REF_MASTER_NC_004102	NS5B:316H	aminoAcidSimplePolymorphism	NS5B:159F+316H	combination	NS5B:159F+316H	2.0	2.0	phdr_ras:NS5B:159F+316H	NS5B:159F+316H	AL_1b	F/L159F+C/N316H	NS5B:159F+316H:AL_1b:sofosbuvir	category_II	II	2.0	0.0		1.0	0.0	1.0	NS5B:159F+316H:AL_1b	sofosbuvir	sofosbuvir	drug_resistance	Gilead Sciences	NS5B RNA polymerase inhibitors	29146520	https://doi.org/10.1053/j.gastro.2017.11.007
NS5B	1	316	H	REF_MASTER_NC_004102	NS5B:316H	aminoAcidSimplePolymorphism	NS5B:316H	single				phdr_ras:NS5B:316H	NS5B:316H	AL_1b	C/N316H	NS5B:316H:AL_1b:sofosbuvir	category_II	II	2.0	0.0		1.0	0.0	1.0	NS5B:316H:AL_1b	sofosbuvir	sofosbuvir	drug_resistance	Gilead Sciences	NS5B RNA polymerase inhibitors	28105744	https://doi.org/10.1111/liv.13327
NS5B	1	316	H	REF_MASTER_NC_004102	NS5B:316H	aminoAcidSimplePolymorphism	NS5B:316H+321I	combination	NS5B:316H+321I	2.0	1.0	phdr_ras:NS5B:316H+321I	NS5B:316H+321I	AL_2	C316H+V321I	NS5B:316H+321I:AL_2:sofosbuvir	category_II	II	2.0	0.0		1.0	1.0	0.0	NS5B:316H+321I:AL_2	sofosbuvir	sofosbuvir	drug_resistance	Gilead Sciences	NS5B RNA polymerase inhibitors	26196502	https://doi.org/10.1056/NEJMoa1503153
NS5B	1	316	N	REF_MASTER_NC_004102	NS5B:316N	aminoAcidSimplePolymorphism	NS5B:159F+316N	combination	NS5B:159F+316N	2.0	2.0	phdr_ras:NS5B:159F+316N	NS5B:159F+316N	AL_1b	F/L159F+C/N316N	NS5B:159F+316N:AL_1b:dasabuvir	category_II	II	2.0	0.0		1.0	1.0	0.0	NS5B:159F+316N:AL_1b	dasabuvir	dasabuvir	drug_resistance	Abbvie	NS5B RNA polymerase inhibitors	29575060	https://doi.org/10.1002/jmv.25073
NS5B	1	316	N	REF_MASTER_NC_004102	NS5B:316N	aminoAcidSimplePolymorphism	NS5B:159F+316N	combination	NS5B:159F+316N	2.0	2.0	phdr_ras:NS5B:159F+316N	NS5B:159F+316N	AL_1b	F/L159F+C/N316N	NS5B:159F+316N:AL_1b:sofosbuvir	category_I	I	1.0	0.0		1.0	1.0	1.0	NS5B:159F+316N:AL_1b	sofosbuvir	sofosbuvir	drug_resistance	Gilead Sciences	NS5B RNA polymerase inhibitors	28105744;26603202;25847509	https://doi.org/10.1111/liv.13327;https://doi.org/10.1093/infdis/jiv564;https://doi.org/10.1002/hep.27836
NS5B	1	316	N	REF_MASTER_NC_004102	NS5B:316N	aminoAcidSimplePolymorphism	NS5B:159F+316N	combination	NS5B:159F+316N	2.0	2.0	phdr_ras:NS5B:159F+316N	NS5B:159F+316N	AL_3	L159F+C316N	NS5B:159F+316N:AL_3:sofosbuvir	category_II	II	2.0	0.0		1.0	1.0	0.0	NS5B:159F+316N:AL_3	sofosbuvir	sofosbuvir	drug_resistance	Gilead Sciences	NS5B RNA polymerase inhibitors	25266287	https://doi.org/10.1093/cid/ciu697
NS5B	1	316	N	REF_MASTER_NC_004102	NS5B:316N	aminoAcidSimplePolymorphism	NS5B:316N	single				phdr_ras:NS5B:316N	NS5B:316N	AL_1b	C/N316N	NS5B:316N:AL_1b:dasabuvir	category_I	I	1.0	1.0	11.0	1.0	0.0	1.0	NS5B:316N:AL_1b	dasabuvir	dasabuvir	drug_resistance	Abbvie	NS5B RNA polymerase inhibitors	29146520;25534735	https://doi.org/10.1053/j.gastro.2017.11.007;https://doi.org/10.1128/AAC.04619-14
NS5B	1	316	N	REF_MASTER_NC_004102	NS5B:316N	aminoAcidSimplePolymorphism	NS5B:316N	single				phdr_ras:NS5B:316N	NS5B:316N	AL_1b	C/N316N	NS5B:316N:AL_1b:sofosbuvir	category_I	I	1.0	0.0		1.0	1.0	1.0	NS5B:316N:AL_1b	sofosbuvir	sofosbuvir	drug_resistance	Gilead Sciences	NS5B RNA polymerase inhibitors	29504692;29453451;28105744	https://doi.org/10.1111/hepr.13074;https://doi.org/10.1038/s41598-018-21303-2;https://doi.org/10.1111/liv.13327
NS5B	1	316	N	REF_MASTER_NC_004102	NS5B:316N	aminoAcidSimplePolymorphism	NS5B:316N+556G	combination	NS5B:316N+556G	2.0	1.0	phdr_ras:NS5B:316N+556G	NS5B:316N+556G	AL_1b	C/N316N+G/S556G	NS5B:316N+556G:AL_1b:dasabuvir	category_I	I	1.0	0.0		1.0	1.0	1.0	NS5B:316N+556G:AL_1b	dasabuvir	dasabuvir	drug_resistance	Abbvie	NS5B RNA polymerase inhibitors	28416221;24720679;27670383	https://doi.org/10.1016/S2468-1253(17)30071-7;https://doi.org/10.1056/NEJMoa1401561;https://doi.org/10.1016/j.cgh.2016.09.139
NS5B	1	316	Y	REF_MASTER_NC_004102	NS5B:316Y	aminoAcidSimplePolymorphism	NS5B:316Y	single				phdr_ras:NS5B:316Y	NS5B:316Y	AL_1a	C316Y	NS5B:316Y:AL_1a:dasabuvir	category_II	II	2.0	1.0	1472.0	0.0			NS5B:316Y:AL_1a	dasabuvir	dasabuvir	drug_resistance	Abbvie	NS5B RNA polymerase inhibitors	25534735	https://doi.org/10.1128/AAC.04619-14
NS5B	1	316	Y	REF_MASTER_NC_004102	NS5B:316Y	aminoAcidSimplePolymorphism	NS5B:316Y	single				phdr_ras:NS5B:316Y	NS5B:316Y	AL_1b	C/N316Y	NS5B:316Y:AL_1b:dasabuvir	category_II	II	2.0	1.0	1569.0	0.0			NS5B:316Y:AL_1b	dasabuvir	dasabuvir	drug_resistance	Abbvie	NS5B RNA polymerase inhibitors	25534735	https://doi.org/10.1128/AAC.04619-14
NS5B	1	316	Y	REF_MASTER_NC_004102	NS5B:316Y	aminoAcidSimplePolymorphism	NS5B:316Y+414I	combination	NS5B:316Y+414I	2.0	1.0	phdr_ras:NS5B:316Y+414I	NS5B:316Y+414I															drug_resistance				
NS5B	1	316	Y	REF_MASTER_NC_004102	NS5B:316Y	aminoAcidSimplePolymorphism	NS5B:316Y+556G	combination	NS5B:316Y+556G	2.0	1.0	phdr_ras:NS5B:316Y+556G	NS5B:316Y+556G	AL_1a	C316Y+S556G	NS5B:316Y+556G:AL_1a:dasabuvir	category_II	II	2.0	0.0		1.0	1.0	0.0	NS5B:316Y+556G:AL_1a	dasabuvir	dasabuvir	drug_resistance	Abbvie	NS5B RNA polymerase inhibitors	26100711	https://doi.org/10.1128/AAC.00998-15
NS5B	1	320	F	REF_MASTER_NC_004102	NS5B:320F	aminoAcidSimplePolymorphism	NS5B:159F+282T+320F	combination	NS5B:159F+282T+320F	3.0	3.0	phdr_ras:NS5B:159F+282T+320F	NS5B:159F+282T+320F	AL_1b	F/L159F+S282T+L320F	NS5B:159F+282T+320F:AL_1b:sofosbuvir	category_III	III	3.0	1.0	23.0	0.0			NS5B:159F+282T+320F:AL_1b	sofosbuvir	sofosbuvir	drug_resistance	Gilead Sciences	NS5B RNA polymerase inhibitors	24154738	https://doi.org/10.1093/infdis/jit562
NS5B	1	320	F	REF_MASTER_NC_004102	NS5B:320F	aminoAcidSimplePolymorphism	NS5B:159F+320F	combination	NS5B:159F+320F	2.0	2.0	phdr_ras:NS5B:159F+320F	NS5B:159F+320F	AL_1a	L159F+L320F	NS5B:159F+320F:AL_1a:sofosbuvir	insignificant	-	4.0	1.0	4.3	0.0			NS5B:159F+320F:AL_1a	sofosbuvir	sofosbuvir	drug_resistance	Gilead Sciences	NS5B RNA polymerase inhibitors	26603202;24154738	https://doi.org/10.1093/infdis/jiv564;https://doi.org/10.1093/infdis/jit562
NS5B	1	320	F	REF_MASTER_NC_004102	NS5B:320F	aminoAcidSimplePolymorphism	NS5B:159F+320F	combination	NS5B:159F+320F	2.0	2.0	phdr_ras:NS5B:159F+320F	NS5B:159F+320F	AL_1b	F/L159F+L320F	NS5B:159F+320F:AL_1b:sofosbuvir	insignificant	-	4.0	1.0	2.6	0.0			NS5B:159F+320F:AL_1b	sofosbuvir	sofosbuvir	drug_resistance	Gilead Sciences	NS5B RNA polymerase inhibitors	26603202;24154738	https://doi.org/10.1093/infdis/jiv564;https://doi.org/10.1093/infdis/jit562
NS5B	1	320	F	REF_MASTER_NC_004102	NS5B:320F	aminoAcidSimplePolymorphism	NS5B:282T+320F	combination	NS5B:282T+320F	2.0	2.0	phdr_ras:NS5B:282T+320F	NS5B:282T+320F	AL_1a	S282T+L320F	NS5B:282T+320F:AL_1a:sofosbuvir	category_III	III	3.0	1.0	41.0	0.0			NS5B:282T+320F:AL_1a	sofosbuvir	sofosbuvir	drug_resistance	Gilead Sciences	NS5B RNA polymerase inhibitors	24154738	https://doi.org/10.1093/infdis/jit562
NS5B	1	320	F	REF_MASTER_NC_004102	NS5B:320F	aminoAcidSimplePolymorphism	NS5B:282T+320F	combination	NS5B:282T+320F	2.0	2.0	phdr_ras:NS5B:282T+320F	NS5B:282T+320F	AL_1b	S282T+L320F	NS5B:282T+320F:AL_1b:sofosbuvir	category_III	III	3.0	1.0	13.0	0.0			NS5B:282T+320F:AL_1b	sofosbuvir	sofosbuvir	drug_resistance	Gilead Sciences	NS5B RNA polymerase inhibitors	24154738	https://doi.org/10.1093/infdis/jit562
NS5B	1	320	F	REF_MASTER_NC_004102	NS5B:320F	aminoAcidSimplePolymorphism	NS5B:320F	single				phdr_ras:NS5B:320F	NS5B:320F	AL_1a	L320F	NS5B:320F:AL_1a:sofosbuvir	insignificant	-	4.0	1.0	2.7	0.0			NS5B:320F:AL_1a	sofosbuvir	sofosbuvir	drug_resistance	Gilead Sciences	NS5B RNA polymerase inhibitors	24154738	https://doi.org/10.1093/infdis/jit562
NS5B	1	321	A	REF_MASTER_NC_004102	NS5B:321A	aminoAcidSimplePolymorphism	NS5B:159F+321A	combination	NS5B:159F+321A	2.0	2.0	phdr_ras:NS5B:159F+321A	NS5B:159F+321A	AL_1b	F/L159F+V321A	NS5B:159F+321A:AL_1b:sofosbuvir	category_II	II	2.0	0.0		1.0	0.0	1.0	NS5B:159F+321A:AL_1b	sofosbuvir	sofosbuvir	drug_resistance	Gilead Sciences	NS5B RNA polymerase inhibitors	26603202	https://doi.org/10.1093/infdis/jiv564
NS5B	1	321	A	REF_MASTER_NC_004102	NS5B:321A	aminoAcidSimplePolymorphism	NS5B:321A	single				phdr_ras:NS5B:321A	NS5B:321A	AL_1a	V321A	NS5B:321A:AL_1a:sofosbuvir	category_II	II	2.0	0.0		1.0	0.0	1.0	NS5B:321A:AL_1a	sofosbuvir	sofosbuvir	drug_resistance	Gilead Sciences	NS5B RNA polymerase inhibitors	26603202	https://doi.org/10.1093/infdis/jiv564
NS5B	1	321	A	REF_MASTER_NC_004102	NS5B:321A	aminoAcidSimplePolymorphism	NS5B:321A	single				phdr_ras:NS5B:321A	NS5B:321A	AL_3	V321A	NS5B:321A:AL_3:sofosbuvir	category_II	II	2.0	0.0		1.0	0.0	1.0	NS5B:321A:AL_3	sofosbuvir	sofosbuvir	drug_resistance	Gilead Sciences	NS5B RNA polymerase inhibitors	29146520;26603202;25266287;24795201	https://doi.org/10.1053/j.gastro.2017.11.007;https://doi.org/10.1093/infdis/jiv564;https://doi.org/10.1093/cid/ciu697;https://doi.org/10.1056/NEJMoa1316145
NS5B	1	321	A	REF_MASTER_NC_004102	NS5B:321A	aminoAcidSimplePolymorphism	NS5B:321A	single				phdr_ras:NS5B:321A	NS5B:321A	AL_3a	V321A	NS5B:321A:AL_3a:sofosbuvir	category_III	III	3.0	1.0	5.0	0.0			NS5B:321A:AL_3a	sofosbuvir	sofosbuvir	drug_resistance	Gilead Sciences	NS5B RNA polymerase inhibitors	29425396	https://doi.org/10.1002/hep.29837
NS5B	1	321	I	REF_MASTER_NC_004102	NS5B:321I	aminoAcidSimplePolymorphism	NS5B:282T+321I	combination	NS5B:282T+321I	2.0	2.0	phdr_ras:NS5B:282T+321I	NS5B:282T+321I	AL_4	S282T+V321I	NS5B:282T+321I:AL_4:sofosbuvir	insignificant	-	4.0	1.0	3.0	0.0			NS5B:282T+321I:AL_4	sofosbuvir	sofosbuvir	drug_resistance	Gilead Sciences	NS5B RNA polymerase inhibitors	28984067	https://doi.org/10.1111/jvh.12795
NS5B	1	321	I	REF_MASTER_NC_004102	NS5B:321I	aminoAcidSimplePolymorphism	NS5B:316H+321I	combination	NS5B:316H+321I	2.0	2.0	phdr_ras:NS5B:316H+321I	NS5B:316H+321I	AL_2	C316H+V321I	NS5B:316H+321I:AL_2:sofosbuvir	category_II	II	2.0	0.0		1.0	1.0	0.0	NS5B:316H+321I:AL_2	sofosbuvir	sofosbuvir	drug_resistance	Gilead Sciences	NS5B RNA polymerase inhibitors	26196502	https://doi.org/10.1056/NEJMoa1503153
NS5B	1	321	I	REF_MASTER_NC_004102	NS5B:321I	aminoAcidSimplePolymorphism	NS5B:321I	single				phdr_ras:NS5B:321I	NS5B:321I	AL_1b	V321I	NS5B:321I:AL_1b:sofosbuvir	category_II	II	2.0	0.0		1.0	1.0	0.0	NS5B:321I:AL_1b	sofosbuvir	sofosbuvir	drug_resistance	Gilead Sciences	NS5B RNA polymerase inhibitors	29221887	https://doi.org/10.1016/j.jhep.2017.11.032
NS5B	1	321	I	REF_MASTER_NC_004102	NS5B:321I	aminoAcidSimplePolymorphism	NS5B:321I	single				phdr_ras:NS5B:321I	NS5B:321I	AL_4r	I/V321I	NS5B:321I:AL_4r:sofosbuvir	category_II	II	2.0	0.0		1.0	1.0	0.0	NS5B:321I:AL_4r	sofosbuvir	sofosbuvir	drug_resistance	Gilead Sciences	NS5B RNA polymerase inhibitors	28984067	https://doi.org/10.1111/jvh.12795
NS5B	1	368	T	REF_MASTER_NC_004102	NS5B:368T	aminoAcidSimplePolymorphism	NS5B:368T	single				phdr_ras:NS5B:368T	NS5B:368T	AL_1b	S368T	NS5B:368T:AL_1b:dasabuvir	category_II	II	2.0	1.0	139.0	0.0			NS5B:368T:AL_1b	dasabuvir	dasabuvir	drug_resistance	Abbvie	NS5B RNA polymerase inhibitors	25534735	https://doi.org/10.1128/AAC.04619-14
NS5B	1	395	G	REF_MASTER_NC_004102	NS5B:395G	aminoAcidSimplePolymorphism	NS5B:395G	single				phdr_ras:NS5B:395G	NS5B:395G	AL_1a	A395G	NS5B:395G:AL_1a:dasabuvir	category_III	III	3.0	1.0	10.0	0.0			NS5B:395G:AL_1a	dasabuvir	dasabuvir	drug_resistance	Abbvie	NS5B RNA polymerase inhibitors	25534735	https://doi.org/10.1128/AAC.04619-14
NS5B	1	411	S	REF_MASTER_NC_004102	NS5B:411S	aminoAcidSimplePolymorphism	NS5B:411S	single				phdr_ras:NS5B:411S	NS5B:411S	AL_1b	N411S	NS5B:411S:AL_1b:dasabuvir	category_II	II	2.0	1.0	84.0	0.0			NS5B:411S:AL_1b	dasabuvir	dasabuvir	drug_resistance	Abbvie	NS5B RNA polymerase inhibitors	25534735	https://doi.org/10.1128/AAC.04619-14
NS5B	1	414	I	REF_MASTER_NC_004102	NS5B:414I	aminoAcidSimplePolymorphism	NS5B:316Y+414I	combination	NS5B:316Y+414I	2.0	2.0	phdr_ras:NS5B:316Y+414I	NS5B:316Y+414I															drug_resistance				
NS5B	1	414	I	REF_MASTER_NC_004102	NS5B:414I	aminoAcidSimplePolymorphism	NS5B:414I	single				phdr_ras:NS5B:414I	NS5B:414I	AL_1a	M414I	NS5B:414I:AL_1a:dasabuvir	category_II	II	2.0	0.0		1.0	1.0	0.0	NS5B:414I:AL_1a	dasabuvir	dasabuvir	drug_resistance	Abbvie	NS5B RNA polymerase inhibitors	26100711	https://doi.org/10.1128/AAC.00998-15
NS5B	1	414	T	REF_MASTER_NC_004102	NS5B:414T	aminoAcidSimplePolymorphism	NS5B:414T	single				phdr_ras:NS5B:414T	NS5B:414T	AL_1a	M414T	NS5B:414T:AL_1a:dasabuvir	category_III	III	3.0	1.0	32.0	0.0			NS5B:414T:AL_1a	dasabuvir	dasabuvir	drug_resistance	Abbvie	NS5B RNA polymerase inhibitors	25534735	https://doi.org/10.1128/AAC.04619-14
NS5B	1	414	T	REF_MASTER_NC_004102	NS5B:414T	aminoAcidSimplePolymorphism	NS5B:414T	single				phdr_ras:NS5B:414T	NS5B:414T	AL_1b	M414T	NS5B:414T:AL_1b:dasabuvir	category_III	III	3.0	1.0	47.0	0.0			NS5B:414T:AL_1b	dasabuvir	dasabuvir	drug_resistance	Abbvie	NS5B RNA polymerase inhibitors	25534735	https://doi.org/10.1128/AAC.04619-14
NS5B	1	414	T	REF_MASTER_NC_004102	NS5B:414T	aminoAcidSimplePolymorphism	NS5B:414T+556G	combination	NS5B:414T+556G	2.0	1.0	phdr_ras:NS5B:414T+556G	NS5B:414T+556G	AL_1a	M414T+S556G	NS5B:414T+556G:AL_1a:dasabuvir	category_II	II	2.0	0.0		1.0	0.0	1.0	NS5B:414T+556G:AL_1a	dasabuvir	dasabuvir	drug_resistance	Abbvie	NS5B RNA polymerase inhibitors	26100711	https://doi.org/10.1128/AAC.00998-15
NS5B	1	434	T	REF_MASTER_NC_004102	NS5B:434T	aminoAcidSimplePolymorphism	NS5B:179A+282T+289L+293L+434T	combination	NS5B:179A+282T+289L+293L+434T	5.0	5.0	phdr_ras:NS5B:179A+282T+289L+293L+434T	NS5B:179A+282T+289L+293L+434T	AL_2a	T179A+S282T+M289L+I293L+M434T	NS5B:179A+282T+289L+293L+434T:AL_2a:sofosbuvir	category_III	III	3.0	1.0	10.6	0.0			NS5B:179A+282T+289L+293L+434T:AL_2a	sofosbuvir	sofosbuvir	drug_resistance	Gilead Sciences	NS5B RNA polymerase inhibitors	22430955	https://doi.org/10.1128/AAC.00054-12
NS5B	1	434	T	REF_MASTER_NC_004102	NS5B:434T	aminoAcidSimplePolymorphism	NS5B:282T+289L+293L+434T	combination	NS5B:282T+289L+293L+434T	4.0	4.0	phdr_ras:NS5B:282T+289L+293L+434T	NS5B:282T+289L+293L+434T	AL_2a	S282T+M289L+I293L+M434T	NS5B:282T+289L+293L+434T:AL_2a:sofosbuvir	category_III	III	3.0	1.0	7.1	0.0			NS5B:282T+289L+293L+434T:AL_2a	sofosbuvir	sofosbuvir	drug_resistance	Gilead Sciences	NS5B RNA polymerase inhibitors	22430955	https://doi.org/10.1128/AAC.00054-12
NS5B	1	434	T	REF_MASTER_NC_004102	NS5B:434T	aminoAcidSimplePolymorphism	NS5B:434T	single				phdr_ras:NS5B:434T	NS5B:434T															drug_resistance				
NS5B	1	444	K	REF_MASTER_NC_004102	NS5B:444K	aminoAcidSimplePolymorphism	NS5B:444K	single				phdr_ras:NS5B:444K	NS5B:444K	AL_1a	D444K	NS5B:444K:AL_1a:dasabuvir	category_III	III	3.0	1.0	23.0	0.0			NS5B:444K:AL_1a	dasabuvir	dasabuvir	drug_resistance	Abbvie	NS5B RNA polymerase inhibitors	25534735	https://doi.org/10.1128/AAC.04619-14
NS5B	1	445	F	REF_MASTER_NC_004102	NS5B:445F	aminoAcidSimplePolymorphism	NS5B:445F	single				phdr_ras:NS5B:445F	NS5B:445F	AL_1b	C445F	NS5B:445F:AL_1b:dasabuvir	category_III	III	3.0	1.0	16.0	0.0			NS5B:445F:AL_1b	dasabuvir	dasabuvir	drug_resistance	Abbvie	NS5B RNA polymerase inhibitors	25534735	https://doi.org/10.1128/AAC.04619-14
NS5B	1	448	C	REF_MASTER_NC_004102	NS5B:448C	aminoAcidSimplePolymorphism	NS5B:448C	single				phdr_ras:NS5B:448C	NS5B:448C	AL_1a	Y448C	NS5B:448C:AL_1a:dasabuvir	category_II	II	2.0	1.0	940.0	0.0			NS5B:448C:AL_1a	dasabuvir	dasabuvir	drug_resistance	Abbvie	NS5B RNA polymerase inhibitors	25534735	https://doi.org/10.1128/AAC.04619-14
NS5B	1	448	C	REF_MASTER_NC_004102	NS5B:448C	aminoAcidSimplePolymorphism	NS5B:448C	single				phdr_ras:NS5B:448C	NS5B:448C	AL_1b	Y448C	NS5B:448C:AL_1b:dasabuvir	category_II	II	2.0	1.0	414.0	0.0			NS5B:448C:AL_1b	dasabuvir	dasabuvir	drug_resistance	Abbvie	NS5B RNA polymerase inhibitors	25534735	https://doi.org/10.1128/AAC.04619-14
NS5B	1	448	H	REF_MASTER_NC_004102	NS5B:448H	aminoAcidSimplePolymorphism	NS5B:448H	single				phdr_ras:NS5B:448H	NS5B:448H	AL_1a	Y448H	NS5B:448H:AL_1a:dasabuvir	category_II	II	2.0	1.0	975.0	0.0			NS5B:448H:AL_1a	dasabuvir	dasabuvir	drug_resistance	Abbvie	NS5B RNA polymerase inhibitors	25534735	https://doi.org/10.1128/AAC.04619-14
NS5B	1	448	H	REF_MASTER_NC_004102	NS5B:448H	aminoAcidSimplePolymorphism	NS5B:448H	single				phdr_ras:NS5B:448H	NS5B:448H	AL_1b	Y448H	NS5B:448H:AL_1b:dasabuvir	category_III	III	3.0	1.0	46.0	0.0			NS5B:448H:AL_1b	dasabuvir	dasabuvir	drug_resistance	Abbvie	NS5B RNA polymerase inhibitors	25534735	https://doi.org/10.1128/AAC.04619-14
NS5B	1	451	S	REF_MASTER_NC_004102	NS5B:451S	aminoAcidSimplePolymorphism	NS5B:451S	single				phdr_ras:NS5B:451S	NS5B:451S	AL_1b	C451S	NS5B:451S:AL_1b:dasabuvir	category_III	III	3.0	1.0	16.0	0.0			NS5B:451S:AL_1b	dasabuvir	dasabuvir	drug_resistance	Abbvie	NS5B RNA polymerase inhibitors	25534735	https://doi.org/10.1128/AAC.04619-14
NS5B	1	479	P	REF_MASTER_NC_004102	NS5B:479P	aminoAcidSimplePolymorphism	NS5B:179A+282T+289L+293L+479P	combination	NS5B:179A+282T+289L+293L+479P	5.0	5.0	phdr_ras:NS5B:179A+282T+289L+293L+479P	NS5B:179A+282T+289L+293L+479P	AL_2a	T179A+S282T+M289L+I293L+P479P	NS5B:179A+282T+289L+293L+479P:AL_2a:sofosbuvir	category_III	III	3.0	1.0	11.8	0.0			NS5B:179A+282T+289L+293L+479P:AL_2a	sofosbuvir	sofosbuvir	drug_resistance	Gilead Sciences	NS5B RNA polymerase inhibitors	22430955	https://doi.org/10.1128/AAC.00054-12
NS5B	1	479	P	REF_MASTER_NC_004102	NS5B:479P	aminoAcidSimplePolymorphism	NS5B:179A+282T+289L+479P	combination	NS5B:179A+282T+289L+479P	4.0	4.0	phdr_ras:NS5B:179A+282T+289L+479P	NS5B:179A+282T+289L+479P	AL_2a	T179A+S282T+M289L+P479P	NS5B:179A+282T+289L+479P:AL_2a:sofosbuvir	category_III	III	3.0	1.0	11.4	0.0			NS5B:179A+282T+289L+479P:AL_2a	sofosbuvir	sofosbuvir	drug_resistance	Gilead Sciences	NS5B RNA polymerase inhibitors	22430955	https://doi.org/10.1128/AAC.00054-12
NS5B	1	479	P	REF_MASTER_NC_004102	NS5B:479P	aminoAcidSimplePolymorphism	NS5B:179A+282T+293L+479P	combination	NS5B:179A+282T+293L+479P	4.0	4.0	phdr_ras:NS5B:179A+282T+293L+479P	NS5B:179A+282T+293L+479P	AL_2a	T179A+S282T+I293L+P479P	NS5B:179A+282T+293L+479P:AL_2a:sofosbuvir	category_III	III	3.0	1.0	9.0	0.0			NS5B:179A+282T+293L+479P:AL_2a	sofosbuvir	sofosbuvir	drug_resistance	Gilead Sciences	NS5B RNA polymerase inhibitors	22430955	https://doi.org/10.1128/AAC.00054-12
NS5B	1	479	P	REF_MASTER_NC_004102	NS5B:479P	aminoAcidSimplePolymorphism	NS5B:282T+289L+293L+479P	combination	NS5B:282T+289L+293L+479P	4.0	4.0	phdr_ras:NS5B:282T+289L+293L+479P	NS5B:282T+289L+293L+479P	AL_2a	S282T+M289L+I293L+P479P	NS5B:282T+289L+293L+479P:AL_2a:sofosbuvir	category_III	III	3.0	1.0	8.4	0.0			NS5B:282T+289L+293L+479P:AL_2a	sofosbuvir	sofosbuvir	drug_resistance	Gilead Sciences	NS5B RNA polymerase inhibitors	22430955	https://doi.org/10.1128/AAC.00054-12
NS5B	1	479	P	REF_MASTER_NC_004102	NS5B:479P	aminoAcidSimplePolymorphism	NS5B:282T+289L+479P	combination	NS5B:282T+289L+479P	3.0	3.0	phdr_ras:NS5B:282T+289L+479P	NS5B:282T+289L+479P	AL_2a	S282T+M289L+P479P	NS5B:282T+289L+479P:AL_2a:sofosbuvir	category_III	III	3.0	1.0	7.4	0.0			NS5B:282T+289L+479P:AL_2a	sofosbuvir	sofosbuvir	drug_resistance	Gilead Sciences	NS5B RNA polymerase inhibitors	22430955	https://doi.org/10.1128/AAC.00054-12
NS5B	1	479	P	REF_MASTER_NC_004102	NS5B:479P	aminoAcidSimplePolymorphism	NS5B:479P	single				phdr_ras:NS5B:479P	NS5B:479P															drug_resistance				
NS5B	1	495	A	REF_MASTER_NC_004102	NS5B:495A	aminoAcidSimplePolymorphism	NS5B:495A	single				phdr_ras:NS5B:495A	NS5B:495A	AL_1b	P495A	NS5B:495A:AL_1b:dasabuvir	insignificant	-	4.0	1.0	2.4	0.0			NS5B:495A:AL_1b	dasabuvir	dasabuvir	drug_resistance	Abbvie	NS5B RNA polymerase inhibitors	25534735	https://doi.org/10.1128/AAC.04619-14
NS5B	1	553	T	REF_MASTER_NC_004102	NS5B:553T	aminoAcidSimplePolymorphism	NS5B:553T	single				phdr_ras:NS5B:553T	NS5B:553T	AL_1a	A553T	NS5B:553T:AL_1a:dasabuvir	category_II	II	2.0	0.0		1.0	0.0	1.0	NS5B:553T:AL_1a	dasabuvir	dasabuvir	drug_resistance	Abbvie	NS5B RNA polymerase inhibitors	26100711	https://doi.org/10.1128/AAC.00998-15
NS5B	1	553	V	REF_MASTER_NC_004102	NS5B:553V	aminoAcidSimplePolymorphism	NS5B:553V	single				phdr_ras:NS5B:553V	NS5B:553V	AL_1b	A553V	NS5B:553V:AL_1b:dasabuvir	category_II	II	2.0	1.0	120.0	0.0			NS5B:553V:AL_1b	dasabuvir	dasabuvir	drug_resistance	Abbvie	NS5B RNA polymerase inhibitors	25534735	https://doi.org/10.1128/AAC.04619-14
NS5B	1	554	S	REF_MASTER_NC_004102	NS5B:554S	aminoAcidSimplePolymorphism	NS5B:554S	single				phdr_ras:NS5B:554S	NS5B:554S															drug_resistance				
NS5B	1	554	S	REF_MASTER_NC_004102	NS5B:554S	aminoAcidSimplePolymorphism	NS5B:554S+556G	combination	NS5B:554S+556G	2.0	1.0	phdr_ras:NS5B:554S+556G	NS5B:554S+556G	AL_1a	G554S+S556G	NS5B:554S+556G:AL_1a:dasabuvir	category_II	II	2.0	0.0		1.0	0.0	1.0	NS5B:554S+556G:AL_1a	dasabuvir	dasabuvir	drug_resistance	Abbvie	NS5B RNA polymerase inhibitors	26100711	https://doi.org/10.1128/AAC.00998-15
NS5B	1	556	G	REF_MASTER_NC_004102	NS5B:556G	aminoAcidSimplePolymorphism	NS5B:316N+556G	combination	NS5B:316N+556G	2.0	2.0	phdr_ras:NS5B:316N+556G	NS5B:316N+556G	AL_1b	C/N316N+G/S556G	NS5B:316N+556G:AL_1b:dasabuvir	category_I	I	1.0	0.0		1.0	1.0	1.0	NS5B:316N+556G:AL_1b	dasabuvir	dasabuvir	drug_resistance	Abbvie	NS5B RNA polymerase inhibitors	28416221;24720679;27670383	https://doi.org/10.1016/S2468-1253(17)30071-7;https://doi.org/10.1056/NEJMoa1401561;https://doi.org/10.1016/j.cgh.2016.09.139
NS5B	1	556	G	REF_MASTER_NC_004102	NS5B:556G	aminoAcidSimplePolymorphism	NS5B:316Y+556G	combination	NS5B:316Y+556G	2.0	2.0	phdr_ras:NS5B:316Y+556G	NS5B:316Y+556G	AL_1a	C316Y+S556G	NS5B:316Y+556G:AL_1a:dasabuvir	category_II	II	2.0	0.0		1.0	1.0	0.0	NS5B:316Y+556G:AL_1a	dasabuvir	dasabuvir	drug_resistance	Abbvie	NS5B RNA polymerase inhibitors	26100711	https://doi.org/10.1128/AAC.00998-15
NS5B	1	556	G	REF_MASTER_NC_004102	NS5B:556G	aminoAcidSimplePolymorphism	NS5B:414T+556G	combination	NS5B:414T+556G	2.0	2.0	phdr_ras:NS5B:414T+556G	NS5B:414T+556G	AL_1a	M414T+S556G	NS5B:414T+556G:AL_1a:dasabuvir	category_II	II	2.0	0.0		1.0	0.0	1.0	NS5B:414T+556G:AL_1a	dasabuvir	dasabuvir	drug_resistance	Abbvie	NS5B RNA polymerase inhibitors	26100711	https://doi.org/10.1128/AAC.00998-15
NS5B	1	556	G	REF_MASTER_NC_004102	NS5B:556G	aminoAcidSimplePolymorphism	NS5B:554S+556G	combination	NS5B:554S+556G	2.0	2.0	phdr_ras:NS5B:554S+556G	NS5B:554S+556G	AL_1a	G554S+S556G	NS5B:554S+556G:AL_1a:dasabuvir	category_II	II	2.0	0.0		1.0	0.0	1.0	NS5B:554S+556G:AL_1a	dasabuvir	dasabuvir	drug_resistance	Abbvie	NS5B RNA polymerase inhibitors	26100711	https://doi.org/10.1128/AAC.00998-15
NS5B	1	556	G	REF_MASTER_NC_004102	NS5B:556G	aminoAcidSimplePolymorphism	NS5B:556G	single				phdr_ras:NS5B:556G	NS5B:556G	AL_1a	S556G	NS5B:556G:AL_1a:dasabuvir	category_I	I	1.0	1.0	30.0	1.0	1.0	1.0	NS5B:556G:AL_1a	dasabuvir	dasabuvir	drug_resistance	Abbvie	NS5B RNA polymerase inhibitors	24720679;25706092;29146520;25534735;24795200;26100711	https://doi.org/10.1056/NEJMoa1401561;https://doi.org/10.1001/jama.2015.1328;https://doi.org/10.1053/j.gastro.2017.11.007;https://doi.org/10.1128/AAC.04619-14;https://doi.org/10.1056/NEJMoa1402338;https://doi.org/10.1128/AAC.00998-15
NS5B	1	556	G	REF_MASTER_NC_004102	NS5B:556G	aminoAcidSimplePolymorphism	NS5B:556G	single				phdr_ras:NS5B:556G	NS5B:556G	AL_1b	G/S556G	NS5B:556G:AL_1b:dasabuvir	category_I	I	1.0	1.0	15.0	1.0	0.0	1.0	NS5B:556G:AL_1b	dasabuvir	dasabuvir	drug_resistance	Abbvie	NS5B RNA polymerase inhibitors	29575060;29146520;25534735	https://doi.org/10.1002/jmv.25073;https://doi.org/10.1053/j.gastro.2017.11.007;https://doi.org/10.1128/AAC.04619-14
NS5B	1	556	N	REF_MASTER_NC_004102	NS5B:556N	aminoAcidSimplePolymorphism	NS5B:556N	single				phdr_ras:NS5B:556N	NS5B:556N	AL_1a	S556N	NS5B:556N:AL_1a:dasabuvir	category_III	III	3.0	1.0	29.0	0.0			NS5B:556N:AL_1a	dasabuvir	dasabuvir	drug_resistance	Abbvie	NS5B RNA polymerase inhibitors	25534735	https://doi.org/10.1128/AAC.04619-14
NS5B	1	556	R	REF_MASTER_NC_004102	NS5B:556R	aminoAcidSimplePolymorphism	NS5B:556R	single				phdr_ras:NS5B:556R	NS5B:556R	AL_1a	S556R	NS5B:556R:AL_1a:dasabuvir	category_II	II	2.0	0.0		1.0	1.0	0.0	NS5B:556R:AL_1a	dasabuvir	dasabuvir	drug_resistance	Abbvie	NS5B RNA polymerase inhibitors	EASL_2016_Abs_LBP503	https://doi.org/10.1016/S0168-8278(16)00180-X
NS5B	1	558	R	REF_MASTER_NC_004102	NS5B:558R	aminoAcidSimplePolymorphism	NS5B:558R	single				phdr_ras:NS5B:558R	NS5B:558R	AL_1a	G558R	NS5B:558R:AL_1a:dasabuvir	category_II	II	2.0	0.0		1.0	0.0	1.0	NS5B:558R:AL_1a	dasabuvir	dasabuvir	drug_resistance	Abbvie	NS5B RNA polymerase inhibitors	26100711	https://doi.org/10.1128/AAC.00998-15
NS5B	1	559	G	REF_MASTER_NC_004102	NS5B:559G	aminoAcidSimplePolymorphism	NS5B:559G	single				phdr_ras:NS5B:559G	NS5B:559G	AL_1a	D559G	NS5B:559G:AL_1a:dasabuvir	category_II	II	2.0	0.0		1.0	0.0	1.0	NS5B:559G:AL_1a	dasabuvir	dasabuvir	drug_resistance	Abbvie	NS5B RNA polymerase inhibitors	26100711	https://doi.org/10.1128/AAC.00998-15
NS5B	1	565	F	REF_MASTER_NC_004102	NS5B:565F	aminoAcidSimplePolymorphism	NS5B:565F	single				phdr_ras:NS5B:565F	NS5B:565F	AL_1a	S565F	NS5B:565F:AL_1a:dasabuvir	category_III	III	3.0	1.0	17.0	0.0			NS5B:565F:AL_1a	dasabuvir	dasabuvir	drug_resistance	Abbvie	NS5B RNA polymerase inhibitors	25534735	https://doi.org/10.1128/AAC.04619-14
NS5B	1	585	V	REF_MASTER_NC_004102	NS5B:585V	aminoAcidSimplePolymorphism	NS5B:585V	single				phdr_ras:NS5B:585V	NS5B:585V	AL_1b	I585V	NS5B:585V:AL_1b:dasabuvir	category_III	III	3.0	1.0	16.0	0.0			NS5B:585V:AL_1b	dasabuvir	dasabuvir	drug_resistance	Abbvie	NS5B RNA polymerase inhibitors	25534735	https://doi.org/10.1128/AAC.04619-14
