protein_name	segment	aa_position	alt_residue	reference_accession	mutation_id	mutation_type	signature_id	signature_kind	combination_id	combination_size	component_order	source_variation_name	source_phdr_ras_id	alignment_name	display_structure	id	resistance_category	display_resistance_category	numeric_resistance_category	any_in_vitro_evidence	in_vitro_max_ec50_midpoint	any_in_vivo_evidence	in_vivo_baseline	in_vivo_treatment_emergent	phdr_alignment_ras_id	phdr_drug_id	drug	phenotype
NS3	1	107	I	REF_MASTER_NC_004102	NS3:107I	aminoAcidSimplePolymorphism	NS3:107I	single				phdr_ras:NS3:107I	NS3:107I	AL_1a	V107I	NS3:107I:AL_1a:grazoprevir	category_I	I	1	1	0.8	1	1	1	NS3:107I:AL_1a	grazoprevir	grazoprevir	drug_resistance
NS3	1	107	I	REF_MASTER_NC_004102	NS3:107I	aminoAcidSimplePolymorphism	NS3:107I	single				phdr_ras:NS3:107I	NS3:107I	AL_1b	V107I	NS3:107I:AL_1b:grazoprevir	category_II	II	2	0		1	0	1	NS3:107I:AL_1b	grazoprevir	grazoprevir	drug_resistance
NS3	1	107	I	REF_MASTER_NC_004102	NS3:107I	aminoAcidSimplePolymorphism	NS3:36M+80K+107I	combination	NS3:36M+80K+107I	3	3	phdr_ras:NS3:36M+80K+107I	NS3:36M+80K+107I	AL_1a	V36M+K/Q80K+V107I	NS3:36M+80K+107I:AL_1a:grazoprevir	category_II	II	2	0		1	0	1	NS3:36M+80K+107I:AL_1a	grazoprevir	grazoprevir	drug_resistance
NS3	1	107	I	REF_MASTER_NC_004102	NS3:107I	aminoAcidSimplePolymorphism	NS3:80K+107I	combination	NS3:80K+107I	2	2	phdr_ras:NS3:80K+107I	NS3:80K+107I	AL_1a	K/Q80K+V107I	NS3:80K+107I:AL_1a:grazoprevir	category_II	II	2	0		1	0	1	NS3:80K+107I:AL_1a	grazoprevir	grazoprevir	drug_resistance
NS3	1	109	K	REF_MASTER_NC_004102	NS3:109K	aminoAcidSimplePolymorphism	NS3:109K	single				phdr_ras:NS3:109K	NS3:109K	AL_1a	R109K	NS3:109K:AL_1a:grazoprevir	insignificant	-	4	1	2	0			NS3:109K:AL_1a	grazoprevir	grazoprevir	drug_resistance
NS3	1	117	L	REF_MASTER_NC_004102	NS3:117L	aminoAcidSimplePolymorphism	NS3:117L	single				phdr_ras:NS3:117L	NS3:117L															drug_resistance
NS3	1	117	L	REF_MASTER_NC_004102	NS3:117L	aminoAcidSimplePolymorphism	NS3:117L+156S	combination	NS3:117L+156S	2	1	phdr_ras:NS3:117L+156S	NS3:117L+156S	AL_5a	R117L+A156S	NS3:117L+156S:AL_5a:paritaprevir	insignificant	-	4	1	3.7	0			NS3:117L+156S:AL_5a	paritaprevir	paritaprevir	drug_resistance
NS3	1	122	C	REF_MASTER_NC_004102	NS3:122C	aminoAcidSimplePolymorphism	NS3:122C	single				phdr_ras:NS3:122C	NS3:122C															drug_resistance
NS3	1	122	C	REF_MASTER_NC_004102	NS3:122C	aminoAcidSimplePolymorphism	NS3:36L+80K+122C	combination	NS3:36L+80K+122C	3	3	phdr_ras:NS3:36L+80K+122C	NS3:36L+80K+122C	AL_1a	V36L+K/Q80K+S122C	NS3:36L+80K+122C:AL_1a:grazoprevir	category_II	II	2	0		1	1	0	NS3:36L+80K+122C:AL_1a	grazoprevir	grazoprevir	drug_resistance
NS3	1	122	D	REF_MASTER_NC_004102	NS3:122D	aminoAcidSimplePolymorphism	NS3:122D	single				phdr_ras:NS3:122D	NS3:122D	AL_1b	S122D	NS3:122D:AL_1b:voxilaprevir	category_III	III	3	1	11.25	0			NS3:122D:AL_1b	voxilaprevir	voxilaprevir	drug_resistance
NS3	1	122	G	REF_MASTER_NC_004102	NS3:122G	aminoAcidSimplePolymorphism	NS3:122G	single				phdr_ras:NS3:122G	NS3:122G	AL_1a	S122G	NS3:122G:AL_1a:grazoprevir	category_II	II	2	0		1	1	0	NS3:122G:AL_1a	grazoprevir	grazoprevir	drug_resistance
NS3	1	122	G	REF_MASTER_NC_004102	NS3:122G	aminoAcidSimplePolymorphism	NS3:122G	single				phdr_ras:NS3:122G	NS3:122G	AL_1b	S122G	NS3:122G:AL_1b:grazoprevir	category_II	II	2	0		1	1	0	NS3:122G:AL_1b	grazoprevir	grazoprevir	drug_resistance
NS3	1	122	G	REF_MASTER_NC_004102	NS3:122G	aminoAcidSimplePolymorphism	NS3:122G+155K	combination	NS3:122G+155K	2	1	phdr_ras:NS3:122G+155K	NS3:122G+155K	AL_1a	S122G+R155K	NS3:122G+155K:AL_1a:voxilaprevir	category_III	III	3	1	6.2	0			NS3:122G+155K:AL_1a	voxilaprevir	voxilaprevir	drug_resistance
NS3	1	122	G	REF_MASTER_NC_004102	NS3:122G	aminoAcidSimplePolymorphism	NS3:122G+155K+170V	combination	NS3:122G+155K+170V	3	1	phdr_ras:NS3:122G+155K+170V	NS3:122G+155K+170V	AL_1a	S122G+R155K+I170V	NS3:122G+155K+170V:AL_1a:voxilaprevir	category_III	III	3	1	5.2	0			NS3:122G+155K+170V:AL_1a	voxilaprevir	voxilaprevir	drug_resistance
NS3	1	122	G	REF_MASTER_NC_004102	NS3:122G	aminoAcidSimplePolymorphism	NS3:122G+168A	combination	NS3:122G+168A	2	1	phdr_ras:NS3:122G+168A	NS3:122G+168A	AL_1a	S122G+D168A	NS3:122G+168A:AL_1a:grazoprevir	category_II	II	2	0		1	0	1	NS3:122G+168A:AL_1a	grazoprevir	grazoprevir	drug_resistance
NS3	1	122	G	REF_MASTER_NC_004102	NS3:122G	aminoAcidSimplePolymorphism	NS3:36M+80K+122G+168A	combination	NS3:36M+80K+122G+168A	4	3	phdr_ras:NS3:36M+80K+122G+168A	NS3:36M+80K+122G+168A	AL_1a	V36M+K/Q80K+S122G+D168A	NS3:36M+80K+122G+168A:AL_1a:grazoprevir	category_II	II	2	0		1	0	1	NS3:36M+80K+122G+168A:AL_1a	grazoprevir	grazoprevir	drug_resistance
NS3	1	122	G	REF_MASTER_NC_004102	NS3:122G	aminoAcidSimplePolymorphism	NS3:41H+80K+122G	combination	NS3:41H+80K+122G	3	3	phdr_ras:NS3:41H+80K+122G	NS3:41H+80K+122G	AL_1a	Q41H+K/Q80K+S122G	NS3:41H+80K+122G:AL_1a:voxilaprevir	insignificant	-	4	1	2	0			NS3:41H+80K+122G:AL_1a	voxilaprevir	voxilaprevir	drug_resistance
NS3	1	122	G	REF_MASTER_NC_004102	NS3:122G	aminoAcidSimplePolymorphism	NS3:54S+122G+155K+180V	combination	NS3:54S+122G+155K+180V	4	2	phdr_ras:NS3:54S+122G+155K+180V	NS3:54S+122G+155K+180V	AL_1a	T54S+S122G+R155K+R180V	NS3:54S+122G+155K+180V:AL_1a:voxilaprevir	category_III	III	3	1	9.2	0			NS3:54S+122G+155K+180V:AL_1a	voxilaprevir	voxilaprevir	drug_resistance
NS3	1	122	G	REF_MASTER_NC_004102	NS3:122G	aminoAcidSimplePolymorphism	NS3:54S+55I+122G+155K	combination	NS3:54S+55I+122G+155K	4	3	phdr_ras:NS3:54S+55I+122G+155K	NS3:54S+55I+122G+155K	AL_1a	T54S+V55I+S122G+R155K	NS3:54S+55I+122G+155K:AL_1a:voxilaprevir	category_III	III	3	1	5.9	0			NS3:54S+55I+122G+155K:AL_1a	voxilaprevir	voxilaprevir	drug_resistance
NS3	1	122	G	REF_MASTER_NC_004102	NS3:122G	aminoAcidSimplePolymorphism	NS3:54S+55I+122G+155K+170V	combination	NS3:54S+55I+122G+155K+170V	5	3	phdr_ras:NS3:54S+55I+122G+155K+170V	NS3:54S+55I+122G+155K+170V	AL_1a	T54S+V55I+S122G+R155K+I170V	NS3:54S+55I+122G+155K+170V:AL_1a:voxilaprevir	insignificant	-	4	1	4.1	0			NS3:54S+55I+122G+155K+170V:AL_1a	voxilaprevir	voxilaprevir	drug_resistance
NS3	1	122	G	REF_MASTER_NC_004102	NS3:122G	aminoAcidSimplePolymorphism	NS3:80K+122G	combination	NS3:80K+122G	2	2	phdr_ras:NS3:80K+122G	NS3:80K+122G	AL_1a	K/Q80K+S122G	NS3:80K+122G:AL_1a:grazoprevir	category_II	II	2	0		1	1	0	NS3:80K+122G:AL_1a	grazoprevir	grazoprevir	drug_resistance
NS3	1	122	G	REF_MASTER_NC_004102	NS3:122G	aminoAcidSimplePolymorphism	NS3:80K+122G+168Y	combination	NS3:80K+122G+168Y	3	2	phdr_ras:NS3:80K+122G+168Y	NS3:80K+122G+168Y	AL_1a	K/Q80K+S122G+D168Y	NS3:80K+122G+168Y:AL_1a:grazoprevir	category_II	II	2	0		1	0	1	NS3:80K+122G+168Y:AL_1a	grazoprevir	grazoprevir	drug_resistance
NS3	1	122	N	REF_MASTER_NC_004102	NS3:122N	aminoAcidSimplePolymorphism	NS3:122N	single				phdr_ras:NS3:122N	NS3:122N	AL_1a	S122N	NS3:122N:AL_1a:grazoprevir	category_II	II	2	0		1	1	0	NS3:122N:AL_1a	grazoprevir	grazoprevir	drug_resistance
NS3	1	122	N	REF_MASTER_NC_004102	NS3:122N	aminoAcidSimplePolymorphism	NS3:122N+155G	combination	NS3:122N+155G	2	1	phdr_ras:NS3:122N+155G	NS3:122N+155G	AL_1a	S122N+R155G	NS3:122N+155G:AL_1a:grazoprevir	category_II	II	2	0		1	1	0	NS3:122N+155G:AL_1a	grazoprevir	grazoprevir	drug_resistance
NS3	1	122	N	REF_MASTER_NC_004102	NS3:122N	aminoAcidSimplePolymorphism	NS3:122N+168A	combination	NS3:122N+168A	2	1	phdr_ras:NS3:122N+168A	NS3:122N+168A	AL_5a	A/T122N+D/E168A	NS3:122N+168A:AL_5a:voxilaprevir	category_III	III	3	1	11.25	0			NS3:122N+168A:AL_5a	voxilaprevir	voxilaprevir	drug_resistance
NS3	1	122	N	REF_MASTER_NC_004102	NS3:122N	aminoAcidSimplePolymorphism	NS3:122N+168N	combination	NS3:122N+168N	2	1	phdr_ras:NS3:122N+168N	NS3:122N+168N	AL_1a	S122N+D168N	NS3:122N+168N:AL_1a:grazoprevir	category_II	II	2	0		1	1	0	NS3:122N+168N:AL_1a	grazoprevir	grazoprevir	drug_resistance
NS3	1	122	N	REF_MASTER_NC_004102	NS3:122N	aminoAcidSimplePolymorphism	NS3:122N+168Y	combination	NS3:122N+168Y	2	1	phdr_ras:NS3:122N+168Y	NS3:122N+168Y	AL_1a	S122N+D168Y	NS3:122N+168Y:AL_1a:voxilaprevir	category_III	III	3	1	11.25	0			NS3:122N+168Y:AL_1a	voxilaprevir	voxilaprevir	drug_resistance
NS3	1	122	N	REF_MASTER_NC_004102	NS3:122N	aminoAcidSimplePolymorphism	NS3:168A+122N	combination	NS3:168A+122N	2	2	phdr_ras:NS3:168A+122N	NS3:168A+122N	AL_6a	D168A+N/S122N	NS3:168A+122N:AL_6a:voxilaprevir	category_III	III	3	1	11.25	0			NS3:168A+122N:AL_6a	voxilaprevir	voxilaprevir	drug_resistance
NS3	1	122	N	REF_MASTER_NC_004102	NS3:122N	aminoAcidSimplePolymorphism	NS3:36M+122N	combination	NS3:36M+122N	2	2	phdr_ras:NS3:36M+122N	NS3:36M+122N	AL_1a	V36M+S122N	NS3:36M+122N:AL_1a:voxilaprevir	category_III	III	3	1	11.25	0			NS3:36M+122N:AL_1a	voxilaprevir	voxilaprevir	drug_resistance
NS3	1	122	N	REF_MASTER_NC_004102	NS3:122N	aminoAcidSimplePolymorphism	NS3:55A+80K+122N	combination	NS3:55A+80K+122N	3	3	phdr_ras:NS3:55A+80K+122N	NS3:55A+80K+122N	AL_6a	V55A+K80K+N/S122N	NS3:55A+80K+122N:AL_6a:voxilaprevir	insignificant	-	4	1	2	0			NS3:55A+80K+122N:AL_6a	voxilaprevir	voxilaprevir	drug_resistance
NS3	1	122	N	REF_MASTER_NC_004102	NS3:122N	aminoAcidSimplePolymorphism	NS3:56F+122N	combination	NS3:56F+122N	2	2	phdr_ras:NS3:56F+122N	NS3:56F+122N	AL_1b	F/Y56F+S122N	NS3:56F+122N:AL_1b:voxilaprevir	insignificant	-	4	1	3.4	0			NS3:56F+122N:AL_1b	voxilaprevir	voxilaprevir	drug_resistance
NS3	1	122	N	REF_MASTER_NC_004102	NS3:122N	aminoAcidSimplePolymorphism	NS3:56F+122N+170I	combination	NS3:56F+122N+170I	3	2	phdr_ras:NS3:56F+122N+170I	NS3:56F+122N+170I	AL_1b	F/Y56F+S122N+I/V170I	NS3:56F+122N+170I:AL_1b:voxilaprevir	insignificant	-	4	1	3.3	0			NS3:56F+122N+170I:AL_1b	voxilaprevir	voxilaprevir	drug_resistance
NS3	1	122	R	REF_MASTER_NC_004102	NS3:122R	aminoAcidSimplePolymorphism	NS3:122R	single				phdr_ras:NS3:122R	NS3:122R	AL_1a	S122R	NS3:122R:AL_1a:grazoprevir	insignificant	-	4	1	1.8	0			NS3:122R:AL_1a	grazoprevir	grazoprevir	drug_resistance
NS3	1	122	R	REF_MASTER_NC_004102	NS3:122R	aminoAcidSimplePolymorphism	NS3:122R	single				phdr_ras:NS3:122R	NS3:122R	AL_1b	S122R	NS3:122R:AL_1b:paritaprevir	category_II	II	2	0		1	1	0	NS3:122R:AL_1b	paritaprevir	paritaprevir	drug_resistance
NS3	1	122	R	REF_MASTER_NC_004102	NS3:122R	aminoAcidSimplePolymorphism	NS3:122R+155N+168E	combination	NS3:122R+155N+168E	3	1	phdr_ras:NS3:122R+155N+168E	NS3:122R+155N+168E	AL_1a	S122R+R155N+D168E	NS3:122R+155N+168E:AL_1a:voxilaprevir	category_III	III	3	1	10.7	0			NS3:122R+155N+168E:AL_1a	voxilaprevir	voxilaprevir	drug_resistance
NS3	1	122	T	REF_MASTER_NC_004102	NS3:122T	aminoAcidSimplePolymorphism	NS3:122T	single				phdr_ras:NS3:122T	NS3:122T	AL_1a	S122T	NS3:122T:AL_1a:grazoprevir	category_II	II	2	0		1	0	1	NS3:122T:AL_1a	grazoprevir	grazoprevir	drug_resistance
NS3	1	122	T	REF_MASTER_NC_004102	NS3:122T	aminoAcidSimplePolymorphism	NS3:122T+170I	combination	NS3:122T+170I	2	1	phdr_ras:NS3:122T+170I	NS3:122T+170I	AL_1b	S122T+I/V170I	NS3:122T+170I:AL_1b:grazoprevir	category_II	II	2	0		1	1	0	NS3:122T+170I:AL_1b	grazoprevir	grazoprevir	drug_resistance
NS3	1	123	Q	REF_MASTER_NC_004102	NS3:123Q	aminoAcidSimplePolymorphism	NS3:123Q	single				phdr_ras:NS3:123Q	NS3:123Q	AL_2a	R123Q	NS3:123Q:AL_2a:paritaprevir	insignificant	-	4	1	2.9	0			NS3:123Q:AL_2a	paritaprevir	paritaprevir	drug_resistance
NS3	1	132	I	REF_MASTER_NC_004102	NS3:132I	aminoAcidSimplePolymorphism	NS3:132I	single				phdr_ras:NS3:132I	NS3:132I															drug_resistance
NS3	1	132	I	REF_MASTER_NC_004102	NS3:132I	aminoAcidSimplePolymorphism	NS3:132I+170I	combination	NS3:132I+170I	2	1	phdr_ras:NS3:132I+170I	NS3:132I+170I	AL_3	L132I+I/V170I	NS3:132I+170I:AL_3:grazoprevir	category_II	II	2	0		1	1	0	NS3:132I+170I:AL_3	grazoprevir	grazoprevir	drug_resistance
NS3	1	132	I	REF_MASTER_NC_004102	NS3:132I	aminoAcidSimplePolymorphism	NS3:77S+80K+132I+156G	combination	NS3:77S+80K+132I+156G	4	3	phdr_ras:NS3:77S+80K+132I+156G	NS3:77S+80K+132I+156G	AL_1a	N77S+K/Q80K+I132I+A156G	NS3:77S+80K+132I+156G:AL_1a:grazoprevir	category_II	II	2	0		1	0	1	NS3:77S+80K+132I+156G:AL_1a	grazoprevir	grazoprevir	drug_resistance
NS3	1	132	I	REF_MASTER_NC_004102	NS3:132I	aminoAcidSimplePolymorphism	NS3:80K+132I	combination	NS3:80K+132I	2	2	phdr_ras:NS3:80K+132I	NS3:80K+132I	AL_1a	K/Q80K+I132I	NS3:80K+132I:AL_1a:grazoprevir	category_II	II	2	0		1	1	0	NS3:80K+132I:AL_1a	grazoprevir	grazoprevir	drug_resistance
NS3	1	132	I	REF_MASTER_NC_004102	NS3:132I	aminoAcidSimplePolymorphism	NS3:80R+132I+170I	combination	NS3:80R+132I+170I	3	2	phdr_ras:NS3:80R+132I+170I	NS3:80R+132I+170I	AL_3	Q80R+L132I+I/V170I	NS3:80R+132I+170I:AL_3:grazoprevir	category_II	II	2	0		1	0	1	NS3:80R+132I+170I:AL_3	grazoprevir	grazoprevir	drug_resistance
NS3	1	132	V	REF_MASTER_NC_004102	NS3:132V	aminoAcidSimplePolymorphism	NS3:132V	single				phdr_ras:NS3:132V	NS3:132V	AL_2a	I/L132V	NS3:132V:AL_2a:paritaprevir	insignificant	-	4	1	2.6	0			NS3:132V:AL_2a	paritaprevir	paritaprevir	drug_resistance
NS3	1	132	V	REF_MASTER_NC_004102	NS3:132V	aminoAcidSimplePolymorphism	NS3:80K+132V	combination	NS3:80K+132V	2	2	phdr_ras:NS3:80K+132V	NS3:80K+132V	AL_1a	K/Q80K+I132V	NS3:80K+132V:AL_1a:grazoprevir	category_II	II	2	0		1	1	0	NS3:80K+132V:AL_1a	grazoprevir	grazoprevir	drug_resistance
NS3	1	132	V	REF_MASTER_NC_004102	NS3:132V	aminoAcidSimplePolymorphism	NS3:80K+132V+156G	combination	NS3:80K+132V+156G	3	2	phdr_ras:NS3:80K+132V+156G	NS3:80K+132V+156G	AL_1a	K/Q80K+I132V+A156G	NS3:80K+132V+156G:AL_1a:grazoprevir	category_II	II	2	0		1	0	1	NS3:80K+132V+156G:AL_1a	grazoprevir	grazoprevir	drug_resistance
NS3	1	155	C	REF_MASTER_NC_004102	NS3:155C	aminoAcidSimplePolymorphism	NS3:155C	single				phdr_ras:NS3:155C	NS3:155C	AL_4a	R155C	NS3:155C:AL_4a:glecaprevir	insignificant	-	4	1	2.6	0			NS3:155C:AL_4a	glecaprevir	glecaprevir	drug_resistance
NS3	1	155	D	REF_MASTER_NC_004102	NS3:155D	aminoAcidSimplePolymorphism	NS3:155D	single				phdr_ras:NS3:155D	NS3:155D	AL_1a	R155D	NS3:155D:AL_1a:grazoprevir	category_II	II	2	0		1	1	0	NS3:155D:AL_1a	grazoprevir	grazoprevir	drug_resistance
NS3	1	155	G	REF_MASTER_NC_004102	NS3:155G	aminoAcidSimplePolymorphism	NS3:122N+155G	combination	NS3:122N+155G	2	2	phdr_ras:NS3:122N+155G	NS3:122N+155G	AL_1a	S122N+R155G	NS3:122N+155G:AL_1a:grazoprevir	category_II	II	2	0		1	1	0	NS3:122N+155G:AL_1a	grazoprevir	grazoprevir	drug_resistance
NS3	1	155	G	REF_MASTER_NC_004102	NS3:155G	aminoAcidSimplePolymorphism	NS3:155G	single				phdr_ras:NS3:155G	NS3:155G	AL_1a	R155G	NS3:155G:AL_1a:paritaprevir	category_III	III	3	1	14	0			NS3:155G:AL_1a	paritaprevir	paritaprevir	drug_resistance
NS3	1	155	G	REF_MASTER_NC_004102	NS3:155G	aminoAcidSimplePolymorphism	NS3:155G	single				phdr_ras:NS3:155G	NS3:155G	AL_1a	R155G	NS3:155G:AL_1a:voxilaprevir	insignificant	-	4	1	4.6	0			NS3:155G:AL_1a	voxilaprevir	voxilaprevir	drug_resistance
NS3	1	155	G	REF_MASTER_NC_004102	NS3:155G	aminoAcidSimplePolymorphism	NS3:155G	single				phdr_ras:NS3:155G	NS3:155G	AL_1b	R155G	NS3:155G:AL_1b:grazoprevir	category_III	III	3	1	28	0			NS3:155G:AL_1b	grazoprevir	grazoprevir	drug_resistance
NS3	1	155	G	REF_MASTER_NC_004102	NS3:155G	aminoAcidSimplePolymorphism	NS3:36A+155G+168G	combination	NS3:36A+155G+168G	3	2	phdr_ras:NS3:36A+155G+168G	NS3:36A+155G+168G	AL_1a	V36A+R155G+D168G	NS3:36A+155G+168G:AL_1a:grazoprevir	category_II	II	2	0		1	0	1	NS3:36A+155G+168G:AL_1a	grazoprevir	grazoprevir	drug_resistance
NS3	1	155	G	REF_MASTER_NC_004102	NS3:155G	aminoAcidSimplePolymorphism	NS3:36M+155G+168G	combination	NS3:36M+155G+168G	3	2	phdr_ras:NS3:36M+155G+168G	NS3:36M+155G+168G	AL_1a	V36M+R155G+D168G	NS3:36M+155G+168G:AL_1a:grazoprevir	category_II	II	2	0		1	0	1	NS3:36M+155G+168G:AL_1a	grazoprevir	grazoprevir	drug_resistance
NS3	1	155	I	REF_MASTER_NC_004102	NS3:155I	aminoAcidSimplePolymorphism	NS3:155I	single				phdr_ras:NS3:155I	NS3:155I	AL_1a	R155I	NS3:155I:AL_1a:grazoprevir	category_II	II	2	0		1	0	1	NS3:155I:AL_1a	grazoprevir	grazoprevir	drug_resistance
NS3	1	155	I	REF_MASTER_NC_004102	NS3:155I	aminoAcidSimplePolymorphism	NS3:56H+80K+155I+168V	combination	NS3:56H+80K+155I+168V	4	3	phdr_ras:NS3:56H+80K+155I+168V	NS3:56H+80K+155I+168V	AL_1a	Y56H+K/Q80K+R155I+D168V	NS3:56H+80K+155I+168V:AL_1a:grazoprevir	category_II	II	2	0		1	0	1	NS3:56H+80K+155I+168V:AL_1a	grazoprevir	grazoprevir	drug_resistance
NS3	1	155	K	REF_MASTER_NC_004102	NS3:155K	aminoAcidSimplePolymorphism	NS3:122G+155K	combination	NS3:122G+155K	2	2	phdr_ras:NS3:122G+155K	NS3:122G+155K	AL_1a	S122G+R155K	NS3:122G+155K:AL_1a:voxilaprevir	category_III	III	3	1	6.2	0			NS3:122G+155K:AL_1a	voxilaprevir	voxilaprevir	drug_resistance
NS3	1	155	K	REF_MASTER_NC_004102	NS3:155K	aminoAcidSimplePolymorphism	NS3:122G+155K+170V	combination	NS3:122G+155K+170V	3	2	phdr_ras:NS3:122G+155K+170V	NS3:122G+155K+170V	AL_1a	S122G+R155K+I170V	NS3:122G+155K+170V:AL_1a:voxilaprevir	category_III	III	3	1	5.2	0			NS3:122G+155K+170V:AL_1a	voxilaprevir	voxilaprevir	drug_resistance
NS3	1	155	K	REF_MASTER_NC_004102	NS3:155K	aminoAcidSimplePolymorphism	NS3:155K	single				phdr_ras:NS3:155K	NS3:155K	AL_1a	R155K	NS3:155K:AL_1a:grazoprevir	category_I	I	1	1	4.5	1	1	1	NS3:155K:AL_1a	grazoprevir	grazoprevir	drug_resistance
NS3	1	155	K	REF_MASTER_NC_004102	NS3:155K	aminoAcidSimplePolymorphism	NS3:155K	single				phdr_ras:NS3:155K	NS3:155K	AL_1a	R155K	NS3:155K:AL_1a:paritaprevir	category_I	I	1	1	95	1	1	1	NS3:155K:AL_1a	paritaprevir	paritaprevir	drug_resistance
NS3	1	155	K	REF_MASTER_NC_004102	NS3:155K	aminoAcidSimplePolymorphism	NS3:155K	single				phdr_ras:NS3:155K	NS3:155K	AL_1b	R155K	NS3:155K:AL_1b:grazoprevir	insignificant	-	4	1	2.2	0			NS3:155K:AL_1b	grazoprevir	grazoprevir	drug_resistance
NS3	1	155	K	REF_MASTER_NC_004102	NS3:155K	aminoAcidSimplePolymorphism	NS3:155K	single				phdr_ras:NS3:155K	NS3:155K	AL_1b	R155K	NS3:155K:AL_1b:paritaprevir	category_III	III	3	1	40	0			NS3:155K:AL_1b	paritaprevir	paritaprevir	drug_resistance
NS3	1	155	K	REF_MASTER_NC_004102	NS3:155K	aminoAcidSimplePolymorphism	NS3:155K	single				phdr_ras:NS3:155K	NS3:155K	AL_2a	R155K	NS3:155K:AL_2a:paritaprevir	insignificant	-	4	1	4	0			NS3:155K:AL_2a	paritaprevir	paritaprevir	drug_resistance
NS3	1	155	K	REF_MASTER_NC_004102	NS3:155K	aminoAcidSimplePolymorphism	NS3:155K	single				phdr_ras:NS3:155K	NS3:155K	AL_4a	R155K	NS3:155K:AL_4a:paritaprevir	category_III	III	3	1	45	0			NS3:155K:AL_4a	paritaprevir	paritaprevir	drug_resistance
NS3	1	155	K	REF_MASTER_NC_004102	NS3:155K	aminoAcidSimplePolymorphism	NS3:155K	single				phdr_ras:NS3:155K	NS3:155K	AL_5a	R155K	NS3:155K:AL_5a:paritaprevir	category_III	III	3	1	46	0			NS3:155K:AL_5a	paritaprevir	paritaprevir	drug_resistance
NS3	1	155	K	REF_MASTER_NC_004102	NS3:155K	aminoAcidSimplePolymorphism	NS3:155K	single				phdr_ras:NS3:155K	NS3:155K	AL_6a	R155K	NS3:155K:AL_6a:paritaprevir	category_III	III	3	1	7	0			NS3:155K:AL_6a	paritaprevir	paritaprevir	drug_resistance
NS3	1	155	K	REF_MASTER_NC_004102	NS3:155K	aminoAcidSimplePolymorphism	NS3:155K+168A	combination	NS3:155K+168A	2	1	phdr_ras:NS3:155K+168A	NS3:155K+168A	AL_1a	R155K+D168A	NS3:155K+168A:AL_1a:grazoprevir	category_III	III	3	1	6	0			NS3:155K+168A:AL_1a	grazoprevir	grazoprevir	drug_resistance
NS3	1	155	K	REF_MASTER_NC_004102	NS3:155K	aminoAcidSimplePolymorphism	NS3:155K+168R	combination	NS3:155K+168R	2	1	phdr_ras:NS3:155K+168R	NS3:155K+168R	AL_3a	R155K+Q168R	NS3:155K+168R:AL_3a:paritaprevir	insignificant	-	4	1	2.6	0			NS3:155K+168R:AL_3a	paritaprevir	paritaprevir	drug_resistance
NS3	1	155	K	REF_MASTER_NC_004102	NS3:155K	aminoAcidSimplePolymorphism	NS3:155K+168V	combination	NS3:155K+168V	2	1	phdr_ras:NS3:155K+168V	NS3:155K+168V	AL_1a	R155K+D168V	NS3:155K+168V:AL_1a:paritaprevir	category_II	II	2	0		1	0	1	NS3:155K+168V:AL_1a	paritaprevir	paritaprevir	drug_resistance
NS3	1	155	K	REF_MASTER_NC_004102	NS3:155K	aminoAcidSimplePolymorphism	NS3:18V+155K	combination	NS3:18V+155K	2	2	phdr_ras:NS3:18V+155K	NS3:18V+155K	AL_5a	I/V18V+R155K	NS3:18V+155K:AL_5a:paritaprevir	category_III	III	3	1	14.1	0			NS3:18V+155K:AL_5a	paritaprevir	paritaprevir	drug_resistance
NS3	1	155	K	REF_MASTER_NC_004102	NS3:155K	aminoAcidSimplePolymorphism	NS3:36A+155K	combination	NS3:36A+155K	2	2	phdr_ras:NS3:36A+155K	NS3:36A+155K	AL_1a	V36A+R155K	NS3:36A+155K:AL_1a:paritaprevir	category_II	II	2	0		1	0	1	NS3:36A+155K:AL_1a	paritaprevir	paritaprevir	drug_resistance
NS3	1	155	K	REF_MASTER_NC_004102	NS3:155K	aminoAcidSimplePolymorphism	NS3:36A+80R+155K	combination	NS3:36A+80R+155K	3	3	phdr_ras:NS3:36A+80R+155K	NS3:36A+80R+155K	AL_1a	V36A+K/Q80R+R155K	NS3:36A+80R+155K:AL_1a:grazoprevir	category_II	II	2	0		1	1	0	NS3:36A+80R+155K:AL_1a	grazoprevir	grazoprevir	drug_resistance
NS3	1	155	K	REF_MASTER_NC_004102	NS3:155K	aminoAcidSimplePolymorphism	NS3:36L+155K	combination	NS3:36L+155K	2	2	phdr_ras:NS3:36L+155K	NS3:36L+155K	AL_1a	V36L+R155K	NS3:36L+155K:AL_1a:grazoprevir	category_I	I	1	0		1	1	1	NS3:36L+155K:AL_1a	grazoprevir	grazoprevir	drug_resistance
NS3	1	155	K	REF_MASTER_NC_004102	NS3:155K	aminoAcidSimplePolymorphism	NS3:36L+155K+156T+158A+168N	combination	NS3:36L+155K+156T+158A+168N	5	2	phdr_ras:NS3:36L+155K+156T+158A+168N	NS3:36L+155K+156T+158A+168N	AL_1a	V36L+R155K+A156T+V158A+D168N	NS3:36L+155K+156T+158A+168N:AL_1a:grazoprevir	category_II	II	2	0		1	0	1	NS3:36L+155K+156T+158A+168N:AL_1a	grazoprevir	grazoprevir	drug_resistance
NS3	1	155	K	REF_MASTER_NC_004102	NS3:155K	aminoAcidSimplePolymorphism	NS3:36L+155K+156T+168N	combination	NS3:36L+155K+156T+168N	4	2	phdr_ras:NS3:36L+155K+156T+168N	NS3:36L+155K+156T+168N	AL_1a	V36L+R155K+A156T+D168N	NS3:36L+155K+156T+168N:AL_1a:grazoprevir	category_II	II	2	0		1	0	1	NS3:36L+155K+156T+168N:AL_1a	grazoprevir	grazoprevir	drug_resistance
NS3	1	155	K	REF_MASTER_NC_004102	NS3:155K	aminoAcidSimplePolymorphism	NS3:36M+155K	combination	NS3:36M+155K	2	2	phdr_ras:NS3:36M+155K	NS3:36M+155K	AL_1a	V36M+R155K	NS3:36M+155K:AL_1a:glecaprevir	category_II	II	2	0		1	1	0	NS3:36M+155K:AL_1a	glecaprevir	glecaprevir	drug_resistance
NS3	1	155	K	REF_MASTER_NC_004102	NS3:155K	aminoAcidSimplePolymorphism	NS3:36M+155K	combination	NS3:36M+155K	2	2	phdr_ras:NS3:36M+155K	NS3:36M+155K	AL_1a	V36M+R155K	NS3:36M+155K:AL_1a:grazoprevir	category_III	III	3	1	8.8	0			NS3:36M+155K:AL_1a	grazoprevir	grazoprevir	drug_resistance
NS3	1	155	K	REF_MASTER_NC_004102	NS3:155K	aminoAcidSimplePolymorphism	NS3:36M+155K	combination	NS3:36M+155K	2	2	phdr_ras:NS3:36M+155K	NS3:36M+155K	AL_1a	V36M+R155K	NS3:36M+155K:AL_1a:paritaprevir	category_I	I	1	1	79	1	0	1	NS3:36M+155K:AL_1a	paritaprevir	paritaprevir	drug_resistance
NS3	1	155	K	REF_MASTER_NC_004102	NS3:155K	aminoAcidSimplePolymorphism	NS3:36M+155K+170V	combination	NS3:36M+155K+170V	3	2	phdr_ras:NS3:36M+155K+170V	NS3:36M+155K+170V	AL_1a	V36M+R155K+I170V	NS3:36M+155K+170V:AL_1a:voxilaprevir	insignificant	-	4	1	3.6	0			NS3:36M+155K+170V:AL_1a	voxilaprevir	voxilaprevir	drug_resistance
NS3	1	155	K	REF_MASTER_NC_004102	NS3:155K	aminoAcidSimplePolymorphism	NS3:54S+122G+155K+180V	combination	NS3:54S+122G+155K+180V	4	3	phdr_ras:NS3:54S+122G+155K+180V	NS3:54S+122G+155K+180V	AL_1a	T54S+S122G+R155K+R180V	NS3:54S+122G+155K+180V:AL_1a:voxilaprevir	category_III	III	3	1	9.2	0			NS3:54S+122G+155K+180V:AL_1a	voxilaprevir	voxilaprevir	drug_resistance
NS3	1	155	K	REF_MASTER_NC_004102	NS3:155K	aminoAcidSimplePolymorphism	NS3:54S+155K	combination	NS3:54S+155K	2	2	phdr_ras:NS3:54S+155K	NS3:54S+155K	AL_5a	T54S+R155K	NS3:54S+155K:AL_5a:paritaprevir	category_III	III	3	1	14	0			NS3:54S+155K:AL_5a	paritaprevir	paritaprevir	drug_resistance
NS3	1	155	K	REF_MASTER_NC_004102	NS3:155K	aminoAcidSimplePolymorphism	NS3:54S+55I+122G+155K	combination	NS3:54S+55I+122G+155K	4	4	phdr_ras:NS3:54S+55I+122G+155K	NS3:54S+55I+122G+155K	AL_1a	T54S+V55I+S122G+R155K	NS3:54S+55I+122G+155K:AL_1a:voxilaprevir	category_III	III	3	1	5.9	0			NS3:54S+55I+122G+155K:AL_1a	voxilaprevir	voxilaprevir	drug_resistance
NS3	1	155	K	REF_MASTER_NC_004102	NS3:155K	aminoAcidSimplePolymorphism	NS3:54S+55I+122G+155K+170V	combination	NS3:54S+55I+122G+155K+170V	5	4	phdr_ras:NS3:54S+55I+122G+155K+170V	NS3:54S+55I+122G+155K+170V	AL_1a	T54S+V55I+S122G+R155K+I170V	NS3:54S+55I+122G+155K+170V:AL_1a:voxilaprevir	insignificant	-	4	1	4.1	0			NS3:54S+55I+122G+155K+170V:AL_1a	voxilaprevir	voxilaprevir	drug_resistance
NS3	1	155	K	REF_MASTER_NC_004102	NS3:155K	aminoAcidSimplePolymorphism	NS3:80K+155K	combination	NS3:80K+155K	2	2	phdr_ras:NS3:80K+155K	NS3:80K+155K	AL_1a	K/Q80K+R155K	NS3:80K+155K:AL_1a:paritaprevir	category_I	I	1	1	19	1	1	0	NS3:80K+155K:AL_1a	paritaprevir	paritaprevir	drug_resistance
NS3	1	155	K	REF_MASTER_NC_004102	NS3:155K	aminoAcidSimplePolymorphism	NS3:80R+155K+156T+168A	combination	NS3:80R+155K+156T+168A	4	2	phdr_ras:NS3:80R+155K+156T+168A	NS3:80R+155K+156T+168A	AL_1a	K/Q80R+R155K+A156T+D168A	NS3:80R+155K+156T+168A:AL_1a:grazoprevir	category_II	II	2	0		1	0	1	NS3:80R+155K+156T+168A:AL_1a	grazoprevir	grazoprevir	drug_resistance
NS3	1	155	K	REF_MASTER_NC_004102	NS3:155K	aminoAcidSimplePolymorphism	NS3:80R+155K+156T+168E	combination	NS3:80R+155K+156T+168E	4	2	phdr_ras:NS3:80R+155K+156T+168E	NS3:80R+155K+156T+168E	AL_1a	K/Q80R+R155K+A156T+D168E	NS3:80R+155K+156T+168E:AL_1a:grazoprevir	category_II	II	2	0		1	0	1	NS3:80R+155K+156T+168E:AL_1a	grazoprevir	grazoprevir	drug_resistance
NS3	1	155	K	REF_MASTER_NC_004102	NS3:155K	aminoAcidSimplePolymorphism	NS3:80R+155K+156T+168K	combination	NS3:80R+155K+156T+168K	4	2	phdr_ras:NS3:80R+155K+156T+168K	NS3:80R+155K+156T+168K	AL_1a	K/Q80R+R155K+A156T+D168K	NS3:80R+155K+156T+168K:AL_1a:grazoprevir	category_II	II	2	0		1	0	1	NS3:80R+155K+156T+168K:AL_1a	grazoprevir	grazoprevir	drug_resistance
NS3	1	155	N	REF_MASTER_NC_004102	NS3:155N	aminoAcidSimplePolymorphism	NS3:122R+155N+168E	combination	NS3:122R+155N+168E	3	2	phdr_ras:NS3:122R+155N+168E	NS3:122R+155N+168E	AL_1a	S122R+R155N+D168E	NS3:122R+155N+168E:AL_1a:voxilaprevir	category_III	III	3	1	10.7	0			NS3:122R+155N+168E:AL_1a	voxilaprevir	voxilaprevir	drug_resistance
NS3	1	155	N	REF_MASTER_NC_004102	NS3:155N	aminoAcidSimplePolymorphism	NS3:155N	single				phdr_ras:NS3:155N	NS3:155N															drug_resistance
NS3	1	155	Q	REF_MASTER_NC_004102	NS3:155Q	aminoAcidSimplePolymorphism	NS3:155Q	single				phdr_ras:NS3:155Q	NS3:155Q	AL_1a	R155Q	NS3:155Q:AL_1a:paritaprevir	category_III	III	3	1	30	0			NS3:155Q:AL_1a	paritaprevir	paritaprevir	drug_resistance
NS3	1	155	R	REF_MASTER_NC_004102	NS3:155R	aminoAcidSimplePolymorphism	NS3:155R	single				phdr_ras:NS3:155R	NS3:155R															drug_resistance
NS3	1	155	R	REF_MASTER_NC_004102	NS3:155R	aminoAcidSimplePolymorphism	NS3:56H+80K+155R+168V	combination	NS3:56H+80K+155R+168V	4	3	phdr_ras:NS3:56H+80K+155R+168V	NS3:56H+80K+155R+168V	AL_1a	Y56H+K/Q80K+R155R+D168V	NS3:56H+80K+155R+168V:AL_1a:grazoprevir	category_II	II	2	0		1	0	1	NS3:56H+80K+155R+168V:AL_1a	grazoprevir	grazoprevir	drug_resistance
NS3	1	155	S	REF_MASTER_NC_004102	NS3:155S	aminoAcidSimplePolymorphism	NS3:155S	single				phdr_ras:NS3:155S	NS3:155S	AL_1a	R155S	NS3:155S:AL_1a:paritaprevir	category_III	III	3	1	7	0			NS3:155S:AL_1a	paritaprevir	paritaprevir	drug_resistance
NS3	1	155	S	REF_MASTER_NC_004102	NS3:155S	aminoAcidSimplePolymorphism	NS3:36L+80K+155S	combination	NS3:36L+80K+155S	3	3	phdr_ras:NS3:36L+80K+155S	NS3:36L+80K+155S	AL_1a	V36L+K/Q80K+R155S	NS3:36L+80K+155S:AL_1a:grazoprevir	category_I	I	1	1	51	1	0	1	NS3:36L+80K+155S:AL_1a	grazoprevir	grazoprevir	drug_resistance
NS3	1	155	S	REF_MASTER_NC_004102	NS3:155S	aminoAcidSimplePolymorphism	NS3:80R+155S+156T+168A	combination	NS3:80R+155S+156T+168A	4	2	phdr_ras:NS3:80R+155S+156T+168A	NS3:80R+155S+156T+168A	AL_1a	K/Q80R+R155S+A156T+D168A	NS3:80R+155S+156T+168A:AL_1a:grazoprevir	category_II	II	2	0		1	0	1	NS3:80R+155S+156T+168A:AL_1a	grazoprevir	grazoprevir	drug_resistance
NS3	1	155	S	REF_MASTER_NC_004102	NS3:155S	aminoAcidSimplePolymorphism	NS3:80R+155S+156T+168E	combination	NS3:80R+155S+156T+168E	4	2	phdr_ras:NS3:80R+155S+156T+168E	NS3:80R+155S+156T+168E	AL_1a	K/Q80R+R155S+A156T+D168E	NS3:80R+155S+156T+168E:AL_1a:grazoprevir	category_II	II	2	0		1	0	1	NS3:80R+155S+156T+168E:AL_1a	grazoprevir	grazoprevir	drug_resistance
NS3	1	155	S	REF_MASTER_NC_004102	NS3:155S	aminoAcidSimplePolymorphism	NS3:80R+155S+156T+168K	combination	NS3:80R+155S+156T+168K	4	2	phdr_ras:NS3:80R+155S+156T+168K	NS3:80R+155S+156T+168K	AL_1a	K/Q80R+R155S+A156T+D168K	NS3:80R+155S+156T+168K:AL_1a:grazoprevir	category_II	II	2	0		1	0	1	NS3:80R+155S+156T+168K:AL_1a	grazoprevir	grazoprevir	drug_resistance
NS3	1	155	T	REF_MASTER_NC_004102	NS3:155T	aminoAcidSimplePolymorphism	NS3:155T	single				phdr_ras:NS3:155T	NS3:155T	AL_1a	R155T	NS3:155T:AL_1a:grazoprevir	category_II	II	2	0		1	1	0	NS3:155T:AL_1a	grazoprevir	grazoprevir	drug_resistance
NS3	1	155	T	REF_MASTER_NC_004102	NS3:155T	aminoAcidSimplePolymorphism	NS3:155T	single				phdr_ras:NS3:155T	NS3:155T	AL_1a	R155T	NS3:155T:AL_1a:paritaprevir	category_III	III	3	1	7	0			NS3:155T:AL_1a	paritaprevir	paritaprevir	drug_resistance
NS3	1	155	T	REF_MASTER_NC_004102	NS3:155T	aminoAcidSimplePolymorphism	NS3:155T	single				phdr_ras:NS3:155T	NS3:155T	AL_6a	R155T	NS3:155T:AL_6a:paritaprevir	insignificant	-	4	1	2	0			NS3:155T:AL_6a	paritaprevir	paritaprevir	drug_resistance
NS3	1	155	T	REF_MASTER_NC_004102	NS3:155T	aminoAcidSimplePolymorphism	NS3:155T+156V	combination	NS3:155T+156V	2	1	phdr_ras:NS3:155T+156V	NS3:155T+156V	AL_1a	R155T+A156V	NS3:155T+156V:AL_1a:glecaprevir	category_II	II	2	0		1	0	1	NS3:155T+156V:AL_1a	glecaprevir	glecaprevir	drug_resistance
NS3	1	155	T	REF_MASTER_NC_004102	NS3:155T	aminoAcidSimplePolymorphism	NS3:155T+168N	combination	NS3:155T+168N	2	1	phdr_ras:NS3:155T+168N	NS3:155T+168N	AL_1a	R155T+D168N	NS3:155T+168N:AL_1a:grazoprevir	category_II	II	2	0		1	0	1	NS3:155T+168N:AL_1a	grazoprevir	grazoprevir	drug_resistance
NS3	1	155	T	REF_MASTER_NC_004102	NS3:155T	aminoAcidSimplePolymorphism	NS3:155T+168N	combination	NS3:155T+168N	2	1	phdr_ras:NS3:155T+168N	NS3:155T+168N	AL_1a	R155T+D168N	NS3:155T+168N:AL_1a:voxilaprevir	category_II	II	2	1	60	0			NS3:155T+168N:AL_1a	voxilaprevir	voxilaprevir	drug_resistance
NS3	1	155	T	REF_MASTER_NC_004102	NS3:155T	aminoAcidSimplePolymorphism	NS3:54S+155T+168N	combination	NS3:54S+155T+168N	3	2	phdr_ras:NS3:54S+155T+168N	NS3:54S+155T+168N	AL_1a	T54S+R155T+D168N	NS3:54S+155T+168N:AL_1a:voxilaprevir	category_III	III	3	1	11.25	0			NS3:54S+155T+168N:AL_1a	voxilaprevir	voxilaprevir	drug_resistance
NS3	1	155	T	REF_MASTER_NC_004102	NS3:155T	aminoAcidSimplePolymorphism	NS3:80K+155T+156T+168N	combination	NS3:80K+155T+156T+168N	4	2	phdr_ras:NS3:80K+155T+156T+168N	NS3:80K+155T+156T+168N	AL_1a	K/Q80K+R155T+A156T+D168N	NS3:80K+155T+156T+168N:AL_1a:grazoprevir	category_II	II	2	0		1	0	1	NS3:80K+155T+156T+168N:AL_1a	grazoprevir	grazoprevir	drug_resistance
NS3	1	155	T	REF_MASTER_NC_004102	NS3:155T	aminoAcidSimplePolymorphism	NS3:80K+155T+168N	combination	NS3:80K+155T+168N	3	2	phdr_ras:NS3:80K+155T+168N	NS3:80K+155T+168N	AL_1a	K/Q80K+R155T+D168N	NS3:80K+155T+168N:AL_1a:grazoprevir	category_II	II	2	0		1	1	0	NS3:80K+155T+168N:AL_1a	grazoprevir	grazoprevir	drug_resistance
NS3	1	155	T	REF_MASTER_NC_004102	NS3:155T	aminoAcidSimplePolymorphism	NS3:80K+155T+168N	combination	NS3:80K+155T+168N	3	2	phdr_ras:NS3:80K+155T+168N	NS3:80K+155T+168N	AL_1a	K/Q80K+R155T+D168N	NS3:80K+155T+168N:AL_1a:voxilaprevir	category_III	III	3	1	11.25	0			NS3:80K+155T+168N:AL_1a	voxilaprevir	voxilaprevir	drug_resistance
NS3	1	155	W	REF_MASTER_NC_004102	NS3:155W	aminoAcidSimplePolymorphism	NS3:155W	single				phdr_ras:NS3:155W	NS3:155W	AL_1a	R155W	NS3:155W:AL_1a:paritaprevir	category_III	III	3	1	11	0			NS3:155W:AL_1a	paritaprevir	paritaprevir	drug_resistance
NS3	1	155	W	REF_MASTER_NC_004102	NS3:155W	aminoAcidSimplePolymorphism	NS3:155W	single				phdr_ras:NS3:155W	NS3:155W	AL_1a	R155W	NS3:155W:AL_1a:voxilaprevir	category_II	II	2	1	56	0			NS3:155W:AL_1a	voxilaprevir	voxilaprevir	drug_resistance
NS3	1	155	W	REF_MASTER_NC_004102	NS3:155W	aminoAcidSimplePolymorphism	NS3:155W	single				phdr_ras:NS3:155W	NS3:155W	AL_1b	R155W	NS3:155W:AL_1b:voxilaprevir	category_II	II	2	1	95.9	0			NS3:155W:AL_1b	voxilaprevir	voxilaprevir	drug_resistance
NS3	1	155	W	REF_MASTER_NC_004102	NS3:155W	aminoAcidSimplePolymorphism	NS3:56F+155W+156G+168N	combination	NS3:56F+155W+156G+168N	4	2	phdr_ras:NS3:56F+155W+156G+168N	NS3:56F+155W+156G+168N	AL_1b	F/Y56F+R155W+A156G+D168N	NS3:56F+155W+156G+168N:AL_1b:grazoprevir	category_II	II	2	0		1	0	1	NS3:56F+155W+156G+168N:AL_1b	grazoprevir	grazoprevir	drug_resistance
NS3	1	156	A	REF_MASTER_NC_004102	NS3:156A	aminoAcidSimplePolymorphism	NS3:156A	single				phdr_ras:NS3:156A	NS3:156A															drug_resistance
NS3	1	156	A	REF_MASTER_NC_004102	NS3:156A	aminoAcidSimplePolymorphism	NS3:80K+156A	combination	NS3:80K+156A	2	2	phdr_ras:NS3:80K+156A	NS3:80K+156A	AL_1a	K/Q80K+A156A	NS3:80K+156A:AL_1a:grazoprevir	category_II	II	2	0		1	0	1	NS3:80K+156A:AL_1a	grazoprevir	grazoprevir	drug_resistance
NS3	1	156	G	REF_MASTER_NC_004102	NS3:156G	aminoAcidSimplePolymorphism	NS3:156G	single				phdr_ras:NS3:156G	NS3:156G	AL_1a	A156G	NS3:156G:AL_1a:glecaprevir	category_II	II	2	0		1	0	1	NS3:156G:AL_1a	glecaprevir	glecaprevir	drug_resistance
NS3	1	156	G	REF_MASTER_NC_004102	NS3:156G	aminoAcidSimplePolymorphism	NS3:156G	single				phdr_ras:NS3:156G	NS3:156G	AL_1a	A156G	NS3:156G:AL_1a:grazoprevir	category_II	II	2	1	4.3	1	0	1	NS3:156G:AL_1a	grazoprevir	grazoprevir	drug_resistance
NS3	1	156	G	REF_MASTER_NC_004102	NS3:156G	aminoAcidSimplePolymorphism	NS3:156G	single				phdr_ras:NS3:156G	NS3:156G	AL_1a	A156G	NS3:156G:AL_1a:paritaprevir	insignificant	-	4	1	4	0			NS3:156G:AL_1a	paritaprevir	paritaprevir	drug_resistance
NS3	1	156	G	REF_MASTER_NC_004102	NS3:156G	aminoAcidSimplePolymorphism	NS3:156G	single				phdr_ras:NS3:156G	NS3:156G	AL_1b	A156G	NS3:156G:AL_1b:grazoprevir	category_II	II	2	0		1	0	1	NS3:156G:AL_1b	grazoprevir	grazoprevir	drug_resistance
NS3	1	156	G	REF_MASTER_NC_004102	NS3:156G	aminoAcidSimplePolymorphism	NS3:156G	single				phdr_ras:NS3:156G	NS3:156G	AL_2a	A156G	NS3:156G:AL_2a:paritaprevir	insignificant	-	4	1	2	0			NS3:156G:AL_2a	paritaprevir	paritaprevir	drug_resistance
NS3	1	156	G	REF_MASTER_NC_004102	NS3:156G	aminoAcidSimplePolymorphism	NS3:156G	single				phdr_ras:NS3:156G	NS3:156G	AL_3	A156G	NS3:156G:AL_3:glecaprevir	category_II	II	2	0		1	0	1	NS3:156G:AL_3	glecaprevir	glecaprevir	drug_resistance
NS3	1	156	G	REF_MASTER_NC_004102	NS3:156G	aminoAcidSimplePolymorphism	NS3:156G	single				phdr_ras:NS3:156G	NS3:156G	AL_3	A156G	NS3:156G:AL_3:grazoprevir	category_II	II	2	0		1	0	1	NS3:156G:AL_3	grazoprevir	grazoprevir	drug_resistance
NS3	1	156	G	REF_MASTER_NC_004102	NS3:156G	aminoAcidSimplePolymorphism	NS3:156G	single				phdr_ras:NS3:156G	NS3:156G	AL_3a	A156G	NS3:156G:AL_3a:glecaprevir	category_II	II	2	1	1654	0			NS3:156G:AL_3a	glecaprevir	glecaprevir	drug_resistance
NS3	1	156	G	REF_MASTER_NC_004102	NS3:156G	aminoAcidSimplePolymorphism	NS3:156G	single				phdr_ras:NS3:156G	NS3:156G	AL_3a	A156G	NS3:156G:AL_3a:paritaprevir	insignificant	-	4	1	3.5	0			NS3:156G:AL_3a	paritaprevir	paritaprevir	drug_resistance
NS3	1	156	G	REF_MASTER_NC_004102	NS3:156G	aminoAcidSimplePolymorphism	NS3:156G	single				phdr_ras:NS3:156G	NS3:156G	AL_4	A156G	NS3:156G:AL_4:grazoprevir	category_II	II	2	0		1	0	1	NS3:156G:AL_4	grazoprevir	grazoprevir	drug_resistance
NS3	1	156	G	REF_MASTER_NC_004102	NS3:156G	aminoAcidSimplePolymorphism	NS3:156G	single				phdr_ras:NS3:156G	NS3:156G	AL_4a	A156G	NS3:156G:AL_4a:paritaprevir	insignificant	-	4	1	2	0			NS3:156G:AL_4a	paritaprevir	paritaprevir	drug_resistance
NS3	1	156	G	REF_MASTER_NC_004102	NS3:156G	aminoAcidSimplePolymorphism	NS3:156G+170I	combination	NS3:156G+170I	2	1	phdr_ras:NS3:156G+170I	NS3:156G+170I	AL_3	A156G+I/V170I	NS3:156G+170I:AL_3:grazoprevir	category_II	II	2	0		1	0	1	NS3:156G+170I:AL_3	grazoprevir	grazoprevir	drug_resistance
NS3	1	156	G	REF_MASTER_NC_004102	NS3:156G	aminoAcidSimplePolymorphism	NS3:56F+155W+156G+168N	combination	NS3:56F+155W+156G+168N	4	3	phdr_ras:NS3:56F+155W+156G+168N	NS3:56F+155W+156G+168N	AL_1b	F/Y56F+R155W+A156G+D168N	NS3:56F+155W+156G+168N:AL_1b:grazoprevir	category_II	II	2	0		1	0	1	NS3:56F+155W+156G+168N:AL_1b	grazoprevir	grazoprevir	drug_resistance
NS3	1	156	G	REF_MASTER_NC_004102	NS3:156G	aminoAcidSimplePolymorphism	NS3:77S+80K+132I+156G	combination	NS3:77S+80K+132I+156G	4	4	phdr_ras:NS3:77S+80K+132I+156G	NS3:77S+80K+132I+156G	AL_1a	N77S+K/Q80K+I132I+A156G	NS3:77S+80K+132I+156G:AL_1a:grazoprevir	category_II	II	2	0		1	0	1	NS3:77S+80K+132I+156G:AL_1a	grazoprevir	grazoprevir	drug_resistance
NS3	1	156	G	REF_MASTER_NC_004102	NS3:156G	aminoAcidSimplePolymorphism	NS3:80K+132V+156G	combination	NS3:80K+132V+156G	3	3	phdr_ras:NS3:80K+132V+156G	NS3:80K+132V+156G	AL_1a	K/Q80K+I132V+A156G	NS3:80K+132V+156G:AL_1a:grazoprevir	category_II	II	2	0		1	0	1	NS3:80K+132V+156G:AL_1a	grazoprevir	grazoprevir	drug_resistance
NS3	1	156	G	REF_MASTER_NC_004102	NS3:156G	aminoAcidSimplePolymorphism	NS3:80K+156G	combination	NS3:80K+156G	2	2	phdr_ras:NS3:80K+156G	NS3:80K+156G	AL_1a	K/Q80K+A156G	NS3:80K+156G:AL_1a:grazoprevir	category_II	II	2	0		1	0	1	NS3:80K+156G:AL_1a	grazoprevir	grazoprevir	drug_resistance
NS3	1	156	G	REF_MASTER_NC_004102	NS3:156G	aminoAcidSimplePolymorphism	NS3:80K+156G+170I	combination	NS3:80K+156G+170I	3	2	phdr_ras:NS3:80K+156G+170I	NS3:80K+156G+170I	AL_3	Q80K+A156G+I/V170I	NS3:80K+156G+170I:AL_3:grazoprevir	category_II	II	2	0		1	0	1	NS3:80K+156G+170I:AL_3	grazoprevir	grazoprevir	drug_resistance
NS3	1	156	L	REF_MASTER_NC_004102	NS3:156L	aminoAcidSimplePolymorphism	NS3:156L	single				phdr_ras:NS3:156L	NS3:156L	AL_1a	A156L	NS3:156L:AL_1a:grazoprevir	category_II	II	2	0		1	0	1	NS3:156L:AL_1a	grazoprevir	grazoprevir	drug_resistance
NS3	1	156	L	REF_MASTER_NC_004102	NS3:156L	aminoAcidSimplePolymorphism	NS3:156L	single				phdr_ras:NS3:156L	NS3:156L	AL_1a	A156L	NS3:156L:AL_1a:voxilaprevir	category_II	II	2	1	100	0			NS3:156L:AL_1a	voxilaprevir	voxilaprevir	drug_resistance
NS3	1	156	L	REF_MASTER_NC_004102	NS3:156L	aminoAcidSimplePolymorphism	NS3:156L	single				phdr_ras:NS3:156L	NS3:156L	AL_2a	A156L	NS3:156L:AL_2a:paritaprevir	category_II	II	2	1	54.5	0			NS3:156L:AL_2a	paritaprevir	paritaprevir	drug_resistance
NS3	1	156	L	REF_MASTER_NC_004102	NS3:156L	aminoAcidSimplePolymorphism	NS3:156L	single				phdr_ras:NS3:156L	NS3:156L	AL_2a	A156L	NS3:156L:AL_2a:voxilaprevir	category_II	II	2	1	100	0			NS3:156L:AL_2a	voxilaprevir	voxilaprevir	drug_resistance
NS3	1	156	L	REF_MASTER_NC_004102	NS3:156L	aminoAcidSimplePolymorphism	NS3:156L	single				phdr_ras:NS3:156L	NS3:156L	AL_3a	A156L	NS3:156L:AL_3a:paritaprevir	category_III	III	3	1	19	0			NS3:156L:AL_3a	paritaprevir	paritaprevir	drug_resistance
NS3	1	156	L	REF_MASTER_NC_004102	NS3:156L	aminoAcidSimplePolymorphism	NS3:156L	single				phdr_ras:NS3:156L	NS3:156L	AL_4a	A156L	NS3:156L:AL_4a:voxilaprevir	category_II	II	2	1	100	0			NS3:156L:AL_4a	voxilaprevir	voxilaprevir	drug_resistance
NS3	1	156	M	REF_MASTER_NC_004102	NS3:156M	aminoAcidSimplePolymorphism	NS3:156M	single				phdr_ras:NS3:156M	NS3:156M	AL_1a	A156M	NS3:156M:AL_1a:grazoprevir	category_II	II	2	0		1	0	1	NS3:156M:AL_1a	grazoprevir	grazoprevir	drug_resistance
NS3	1	156	M	REF_MASTER_NC_004102	NS3:156M	aminoAcidSimplePolymorphism	NS3:156M	single				phdr_ras:NS3:156M	NS3:156M	AL_1b	A156M	NS3:156M:AL_1b:grazoprevir	category_II	II	2	0		1	0	1	NS3:156M:AL_1b	grazoprevir	grazoprevir	drug_resistance
NS3	1	156	M	REF_MASTER_NC_004102	NS3:156M	aminoAcidSimplePolymorphism	NS3:156M	single				phdr_ras:NS3:156M	NS3:156M	AL_4	A156M	NS3:156M:AL_4:grazoprevir	category_II	II	2	0		1	0	1	NS3:156M:AL_4	grazoprevir	grazoprevir	drug_resistance
NS3	1	156	M	REF_MASTER_NC_004102	NS3:156M	aminoAcidSimplePolymorphism	NS3:156M+168A+170I	combination	NS3:156M+168A+170I	3	1	phdr_ras:NS3:156M+168A+170I	NS3:156M+168A+170I	AL_4a	A156M+D168A+V170I	NS3:156M+168A+170I:AL_4a:grazoprevir	category_II	II	2	0		1	0	1	NS3:156M+168A+170I:AL_4a	grazoprevir	grazoprevir	drug_resistance
NS3	1	156	M	REF_MASTER_NC_004102	NS3:156M	aminoAcidSimplePolymorphism	NS3:156M+168G+170I	combination	NS3:156M+168G+170I	3	1	phdr_ras:NS3:156M+168G+170I	NS3:156M+168G+170I	AL_4a	A156M+D168G+V170I	NS3:156M+168G+170I:AL_4a:grazoprevir	category_II	II	2	0		1	0	1	NS3:156M+168G+170I:AL_4a	grazoprevir	grazoprevir	drug_resistance
NS3	1	156	S	REF_MASTER_NC_004102	NS3:156S	aminoAcidSimplePolymorphism	NS3:117L+156S	combination	NS3:117L+156S	2	2	phdr_ras:NS3:117L+156S	NS3:117L+156S	AL_5a	R117L+A156S	NS3:117L+156S:AL_5a:paritaprevir	insignificant	-	4	1	3.7	0			NS3:117L+156S:AL_5a	paritaprevir	paritaprevir	drug_resistance
NS3	1	156	S	REF_MASTER_NC_004102	NS3:156S	aminoAcidSimplePolymorphism	NS3:156S	single				phdr_ras:NS3:156S	NS3:156S	AL_1a	A156S	NS3:156S:AL_1a:grazoprevir	insignificant	-	4	1	2.5	0			NS3:156S:AL_1a	grazoprevir	grazoprevir	drug_resistance
NS3	1	156	S	REF_MASTER_NC_004102	NS3:156S	aminoAcidSimplePolymorphism	NS3:156S	single				phdr_ras:NS3:156S	NS3:156S	AL_1a	A156S	NS3:156S:AL_1a:paritaprevir	category_III	III	3	1	9	0			NS3:156S:AL_1a	paritaprevir	paritaprevir	drug_resistance
NS3	1	156	S	REF_MASTER_NC_004102	NS3:156S	aminoAcidSimplePolymorphism	NS3:156S	single				phdr_ras:NS3:156S	NS3:156S	AL_1b	A156S	NS3:156S:AL_1b:voxilaprevir	category_III	III	3	1	11.25	0			NS3:156S:AL_1b	voxilaprevir	voxilaprevir	drug_resistance
NS3	1	156	S	REF_MASTER_NC_004102	NS3:156S	aminoAcidSimplePolymorphism	NS3:156S	single				phdr_ras:NS3:156S	NS3:156S	AL_2a	A156S	NS3:156S:AL_2a:paritaprevir	insignificant	-	4	1	2.7	0			NS3:156S:AL_2a	paritaprevir	paritaprevir	drug_resistance
NS3	1	156	S	REF_MASTER_NC_004102	NS3:156S	aminoAcidSimplePolymorphism	NS3:156S	single				phdr_ras:NS3:156S	NS3:156S	AL_3a	A156S	NS3:156S:AL_3a:paritaprevir	insignificant	-	4	1	2	0			NS3:156S:AL_3a	paritaprevir	paritaprevir	drug_resistance
NS3	1	156	S	REF_MASTER_NC_004102	NS3:156S	aminoAcidSimplePolymorphism	NS3:156S	single				phdr_ras:NS3:156S	NS3:156S	AL_4a	A156S	NS3:156S:AL_4a:paritaprevir	category_III	III	3	1	8	0			NS3:156S:AL_4a	paritaprevir	paritaprevir	drug_resistance
NS3	1	156	S	REF_MASTER_NC_004102	NS3:156S	aminoAcidSimplePolymorphism	NS3:156S	single				phdr_ras:NS3:156S	NS3:156S	AL_5a	A156S	NS3:156S:AL_5a:paritaprevir	category_III	III	3	1	6	0			NS3:156S:AL_5a	paritaprevir	paritaprevir	drug_resistance
NS3	1	156	S	REF_MASTER_NC_004102	NS3:156S	aminoAcidSimplePolymorphism	NS3:156S+177V	combination	NS3:156S+177V	2	1	phdr_ras:NS3:156S+177V	NS3:156S+177V	AL_2a	A156S+I/V177V	NS3:156S+177V:AL_2a:paritaprevir	insignificant	-	4	1	2	0			NS3:156S+177V:AL_2a	paritaprevir	paritaprevir	drug_resistance
NS3	1	156	S	REF_MASTER_NC_004102	NS3:156S	aminoAcidSimplePolymorphism	NS3:30V+156S	combination	NS3:30V+156S	2	2	phdr_ras:NS3:30V+156S	NS3:30V+156S	AL_5a	E30V+A156S	NS3:30V+156S:AL_5a:paritaprevir	category_III	III	3	1	5.7	0			NS3:30V+156S:AL_5a	paritaprevir	paritaprevir	drug_resistance
NS3	1	156	S	REF_MASTER_NC_004102	NS3:156S	aminoAcidSimplePolymorphism	NS3:36M+156S	combination	NS3:36M+156S	2	2	phdr_ras:NS3:36M+156S	NS3:36M+156S	AL_1b	V36M+A156S	NS3:36M+156S:AL_1b:voxilaprevir	category_III	III	3	1	11.25	0			NS3:36M+156S:AL_1b	voxilaprevir	voxilaprevir	drug_resistance
NS3	1	156	S	REF_MASTER_NC_004102	NS3:156S	aminoAcidSimplePolymorphism	NS3:54A+156S	combination	NS3:54A+156S	2	2	phdr_ras:NS3:54A+156S	NS3:54A+156S	AL_6a	T54A+A156S	NS3:54A+156S:AL_6a:paritaprevir	insignificant	-	4	1	2.7	0			NS3:54A+156S:AL_6a	paritaprevir	paritaprevir	drug_resistance
NS3	1	156	S	REF_MASTER_NC_004102	NS3:156S	aminoAcidSimplePolymorphism	NS3:54S+156S	combination	NS3:54S+156S	2	2	phdr_ras:NS3:54S+156S	NS3:54S+156S	AL_2a	T54S+A156S	NS3:54S+156S:AL_2a:paritaprevir	insignificant	-	4	1	2.3	0			NS3:54S+156S:AL_2a	paritaprevir	paritaprevir	drug_resistance
NS3	1	156	S	REF_MASTER_NC_004102	NS3:156S	aminoAcidSimplePolymorphism	NS3:54S+156S+177V	combination	NS3:54S+156S+177V	3	2	phdr_ras:NS3:54S+156S+177V	NS3:54S+156S+177V	AL_2a	T54S+A156S+I/V177V	NS3:54S+156S+177V:AL_2a:paritaprevir	insignificant	-	4	1	3.7	0			NS3:54S+156S+177V:AL_2a	paritaprevir	paritaprevir	drug_resistance
NS3	1	156	T	REF_MASTER_NC_004102	NS3:156T	aminoAcidSimplePolymorphism	NS3:156T	single				phdr_ras:NS3:156T	NS3:156T	AL_1a	A156T	NS3:156T:AL_1a:glecaprevir	category_I	I	1	1	1361	1	0	1	NS3:156T:AL_1a	glecaprevir	glecaprevir	drug_resistance
NS3	1	156	T	REF_MASTER_NC_004102	NS3:156T	aminoAcidSimplePolymorphism	NS3:156T	single				phdr_ras:NS3:156T	NS3:156T	AL_1a	A156T	NS3:156T:AL_1a:grazoprevir	category_II	II	2	0		1	0	1	NS3:156T:AL_1a	grazoprevir	grazoprevir	drug_resistance
NS3	1	156	T	REF_MASTER_NC_004102	NS3:156T	aminoAcidSimplePolymorphism	NS3:156T	single				phdr_ras:NS3:156T	NS3:156T	AL_1a	A156T	NS3:156T:AL_1a:paritaprevir	category_II	II	2	1	184.5	0			NS3:156T:AL_1a	paritaprevir	paritaprevir	drug_resistance
NS3	1	156	T	REF_MASTER_NC_004102	NS3:156T	aminoAcidSimplePolymorphism	NS3:156T	single				phdr_ras:NS3:156T	NS3:156T	AL_1a	A156T	NS3:156T:AL_1a:voxilaprevir	category_II	II	2	1	581	0			NS3:156T:AL_1a	voxilaprevir	voxilaprevir	drug_resistance
NS3	1	156	T	REF_MASTER_NC_004102	NS3:156T	aminoAcidSimplePolymorphism	NS3:156T	single				phdr_ras:NS3:156T	NS3:156T	AL_1b	A156T	NS3:156T:AL_1b:glecaprevir	category_II	II	2	1	640	0			NS3:156T:AL_1b	glecaprevir	glecaprevir	drug_resistance
NS3	1	156	T	REF_MASTER_NC_004102	NS3:156T	aminoAcidSimplePolymorphism	NS3:156T	single				phdr_ras:NS3:156T	NS3:156T	AL_1b	A156T	NS3:156T:AL_1b:grazoprevir	category_I	I	1	1	208	1	0	1	NS3:156T:AL_1b	grazoprevir	grazoprevir	drug_resistance
NS3	1	156	T	REF_MASTER_NC_004102	NS3:156T	aminoAcidSimplePolymorphism	NS3:156T	single				phdr_ras:NS3:156T	NS3:156T	AL_1b	A156T	NS3:156T:AL_1b:paritaprevir	category_III	III	3	1	7	0			NS3:156T:AL_1b	paritaprevir	paritaprevir	drug_resistance
NS3	1	156	T	REF_MASTER_NC_004102	NS3:156T	aminoAcidSimplePolymorphism	NS3:156T	single				phdr_ras:NS3:156T	NS3:156T	AL_1b	A156T	NS3:156T:AL_1b:voxilaprevir	category_II	II	2	1	552.8	0			NS3:156T:AL_1b	voxilaprevir	voxilaprevir	drug_resistance
NS3	1	156	T	REF_MASTER_NC_004102	NS3:156T	aminoAcidSimplePolymorphism	NS3:156T	single				phdr_ras:NS3:156T	NS3:156T	AL_2a	A156T	NS3:156T:AL_2a:glecaprevir	category_II	II	2	1	216	0			NS3:156T:AL_2a	glecaprevir	glecaprevir	drug_resistance
NS3	1	156	T	REF_MASTER_NC_004102	NS3:156T	aminoAcidSimplePolymorphism	NS3:156T	single				phdr_ras:NS3:156T	NS3:156T	AL_2a	A156T	NS3:156T:AL_2a:voxilaprevir	category_II	II	2	1	60	0			NS3:156T:AL_2a	voxilaprevir	voxilaprevir	drug_resistance
NS3	1	156	T	REF_MASTER_NC_004102	NS3:156T	aminoAcidSimplePolymorphism	NS3:156T	single				phdr_ras:NS3:156T	NS3:156T	AL_2b	A156T	NS3:156T:AL_2b:glecaprevir	category_II	II	2	1	148	0			NS3:156T:AL_2b	glecaprevir	glecaprevir	drug_resistance
NS3	1	156	T	REF_MASTER_NC_004102	NS3:156T	aminoAcidSimplePolymorphism	NS3:156T	single				phdr_ras:NS3:156T	NS3:156T	AL_3a	A156T	NS3:156T:AL_3a:paritaprevir	category_III	III	3	1	11	0			NS3:156T:AL_3a	paritaprevir	paritaprevir	drug_resistance
NS3	1	156	T	REF_MASTER_NC_004102	NS3:156T	aminoAcidSimplePolymorphism	NS3:156T	single				phdr_ras:NS3:156T	NS3:156T	AL_3a	A156T	NS3:156T:AL_3a:voxilaprevir	category_II	II	2	1	100	0			NS3:156T:AL_3a	voxilaprevir	voxilaprevir	drug_resistance
NS3	1	156	T	REF_MASTER_NC_004102	NS3:156T	aminoAcidSimplePolymorphism	NS3:156T	single				phdr_ras:NS3:156T	NS3:156T	AL_4	A156T	NS3:156T:AL_4:grazoprevir	category_II	II	2	0		1	0	1	NS3:156T:AL_4	grazoprevir	grazoprevir	drug_resistance
NS3	1	156	T	REF_MASTER_NC_004102	NS3:156T	aminoAcidSimplePolymorphism	NS3:156T	single				phdr_ras:NS3:156T	NS3:156T	AL_4a	A156T	NS3:156T:AL_4a:glecaprevir	category_II	II	2	1	1436	0			NS3:156T:AL_4a	glecaprevir	glecaprevir	drug_resistance
NS3	1	156	T	REF_MASTER_NC_004102	NS3:156T	aminoAcidSimplePolymorphism	NS3:156T	single				phdr_ras:NS3:156T	NS3:156T	AL_4a	A156T	NS3:156T:AL_4a:voxilaprevir	category_II	II	2	1	100	0			NS3:156T:AL_4a	voxilaprevir	voxilaprevir	drug_resistance
NS3	1	156	T	REF_MASTER_NC_004102	NS3:156T	aminoAcidSimplePolymorphism	NS3:156T+158A	combination	NS3:156T+158A	2	1	phdr_ras:NS3:156T+158A	NS3:156T+158A	AL_1a	A156T+V158A	NS3:156T+158A:AL_1a:grazoprevir	category_II	II	2	0		1	0	1	NS3:156T+158A:AL_1a	grazoprevir	grazoprevir	drug_resistance
NS3	1	156	T	REF_MASTER_NC_004102	NS3:156T	aminoAcidSimplePolymorphism	NS3:156T+168A+170I	combination	NS3:156T+168A+170I	3	1	phdr_ras:NS3:156T+168A+170I	NS3:156T+168A+170I	AL_4a	A156T+D168A+V170I	NS3:156T+168A+170I:AL_4a:grazoprevir	category_II	II	2	0		1	0	1	NS3:156T+168A+170I:AL_4a	grazoprevir	grazoprevir	drug_resistance
NS3	1	156	T	REF_MASTER_NC_004102	NS3:156T	aminoAcidSimplePolymorphism	NS3:156T+168G+170I	combination	NS3:156T+168G+170I	3	1	phdr_ras:NS3:156T+168G+170I	NS3:156T+168G+170I	AL_4a	A156T+D168G+V170I	NS3:156T+168G+170I:AL_4a:grazoprevir	category_II	II	2	0		1	0	1	NS3:156T+168G+170I:AL_4a	grazoprevir	grazoprevir	drug_resistance
NS3	1	156	T	REF_MASTER_NC_004102	NS3:156T	aminoAcidSimplePolymorphism	NS3:156T+168N	combination	NS3:156T+168N	2	1	phdr_ras:NS3:156T+168N	NS3:156T+168N	AL_1a	A156T+D168N	NS3:156T+168N:AL_1a:grazoprevir	category_II	II	2	0		1	0	1	NS3:156T+168N:AL_1a	grazoprevir	grazoprevir	drug_resistance
NS3	1	156	T	REF_MASTER_NC_004102	NS3:156T	aminoAcidSimplePolymorphism	NS3:156T+170I	combination	NS3:156T+170I	2	1	phdr_ras:NS3:156T+170I	NS3:156T+170I	AL_1a	A156T+I170I	NS3:156T+170I:AL_1a:grazoprevir	category_II	II	2	0		1	0	1	NS3:156T+170I:AL_1a	grazoprevir	grazoprevir	drug_resistance
NS3	1	156	T	REF_MASTER_NC_004102	NS3:156T	aminoAcidSimplePolymorphism	NS3:36A+156T	combination	NS3:36A+156T	2	2	phdr_ras:NS3:36A+156T	NS3:36A+156T	AL_3	L36A+A156T	NS3:36A+156T:AL_3:grazoprevir	category_II	II	2	0		1	1	0	NS3:36A+156T:AL_3	grazoprevir	grazoprevir	drug_resistance
NS3	1	156	T	REF_MASTER_NC_004102	NS3:156T	aminoAcidSimplePolymorphism	NS3:36L+155K+156T+158A+168N	combination	NS3:36L+155K+156T+158A+168N	5	3	phdr_ras:NS3:36L+155K+156T+158A+168N	NS3:36L+155K+156T+158A+168N	AL_1a	V36L+R155K+A156T+V158A+D168N	NS3:36L+155K+156T+158A+168N:AL_1a:grazoprevir	category_II	II	2	0		1	0	1	NS3:36L+155K+156T+158A+168N:AL_1a	grazoprevir	grazoprevir	drug_resistance
NS3	1	156	T	REF_MASTER_NC_004102	NS3:156T	aminoAcidSimplePolymorphism	NS3:36L+155K+156T+168N	combination	NS3:36L+155K+156T+168N	4	3	phdr_ras:NS3:36L+155K+156T+168N	NS3:36L+155K+156T+168N	AL_1a	V36L+R155K+A156T+D168N	NS3:36L+155K+156T+168N:AL_1a:grazoprevir	category_II	II	2	0		1	0	1	NS3:36L+155K+156T+168N:AL_1a	grazoprevir	grazoprevir	drug_resistance
NS3	1	156	T	REF_MASTER_NC_004102	NS3:156T	aminoAcidSimplePolymorphism	NS3:41R+156T	combination	NS3:41R+156T	2	2	phdr_ras:NS3:41R+156T	NS3:41R+156T	AL_1a	Q41R+A156T	NS3:41R+156T:AL_1a:voxilaprevir	category_II	II	2	1	100	0			NS3:41R+156T:AL_1a	voxilaprevir	voxilaprevir	drug_resistance
NS3	1	156	T	REF_MASTER_NC_004102	NS3:156T	aminoAcidSimplePolymorphism	NS3:54S+156T	combination	NS3:54S+156T	2	2	phdr_ras:NS3:54S+156T	NS3:54S+156T	AL_1b	T54S+A156T	NS3:54S+156T:AL_1b:grazoprevir	category_II	II	2	0		1	0	1	NS3:54S+156T:AL_1b	grazoprevir	grazoprevir	drug_resistance
NS3	1	156	T	REF_MASTER_NC_004102	NS3:156T	aminoAcidSimplePolymorphism	NS3:54S+56F+80L+156T+170I	combination	NS3:54S+56F+80L+156T+170I	5	4	phdr_ras:NS3:54S+56F+80L+156T+170I	NS3:54S+56F+80L+156T+170I	AL_1b	T54S+F/Y56F+Q80L+A156T+I/V170I	NS3:54S+56F+80L+156T+170I:AL_1b:grazoprevir	category_II	II	2	0		1	0	1	NS3:54S+56F+80L+156T+170I:AL_1b	grazoprevir	grazoprevir	drug_resistance
NS3	1	156	T	REF_MASTER_NC_004102	NS3:156T	aminoAcidSimplePolymorphism	NS3:56H+156T+168N	combination	NS3:56H+156T+168N	3	2	phdr_ras:NS3:56H+156T+168N	NS3:56H+156T+168N	AL_1a	Y56H+A156T+D168N	NS3:56H+156T+168N:AL_1a:grazoprevir	category_II	II	2	0		1	0	1	NS3:56H+156T+168N:AL_1a	grazoprevir	grazoprevir	drug_resistance
NS3	1	156	T	REF_MASTER_NC_004102	NS3:156T	aminoAcidSimplePolymorphism	NS3:80K+155T+156T+168N	combination	NS3:80K+155T+156T+168N	4	3	phdr_ras:NS3:80K+155T+156T+168N	NS3:80K+155T+156T+168N	AL_1a	K/Q80K+R155T+A156T+D168N	NS3:80K+155T+156T+168N:AL_1a:grazoprevir	category_II	II	2	0		1	0	1	NS3:80K+155T+156T+168N:AL_1a	grazoprevir	grazoprevir	drug_resistance
NS3	1	156	T	REF_MASTER_NC_004102	NS3:156T	aminoAcidSimplePolymorphism	NS3:80K+156T+168A	combination	NS3:80K+156T+168A	3	2	phdr_ras:NS3:80K+156T+168A	NS3:80K+156T+168A	AL_1a	K/Q80K+A156T+D168A	NS3:80K+156T+168A:AL_1a:grazoprevir	category_II	II	2	0		1	0	1	NS3:80K+156T+168A:AL_1a	grazoprevir	grazoprevir	drug_resistance
NS3	1	156	T	REF_MASTER_NC_004102	NS3:156T	aminoAcidSimplePolymorphism	NS3:80R+155K+156T+168A	combination	NS3:80R+155K+156T+168A	4	3	phdr_ras:NS3:80R+155K+156T+168A	NS3:80R+155K+156T+168A	AL_1a	K/Q80R+R155K+A156T+D168A	NS3:80R+155K+156T+168A:AL_1a:grazoprevir	category_II	II	2	0		1	0	1	NS3:80R+155K+156T+168A:AL_1a	grazoprevir	grazoprevir	drug_resistance
NS3	1	156	T	REF_MASTER_NC_004102	NS3:156T	aminoAcidSimplePolymorphism	NS3:80R+155K+156T+168E	combination	NS3:80R+155K+156T+168E	4	3	phdr_ras:NS3:80R+155K+156T+168E	NS3:80R+155K+156T+168E	AL_1a	K/Q80R+R155K+A156T+D168E	NS3:80R+155K+156T+168E:AL_1a:grazoprevir	category_II	II	2	0		1	0	1	NS3:80R+155K+156T+168E:AL_1a	grazoprevir	grazoprevir	drug_resistance
NS3	1	156	T	REF_MASTER_NC_004102	NS3:156T	aminoAcidSimplePolymorphism	NS3:80R+155K+156T+168K	combination	NS3:80R+155K+156T+168K	4	3	phdr_ras:NS3:80R+155K+156T+168K	NS3:80R+155K+156T+168K	AL_1a	K/Q80R+R155K+A156T+D168K	NS3:80R+155K+156T+168K:AL_1a:grazoprevir	category_II	II	2	0		1	0	1	NS3:80R+155K+156T+168K:AL_1a	grazoprevir	grazoprevir	drug_resistance
NS3	1	156	T	REF_MASTER_NC_004102	NS3:156T	aminoAcidSimplePolymorphism	NS3:80R+155S+156T+168A	combination	NS3:80R+155S+156T+168A	4	3	phdr_ras:NS3:80R+155S+156T+168A	NS3:80R+155S+156T+168A	AL_1a	K/Q80R+R155S+A156T+D168A	NS3:80R+155S+156T+168A:AL_1a:grazoprevir	category_II	II	2	0		1	0	1	NS3:80R+155S+156T+168A:AL_1a	grazoprevir	grazoprevir	drug_resistance
NS3	1	156	T	REF_MASTER_NC_004102	NS3:156T	aminoAcidSimplePolymorphism	NS3:80R+155S+156T+168E	combination	NS3:80R+155S+156T+168E	4	3	phdr_ras:NS3:80R+155S+156T+168E	NS3:80R+155S+156T+168E	AL_1a	K/Q80R+R155S+A156T+D168E	NS3:80R+155S+156T+168E:AL_1a:grazoprevir	category_II	II	2	0		1	0	1	NS3:80R+155S+156T+168E:AL_1a	grazoprevir	grazoprevir	drug_resistance
NS3	1	156	T	REF_MASTER_NC_004102	NS3:156T	aminoAcidSimplePolymorphism	NS3:80R+155S+156T+168K	combination	NS3:80R+155S+156T+168K	4	3	phdr_ras:NS3:80R+155S+156T+168K	NS3:80R+155S+156T+168K	AL_1a	K/Q80R+R155S+A156T+D168K	NS3:80R+155S+156T+168K:AL_1a:grazoprevir	category_II	II	2	0		1	0	1	NS3:80R+155S+156T+168K:AL_1a	grazoprevir	grazoprevir	drug_resistance
NS3	1	156	T	REF_MASTER_NC_004102	NS3:156T	aminoAcidSimplePolymorphism	NS3:89L+156T	combination	NS3:89L+156T	2	2	phdr_ras:NS3:89L+156T	NS3:89L+156T	AL_1b	P/S89L+A156T	NS3:89L+156T:AL_1b:glecaprevir	category_II	II	2	1	1674	0			NS3:89L+156T:AL_1b	glecaprevir	glecaprevir	drug_resistance
NS3	1	156	T	REF_MASTER_NC_004102	NS3:156T	aminoAcidSimplePolymorphism	NS3:89R+156T	combination	NS3:89R+156T	2	2	phdr_ras:NS3:89R+156T	NS3:89R+156T	AL_1a	Q89R+A156T	NS3:89R+156T:AL_1a:glecaprevir	category_II	II	2	1	3585	0			NS3:89R+156T:AL_1a	glecaprevir	glecaprevir	drug_resistance
NS3	1	156	V	REF_MASTER_NC_004102	NS3:156V	aminoAcidSimplePolymorphism	NS3:155T+156V	combination	NS3:155T+156V	2	2	phdr_ras:NS3:155T+156V	NS3:155T+156V	AL_1a	R155T+A156V	NS3:155T+156V:AL_1a:glecaprevir	category_II	II	2	0		1	0	1	NS3:155T+156V:AL_1a	glecaprevir	glecaprevir	drug_resistance
NS3	1	156	V	REF_MASTER_NC_004102	NS3:156V	aminoAcidSimplePolymorphism	NS3:156V	single				phdr_ras:NS3:156V	NS3:156V	AL_1a	A156V	NS3:156V:AL_1a:glecaprevir	category_II	II	2	0		1	0	1	NS3:156V:AL_1a	glecaprevir	glecaprevir	drug_resistance
NS3	1	156	V	REF_MASTER_NC_004102	NS3:156V	aminoAcidSimplePolymorphism	NS3:156V	single				phdr_ras:NS3:156V	NS3:156V	AL_1a	A156V	NS3:156V:AL_1a:grazoprevir	category_II	II	2	0		1	0	1	NS3:156V:AL_1a	grazoprevir	grazoprevir	drug_resistance
NS3	1	156	V	REF_MASTER_NC_004102	NS3:156V	aminoAcidSimplePolymorphism	NS3:156V	single				phdr_ras:NS3:156V	NS3:156V	AL_1b	A156V	NS3:156V:AL_1b:glecaprevir	category_II	II	2	1	1786	0			NS3:156V:AL_1b	glecaprevir	glecaprevir	drug_resistance
NS3	1	156	V	REF_MASTER_NC_004102	NS3:156V	aminoAcidSimplePolymorphism	NS3:156V	single				phdr_ras:NS3:156V	NS3:156V	AL_1b	A156V	NS3:156V:AL_1b:grazoprevir	category_II	II	2	0		1	0	1	NS3:156V:AL_1b	grazoprevir	grazoprevir	drug_resistance
NS3	1	156	V	REF_MASTER_NC_004102	NS3:156V	aminoAcidSimplePolymorphism	NS3:156V	single				phdr_ras:NS3:156V	NS3:156V	AL_1b	A156V	NS3:156V:AL_1b:voxilaprevir	category_II	II	2	1	458.2	0			NS3:156V:AL_1b	voxilaprevir	voxilaprevir	drug_resistance
NS3	1	156	V	REF_MASTER_NC_004102	NS3:156V	aminoAcidSimplePolymorphism	NS3:156V	single				phdr_ras:NS3:156V	NS3:156V	AL_2a	A156V	NS3:156V:AL_2a:glecaprevir	category_II	II	2	1	1143	0			NS3:156V:AL_2a	glecaprevir	glecaprevir	drug_resistance
NS3	1	156	V	REF_MASTER_NC_004102	NS3:156V	aminoAcidSimplePolymorphism	NS3:156V	single				phdr_ras:NS3:156V	NS3:156V	AL_2a	A156V	NS3:156V:AL_2a:paritaprevir	category_II	II	2	1	73	0			NS3:156V:AL_2a	paritaprevir	paritaprevir	drug_resistance
NS3	1	156	V	REF_MASTER_NC_004102	NS3:156V	aminoAcidSimplePolymorphism	NS3:156V	single				phdr_ras:NS3:156V	NS3:156V	AL_2a	A156V	NS3:156V:AL_2a:voxilaprevir	category_II	II	2	1	100	0			NS3:156V:AL_2a	voxilaprevir	voxilaprevir	drug_resistance
NS3	1	156	V	REF_MASTER_NC_004102	NS3:156V	aminoAcidSimplePolymorphism	NS3:156V	single				phdr_ras:NS3:156V	NS3:156V	AL_2b	A156V	NS3:156V:AL_2b:glecaprevir	category_II	II	2	1	1455	0			NS3:156V:AL_2b	glecaprevir	glecaprevir	drug_resistance
NS3	1	156	V	REF_MASTER_NC_004102	NS3:156V	aminoAcidSimplePolymorphism	NS3:156V	single				phdr_ras:NS3:156V	NS3:156V	AL_3a	A156V	NS3:156V:AL_3a:paritaprevir	category_III	III	3	1	11	0			NS3:156V:AL_3a	paritaprevir	paritaprevir	drug_resistance
NS3	1	156	V	REF_MASTER_NC_004102	NS3:156V	aminoAcidSimplePolymorphism	NS3:156V	single				phdr_ras:NS3:156V	NS3:156V	AL_3a	A156V	NS3:156V:AL_3a:voxilaprevir	category_II	II	2	1	100	0			NS3:156V:AL_3a	voxilaprevir	voxilaprevir	drug_resistance
NS3	1	156	V	REF_MASTER_NC_004102	NS3:156V	aminoAcidSimplePolymorphism	NS3:156V	single				phdr_ras:NS3:156V	NS3:156V	AL_4	A156V	NS3:156V:AL_4:grazoprevir	category_II	II	2	0		1	0	1	NS3:156V:AL_4	grazoprevir	grazoprevir	drug_resistance
NS3	1	156	V	REF_MASTER_NC_004102	NS3:156V	aminoAcidSimplePolymorphism	NS3:156V	single				phdr_ras:NS3:156V	NS3:156V	AL_4a	A156V	NS3:156V:AL_4a:glecaprevir	category_II	II	2	1	3106	0			NS3:156V:AL_4a	glecaprevir	glecaprevir	drug_resistance
NS3	1	156	V	REF_MASTER_NC_004102	NS3:156V	aminoAcidSimplePolymorphism	NS3:156V	single				phdr_ras:NS3:156V	NS3:156V	AL_4a	A156V	NS3:156V:AL_4a:voxilaprevir	category_II	II	2	1	100	0			NS3:156V:AL_4a	voxilaprevir	voxilaprevir	drug_resistance
NS3	1	156	V	REF_MASTER_NC_004102	NS3:156V	aminoAcidSimplePolymorphism	NS3:156V+168A+170I	combination	NS3:156V+168A+170I	3	1	phdr_ras:NS3:156V+168A+170I	NS3:156V+168A+170I	AL_4a	A156V+D168A+V170I	NS3:156V+168A+170I:AL_4a:grazoprevir	category_II	II	2	0		1	0	1	NS3:156V+168A+170I:AL_4a	grazoprevir	grazoprevir	drug_resistance
NS3	1	156	V	REF_MASTER_NC_004102	NS3:156V	aminoAcidSimplePolymorphism	NS3:156V+168G+170I	combination	NS3:156V+168G+170I	3	1	phdr_ras:NS3:156V+168G+170I	NS3:156V+168G+170I	AL_4a	A156V+D168G+V170I	NS3:156V+168G+170I:AL_4a:grazoprevir	category_II	II	2	0		1	0	1	NS3:156V+168G+170I:AL_4a	grazoprevir	grazoprevir	drug_resistance
NS3	1	156	V	REF_MASTER_NC_004102	NS3:156V	aminoAcidSimplePolymorphism	NS3:156V+168V	combination	NS3:156V+168V	2	1	phdr_ras:NS3:156V+168V	NS3:156V+168V	AL_1b	A156V+D168V	NS3:156V+168V:AL_1b:glecaprevir	category_II	II	2	1	5244	0			NS3:156V+168V:AL_1b	glecaprevir	glecaprevir	drug_resistance
NS3	1	156	V	REF_MASTER_NC_004102	NS3:156V	aminoAcidSimplePolymorphism	NS3:80K+156V	combination	NS3:80K+156V	2	2	phdr_ras:NS3:80K+156V	NS3:80K+156V	AL_1a	K/Q80K+A156V	NS3:80K+156V:AL_1a:grazoprevir	category_II	II	2	0		1	0	1	NS3:80K+156V:AL_1a	grazoprevir	grazoprevir	drug_resistance
NS3	1	156	V	REF_MASTER_NC_004102	NS3:156V	aminoAcidSimplePolymorphism	NS3:89L+156V	combination	NS3:89L+156V	2	2	phdr_ras:NS3:89L+156V	NS3:89L+156V	AL_1b	P/S89L+A156V	NS3:89L+156V:AL_1b:glecaprevir	category_II	II	2	1	4234	0			NS3:89L+156V:AL_1b	glecaprevir	glecaprevir	drug_resistance
NS3	1	158	A	REF_MASTER_NC_004102	NS3:158A	aminoAcidSimplePolymorphism	NS3:156T+158A	combination	NS3:156T+158A	2	2	phdr_ras:NS3:156T+158A	NS3:156T+158A	AL_1a	A156T+V158A	NS3:156T+158A:AL_1a:grazoprevir	category_II	II	2	0		1	0	1	NS3:156T+158A:AL_1a	grazoprevir	grazoprevir	drug_resistance
NS3	1	158	A	REF_MASTER_NC_004102	NS3:158A	aminoAcidSimplePolymorphism	NS3:158A	single				phdr_ras:NS3:158A	NS3:158A	AL_1a	V158A	NS3:158A:AL_1a:grazoprevir	category_II	II	2	0		1	0	1	NS3:158A:AL_1a	grazoprevir	grazoprevir	drug_resistance
NS3	1	158	A	REF_MASTER_NC_004102	NS3:158A	aminoAcidSimplePolymorphism	NS3:36L+155K+156T+158A+168N	combination	NS3:36L+155K+156T+158A+168N	5	4	phdr_ras:NS3:36L+155K+156T+158A+168N	NS3:36L+155K+156T+158A+168N	AL_1a	V36L+R155K+A156T+V158A+D168N	NS3:36L+155K+156T+158A+168N:AL_1a:grazoprevir	category_II	II	2	0		1	0	1	NS3:36L+155K+156T+158A+168N:AL_1a	grazoprevir	grazoprevir	drug_resistance
NS3	1	158	I	REF_MASTER_NC_004102	NS3:158I	aminoAcidSimplePolymorphism	NS3:158I	single				phdr_ras:NS3:158I	NS3:158I	AL_6a	V158I	NS3:158I:AL_6a:paritaprevir	insignificant	-	4	1	2.9	0			NS3:158I:AL_6a	paritaprevir	paritaprevir	drug_resistance
NS3	1	158	I	REF_MASTER_NC_004102	NS3:158I	aminoAcidSimplePolymorphism	NS3:54A+158I	combination	NS3:54A+158I	2	2	phdr_ras:NS3:54A+158I	NS3:54A+158I	AL_6a	T54A+V158I	NS3:54A+158I:AL_6a:paritaprevir	insignificant	-	4	1	3.8	0			NS3:54A+158I:AL_6a	paritaprevir	paritaprevir	drug_resistance
NS3	1	166	S	REF_MASTER_NC_004102	NS3:166S	aminoAcidSimplePolymorphism	NS3:166S	single				phdr_ras:NS3:166S	NS3:166S	AL_3a	A166S	NS3:166S:AL_3a:glecaprevir	category_II	II	2	0		1	1	0	NS3:166S:AL_3a	glecaprevir	glecaprevir	drug_resistance
NS3	1	166	S	REF_MASTER_NC_004102	NS3:166S	aminoAcidSimplePolymorphism	NS3:166S	single				phdr_ras:NS3:166S	NS3:166S	AL_3a	A166S	NS3:166S:AL_3a:paritaprevir	category_II	II	2	0		1	1	0	NS3:166S:AL_3a	paritaprevir	paritaprevir	drug_resistance
NS3	1	166	S	REF_MASTER_NC_004102	NS3:166S	aminoAcidSimplePolymorphism	NS3:166S+168R	combination	NS3:166S+168R	2	1	phdr_ras:NS3:166S+168R	NS3:166S+168R	AL_3	A166S+Q168R	NS3:166S+168R:AL_3:glecaprevir	category_II	II	2	0		1	1	0	NS3:166S+168R:AL_3	glecaprevir	glecaprevir	drug_resistance
NS3	1	166	T	REF_MASTER_NC_004102	NS3:166T	aminoAcidSimplePolymorphism	NS3:166T	single				phdr_ras:NS3:166T	NS3:166T	AL_3a	A166T	NS3:166T:AL_3a:glecaprevir	category_II	II	2	1	4.7	1	1	0	NS3:166T:AL_3a	glecaprevir	glecaprevir	drug_resistance
NS3	1	168	A	REF_MASTER_NC_004102	NS3:168A	aminoAcidSimplePolymorphism	NS3:122G+168A	combination	NS3:122G+168A	2	2	phdr_ras:NS3:122G+168A	NS3:122G+168A	AL_1a	S122G+D168A	NS3:122G+168A:AL_1a:grazoprevir	category_II	II	2	0		1	0	1	NS3:122G+168A:AL_1a	grazoprevir	grazoprevir	drug_resistance
NS3	1	168	A	REF_MASTER_NC_004102	NS3:168A	aminoAcidSimplePolymorphism	NS3:122N+168A	combination	NS3:122N+168A	2	2	phdr_ras:NS3:122N+168A	NS3:122N+168A	AL_5a	A/T122N+D/E168A	NS3:122N+168A:AL_5a:voxilaprevir	category_III	III	3	1	11.25	0			NS3:122N+168A:AL_5a	voxilaprevir	voxilaprevir	drug_resistance
NS3	1	168	A	REF_MASTER_NC_004102	NS3:168A	aminoAcidSimplePolymorphism	NS3:155K+168A	combination	NS3:155K+168A	2	2	phdr_ras:NS3:155K+168A	NS3:155K+168A	AL_1a	R155K+D168A	NS3:155K+168A:AL_1a:grazoprevir	category_III	III	3	1	6	0			NS3:155K+168A:AL_1a	grazoprevir	grazoprevir	drug_resistance
NS3	1	168	A	REF_MASTER_NC_004102	NS3:168A	aminoAcidSimplePolymorphism	NS3:156M+168A+170I	combination	NS3:156M+168A+170I	3	2	phdr_ras:NS3:156M+168A+170I	NS3:156M+168A+170I	AL_4a	A156M+D168A+V170I	NS3:156M+168A+170I:AL_4a:grazoprevir	category_II	II	2	0		1	0	1	NS3:156M+168A+170I:AL_4a	grazoprevir	grazoprevir	drug_resistance
NS3	1	168	A	REF_MASTER_NC_004102	NS3:168A	aminoAcidSimplePolymorphism	NS3:156T+168A+170I	combination	NS3:156T+168A+170I	3	2	phdr_ras:NS3:156T+168A+170I	NS3:156T+168A+170I	AL_4a	A156T+D168A+V170I	NS3:156T+168A+170I:AL_4a:grazoprevir	category_II	II	2	0		1	0	1	NS3:156T+168A+170I:AL_4a	grazoprevir	grazoprevir	drug_resistance
NS3	1	168	A	REF_MASTER_NC_004102	NS3:168A	aminoAcidSimplePolymorphism	NS3:156V+168A+170I	combination	NS3:156V+168A+170I	3	2	phdr_ras:NS3:156V+168A+170I	NS3:156V+168A+170I	AL_4a	A156V+D168A+V170I	NS3:156V+168A+170I:AL_4a:grazoprevir	category_II	II	2	0		1	0	1	NS3:156V+168A+170I:AL_4a	grazoprevir	grazoprevir	drug_resistance
NS3	1	168	A	REF_MASTER_NC_004102	NS3:168A	aminoAcidSimplePolymorphism	NS3:168A	single				phdr_ras:NS3:168A	NS3:168A	AL_1a	D168A	NS3:168A:AL_1a:glecaprevir	category_II	II	2	1	4	1	1	0	NS3:168A:AL_1a	glecaprevir	glecaprevir	drug_resistance
NS3	1	168	A	REF_MASTER_NC_004102	NS3:168A	aminoAcidSimplePolymorphism	NS3:168A	single				phdr_ras:NS3:168A	NS3:168A	AL_1a	D168A	NS3:168A:AL_1a:grazoprevir	category_I	I	1	1	273	1	0	1	NS3:168A:AL_1a	grazoprevir	grazoprevir	drug_resistance
NS3	1	168	A	REF_MASTER_NC_004102	NS3:168A	aminoAcidSimplePolymorphism	NS3:168A	single				phdr_ras:NS3:168A	NS3:168A	AL_1a	D168A	NS3:168A:AL_1a:paritaprevir	category_I	I	1	1	951	1	1	0	NS3:168A:AL_1a	paritaprevir	paritaprevir	drug_resistance
NS3	1	168	A	REF_MASTER_NC_004102	NS3:168A	aminoAcidSimplePolymorphism	NS3:168A	single				phdr_ras:NS3:168A	NS3:168A	AL_1a	D168A	NS3:168A:AL_1a:voxilaprevir	insignificant	-	4	1	3.4	0			NS3:168A:AL_1a	voxilaprevir	voxilaprevir	drug_resistance
NS3	1	168	A	REF_MASTER_NC_004102	NS3:168A	aminoAcidSimplePolymorphism	NS3:168A	single				phdr_ras:NS3:168A	NS3:168A	AL_1b	D168A	NS3:168A:AL_1b:grazoprevir	category_III	III	3	1	13.6	0			NS3:168A:AL_1b	grazoprevir	grazoprevir	drug_resistance
NS3	1	168	A	REF_MASTER_NC_004102	NS3:168A	aminoAcidSimplePolymorphism	NS3:168A	single				phdr_ras:NS3:168A	NS3:168A	AL_1b	D168A	NS3:168A:AL_1b:paritaprevir	category_III	III	3	1	27	0			NS3:168A:AL_1b	paritaprevir	paritaprevir	drug_resistance
NS3	1	168	A	REF_MASTER_NC_004102	NS3:168A	aminoAcidSimplePolymorphism	NS3:168A	single				phdr_ras:NS3:168A	NS3:168A	AL_2a	D168A	NS3:168A:AL_2a:paritaprevir	category_III	III	3	1	19	0			NS3:168A:AL_2a	paritaprevir	paritaprevir	drug_resistance
NS3	1	168	A	REF_MASTER_NC_004102	NS3:168A	aminoAcidSimplePolymorphism	NS3:168A	single				phdr_ras:NS3:168A	NS3:168A	AL_4	D168A	NS3:168A:AL_4:grazoprevir	category_I	I	1	1	137	1	0	1	NS3:168A:AL_4	grazoprevir	grazoprevir	drug_resistance
NS3	1	168	A	REF_MASTER_NC_004102	NS3:168A	aminoAcidSimplePolymorphism	NS3:168A	single				phdr_ras:NS3:168A	NS3:168A	AL_5a	D/E168A	NS3:168A:AL_5a:paritaprevir	category_II	II	2	1	223	0			NS3:168A:AL_5a	paritaprevir	paritaprevir	drug_resistance
NS3	1	168	A	REF_MASTER_NC_004102	NS3:168A	aminoAcidSimplePolymorphism	NS3:168A	single				phdr_ras:NS3:168A	NS3:168A	AL_5a	D/E168A	NS3:168A:AL_5a:voxilaprevir	category_III	III	3	1	11.25	0			NS3:168A:AL_5a	voxilaprevir	voxilaprevir	drug_resistance
NS3	1	168	A	REF_MASTER_NC_004102	NS3:168A	aminoAcidSimplePolymorphism	NS3:168A	single				phdr_ras:NS3:168A	NS3:168A	AL_6a	D168A	NS3:168A:AL_6a:glecaprevir	category_II	II	2	1	81	0			NS3:168A:AL_6a	glecaprevir	glecaprevir	drug_resistance
NS3	1	168	A	REF_MASTER_NC_004102	NS3:168A	aminoAcidSimplePolymorphism	NS3:168A	single				phdr_ras:NS3:168A	NS3:168A	AL_6a	D168A	NS3:168A:AL_6a:paritaprevir	category_II	II	2	1	109	0			NS3:168A:AL_6a	paritaprevir	paritaprevir	drug_resistance
NS3	1	168	A	REF_MASTER_NC_004102	NS3:168A	aminoAcidSimplePolymorphism	NS3:168A	single				phdr_ras:NS3:168A	NS3:168A	AL_6a	D168A	NS3:168A:AL_6a:voxilaprevir	category_III	III	3	1	11.25	0			NS3:168A:AL_6a	voxilaprevir	voxilaprevir	drug_resistance
NS3	1	168	A	REF_MASTER_NC_004102	NS3:168A	aminoAcidSimplePolymorphism	NS3:168A+122N	combination	NS3:168A+122N	2	1	phdr_ras:NS3:168A+122N	NS3:168A+122N	AL_6a	D168A+N/S122N	NS3:168A+122N:AL_6a:voxilaprevir	category_III	III	3	1	11.25	0			NS3:168A+122N:AL_6a	voxilaprevir	voxilaprevir	drug_resistance
NS3	1	168	A	REF_MASTER_NC_004102	NS3:168A	aminoAcidSimplePolymorphism	NS3:168A+170T	combination	NS3:168A+170T	2	1	phdr_ras:NS3:168A+170T	NS3:168A+170T	AL_1a	D168A+I170T	NS3:168A+170T:AL_1a:voxilaprevir	category_III	III	3	1	11.25	0			NS3:168A+170T:AL_1a	voxilaprevir	voxilaprevir	drug_resistance
NS3	1	168	A	REF_MASTER_NC_004102	NS3:168A	aminoAcidSimplePolymorphism	NS3:36A+168A	combination	NS3:36A+168A	2	2	phdr_ras:NS3:36A+168A	NS3:36A+168A	AL_6a	V36A+D168A	NS3:36A+168A:AL_6a:voxilaprevir	category_III	III	3	1	11.25	0			NS3:36A+168A:AL_6a	voxilaprevir	voxilaprevir	drug_resistance
NS3	1	168	A	REF_MASTER_NC_004102	NS3:168A	aminoAcidSimplePolymorphism	NS3:36L+80K+168A	combination	NS3:36L+80K+168A	3	3	phdr_ras:NS3:36L+80K+168A	NS3:36L+80K+168A	AL_1a	V36L+K/Q80K+D168A	NS3:36L+80K+168A:AL_1a:grazoprevir	category_II	II	2	0		1	0	1	NS3:36L+80K+168A:AL_1a	grazoprevir	grazoprevir	drug_resistance
NS3	1	168	A	REF_MASTER_NC_004102	NS3:168A	aminoAcidSimplePolymorphism	NS3:36M+80K+122G+168A	combination	NS3:36M+80K+122G+168A	4	4	phdr_ras:NS3:36M+80K+122G+168A	NS3:36M+80K+122G+168A	AL_1a	V36M+K/Q80K+S122G+D168A	NS3:36M+80K+122G+168A:AL_1a:grazoprevir	category_II	II	2	0		1	0	1	NS3:36M+80K+122G+168A:AL_1a	grazoprevir	grazoprevir	drug_resistance
NS3	1	168	A	REF_MASTER_NC_004102	NS3:168A	aminoAcidSimplePolymorphism	NS3:41R+168A	combination	NS3:41R+168A	2	2	phdr_ras:NS3:41R+168A	NS3:41R+168A	AL_1a	Q41R+D168A	NS3:41R+168A:AL_1a:voxilaprevir	category_II	II	2	1	60	0			NS3:41R+168A:AL_1a	voxilaprevir	voxilaprevir	drug_resistance
NS3	1	168	A	REF_MASTER_NC_004102	NS3:168A	aminoAcidSimplePolymorphism	NS3:41R+168A	combination	NS3:41R+168A	2	2	phdr_ras:NS3:41R+168A	NS3:41R+168A	AL_5a	Q41R+D/E168A	NS3:41R+168A:AL_5a:voxilaprevir	category_II	II	2	1	60	0			NS3:41R+168A:AL_5a	voxilaprevir	voxilaprevir	drug_resistance
NS3	1	168	A	REF_MASTER_NC_004102	NS3:168A	aminoAcidSimplePolymorphism	NS3:41R+168A	combination	NS3:41R+168A	2	2	phdr_ras:NS3:41R+168A	NS3:41R+168A	AL_6a	Q41R+D168A	NS3:41R+168A:AL_6a:voxilaprevir	category_III	III	3	1	11.25	0			NS3:41R+168A:AL_6a	voxilaprevir	voxilaprevir	drug_resistance
NS3	1	168	A	REF_MASTER_NC_004102	NS3:168A	aminoAcidSimplePolymorphism	NS3:55A+168A	combination	NS3:55A+168A	2	2	phdr_ras:NS3:55A+168A	NS3:55A+168A	AL_1a	V55A+D168A	NS3:55A+168A:AL_1a:grazoprevir	category_II	II	2	0		1	0	1	NS3:55A+168A:AL_1a	grazoprevir	grazoprevir	drug_resistance
NS3	1	168	A	REF_MASTER_NC_004102	NS3:168A	aminoAcidSimplePolymorphism	NS3:56H+168A	combination	NS3:56H+168A	2	2	phdr_ras:NS3:56H+168A	NS3:56H+168A	AL_1a	Y56H+D168A	NS3:56H+168A:AL_1a:glecaprevir	category_II	II	2	0		1	1	0	NS3:56H+168A:AL_1a	glecaprevir	glecaprevir	drug_resistance
NS3	1	168	A	REF_MASTER_NC_004102	NS3:168A	aminoAcidSimplePolymorphism	NS3:56H+168A	combination	NS3:56H+168A	2	2	phdr_ras:NS3:56H+168A	NS3:56H+168A	AL_1a	Y56H+D168A	NS3:56H+168A:AL_1a:grazoprevir	category_I	I	1	1	1638	1	0	1	NS3:56H+168A:AL_1a	grazoprevir	grazoprevir	drug_resistance
NS3	1	168	A	REF_MASTER_NC_004102	NS3:168A	aminoAcidSimplePolymorphism	NS3:56H+168A	combination	NS3:56H+168A	2	2	phdr_ras:NS3:56H+168A	NS3:56H+168A	AL_1b	F/Y56H+D168A	NS3:56H+168A:AL_1b:grazoprevir	category_II	II	2	0		1	0	1	NS3:56H+168A:AL_1b	grazoprevir	grazoprevir	drug_resistance
NS3	1	168	A	REF_MASTER_NC_004102	NS3:168A	aminoAcidSimplePolymorphism	NS3:56H+168A	combination	NS3:56H+168A	2	2	phdr_ras:NS3:56H+168A	NS3:56H+168A	AL_1b	F/Y56H+D168A	NS3:56H+168A:AL_1b:paritaprevir	category_I	I	1	1	700	1	0	1	NS3:56H+168A:AL_1b	paritaprevir	paritaprevir	drug_resistance
NS3	1	168	A	REF_MASTER_NC_004102	NS3:168A	aminoAcidSimplePolymorphism	NS3:80K+156T+168A	combination	NS3:80K+156T+168A	3	3	phdr_ras:NS3:80K+156T+168A	NS3:80K+156T+168A	AL_1a	K/Q80K+A156T+D168A	NS3:80K+156T+168A:AL_1a:grazoprevir	category_II	II	2	0		1	0	1	NS3:80K+156T+168A:AL_1a	grazoprevir	grazoprevir	drug_resistance
NS3	1	168	A	REF_MASTER_NC_004102	NS3:168A	aminoAcidSimplePolymorphism	NS3:80K+168A	combination	NS3:80K+168A	2	2	phdr_ras:NS3:80K+168A	NS3:80K+168A	AL_1a	K/Q80K+D168A	NS3:80K+168A:AL_1a:grazoprevir	category_II	II	2	0		1	0	1	NS3:80K+168A:AL_1a	grazoprevir	grazoprevir	drug_resistance
NS3	1	168	A	REF_MASTER_NC_004102	NS3:168A	aminoAcidSimplePolymorphism	NS3:80R+155K+156T+168A	combination	NS3:80R+155K+156T+168A	4	4	phdr_ras:NS3:80R+155K+156T+168A	NS3:80R+155K+156T+168A	AL_1a	K/Q80R+R155K+A156T+D168A	NS3:80R+155K+156T+168A:AL_1a:grazoprevir	category_II	II	2	0		1	0	1	NS3:80R+155K+156T+168A:AL_1a	grazoprevir	grazoprevir	drug_resistance
NS3	1	168	A	REF_MASTER_NC_004102	NS3:168A	aminoAcidSimplePolymorphism	NS3:80R+155S+156T+168A	combination	NS3:80R+155S+156T+168A	4	4	phdr_ras:NS3:80R+155S+156T+168A	NS3:80R+155S+156T+168A	AL_1a	K/Q80R+R155S+A156T+D168A	NS3:80R+155S+156T+168A:AL_1a:grazoprevir	category_II	II	2	0		1	0	1	NS3:80R+155S+156T+168A:AL_1a	grazoprevir	grazoprevir	drug_resistance
NS3	1	168	C	REF_MASTER_NC_004102	NS3:168C	aminoAcidSimplePolymorphism	NS3:168C	single				phdr_ras:NS3:168C	NS3:168C	AL_1a	D168C	NS3:168C:AL_1a:grazoprevir	category_II	II	2	0		1	0	1	NS3:168C:AL_1a	grazoprevir	grazoprevir	drug_resistance
NS3	1	168	C	REF_MASTER_NC_004102	NS3:168C	aminoAcidSimplePolymorphism	NS3:168C	single				phdr_ras:NS3:168C	NS3:168C	AL_4	D168C	NS3:168C:AL_4:grazoprevir	category_II	II	2	0		1	0	1	NS3:168C:AL_4	grazoprevir	grazoprevir	drug_resistance
NS3	1	168	D	REF_MASTER_NC_004102	NS3:168D	aminoAcidSimplePolymorphism	NS3:168D	single				phdr_ras:NS3:168D	NS3:168D															drug_resistance
NS3	1	168	D	REF_MASTER_NC_004102	NS3:168D	aminoAcidSimplePolymorphism	NS3:80K+168D	combination	NS3:80K+168D	2	2	phdr_ras:NS3:80K+168D	NS3:80K+168D	AL_1a	K/Q80K+D168D	NS3:80K+168D:AL_1a:grazoprevir	category_II	II	2	0		1	0	1	NS3:80K+168D:AL_1a	grazoprevir	grazoprevir	drug_resistance
NS3	1	168	E	REF_MASTER_NC_004102	NS3:168E	aminoAcidSimplePolymorphism	NS3:122R+155N+168E	combination	NS3:122R+155N+168E	3	3	phdr_ras:NS3:122R+155N+168E	NS3:122R+155N+168E	AL_1a	S122R+R155N+D168E	NS3:122R+155N+168E:AL_1a:voxilaprevir	category_III	III	3	1	10.7	0			NS3:122R+155N+168E:AL_1a	voxilaprevir	voxilaprevir	drug_resistance
NS3	1	168	E	REF_MASTER_NC_004102	NS3:168E	aminoAcidSimplePolymorphism	NS3:168E	single				phdr_ras:NS3:168E	NS3:168E	AL_1a	D168E	NS3:168E:AL_1a:grazoprevir	category_I	I	1	1	37	1	1	1	NS3:168E:AL_1a	grazoprevir	grazoprevir	drug_resistance
NS3	1	168	E	REF_MASTER_NC_004102	NS3:168E	aminoAcidSimplePolymorphism	NS3:168E	single				phdr_ras:NS3:168E	NS3:168E	AL_1a	D168E	NS3:168E:AL_1a:paritaprevir	category_III	III	3	1	14	0			NS3:168E:AL_1a	paritaprevir	paritaprevir	drug_resistance
NS3	1	168	E	REF_MASTER_NC_004102	NS3:168E	aminoAcidSimplePolymorphism	NS3:168E	single				phdr_ras:NS3:168E	NS3:168E	AL_1b	D168E	NS3:168E:AL_1b:grazoprevir	insignificant	-	4	1	3.2	0			NS3:168E:AL_1b	grazoprevir	grazoprevir	drug_resistance
NS3	1	168	E	REF_MASTER_NC_004102	NS3:168E	aminoAcidSimplePolymorphism	NS3:168E	single				phdr_ras:NS3:168E	NS3:168E	AL_1b	D168E	NS3:168E:AL_1b:paritaprevir	insignificant	-	4	1	4	0			NS3:168E:AL_1b	paritaprevir	paritaprevir	drug_resistance
NS3	1	168	E	REF_MASTER_NC_004102	NS3:168E	aminoAcidSimplePolymorphism	NS3:168E	single				phdr_ras:NS3:168E	NS3:168E	AL_2a	D168E	NS3:168E:AL_2a:glecaprevir	insignificant	-	4	1	3.3	0			NS3:168E:AL_2a	glecaprevir	glecaprevir	drug_resistance
NS3	1	168	E	REF_MASTER_NC_004102	NS3:168E	aminoAcidSimplePolymorphism	NS3:168E	single				phdr_ras:NS3:168E	NS3:168E	AL_2a	D168E	NS3:168E:AL_2a:paritaprevir	category_III	III	3	1	6	0			NS3:168E:AL_2a	paritaprevir	paritaprevir	drug_resistance
NS3	1	168	E	REF_MASTER_NC_004102	NS3:168E	aminoAcidSimplePolymorphism	NS3:168E	single				phdr_ras:NS3:168E	NS3:168E	AL_2b	D168E	NS3:168E:AL_2b:glecaprevir	insignificant	-	4	1	2.1	0			NS3:168E:AL_2b	glecaprevir	glecaprevir	drug_resistance
NS3	1	168	E	REF_MASTER_NC_004102	NS3:168E	aminoAcidSimplePolymorphism	NS3:168E	single				phdr_ras:NS3:168E	NS3:168E	AL_4	D168E	NS3:168E:AL_4:grazoprevir	category_I	I	1	0		1	1	1	NS3:168E:AL_4	grazoprevir	grazoprevir	drug_resistance
NS3	1	168	E	REF_MASTER_NC_004102	NS3:168E	aminoAcidSimplePolymorphism	NS3:168E	single				phdr_ras:NS3:168E	NS3:168E	AL_4a	D168E	NS3:168E:AL_4a:voxilaprevir	category_III	III	3	1	11.25	0			NS3:168E:AL_4a	voxilaprevir	voxilaprevir	drug_resistance
NS3	1	168	E	REF_MASTER_NC_004102	NS3:168E	aminoAcidSimplePolymorphism	NS3:168E	single				phdr_ras:NS3:168E	NS3:168E	AL_5a	D/E168E	NS3:168E:AL_5a:glecaprevir	insignificant	-	4	1	4.2	0			NS3:168E:AL_5a	glecaprevir	glecaprevir	drug_resistance
NS3	1	168	E	REF_MASTER_NC_004102	NS3:168E	aminoAcidSimplePolymorphism	NS3:168E	single				phdr_ras:NS3:168E	NS3:168E	AL_5a	D/E168E	NS3:168E:AL_5a:paritaprevir	category_III	III	3	1	15	0			NS3:168E:AL_5a	paritaprevir	paritaprevir	drug_resistance
NS3	1	168	E	REF_MASTER_NC_004102	NS3:168E	aminoAcidSimplePolymorphism	NS3:168E	single				phdr_ras:NS3:168E	NS3:168E	AL_5a	D/E168E	NS3:168E:AL_5a:voxilaprevir	category_II	II	2	0		1	1	0	NS3:168E:AL_5a	voxilaprevir	voxilaprevir	drug_resistance
NS3	1	168	E	REF_MASTER_NC_004102	NS3:168E	aminoAcidSimplePolymorphism	NS3:168E	single				phdr_ras:NS3:168E	NS3:168E	AL_6a	D168E	NS3:168E:AL_6a:paritaprevir	insignificant	-	4	1	3	0			NS3:168E:AL_6a	paritaprevir	paritaprevir	drug_resistance
NS3	1	168	E	REF_MASTER_NC_004102	NS3:168E	aminoAcidSimplePolymorphism	NS3:55A+168E	combination	NS3:55A+168E	2	2	phdr_ras:NS3:55A+168E	NS3:55A+168E	AL_1a	V55A+D168E	NS3:55A+168E:AL_1a:grazoprevir	category_II	II	2	0		1	0	1	NS3:55A+168E:AL_1a	grazoprevir	grazoprevir	drug_resistance
NS3	1	168	E	REF_MASTER_NC_004102	NS3:168E	aminoAcidSimplePolymorphism	NS3:55A+80R+168E+170V	combination	NS3:55A+80R+168E+170V	4	3	phdr_ras:NS3:55A+80R+168E+170V	NS3:55A+80R+168E+170V	AL_1a	V55A+K/Q80R+D168E+I170V	NS3:55A+80R+168E+170V:AL_1a:voxilaprevir	insignificant	-	4	1	4.9	0			NS3:55A+80R+168E+170V:AL_1a	voxilaprevir	voxilaprevir	drug_resistance
NS3	1	168	E	REF_MASTER_NC_004102	NS3:168E	aminoAcidSimplePolymorphism	NS3:56F+168E+170I	combination	NS3:56F+168E+170I	3	2	phdr_ras:NS3:56F+168E+170I	NS3:56F+168E+170I	AL_1b	F/Y56F+D168E+I/V170I	NS3:56F+168E+170I:AL_1b:grazoprevir	category_II	II	2	0		1	0	1	NS3:56F+168E+170I:AL_1b	grazoprevir	grazoprevir	drug_resistance
NS3	1	168	E	REF_MASTER_NC_004102	NS3:168E	aminoAcidSimplePolymorphism	NS3:56H+168E	combination	NS3:56H+168E	2	2	phdr_ras:NS3:56H+168E	NS3:56H+168E	AL_1a	Y56H+D168E	NS3:56H+168E:AL_1a:glecaprevir	category_II	II	2	0		1	1	0	NS3:56H+168E:AL_1a	glecaprevir	glecaprevir	drug_resistance
NS3	1	168	E	REF_MASTER_NC_004102	NS3:168E	aminoAcidSimplePolymorphism	NS3:56H+168E	combination	NS3:56H+168E	2	2	phdr_ras:NS3:56H+168E	NS3:56H+168E	AL_6a	Y56H+D168E	NS3:56H+168E:AL_6a:voxilaprevir	category_II	II	2	1	60	0			NS3:56H+168E:AL_6a	voxilaprevir	voxilaprevir	drug_resistance
NS3	1	168	E	REF_MASTER_NC_004102	NS3:168E	aminoAcidSimplePolymorphism	NS3:80K+168E	combination	NS3:80K+168E	2	2	phdr_ras:NS3:80K+168E	NS3:80K+168E	AL_1a	K/Q80K+D168E	NS3:80K+168E:AL_1a:grazoprevir	category_II	II	2	0		1	0	1	NS3:80K+168E:AL_1a	grazoprevir	grazoprevir	drug_resistance
NS3	1	168	E	REF_MASTER_NC_004102	NS3:168E	aminoAcidSimplePolymorphism	NS3:80K+168E	combination	NS3:80K+168E	2	2	phdr_ras:NS3:80K+168E	NS3:80K+168E	AL_1a	K/Q80K+D168E	NS3:80K+168E:AL_1a:voxilaprevir	category_III	III	3	1	11.25	0			NS3:80K+168E:AL_1a	voxilaprevir	voxilaprevir	drug_resistance
NS3	1	168	E	REF_MASTER_NC_004102	NS3:168E	aminoAcidSimplePolymorphism	NS3:80K+168E+170V	combination	NS3:80K+168E+170V	3	2	phdr_ras:NS3:80K+168E+170V	NS3:80K+168E+170V	AL_1a	K/Q80K+D168E+I170V	NS3:80K+168E+170V:AL_1a:voxilaprevir	category_III	III	3	1	8	0			NS3:80K+168E+170V:AL_1a	voxilaprevir	voxilaprevir	drug_resistance
NS3	1	168	E	REF_MASTER_NC_004102	NS3:168E	aminoAcidSimplePolymorphism	NS3:80L+168E	combination	NS3:80L+168E	2	2	phdr_ras:NS3:80L+168E	NS3:80L+168E	AL_1a	K/Q80L+D168E	NS3:80L+168E:AL_1a:voxilaprevir	category_III	III	3	1	10.8	0			NS3:80L+168E:AL_1a	voxilaprevir	voxilaprevir	drug_resistance
NS3	1	168	E	REF_MASTER_NC_004102	NS3:168E	aminoAcidSimplePolymorphism	NS3:80R+155K+156T+168E	combination	NS3:80R+155K+156T+168E	4	4	phdr_ras:NS3:80R+155K+156T+168E	NS3:80R+155K+156T+168E	AL_1a	K/Q80R+R155K+A156T+D168E	NS3:80R+155K+156T+168E:AL_1a:grazoprevir	category_II	II	2	0		1	0	1	NS3:80R+155K+156T+168E:AL_1a	grazoprevir	grazoprevir	drug_resistance
NS3	1	168	E	REF_MASTER_NC_004102	NS3:168E	aminoAcidSimplePolymorphism	NS3:80R+155S+156T+168E	combination	NS3:80R+155S+156T+168E	4	4	phdr_ras:NS3:80R+155S+156T+168E	NS3:80R+155S+156T+168E	AL_1a	K/Q80R+R155S+A156T+D168E	NS3:80R+155S+156T+168E:AL_1a:grazoprevir	category_II	II	2	0		1	0	1	NS3:80R+155S+156T+168E:AL_1a	grazoprevir	grazoprevir	drug_resistance
NS3	1	168	F	REF_MASTER_NC_004102	NS3:168F	aminoAcidSimplePolymorphism	NS3:168F	single				phdr_ras:NS3:168F	NS3:168F	AL_1a	D168F	NS3:168F:AL_1a:voxilaprevir	category_III	III	3	1	11.25	0			NS3:168F:AL_1a	voxilaprevir	voxilaprevir	drug_resistance
NS3	1	168	G	REF_MASTER_NC_004102	NS3:168G	aminoAcidSimplePolymorphism	NS3:156M+168G+170I	combination	NS3:156M+168G+170I	3	2	phdr_ras:NS3:156M+168G+170I	NS3:156M+168G+170I	AL_4a	A156M+D168G+V170I	NS3:156M+168G+170I:AL_4a:grazoprevir	category_II	II	2	0		1	0	1	NS3:156M+168G+170I:AL_4a	grazoprevir	grazoprevir	drug_resistance
NS3	1	168	G	REF_MASTER_NC_004102	NS3:168G	aminoAcidSimplePolymorphism	NS3:156T+168G+170I	combination	NS3:156T+168G+170I	3	2	phdr_ras:NS3:156T+168G+170I	NS3:156T+168G+170I	AL_4a	A156T+D168G+V170I	NS3:156T+168G+170I:AL_4a:grazoprevir	category_II	II	2	0		1	0	1	NS3:156T+168G+170I:AL_4a	grazoprevir	grazoprevir	drug_resistance
NS3	1	168	G	REF_MASTER_NC_004102	NS3:168G	aminoAcidSimplePolymorphism	NS3:156V+168G+170I	combination	NS3:156V+168G+170I	3	2	phdr_ras:NS3:156V+168G+170I	NS3:156V+168G+170I	AL_4a	A156V+D168G+V170I	NS3:156V+168G+170I:AL_4a:grazoprevir	category_II	II	2	0		1	0	1	NS3:156V+168G+170I:AL_4a	grazoprevir	grazoprevir	drug_resistance
NS3	1	168	G	REF_MASTER_NC_004102	NS3:168G	aminoAcidSimplePolymorphism	NS3:168G	single				phdr_ras:NS3:168G	NS3:168G	AL_1a	D168G	NS3:168G:AL_1a:grazoprevir	category_I	I	1	1	34	1	0	1	NS3:168G:AL_1a	grazoprevir	grazoprevir	drug_resistance
NS3	1	168	G	REF_MASTER_NC_004102	NS3:168G	aminoAcidSimplePolymorphism	NS3:168G	single				phdr_ras:NS3:168G	NS3:168G	AL_1b	D168G	NS3:168G:AL_1b:grazoprevir	category_III	III	3	1	11	0			NS3:168G:AL_1b	grazoprevir	grazoprevir	drug_resistance
NS3	1	168	G	REF_MASTER_NC_004102	NS3:168G	aminoAcidSimplePolymorphism	NS3:168G	single				phdr_ras:NS3:168G	NS3:168G	AL_2a	D168G	NS3:168G:AL_2a:paritaprevir	category_III	III	3	1	5	0			NS3:168G:AL_2a	paritaprevir	paritaprevir	drug_resistance
NS3	1	168	G	REF_MASTER_NC_004102	NS3:168G	aminoAcidSimplePolymorphism	NS3:168G	single				phdr_ras:NS3:168G	NS3:168G	AL_4	D168G	NS3:168G:AL_4:grazoprevir	category_I	I	1	1	10	1	0	1	NS3:168G:AL_4	grazoprevir	grazoprevir	drug_resistance
NS3	1	168	G	REF_MASTER_NC_004102	NS3:168G	aminoAcidSimplePolymorphism	NS3:168G	single				phdr_ras:NS3:168G	NS3:168G	AL_6a	D168G	NS3:168G:AL_6a:paritaprevir	category_III	III	3	1	22	0			NS3:168G:AL_6a	paritaprevir	paritaprevir	drug_resistance
NS3	1	168	G	REF_MASTER_NC_004102	NS3:168G	aminoAcidSimplePolymorphism	NS3:36A+155G+168G	combination	NS3:36A+155G+168G	3	3	phdr_ras:NS3:36A+155G+168G	NS3:36A+155G+168G	AL_1a	V36A+R155G+D168G	NS3:36A+155G+168G:AL_1a:grazoprevir	category_II	II	2	0		1	0	1	NS3:36A+155G+168G:AL_1a	grazoprevir	grazoprevir	drug_resistance
NS3	1	168	G	REF_MASTER_NC_004102	NS3:168G	aminoAcidSimplePolymorphism	NS3:36L+80K+168G	combination	NS3:36L+80K+168G	3	3	phdr_ras:NS3:36L+80K+168G	NS3:36L+80K+168G	AL_1a	V36L+K/Q80K+D168G	NS3:36L+80K+168G:AL_1a:grazoprevir	category_II	II	2	0		1	1	0	NS3:36L+80K+168G:AL_1a	grazoprevir	grazoprevir	drug_resistance
NS3	1	168	G	REF_MASTER_NC_004102	NS3:168G	aminoAcidSimplePolymorphism	NS3:36M+155G+168G	combination	NS3:36M+155G+168G	3	3	phdr_ras:NS3:36M+155G+168G	NS3:36M+155G+168G	AL_1a	V36M+R155G+D168G	NS3:36M+155G+168G:AL_1a:grazoprevir	category_II	II	2	0		1	0	1	NS3:36M+155G+168G:AL_1a	grazoprevir	grazoprevir	drug_resistance
NS3	1	168	G	REF_MASTER_NC_004102	NS3:168G	aminoAcidSimplePolymorphism	NS3:36M+41R+168G	combination	NS3:36M+41R+168G	3	3	phdr_ras:NS3:36M+41R+168G	NS3:36M+41R+168G	AL_1a	V36M+Q41R+D168G	NS3:36M+41R+168G:AL_1a:voxilaprevir	category_III	III	3	1	11.25	0			NS3:36M+41R+168G:AL_1a	voxilaprevir	voxilaprevir	drug_resistance
NS3	1	168	G	REF_MASTER_NC_004102	NS3:168G	aminoAcidSimplePolymorphism	NS3:41R+168G	combination	NS3:41R+168G	2	2	phdr_ras:NS3:41R+168G	NS3:41R+168G	AL_1a	Q41R+D168G	NS3:41R+168G:AL_1a:voxilaprevir	category_III	III	3	1	11.25	0			NS3:41R+168G:AL_1a	voxilaprevir	voxilaprevir	drug_resistance
NS3	1	168	H	REF_MASTER_NC_004102	NS3:168H	aminoAcidSimplePolymorphism	NS3:168H	single				phdr_ras:NS3:168H	NS3:168H	AL_1a	D168H	NS3:168H:AL_1a:paritaprevir	category_II	II	2	1	62	0			NS3:168H:AL_1a	paritaprevir	paritaprevir	drug_resistance
NS3	1	168	H	REF_MASTER_NC_004102	NS3:168H	aminoAcidSimplePolymorphism	NS3:168H	single				phdr_ras:NS3:168H	NS3:168H	AL_1b	D168H	NS3:168H:AL_1b:paritaprevir	category_II	II	2	1	76	0			NS3:168H:AL_1b	paritaprevir	paritaprevir	drug_resistance
NS3	1	168	H	REF_MASTER_NC_004102	NS3:168H	aminoAcidSimplePolymorphism	NS3:168H	single				phdr_ras:NS3:168H	NS3:168H	AL_2a	D168H	NS3:168H:AL_2a:paritaprevir	category_III	III	3	1	23	0			NS3:168H:AL_2a	paritaprevir	paritaprevir	drug_resistance
NS3	1	168	H	REF_MASTER_NC_004102	NS3:168H	aminoAcidSimplePolymorphism	NS3:168H	single				phdr_ras:NS3:168H	NS3:168H	AL_3a	Q168H	NS3:168H:AL_3a:paritaprevir	insignificant	-	4	1	2	0			NS3:168H:AL_3a	paritaprevir	paritaprevir	drug_resistance
NS3	1	168	H	REF_MASTER_NC_004102	NS3:168H	aminoAcidSimplePolymorphism	NS3:168H	single				phdr_ras:NS3:168H	NS3:168H	AL_4	D168H	NS3:168H:AL_4:paritaprevir	category_II	II	2	0		1	0	1	NS3:168H:AL_4	paritaprevir	paritaprevir	drug_resistance
NS3	1	168	H	REF_MASTER_NC_004102	NS3:168H	aminoAcidSimplePolymorphism	NS3:168H	single				phdr_ras:NS3:168H	NS3:168H	AL_4a	D168H	NS3:168H:AL_4a:glecaprevir	category_III	III	3	1	22	0			NS3:168H:AL_4a	glecaprevir	glecaprevir	drug_resistance
NS3	1	168	H	REF_MASTER_NC_004102	NS3:168H	aminoAcidSimplePolymorphism	NS3:168H	single				phdr_ras:NS3:168H	NS3:168H	AL_5a	D/E168H	NS3:168H:AL_5a:glecaprevir	category_III	III	3	1	38	0			NS3:168H:AL_5a	glecaprevir	glecaprevir	drug_resistance
NS3	1	168	H	REF_MASTER_NC_004102	NS3:168H	aminoAcidSimplePolymorphism	NS3:168H	single				phdr_ras:NS3:168H	NS3:168H	AL_5a	D/E168H	NS3:168H:AL_5a:paritaprevir	category_II	II	2	1	114	0			NS3:168H:AL_5a	paritaprevir	paritaprevir	drug_resistance
NS3	1	168	H	REF_MASTER_NC_004102	NS3:168H	aminoAcidSimplePolymorphism	NS3:168H	single				phdr_ras:NS3:168H	NS3:168H	AL_5a	D/E168H	NS3:168H:AL_5a:voxilaprevir	category_III	III	3	1	11.25	0			NS3:168H:AL_5a	voxilaprevir	voxilaprevir	drug_resistance
NS3	1	168	H	REF_MASTER_NC_004102	NS3:168H	aminoAcidSimplePolymorphism	NS3:168H	single				phdr_ras:NS3:168H	NS3:168H	AL_6a	D168H	NS3:168H:AL_6a:glecaprevir	category_II	II	2	1	146	0			NS3:168H:AL_6a	glecaprevir	glecaprevir	drug_resistance
NS3	1	168	H	REF_MASTER_NC_004102	NS3:168H	aminoAcidSimplePolymorphism	NS3:168H	single				phdr_ras:NS3:168H	NS3:168H	AL_6a	D168H	NS3:168H:AL_6a:voxilaprevir	category_III	III	3	1	11.25	0			NS3:168H:AL_6a	voxilaprevir	voxilaprevir	drug_resistance
NS3	1	168	H	REF_MASTER_NC_004102	NS3:168H	aminoAcidSimplePolymorphism	NS3:168H+179T	combination	NS3:168H+179T	2	1	phdr_ras:NS3:168H+179T	NS3:168H+179T	AL_6a	D168H+M179T	NS3:168H+179T:AL_6a:glecaprevir	category_II	II	2	1	153	0			NS3:168H+179T:AL_6a	glecaprevir	glecaprevir	drug_resistance
NS3	1	168	H	REF_MASTER_NC_004102	NS3:168H	aminoAcidSimplePolymorphism	NS3:168H+41R	combination	NS3:168H+41R	2	1	phdr_ras:NS3:168H+41R	NS3:168H+41R	AL_6a	D168H+Q41R	NS3:168H+41R:AL_6a:voxilaprevir	category_II	II	2	1	60	0			NS3:168H+41R:AL_6a	voxilaprevir	voxilaprevir	drug_resistance
NS3	1	168	H	REF_MASTER_NC_004102	NS3:168H	aminoAcidSimplePolymorphism	NS3:41R+168H	combination	NS3:41R+168H	2	2	phdr_ras:NS3:41R+168H	NS3:41R+168H	AL_1a	Q41R+D168H	NS3:41R+168H:AL_1a:voxilaprevir	category_III	III	3	1	11.25	0			NS3:41R+168H:AL_1a	voxilaprevir	voxilaprevir	drug_resistance
NS3	1	168	H	REF_MASTER_NC_004102	NS3:168H	aminoAcidSimplePolymorphism	NS3:41R+168H	combination	NS3:41R+168H	2	2	phdr_ras:NS3:41R+168H	NS3:41R+168H	AL_5a	Q41R+D/E168H	NS3:41R+168H:AL_5a:voxilaprevir	category_II	II	2	1	60	0			NS3:41R+168H:AL_5a	voxilaprevir	voxilaprevir	drug_resistance
NS3	1	168	I	REF_MASTER_NC_004102	NS3:168I	aminoAcidSimplePolymorphism	NS3:168I	single				phdr_ras:NS3:168I	NS3:168I	AL_1a	D168I	NS3:168I:AL_1a:voxilaprevir	category_III	III	3	1	11.25	0			NS3:168I:AL_1a	voxilaprevir	voxilaprevir	drug_resistance
NS3	1	168	K	REF_MASTER_NC_004102	NS3:168K	aminoAcidSimplePolymorphism	NS3:168K	single				phdr_ras:NS3:168K	NS3:168K	AL_1a	D168K	NS3:168K:AL_1a:voxilaprevir	category_II	II	2	1	60	0			NS3:168K:AL_1a	voxilaprevir	voxilaprevir	drug_resistance
NS3	1	168	K	REF_MASTER_NC_004102	NS3:168K	aminoAcidSimplePolymorphism	NS3:168K	single				phdr_ras:NS3:168K	NS3:168K	AL_1b	D168K	NS3:168K:AL_1b:grazoprevir	category_II	II	2	1	120	0			NS3:168K:AL_1b	grazoprevir	grazoprevir	drug_resistance
NS3	1	168	K	REF_MASTER_NC_004102	NS3:168K	aminoAcidSimplePolymorphism	NS3:168K	single				phdr_ras:NS3:168K	NS3:168K	AL_5a	D/E168K	NS3:168K:AL_5a:voxilaprevir	category_III	III	3	1	11.25	0			NS3:168K:AL_5a	voxilaprevir	voxilaprevir	drug_resistance
NS3	1	168	K	REF_MASTER_NC_004102	NS3:168K	aminoAcidSimplePolymorphism	NS3:56H+168K	combination	NS3:56H+168K	2	2	phdr_ras:NS3:56H+168K	NS3:56H+168K	AL_3a	Y56H+Q168K	NS3:56H+168K:AL_3a:glecaprevir	category_II	II	2	0		1	0	1	NS3:56H+168K:AL_3a	glecaprevir	glecaprevir	drug_resistance
NS3	1	168	K	REF_MASTER_NC_004102	NS3:168K	aminoAcidSimplePolymorphism	NS3:56H+168K+170I	combination	NS3:56H+168K+170I	3	2	phdr_ras:NS3:56H+168K+170I	NS3:56H+168K+170I	AL_3	Y56H+Q168K+I/V170I	NS3:56H+168K+170I:AL_3:grazoprevir	category_II	II	2	0		1	0	1	NS3:56H+168K+170I:AL_3	grazoprevir	grazoprevir	drug_resistance
NS3	1	168	K	REF_MASTER_NC_004102	NS3:168K	aminoAcidSimplePolymorphism	NS3:56Y+168K+170I	combination	NS3:56Y+168K+170I	3	2	phdr_ras:NS3:56Y+168K+170I	NS3:56Y+168K+170I	AL_3	Y56Y+Q168K+I/V170I	NS3:56Y+168K+170I:AL_3:grazoprevir	category_II	II	2	0		1	0	1	NS3:56Y+168K+170I:AL_3	grazoprevir	grazoprevir	drug_resistance
NS3	1	168	K	REF_MASTER_NC_004102	NS3:168K	aminoAcidSimplePolymorphism	NS3:80R+155K+156T+168K	combination	NS3:80R+155K+156T+168K	4	4	phdr_ras:NS3:80R+155K+156T+168K	NS3:80R+155K+156T+168K	AL_1a	K/Q80R+R155K+A156T+D168K	NS3:80R+155K+156T+168K:AL_1a:grazoprevir	category_II	II	2	0		1	0	1	NS3:80R+155K+156T+168K:AL_1a	grazoprevir	grazoprevir	drug_resistance
NS3	1	168	K	REF_MASTER_NC_004102	NS3:168K	aminoAcidSimplePolymorphism	NS3:80R+155S+156T+168K	combination	NS3:80R+155S+156T+168K	4	4	phdr_ras:NS3:80R+155S+156T+168K	NS3:80R+155S+156T+168K	AL_1a	K/Q80R+R155S+A156T+D168K	NS3:80R+155S+156T+168K:AL_1a:grazoprevir	category_II	II	2	0		1	0	1	NS3:80R+155S+156T+168K:AL_1a	grazoprevir	grazoprevir	drug_resistance
NS3	1	168	L	REF_MASTER_NC_004102	NS3:168L	aminoAcidSimplePolymorphism	NS3:168L	single				phdr_ras:NS3:168L	NS3:168L	AL_1a	D168L	NS3:168L:AL_1a:voxilaprevir	category_II	II	2	1	60	0			NS3:168L:AL_1a	voxilaprevir	voxilaprevir	drug_resistance
NS3	1	168	L	REF_MASTER_NC_004102	NS3:168L	aminoAcidSimplePolymorphism	NS3:168L	single				phdr_ras:NS3:168L	NS3:168L	AL_3	Q168L	NS3:168L:AL_3:glecaprevir	category_II	II	2	0		1	0	1	NS3:168L:AL_3	glecaprevir	glecaprevir	drug_resistance
NS3	1	168	L	REF_MASTER_NC_004102	NS3:168L	aminoAcidSimplePolymorphism	NS3:168L	single				phdr_ras:NS3:168L	NS3:168L	AL_3a	Q168L	NS3:168L:AL_3a:glecaprevir	category_III	III	3	1	13	0			NS3:168L:AL_3a	glecaprevir	glecaprevir	drug_resistance
NS3	1	168	L	REF_MASTER_NC_004102	NS3:168L	aminoAcidSimplePolymorphism	NS3:56H+168L	combination	NS3:56H+168L	2	2	phdr_ras:NS3:56H+168L	NS3:56H+168L	AL_3a	Y56H+Q168L	NS3:56H+168L:AL_3a:glecaprevir	category_II	II	2	0		1	0	1	NS3:56H+168L:AL_3a	glecaprevir	glecaprevir	drug_resistance
NS3	1	168	N	REF_MASTER_NC_004102	NS3:168N	aminoAcidSimplePolymorphism	NS3:122N+168N	combination	NS3:122N+168N	2	2	phdr_ras:NS3:122N+168N	NS3:122N+168N	AL_1a	S122N+D168N	NS3:122N+168N:AL_1a:grazoprevir	category_II	II	2	0		1	1	0	NS3:122N+168N:AL_1a	grazoprevir	grazoprevir	drug_resistance
NS3	1	168	N	REF_MASTER_NC_004102	NS3:168N	aminoAcidSimplePolymorphism	NS3:155T+168N	combination	NS3:155T+168N	2	2	phdr_ras:NS3:155T+168N	NS3:155T+168N	AL_1a	R155T+D168N	NS3:155T+168N:AL_1a:grazoprevir	category_II	II	2	0		1	0	1	NS3:155T+168N:AL_1a	grazoprevir	grazoprevir	drug_resistance
NS3	1	168	N	REF_MASTER_NC_004102	NS3:168N	aminoAcidSimplePolymorphism	NS3:155T+168N	combination	NS3:155T+168N	2	2	phdr_ras:NS3:155T+168N	NS3:155T+168N	AL_1a	R155T+D168N	NS3:155T+168N:AL_1a:voxilaprevir	category_II	II	2	1	60	0			NS3:155T+168N:AL_1a	voxilaprevir	voxilaprevir	drug_resistance
NS3	1	168	N	REF_MASTER_NC_004102	NS3:168N	aminoAcidSimplePolymorphism	NS3:156T+168N	combination	NS3:156T+168N	2	2	phdr_ras:NS3:156T+168N	NS3:156T+168N	AL_1a	A156T+D168N	NS3:156T+168N:AL_1a:grazoprevir	category_II	II	2	0		1	0	1	NS3:156T+168N:AL_1a	grazoprevir	grazoprevir	drug_resistance
NS3	1	168	N	REF_MASTER_NC_004102	NS3:168N	aminoAcidSimplePolymorphism	NS3:168N	single				phdr_ras:NS3:168N	NS3:168N	AL_1a	D168N	NS3:168N:AL_1a:grazoprevir	category_I	I	1	1	2.3	1	1	1	NS3:168N:AL_1a	grazoprevir	grazoprevir	drug_resistance
NS3	1	168	N	REF_MASTER_NC_004102	NS3:168N	aminoAcidSimplePolymorphism	NS3:168N	single				phdr_ras:NS3:168N	NS3:168N	AL_1a	D168N	NS3:168N:AL_1a:paritaprevir	category_III	III	3	1	13	0			NS3:168N:AL_1a	paritaprevir	paritaprevir	drug_resistance
NS3	1	168	N	REF_MASTER_NC_004102	NS3:168N	aminoAcidSimplePolymorphism	NS3:168N	single				phdr_ras:NS3:168N	NS3:168N	AL_2a	D168N	NS3:168N:AL_2a:paritaprevir	insignificant	-	4	1	3	0			NS3:168N:AL_2a	paritaprevir	paritaprevir	drug_resistance
NS3	1	168	N	REF_MASTER_NC_004102	NS3:168N	aminoAcidSimplePolymorphism	NS3:168N	single				phdr_ras:NS3:168N	NS3:168N	AL_4	D168N	NS3:168N:AL_4:grazoprevir	category_II	II	2	0		1	0	1	NS3:168N:AL_4	grazoprevir	grazoprevir	drug_resistance
NS3	1	168	N	REF_MASTER_NC_004102	NS3:168N	aminoAcidSimplePolymorphism	NS3:168N	single				phdr_ras:NS3:168N	NS3:168N	AL_5a	D/E168N	NS3:168N:AL_5a:paritaprevir	insignificant	-	4	1	4	0			NS3:168N:AL_5a	paritaprevir	paritaprevir	drug_resistance
NS3	1	168	N	REF_MASTER_NC_004102	NS3:168N	aminoAcidSimplePolymorphism	NS3:168N	single				phdr_ras:NS3:168N	NS3:168N	AL_6a	D168N	NS3:168N:AL_6a:paritaprevir	insignificant	-	4	1	3	0			NS3:168N:AL_6a	paritaprevir	paritaprevir	drug_resistance
NS3	1	168	N	REF_MASTER_NC_004102	NS3:168N	aminoAcidSimplePolymorphism	NS3:36L+155K+156T+158A+168N	combination	NS3:36L+155K+156T+158A+168N	5	5	phdr_ras:NS3:36L+155K+156T+158A+168N	NS3:36L+155K+156T+158A+168N	AL_1a	V36L+R155K+A156T+V158A+D168N	NS3:36L+155K+156T+158A+168N:AL_1a:grazoprevir	category_II	II	2	0		1	0	1	NS3:36L+155K+156T+158A+168N:AL_1a	grazoprevir	grazoprevir	drug_resistance
NS3	1	168	N	REF_MASTER_NC_004102	NS3:168N	aminoAcidSimplePolymorphism	NS3:36L+155K+156T+168N	combination	NS3:36L+155K+156T+168N	4	4	phdr_ras:NS3:36L+155K+156T+168N	NS3:36L+155K+156T+168N	AL_1a	V36L+R155K+A156T+D168N	NS3:36L+155K+156T+168N:AL_1a:grazoprevir	category_II	II	2	0		1	0	1	NS3:36L+155K+156T+168N:AL_1a	grazoprevir	grazoprevir	drug_resistance
NS3	1	168	N	REF_MASTER_NC_004102	NS3:168N	aminoAcidSimplePolymorphism	NS3:54S+155T+168N	combination	NS3:54S+155T+168N	3	3	phdr_ras:NS3:54S+155T+168N	NS3:54S+155T+168N	AL_1a	T54S+R155T+D168N	NS3:54S+155T+168N:AL_1a:voxilaprevir	category_III	III	3	1	11.25	0			NS3:54S+155T+168N:AL_1a	voxilaprevir	voxilaprevir	drug_resistance
NS3	1	168	N	REF_MASTER_NC_004102	NS3:168N	aminoAcidSimplePolymorphism	NS3:56F+155W+156G+168N	combination	NS3:56F+155W+156G+168N	4	4	phdr_ras:NS3:56F+155W+156G+168N	NS3:56F+155W+156G+168N	AL_1b	F/Y56F+R155W+A156G+D168N	NS3:56F+155W+156G+168N:AL_1b:grazoprevir	category_II	II	2	0		1	0	1	NS3:56F+155W+156G+168N:AL_1b	grazoprevir	grazoprevir	drug_resistance
NS3	1	168	N	REF_MASTER_NC_004102	NS3:168N	aminoAcidSimplePolymorphism	NS3:56H+156T+168N	combination	NS3:56H+156T+168N	3	3	phdr_ras:NS3:56H+156T+168N	NS3:56H+156T+168N	AL_1a	Y56H+A156T+D168N	NS3:56H+156T+168N:AL_1a:grazoprevir	category_II	II	2	0		1	0	1	NS3:56H+156T+168N:AL_1a	grazoprevir	grazoprevir	drug_resistance
NS3	1	168	N	REF_MASTER_NC_004102	NS3:168N	aminoAcidSimplePolymorphism	NS3:80K+155T+156T+168N	combination	NS3:80K+155T+156T+168N	4	4	phdr_ras:NS3:80K+155T+156T+168N	NS3:80K+155T+156T+168N	AL_1a	K/Q80K+R155T+A156T+D168N	NS3:80K+155T+156T+168N:AL_1a:grazoprevir	category_II	II	2	0		1	0	1	NS3:80K+155T+156T+168N:AL_1a	grazoprevir	grazoprevir	drug_resistance
NS3	1	168	N	REF_MASTER_NC_004102	NS3:168N	aminoAcidSimplePolymorphism	NS3:80K+155T+168N	combination	NS3:80K+155T+168N	3	3	phdr_ras:NS3:80K+155T+168N	NS3:80K+155T+168N	AL_1a	K/Q80K+R155T+D168N	NS3:80K+155T+168N:AL_1a:grazoprevir	category_II	II	2	0		1	1	0	NS3:80K+155T+168N:AL_1a	grazoprevir	grazoprevir	drug_resistance
NS3	1	168	N	REF_MASTER_NC_004102	NS3:168N	aminoAcidSimplePolymorphism	NS3:80K+155T+168N	combination	NS3:80K+155T+168N	3	3	phdr_ras:NS3:80K+155T+168N	NS3:80K+155T+168N	AL_1a	K/Q80K+R155T+D168N	NS3:80K+155T+168N:AL_1a:voxilaprevir	category_III	III	3	1	11.25	0			NS3:80K+155T+168N:AL_1a	voxilaprevir	voxilaprevir	drug_resistance
NS3	1	168	N	REF_MASTER_NC_004102	NS3:168N	aminoAcidSimplePolymorphism	NS3:80K+168N	combination	NS3:80K+168N	2	2	phdr_ras:NS3:80K+168N	NS3:80K+168N	AL_1a	K/Q80K+D168N	NS3:80K+168N:AL_1a:grazoprevir	category_II	II	2	0		1	0	1	NS3:80K+168N:AL_1a	grazoprevir	grazoprevir	drug_resistance
NS3	1	168	Q	REF_MASTER_NC_004102	NS3:168Q	aminoAcidSimplePolymorphism	NS3:168Q	single				phdr_ras:NS3:168Q	NS3:168Q															drug_resistance
NS3	1	168	Q	REF_MASTER_NC_004102	NS3:168Q	aminoAcidSimplePolymorphism	NS3:56H+168Q+170I	combination	NS3:56H+168Q+170I	3	2	phdr_ras:NS3:56H+168Q+170I	NS3:56H+168Q+170I	AL_3	Y56H+Q168Q+I/V170I	NS3:56H+168Q+170I:AL_3:grazoprevir	category_II	II	2	0		1	0	1	NS3:56H+168Q+170I:AL_3	grazoprevir	grazoprevir	drug_resistance
NS3	1	168	Q	REF_MASTER_NC_004102	NS3:168Q	aminoAcidSimplePolymorphism	NS3:56Y+168Q+170I	combination	NS3:56Y+168Q+170I	3	2	phdr_ras:NS3:56Y+168Q+170I	NS3:56Y+168Q+170I	AL_3	Y56Y+Q168Q+I/V170I	NS3:56Y+168Q+170I:AL_3:grazoprevir	category_II	II	2	0		1	0	1	NS3:56Y+168Q+170I:AL_3	grazoprevir	grazoprevir	drug_resistance
NS3	1	168	R	REF_MASTER_NC_004102	NS3:168R	aminoAcidSimplePolymorphism	NS3:155K+168R	combination	NS3:155K+168R	2	2	phdr_ras:NS3:155K+168R	NS3:155K+168R	AL_3a	R155K+Q168R	NS3:155K+168R:AL_3a:paritaprevir	insignificant	-	4	1	2.6	0			NS3:155K+168R:AL_3a	paritaprevir	paritaprevir	drug_resistance
NS3	1	168	R	REF_MASTER_NC_004102	NS3:168R	aminoAcidSimplePolymorphism	NS3:166S+168R	combination	NS3:166S+168R	2	2	phdr_ras:NS3:166S+168R	NS3:166S+168R	AL_3	A166S+Q168R	NS3:166S+168R:AL_3:glecaprevir	category_II	II	2	0		1	1	0	NS3:166S+168R:AL_3	glecaprevir	glecaprevir	drug_resistance
NS3	1	168	R	REF_MASTER_NC_004102	NS3:168R	aminoAcidSimplePolymorphism	NS3:168R	single				phdr_ras:NS3:168R	NS3:168R	AL_1a	D168R	NS3:168R:AL_1a:voxilaprevir	category_II	II	2	1	60	0			NS3:168R:AL_1a	voxilaprevir	voxilaprevir	drug_resistance
NS3	1	168	R	REF_MASTER_NC_004102	NS3:168R	aminoAcidSimplePolymorphism	NS3:168R	single				phdr_ras:NS3:168R	NS3:168R	AL_3	Q168R	NS3:168R:AL_3:glecaprevir	category_I	I	1	0		1	1	1	NS3:168R:AL_3	glecaprevir	glecaprevir	drug_resistance
NS3	1	168	R	REF_MASTER_NC_004102	NS3:168R	aminoAcidSimplePolymorphism	NS3:168R	single				phdr_ras:NS3:168R	NS3:168R	AL_3a	Q168R	NS3:168R:AL_3a:glecaprevir	category_II	II	2	1	54	0			NS3:168R:AL_3a	glecaprevir	glecaprevir	drug_resistance
NS3	1	168	R	REF_MASTER_NC_004102	NS3:168R	aminoAcidSimplePolymorphism	NS3:168R	single				phdr_ras:NS3:168R	NS3:168R	AL_3a	Q168R	NS3:168R:AL_3a:paritaprevir	category_III	III	3	1	15.2	0			NS3:168R:AL_3a	paritaprevir	paritaprevir	drug_resistance
NS3	1	168	R	REF_MASTER_NC_004102	NS3:168R	aminoAcidSimplePolymorphism	NS3:168R	single				phdr_ras:NS3:168R	NS3:168R	AL_5a	D/E168R	NS3:168R:AL_5a:voxilaprevir	category_III	III	3	1	11.25	0			NS3:168R:AL_5a	voxilaprevir	voxilaprevir	drug_resistance
NS3	1	168	R	REF_MASTER_NC_004102	NS3:168R	aminoAcidSimplePolymorphism	NS3:168R+170I	combination	NS3:168R+170I	2	1	phdr_ras:NS3:168R+170I	NS3:168R+170I	AL_3	Q168R+I/V170I	NS3:168R+170I:AL_3:grazoprevir	category_II	II	2	0		1	1	0	NS3:168R+170I:AL_3	grazoprevir	grazoprevir	drug_resistance
NS3	1	168	R	REF_MASTER_NC_004102	NS3:168R	aminoAcidSimplePolymorphism	NS3:56H+168R	combination	NS3:56H+168R	2	2	phdr_ras:NS3:56H+168R	NS3:56H+168R	AL_3a	Y56H+Q168R	NS3:56H+168R:AL_3a:glecaprevir	category_I	I	1	1	1387	1	0	1	NS3:56H+168R:AL_3a	glecaprevir	glecaprevir	drug_resistance
NS3	1	168	R	REF_MASTER_NC_004102	NS3:168R	aminoAcidSimplePolymorphism	NS3:56H+168R	combination	NS3:56H+168R	2	2	phdr_ras:NS3:56H+168R	NS3:56H+168R	AL_3a	Y56H+Q168R	NS3:56H+168R:AL_3a:voxilaprevir	category_II	II	2	1	100	0			NS3:56H+168R:AL_3a	voxilaprevir	voxilaprevir	drug_resistance
NS3	1	168	T	REF_MASTER_NC_004102	NS3:168T	aminoAcidSimplePolymorphism	NS3:168T	single				phdr_ras:NS3:168T	NS3:168T	AL_1a	D168T	NS3:168T:AL_1a:voxilaprevir	category_III	III	3	1	11.25	0			NS3:168T:AL_1a	voxilaprevir	voxilaprevir	drug_resistance
NS3	1	168	T	REF_MASTER_NC_004102	NS3:168T	aminoAcidSimplePolymorphism	NS3:168T	single				phdr_ras:NS3:168T	NS3:168T	AL_1b	D168T	NS3:168T:AL_1b:paritaprevir	category_III	III	3	1	49	0			NS3:168T:AL_1b	paritaprevir	paritaprevir	drug_resistance
NS3	1	168	T	REF_MASTER_NC_004102	NS3:168T	aminoAcidSimplePolymorphism	NS3:168T	single				phdr_ras:NS3:168T	NS3:168T	AL_4a	D168T	NS3:168T:AL_4a:voxilaprevir	category_III	III	3	1	11.25	0			NS3:168T:AL_4a	voxilaprevir	voxilaprevir	drug_resistance
NS3	1	168	T	REF_MASTER_NC_004102	NS3:168T	aminoAcidSimplePolymorphism	NS3:80K+168T	combination	NS3:80K+168T	2	2	phdr_ras:NS3:80K+168T	NS3:80K+168T	AL_1a	K/Q80K+D168T	NS3:80K+168T:AL_1a:grazoprevir	category_II	II	2	0		1	0	1	NS3:80K+168T:AL_1a	grazoprevir	grazoprevir	drug_resistance
NS3	1	168	V	REF_MASTER_NC_004102	NS3:168V	aminoAcidSimplePolymorphism	NS3:155K+168V	combination	NS3:155K+168V	2	2	phdr_ras:NS3:155K+168V	NS3:155K+168V	AL_1a	R155K+D168V	NS3:155K+168V:AL_1a:paritaprevir	category_II	II	2	0		1	0	1	NS3:155K+168V:AL_1a	paritaprevir	paritaprevir	drug_resistance
NS3	1	168	V	REF_MASTER_NC_004102	NS3:168V	aminoAcidSimplePolymorphism	NS3:156V+168V	combination	NS3:156V+168V	2	2	phdr_ras:NS3:156V+168V	NS3:156V+168V	AL_1b	A156V+D168V	NS3:156V+168V:AL_1b:glecaprevir	category_II	II	2	1	5244	0			NS3:156V+168V:AL_1b	glecaprevir	glecaprevir	drug_resistance
NS3	1	168	V	REF_MASTER_NC_004102	NS3:168V	aminoAcidSimplePolymorphism	NS3:168V	single				phdr_ras:NS3:168V	NS3:168V	AL_1a	D168V	NS3:168V:AL_1a:glecaprevir	insignificant	-	4	1	4.4	0			NS3:168V:AL_1a	glecaprevir	glecaprevir	drug_resistance
NS3	1	168	V	REF_MASTER_NC_004102	NS3:168V	aminoAcidSimplePolymorphism	NS3:168V	single				phdr_ras:NS3:168V	NS3:168V	AL_1a	D168V	NS3:168V:AL_1a:grazoprevir	category_I	I	1	1	153	1	0	1	NS3:168V:AL_1a	grazoprevir	grazoprevir	drug_resistance
NS3	1	168	V	REF_MASTER_NC_004102	NS3:168V	aminoAcidSimplePolymorphism	NS3:168V	single				phdr_ras:NS3:168V	NS3:168V	AL_1a	D168V	NS3:168V:AL_1a:paritaprevir	category_I	I	1	1	96	1	0	1	NS3:168V:AL_1a	paritaprevir	paritaprevir	drug_resistance
NS3	1	168	V	REF_MASTER_NC_004102	NS3:168V	aminoAcidSimplePolymorphism	NS3:168V	single				phdr_ras:NS3:168V	NS3:168V	AL_1a	D168V	NS3:168V:AL_1a:voxilaprevir	insignificant	-	4	1	4.2	0			NS3:168V:AL_1a	voxilaprevir	voxilaprevir	drug_resistance
NS3	1	168	V	REF_MASTER_NC_004102	NS3:168V	aminoAcidSimplePolymorphism	NS3:168V	single				phdr_ras:NS3:168V	NS3:168V	AL_1b	D168V	NS3:168V:AL_1b:glecaprevir	insignificant	-	4	1	3.2	0			NS3:168V:AL_1b	glecaprevir	glecaprevir	drug_resistance
NS3	1	168	V	REF_MASTER_NC_004102	NS3:168V	aminoAcidSimplePolymorphism	NS3:168V	single				phdr_ras:NS3:168V	NS3:168V	AL_1b	D168V	NS3:168V:AL_1b:paritaprevir	category_I	I	1	1	159	1	0	1	NS3:168V:AL_1b	paritaprevir	paritaprevir	drug_resistance
NS3	1	168	V	REF_MASTER_NC_004102	NS3:168V	aminoAcidSimplePolymorphism	NS3:168V	single				phdr_ras:NS3:168V	NS3:168V	AL_1b	D168V	NS3:168V:AL_1b:voxilaprevir	insignificant	-	4	1	2.6	0			NS3:168V:AL_1b	voxilaprevir	voxilaprevir	drug_resistance
NS3	1	168	V	REF_MASTER_NC_004102	NS3:168V	aminoAcidSimplePolymorphism	NS3:168V	single				phdr_ras:NS3:168V	NS3:168V	AL_2	D168V	NS3:168V:AL_2:paritaprevir	category_II	II	2	0		1	0	1	NS3:168V:AL_2	paritaprevir	paritaprevir	drug_resistance
NS3	1	168	V	REF_MASTER_NC_004102	NS3:168V	aminoAcidSimplePolymorphism	NS3:168V	single				phdr_ras:NS3:168V	NS3:168V	AL_2a	D168V	NS3:168V:AL_2a:glecaprevir	insignificant	-	4	1	2	0			NS3:168V:AL_2a	glecaprevir	glecaprevir	drug_resistance
NS3	1	168	V	REF_MASTER_NC_004102	NS3:168V	aminoAcidSimplePolymorphism	NS3:168V	single				phdr_ras:NS3:168V	NS3:168V	AL_2a	D168V	NS3:168V:AL_2a:paritaprevir	category_I	I	1	1	29	1	0	1	NS3:168V:AL_2a	paritaprevir	paritaprevir	drug_resistance
NS3	1	168	V	REF_MASTER_NC_004102	NS3:168V	aminoAcidSimplePolymorphism	NS3:168V	single				phdr_ras:NS3:168V	NS3:168V	AL_2b	D168V	NS3:168V:AL_2b:glecaprevir	insignificant	-	4	1	2.9	0			NS3:168V:AL_2b	glecaprevir	glecaprevir	drug_resistance
NS3	1	168	V	REF_MASTER_NC_004102	NS3:168V	aminoAcidSimplePolymorphism	NS3:168V	single				phdr_ras:NS3:168V	NS3:168V	AL_3a	Q168V	NS3:168V:AL_3a:paritaprevir	insignificant	-	4	1	4	0			NS3:168V:AL_3a	paritaprevir	paritaprevir	drug_resistance
NS3	1	168	V	REF_MASTER_NC_004102	NS3:168V	aminoAcidSimplePolymorphism	NS3:168V	single				phdr_ras:NS3:168V	NS3:168V	AL_4	D168V	NS3:168V:AL_4:grazoprevir	category_I	I	1	1	47	1	0	1	NS3:168V:AL_4	grazoprevir	grazoprevir	drug_resistance
NS3	1	168	V	REF_MASTER_NC_004102	NS3:168V	aminoAcidSimplePolymorphism	NS3:168V	single				phdr_ras:NS3:168V	NS3:168V	AL_4	D168V	NS3:168V:AL_4:paritaprevir	category_I	I	1	1	100	1	0	1	NS3:168V:AL_4	paritaprevir	paritaprevir	drug_resistance
NS3	1	168	V	REF_MASTER_NC_004102	NS3:168V	aminoAcidSimplePolymorphism	NS3:168V	single				phdr_ras:NS3:168V	NS3:168V	AL_4a	D168V	NS3:168V:AL_4a:glecaprevir	category_III	III	3	1	9.7	0			NS3:168V:AL_4a	glecaprevir	glecaprevir	drug_resistance
NS3	1	168	V	REF_MASTER_NC_004102	NS3:168V	aminoAcidSimplePolymorphism	NS3:168V	single				phdr_ras:NS3:168V	NS3:168V	AL_4a	D168V	NS3:168V:AL_4a:paritaprevir	category_II	II	2	1	313	0			NS3:168V:AL_4a	paritaprevir	paritaprevir	drug_resistance
NS3	1	168	V	REF_MASTER_NC_004102	NS3:168V	aminoAcidSimplePolymorphism	NS3:168V	single				phdr_ras:NS3:168V	NS3:168V	AL_4a	D168V	NS3:168V:AL_4a:voxilaprevir	category_III	III	3	1	11.25	0			NS3:168V:AL_4a	voxilaprevir	voxilaprevir	drug_resistance
NS3	1	168	V	REF_MASTER_NC_004102	NS3:168V	aminoAcidSimplePolymorphism	NS3:168V	single				phdr_ras:NS3:168V	NS3:168V	AL_4d	D168V	NS3:168V:AL_4d:paritaprevir	category_I	I	1	1	313	1	0	1	NS3:168V:AL_4d	paritaprevir	paritaprevir	drug_resistance
NS3	1	168	V	REF_MASTER_NC_004102	NS3:168V	aminoAcidSimplePolymorphism	NS3:168V	single				phdr_ras:NS3:168V	NS3:168V	AL_5a	D/E168V	NS3:168V:AL_5a:paritaprevir	category_II	II	2	1	254	0			NS3:168V:AL_5a	paritaprevir	paritaprevir	drug_resistance
NS3	1	168	V	REF_MASTER_NC_004102	NS3:168V	aminoAcidSimplePolymorphism	NS3:168V	single				phdr_ras:NS3:168V	NS3:168V	AL_6a	D168V	NS3:168V:AL_6a:glecaprevir	category_III	III	3	1	38	0			NS3:168V:AL_6a	glecaprevir	glecaprevir	drug_resistance
NS3	1	168	V	REF_MASTER_NC_004102	NS3:168V	aminoAcidSimplePolymorphism	NS3:168V	single				phdr_ras:NS3:168V	NS3:168V	AL_6a	D168V	NS3:168V:AL_6a:paritaprevir	category_II	II	2	1	165	0			NS3:168V:AL_6a	paritaprevir	paritaprevir	drug_resistance
NS3	1	168	V	REF_MASTER_NC_004102	NS3:168V	aminoAcidSimplePolymorphism	NS3:56H+168V	combination	NS3:56H+168V	2	2	phdr_ras:NS3:56H+168V	NS3:56H+168V	AL_1b	F/Y56H+D168V	NS3:56H+168V:AL_1b:paritaprevir	category_II	II	2	1	2	1	0	1	NS3:56H+168V:AL_1b	paritaprevir	paritaprevir	drug_resistance
NS3	1	168	V	REF_MASTER_NC_004102	NS3:168V	aminoAcidSimplePolymorphism	NS3:56H+168V	combination	NS3:56H+168V	2	2	phdr_ras:NS3:56H+168V	NS3:56H+168V	AL_4d	Y56H+D168V	NS3:56H+168V:AL_4d:paritaprevir	category_I	I	1	1	12	1	0	1	NS3:56H+168V:AL_4d	paritaprevir	paritaprevir	drug_resistance
NS3	1	168	V	REF_MASTER_NC_004102	NS3:168V	aminoAcidSimplePolymorphism	NS3:56H+80K+155I+168V	combination	NS3:56H+80K+155I+168V	4	4	phdr_ras:NS3:56H+80K+155I+168V	NS3:56H+80K+155I+168V	AL_1a	Y56H+K/Q80K+R155I+D168V	NS3:56H+80K+155I+168V:AL_1a:grazoprevir	category_II	II	2	0		1	0	1	NS3:56H+80K+155I+168V:AL_1a	grazoprevir	grazoprevir	drug_resistance
NS3	1	168	V	REF_MASTER_NC_004102	NS3:168V	aminoAcidSimplePolymorphism	NS3:56H+80K+155R+168V	combination	NS3:56H+80K+155R+168V	4	4	phdr_ras:NS3:56H+80K+155R+168V	NS3:56H+80K+155R+168V	AL_1a	Y56H+K/Q80K+R155R+D168V	NS3:56H+80K+155R+168V:AL_1a:grazoprevir	category_II	II	2	0		1	0	1	NS3:56H+80K+155R+168V:AL_1a	grazoprevir	grazoprevir	drug_resistance
NS3	1	168	Y	REF_MASTER_NC_004102	NS3:168Y	aminoAcidSimplePolymorphism	NS3:122N+168Y	combination	NS3:122N+168Y	2	2	phdr_ras:NS3:122N+168Y	NS3:122N+168Y	AL_1a	S122N+D168Y	NS3:122N+168Y:AL_1a:voxilaprevir	category_III	III	3	1	11.25	0			NS3:122N+168Y:AL_1a	voxilaprevir	voxilaprevir	drug_resistance
NS3	1	168	Y	REF_MASTER_NC_004102	NS3:168Y	aminoAcidSimplePolymorphism	NS3:168Y	single				phdr_ras:NS3:168Y	NS3:168Y	AL_1a	D168Y	NS3:168Y:AL_1a:grazoprevir	category_I	I	1	1	27	1	0	1	NS3:168Y:AL_1a	grazoprevir	grazoprevir	drug_resistance
NS3	1	168	Y	REF_MASTER_NC_004102	NS3:168Y	aminoAcidSimplePolymorphism	NS3:168Y	single				phdr_ras:NS3:168Y	NS3:168Y	AL_1a	D168Y	NS3:168Y:AL_1a:paritaprevir	category_I	I	1	1	219	1	0	1	NS3:168Y:AL_1a	paritaprevir	paritaprevir	drug_resistance
NS3	1	168	Y	REF_MASTER_NC_004102	NS3:168Y	aminoAcidSimplePolymorphism	NS3:168Y	single				phdr_ras:NS3:168Y	NS3:168Y	AL_1b	D168Y	NS3:168Y:AL_1b:paritaprevir	category_II	II	2	1	337	0			NS3:168Y:AL_1b	paritaprevir	paritaprevir	drug_resistance
NS3	1	168	Y	REF_MASTER_NC_004102	NS3:168Y	aminoAcidSimplePolymorphism	NS3:168Y	single				phdr_ras:NS3:168Y	NS3:168Y	AL_1b	D168Y	NS3:168Y:AL_1b:voxilaprevir	category_III	III	3	1	11.25	0			NS3:168Y:AL_1b	voxilaprevir	voxilaprevir	drug_resistance
NS3	1	168	Y	REF_MASTER_NC_004102	NS3:168Y	aminoAcidSimplePolymorphism	NS3:168Y	single				phdr_ras:NS3:168Y	NS3:168Y	AL_2	D168Y	NS3:168Y:AL_2:paritaprevir	category_II	II	2	0		1	0	1	NS3:168Y:AL_2	paritaprevir	paritaprevir	drug_resistance
NS3	1	168	Y	REF_MASTER_NC_004102	NS3:168Y	aminoAcidSimplePolymorphism	NS3:168Y	single				phdr_ras:NS3:168Y	NS3:168Y	AL_4	D168Y	NS3:168Y:AL_4:grazoprevir	category_II	II	2	0		1	0	1	NS3:168Y:AL_4	grazoprevir	grazoprevir	drug_resistance
NS3	1	168	Y	REF_MASTER_NC_004102	NS3:168Y	aminoAcidSimplePolymorphism	NS3:168Y	single				phdr_ras:NS3:168Y	NS3:168Y	AL_5a	D/E168Y	NS3:168Y:AL_5a:voxilaprevir	category_III	III	3	1	11.25	0			NS3:168Y:AL_5a	voxilaprevir	voxilaprevir	drug_resistance
NS3	1	168	Y	REF_MASTER_NC_004102	NS3:168Y	aminoAcidSimplePolymorphism	NS3:168Y+41R	combination	NS3:168Y+41R	2	1	phdr_ras:NS3:168Y+41R	NS3:168Y+41R	AL_6a	D168Y+Q41R	NS3:168Y+41R:AL_6a:voxilaprevir	category_III	III	3	1	11.25	0			NS3:168Y+41R:AL_6a	voxilaprevir	voxilaprevir	drug_resistance
NS3	1	168	Y	REF_MASTER_NC_004102	NS3:168Y	aminoAcidSimplePolymorphism	NS3:41K+43L+80K+168Y	combination	NS3:41K+43L+80K+168Y	4	4	phdr_ras:NS3:41K+43L+80K+168Y	NS3:41K+43L+80K+168Y	AL_1a	Q41K+F43L+K/Q80K+D168Y	NS3:41K+43L+80K+168Y:AL_1a:voxilaprevir	category_II	II	2	1	232.7	0			NS3:41K+43L+80K+168Y:AL_1a	voxilaprevir	voxilaprevir	drug_resistance
NS3	1	168	Y	REF_MASTER_NC_004102	NS3:168Y	aminoAcidSimplePolymorphism	NS3:56H+168Y	combination	NS3:56H+168Y	2	2	phdr_ras:NS3:56H+168Y	NS3:56H+168Y	AL_1a	Y56H+D168Y	NS3:56H+168Y:AL_1a:paritaprevir	category_II	II	2	0		1	0	1	NS3:56H+168Y:AL_1a	paritaprevir	paritaprevir	drug_resistance
NS3	1	168	Y	REF_MASTER_NC_004102	NS3:168Y	aminoAcidSimplePolymorphism	NS3:56H+168Y	combination	NS3:56H+168Y	2	2	phdr_ras:NS3:56H+168Y	NS3:56H+168Y	AL_1b	F/Y56H+D168Y	NS3:56H+168Y:AL_1b:paritaprevir	category_II	II	2	0		1	0	1	NS3:56H+168Y:AL_1b	paritaprevir	paritaprevir	drug_resistance
NS3	1	168	Y	REF_MASTER_NC_004102	NS3:168Y	aminoAcidSimplePolymorphism	NS3:80K+122G+168Y	combination	NS3:80K+122G+168Y	3	3	phdr_ras:NS3:80K+122G+168Y	NS3:80K+122G+168Y	AL_1a	K/Q80K+S122G+D168Y	NS3:80K+122G+168Y:AL_1a:grazoprevir	category_II	II	2	0		1	0	1	NS3:80K+122G+168Y:AL_1a	grazoprevir	grazoprevir	drug_resistance
NS3	1	168	Y	REF_MASTER_NC_004102	NS3:168Y	aminoAcidSimplePolymorphism	NS3:80K+168Y	combination	NS3:80K+168Y	2	2	phdr_ras:NS3:80K+168Y	NS3:80K+168Y	AL_1a	K/Q80K+D168Y	NS3:80K+168Y:AL_1a:grazoprevir	category_II	II	2	0		1	0	1	NS3:80K+168Y:AL_1a	grazoprevir	grazoprevir	drug_resistance
NS3	1	168	Y	REF_MASTER_NC_004102	NS3:168Y	aminoAcidSimplePolymorphism	NS3:80K+168Y	combination	NS3:80K+168Y	2	2	phdr_ras:NS3:80K+168Y	NS3:80K+168Y	AL_1a	K/Q80K+D168Y	NS3:80K+168Y:AL_1a:voxilaprevir	category_II	II	2	1	116.5	0			NS3:80K+168Y:AL_1a	voxilaprevir	voxilaprevir	drug_resistance
NS3	1	170	A	REF_MASTER_NC_004102	NS3:170A	aminoAcidSimplePolymorphism	NS3:170A	single				phdr_ras:NS3:170A	NS3:170A	AL_1b	I/V170A	NS3:170A:AL_1b:voxilaprevir	category_III	III	3	1	5.7	0			NS3:170A:AL_1b	voxilaprevir	voxilaprevir	drug_resistance
NS3	1	170	I	REF_MASTER_NC_004102	NS3:170I	aminoAcidSimplePolymorphism	NS3:122T+170I	combination	NS3:122T+170I	2	2	phdr_ras:NS3:122T+170I	NS3:122T+170I	AL_1b	S122T+I/V170I	NS3:122T+170I:AL_1b:grazoprevir	category_II	II	2	0		1	1	0	NS3:122T+170I:AL_1b	grazoprevir	grazoprevir	drug_resistance
NS3	1	170	I	REF_MASTER_NC_004102	NS3:170I	aminoAcidSimplePolymorphism	NS3:132I+170I	combination	NS3:132I+170I	2	2	phdr_ras:NS3:132I+170I	NS3:132I+170I	AL_3	L132I+I/V170I	NS3:132I+170I:AL_3:grazoprevir	category_II	II	2	0		1	1	0	NS3:132I+170I:AL_3	grazoprevir	grazoprevir	drug_resistance
NS3	1	170	I	REF_MASTER_NC_004102	NS3:170I	aminoAcidSimplePolymorphism	NS3:156G+170I	combination	NS3:156G+170I	2	2	phdr_ras:NS3:156G+170I	NS3:156G+170I	AL_3	A156G+I/V170I	NS3:156G+170I:AL_3:grazoprevir	category_II	II	2	0		1	0	1	NS3:156G+170I:AL_3	grazoprevir	grazoprevir	drug_resistance
NS3	1	170	I	REF_MASTER_NC_004102	NS3:170I	aminoAcidSimplePolymorphism	NS3:156M+168A+170I	combination	NS3:156M+168A+170I	3	3	phdr_ras:NS3:156M+168A+170I	NS3:156M+168A+170I	AL_4a	A156M+D168A+V170I	NS3:156M+168A+170I:AL_4a:grazoprevir	category_II	II	2	0		1	0	1	NS3:156M+168A+170I:AL_4a	grazoprevir	grazoprevir	drug_resistance
NS3	1	170	I	REF_MASTER_NC_004102	NS3:170I	aminoAcidSimplePolymorphism	NS3:156M+168G+170I	combination	NS3:156M+168G+170I	3	3	phdr_ras:NS3:156M+168G+170I	NS3:156M+168G+170I	AL_4a	A156M+D168G+V170I	NS3:156M+168G+170I:AL_4a:grazoprevir	category_II	II	2	0		1	0	1	NS3:156M+168G+170I:AL_4a	grazoprevir	grazoprevir	drug_resistance
NS3	1	170	I	REF_MASTER_NC_004102	NS3:170I	aminoAcidSimplePolymorphism	NS3:156T+168A+170I	combination	NS3:156T+168A+170I	3	3	phdr_ras:NS3:156T+168A+170I	NS3:156T+168A+170I	AL_4a	A156T+D168A+V170I	NS3:156T+168A+170I:AL_4a:grazoprevir	category_II	II	2	0		1	0	1	NS3:156T+168A+170I:AL_4a	grazoprevir	grazoprevir	drug_resistance
NS3	1	170	I	REF_MASTER_NC_004102	NS3:170I	aminoAcidSimplePolymorphism	NS3:156T+168G+170I	combination	NS3:156T+168G+170I	3	3	phdr_ras:NS3:156T+168G+170I	NS3:156T+168G+170I	AL_4a	A156T+D168G+V170I	NS3:156T+168G+170I:AL_4a:grazoprevir	category_II	II	2	0		1	0	1	NS3:156T+168G+170I:AL_4a	grazoprevir	grazoprevir	drug_resistance
NS3	1	170	I	REF_MASTER_NC_004102	NS3:170I	aminoAcidSimplePolymorphism	NS3:156T+170I	combination	NS3:156T+170I	2	2	phdr_ras:NS3:156T+170I	NS3:156T+170I	AL_1a	A156T+I170I	NS3:156T+170I:AL_1a:grazoprevir	category_II	II	2	0		1	0	1	NS3:156T+170I:AL_1a	grazoprevir	grazoprevir	drug_resistance
NS3	1	170	I	REF_MASTER_NC_004102	NS3:170I	aminoAcidSimplePolymorphism	NS3:156V+168A+170I	combination	NS3:156V+168A+170I	3	3	phdr_ras:NS3:156V+168A+170I	NS3:156V+168A+170I	AL_4a	A156V+D168A+V170I	NS3:156V+168A+170I:AL_4a:grazoprevir	category_II	II	2	0		1	0	1	NS3:156V+168A+170I:AL_4a	grazoprevir	grazoprevir	drug_resistance
NS3	1	170	I	REF_MASTER_NC_004102	NS3:170I	aminoAcidSimplePolymorphism	NS3:156V+168G+170I	combination	NS3:156V+168G+170I	3	3	phdr_ras:NS3:156V+168G+170I	NS3:156V+168G+170I	AL_4a	A156V+D168G+V170I	NS3:156V+168G+170I:AL_4a:grazoprevir	category_II	II	2	0		1	0	1	NS3:156V+168G+170I:AL_4a	grazoprevir	grazoprevir	drug_resistance
NS3	1	170	I	REF_MASTER_NC_004102	NS3:170I	aminoAcidSimplePolymorphism	NS3:168R+170I	combination	NS3:168R+170I	2	2	phdr_ras:NS3:168R+170I	NS3:168R+170I	AL_3	Q168R+I/V170I	NS3:168R+170I:AL_3:grazoprevir	category_II	II	2	0		1	1	0	NS3:168R+170I:AL_3	grazoprevir	grazoprevir	drug_resistance
NS3	1	170	I	REF_MASTER_NC_004102	NS3:170I	aminoAcidSimplePolymorphism	NS3:170I	single				phdr_ras:NS3:170I	NS3:170I	AL_4	V170I	NS3:170I:AL_4:grazoprevir	category_II	II	2	0		1	0	1	NS3:170I:AL_4	grazoprevir	grazoprevir	drug_resistance
NS3	1	170	I	REF_MASTER_NC_004102	NS3:170I	aminoAcidSimplePolymorphism	NS3:41R+170I	combination	NS3:41R+170I	2	2	phdr_ras:NS3:41R+170I	NS3:41R+170I	AL_3a	Q41R+I/V170I	NS3:41R+170I:AL_3a:voxilaprevir	category_III	III	3	1	11.25	0			NS3:41R+170I:AL_3a	voxilaprevir	voxilaprevir	drug_resistance
NS3	1	170	I	REF_MASTER_NC_004102	NS3:170I	aminoAcidSimplePolymorphism	NS3:54S+56F+80L+156T+170I	combination	NS3:54S+56F+80L+156T+170I	5	5	phdr_ras:NS3:54S+56F+80L+156T+170I	NS3:54S+56F+80L+156T+170I	AL_1b	T54S+F/Y56F+Q80L+A156T+I/V170I	NS3:54S+56F+80L+156T+170I:AL_1b:grazoprevir	category_II	II	2	0		1	0	1	NS3:54S+56F+80L+156T+170I:AL_1b	grazoprevir	grazoprevir	drug_resistance
NS3	1	170	I	REF_MASTER_NC_004102	NS3:170I	aminoAcidSimplePolymorphism	NS3:56F+122N+170I	combination	NS3:56F+122N+170I	3	3	phdr_ras:NS3:56F+122N+170I	NS3:56F+122N+170I	AL_1b	F/Y56F+S122N+I/V170I	NS3:56F+122N+170I:AL_1b:voxilaprevir	insignificant	-	4	1	3.3	0			NS3:56F+122N+170I:AL_1b	voxilaprevir	voxilaprevir	drug_resistance
NS3	1	170	I	REF_MASTER_NC_004102	NS3:170I	aminoAcidSimplePolymorphism	NS3:56F+168E+170I	combination	NS3:56F+168E+170I	3	3	phdr_ras:NS3:56F+168E+170I	NS3:56F+168E+170I	AL_1b	F/Y56F+D168E+I/V170I	NS3:56F+168E+170I:AL_1b:grazoprevir	category_II	II	2	0		1	0	1	NS3:56F+168E+170I:AL_1b	grazoprevir	grazoprevir	drug_resistance
NS3	1	170	I	REF_MASTER_NC_004102	NS3:170I	aminoAcidSimplePolymorphism	NS3:56F+170I	combination	NS3:56F+170I	2	2	phdr_ras:NS3:56F+170I	NS3:56F+170I	AL_1b	F/Y56F+I/V170I	NS3:56F+170I:AL_1b:grazoprevir	category_II	II	2	0		1	1	0	NS3:56F+170I:AL_1b	grazoprevir	grazoprevir	drug_resistance
NS3	1	170	I	REF_MASTER_NC_004102	NS3:170I	aminoAcidSimplePolymorphism	NS3:56H+168K+170I	combination	NS3:56H+168K+170I	3	3	phdr_ras:NS3:56H+168K+170I	NS3:56H+168K+170I	AL_3	Y56H+Q168K+I/V170I	NS3:56H+168K+170I:AL_3:grazoprevir	category_II	II	2	0		1	0	1	NS3:56H+168K+170I:AL_3	grazoprevir	grazoprevir	drug_resistance
NS3	1	170	I	REF_MASTER_NC_004102	NS3:170I	aminoAcidSimplePolymorphism	NS3:56H+168Q+170I	combination	NS3:56H+168Q+170I	3	3	phdr_ras:NS3:56H+168Q+170I	NS3:56H+168Q+170I	AL_3	Y56H+Q168Q+I/V170I	NS3:56H+168Q+170I:AL_3:grazoprevir	category_II	II	2	0		1	0	1	NS3:56H+168Q+170I:AL_3	grazoprevir	grazoprevir	drug_resistance
NS3	1	170	I	REF_MASTER_NC_004102	NS3:170I	aminoAcidSimplePolymorphism	NS3:56Y+168K+170I	combination	NS3:56Y+168K+170I	3	3	phdr_ras:NS3:56Y+168K+170I	NS3:56Y+168K+170I	AL_3	Y56Y+Q168K+I/V170I	NS3:56Y+168K+170I:AL_3:grazoprevir	category_II	II	2	0		1	0	1	NS3:56Y+168K+170I:AL_3	grazoprevir	grazoprevir	drug_resistance
NS3	1	170	I	REF_MASTER_NC_004102	NS3:170I	aminoAcidSimplePolymorphism	NS3:56Y+168Q+170I	combination	NS3:56Y+168Q+170I	3	3	phdr_ras:NS3:56Y+168Q+170I	NS3:56Y+168Q+170I	AL_3	Y56Y+Q168Q+I/V170I	NS3:56Y+168Q+170I:AL_3:grazoprevir	category_II	II	2	0		1	0	1	NS3:56Y+168Q+170I:AL_3	grazoprevir	grazoprevir	drug_resistance
NS3	1	170	I	REF_MASTER_NC_004102	NS3:170I	aminoAcidSimplePolymorphism	NS3:80K+156G+170I	combination	NS3:80K+156G+170I	3	3	phdr_ras:NS3:80K+156G+170I	NS3:80K+156G+170I	AL_3	Q80K+A156G+I/V170I	NS3:80K+156G+170I:AL_3:grazoprevir	category_II	II	2	0		1	0	1	NS3:80K+156G+170I:AL_3	grazoprevir	grazoprevir	drug_resistance
NS3	1	170	I	REF_MASTER_NC_004102	NS3:170I	aminoAcidSimplePolymorphism	NS3:80K+170I	combination	NS3:80K+170I	2	2	phdr_ras:NS3:80K+170I	NS3:80K+170I	AL_3	Q80K+I/V170I	NS3:80K+170I:AL_3:grazoprevir	category_II	II	2	0		1	0	1	NS3:80K+170I:AL_3	grazoprevir	grazoprevir	drug_resistance
NS3	1	170	I	REF_MASTER_NC_004102	NS3:170I	aminoAcidSimplePolymorphism	NS3:80R+132I+170I	combination	NS3:80R+132I+170I	3	3	phdr_ras:NS3:80R+132I+170I	NS3:80R+132I+170I	AL_3	Q80R+L132I+I/V170I	NS3:80R+132I+170I:AL_3:grazoprevir	category_II	II	2	0		1	0	1	NS3:80R+132I+170I:AL_3	grazoprevir	grazoprevir	drug_resistance
NS3	1	170	T	REF_MASTER_NC_004102	NS3:170T	aminoAcidSimplePolymorphism	NS3:168A+170T	combination	NS3:168A+170T	2	2	phdr_ras:NS3:168A+170T	NS3:168A+170T	AL_1a	D168A+I170T	NS3:168A+170T:AL_1a:voxilaprevir	category_III	III	3	1	11.25	0			NS3:168A+170T:AL_1a	voxilaprevir	voxilaprevir	drug_resistance
NS3	1	170	T	REF_MASTER_NC_004102	NS3:170T	aminoAcidSimplePolymorphism	NS3:170T	single				phdr_ras:NS3:170T	NS3:170T	AL_1a	I170T	NS3:170T:AL_1a:grazoprevir	insignificant	-	4	1	2.3	0			NS3:170T:AL_1a	grazoprevir	grazoprevir	drug_resistance
NS3	1	170	T	REF_MASTER_NC_004102	NS3:170T	aminoAcidSimplePolymorphism	NS3:170T	single				phdr_ras:NS3:170T	NS3:170T	AL_1b	I/V170T	NS3:170T:AL_1b:grazoprevir	insignificant	-	4	1	1	0			NS3:170T:AL_1b	grazoprevir	grazoprevir	drug_resistance
NS3	1	170	V	REF_MASTER_NC_004102	NS3:170V	aminoAcidSimplePolymorphism	NS3:122G+155K+170V	combination	NS3:122G+155K+170V	3	3	phdr_ras:NS3:122G+155K+170V	NS3:122G+155K+170V	AL_1a	S122G+R155K+I170V	NS3:122G+155K+170V:AL_1a:voxilaprevir	category_III	III	3	1	5.2	0			NS3:122G+155K+170V:AL_1a	voxilaprevir	voxilaprevir	drug_resistance
NS3	1	170	V	REF_MASTER_NC_004102	NS3:170V	aminoAcidSimplePolymorphism	NS3:170V	single				phdr_ras:NS3:170V	NS3:170V	AL_1a	I170V	NS3:170V:AL_1a:grazoprevir	category_II	II	2	0		1	1	0	NS3:170V:AL_1a	grazoprevir	grazoprevir	drug_resistance
NS3	1	170	V	REF_MASTER_NC_004102	NS3:170V	aminoAcidSimplePolymorphism	NS3:36M+155K+170V	combination	NS3:36M+155K+170V	3	3	phdr_ras:NS3:36M+155K+170V	NS3:36M+155K+170V	AL_1a	V36M+R155K+I170V	NS3:36M+155K+170V:AL_1a:voxilaprevir	insignificant	-	4	1	3.6	0			NS3:36M+155K+170V:AL_1a	voxilaprevir	voxilaprevir	drug_resistance
NS3	1	170	V	REF_MASTER_NC_004102	NS3:170V	aminoAcidSimplePolymorphism	NS3:54S+55I+122G+155K+170V	combination	NS3:54S+55I+122G+155K+170V	5	5	phdr_ras:NS3:54S+55I+122G+155K+170V	NS3:54S+55I+122G+155K+170V	AL_1a	T54S+V55I+S122G+R155K+I170V	NS3:54S+55I+122G+155K+170V:AL_1a:voxilaprevir	insignificant	-	4	1	4.1	0			NS3:54S+55I+122G+155K+170V:AL_1a	voxilaprevir	voxilaprevir	drug_resistance
NS3	1	170	V	REF_MASTER_NC_004102	NS3:170V	aminoAcidSimplePolymorphism	NS3:54S+56H+170V	combination	NS3:54S+56H+170V	3	3	phdr_ras:NS3:54S+56H+170V	NS3:54S+56H+170V	AL_1a	T54S+Y56H+I170V	NS3:54S+56H+170V:AL_1a:voxilaprevir	category_III	III	3	1	11.1	0			NS3:54S+56H+170V:AL_1a	voxilaprevir	voxilaprevir	drug_resistance
NS3	1	170	V	REF_MASTER_NC_004102	NS3:170V	aminoAcidSimplePolymorphism	NS3:55A+80R+168E+170V	combination	NS3:55A+80R+168E+170V	4	4	phdr_ras:NS3:55A+80R+168E+170V	NS3:55A+80R+168E+170V	AL_1a	V55A+K/Q80R+D168E+I170V	NS3:55A+80R+168E+170V:AL_1a:voxilaprevir	insignificant	-	4	1	4.9	0			NS3:55A+80R+168E+170V:AL_1a	voxilaprevir	voxilaprevir	drug_resistance
NS3	1	170	V	REF_MASTER_NC_004102	NS3:170V	aminoAcidSimplePolymorphism	NS3:71A+170V	combination	NS3:71A+170V	2	2	phdr_ras:NS3:71A+170V	NS3:71A+170V	AL_1a	V71A+I170V	NS3:71A+170V:AL_1a:glecaprevir	insignificant	-	4	1	3.3	0			NS3:71A+170V:AL_1a	glecaprevir	glecaprevir	drug_resistance
NS3	1	170	V	REF_MASTER_NC_004102	NS3:170V	aminoAcidSimplePolymorphism	NS3:80K+168E+170V	combination	NS3:80K+168E+170V	3	3	phdr_ras:NS3:80K+168E+170V	NS3:80K+168E+170V	AL_1a	K/Q80K+D168E+I170V	NS3:80K+168E+170V:AL_1a:voxilaprevir	category_III	III	3	1	8	0			NS3:80K+168E+170V:AL_1a	voxilaprevir	voxilaprevir	drug_resistance
NS3	1	175	M	REF_MASTER_NC_004102	NS3:175M	aminoAcidSimplePolymorphism	NS3:175M	single				phdr_ras:NS3:175M	NS3:175M	AL_3a	L175M	NS3:175M:AL_3a:voxilaprevir	category_III	III	3	1	11.25	0			NS3:175M:AL_3a	voxilaprevir	voxilaprevir	drug_resistance
NS3	1	177	V	REF_MASTER_NC_004102	NS3:177V	aminoAcidSimplePolymorphism	NS3:156S+177V	combination	NS3:156S+177V	2	2	phdr_ras:NS3:156S+177V	NS3:156S+177V	AL_2a	A156S+I/V177V	NS3:156S+177V:AL_2a:paritaprevir	insignificant	-	4	1	2	0			NS3:156S+177V:AL_2a	paritaprevir	paritaprevir	drug_resistance
NS3	1	177	V	REF_MASTER_NC_004102	NS3:177V	aminoAcidSimplePolymorphism	NS3:177V	single				phdr_ras:NS3:177V	NS3:177V	AL_2a	I/V177V	NS3:177V:AL_2a:paritaprevir	insignificant	-	4	1	2	0			NS3:177V:AL_2a	paritaprevir	paritaprevir	drug_resistance
NS3	1	177	V	REF_MASTER_NC_004102	NS3:177V	aminoAcidSimplePolymorphism	NS3:54S+156S+177V	combination	NS3:54S+156S+177V	3	3	phdr_ras:NS3:54S+156S+177V	NS3:54S+156S+177V	AL_2a	T54S+A156S+I/V177V	NS3:54S+156S+177V:AL_2a:paritaprevir	insignificant	-	4	1	3.7	0			NS3:54S+156S+177V:AL_2a	paritaprevir	paritaprevir	drug_resistance
NS3	1	179	T	REF_MASTER_NC_004102	NS3:179T	aminoAcidSimplePolymorphism	NS3:168H+179T	combination	NS3:168H+179T	2	2	phdr_ras:NS3:168H+179T	NS3:168H+179T	AL_6a	D168H+M179T	NS3:168H+179T:AL_6a:glecaprevir	category_II	II	2	1	153	0			NS3:168H+179T:AL_6a	glecaprevir	glecaprevir	drug_resistance
NS3	1	179	T	REF_MASTER_NC_004102	NS3:179T	aminoAcidSimplePolymorphism	NS3:179T	single				phdr_ras:NS3:179T	NS3:179T															drug_resistance
NS3	1	18	V	REF_MASTER_NC_004102	NS3:18V	aminoAcidSimplePolymorphism	NS3:18V	single				phdr_ras:NS3:18V	NS3:18V															drug_resistance
NS3	1	18	V	REF_MASTER_NC_004102	NS3:18V	aminoAcidSimplePolymorphism	NS3:18V+155K	combination	NS3:18V+155K	2	1	phdr_ras:NS3:18V+155K	NS3:18V+155K	AL_5a	I/V18V+R155K	NS3:18V+155K:AL_5a:paritaprevir	category_III	III	3	1	14.1	0			NS3:18V+155K:AL_5a	paritaprevir	paritaprevir	drug_resistance
NS3	1	180	V	REF_MASTER_NC_004102	NS3:180V	aminoAcidSimplePolymorphism	NS3:180V	single				phdr_ras:NS3:180V	NS3:180V															drug_resistance
NS3	1	180	V	REF_MASTER_NC_004102	NS3:180V	aminoAcidSimplePolymorphism	NS3:54S+122G+155K+180V	combination	NS3:54S+122G+155K+180V	4	4	phdr_ras:NS3:54S+122G+155K+180V	NS3:54S+122G+155K+180V	AL_1a	T54S+S122G+R155K+R180V	NS3:54S+122G+155K+180V:AL_1a:voxilaprevir	category_III	III	3	1	9.2	0			NS3:54S+122G+155K+180V:AL_1a	voxilaprevir	voxilaprevir	drug_resistance
NS3	1	30	V	REF_MASTER_NC_004102	NS3:30V	aminoAcidSimplePolymorphism	NS3:30V	single				phdr_ras:NS3:30V	NS3:30V															drug_resistance
NS3	1	30	V	REF_MASTER_NC_004102	NS3:30V	aminoAcidSimplePolymorphism	NS3:30V+156S	combination	NS3:30V+156S	2	1	phdr_ras:NS3:30V+156S	NS3:30V+156S	AL_5a	E30V+A156S	NS3:30V+156S:AL_5a:paritaprevir	category_III	III	3	1	5.7	0			NS3:30V+156S:AL_5a	paritaprevir	paritaprevir	drug_resistance
NS3	1	36	A	REF_MASTER_NC_004102	NS3:36A	aminoAcidSimplePolymorphism	NS3:36A	single				phdr_ras:NS3:36A	NS3:36A	AL_1a	V36A	NS3:36A:AL_1a:grazoprevir	insignificant	-	4	1	1.7	0			NS3:36A:AL_1a	grazoprevir	grazoprevir	drug_resistance
NS3	1	36	A	REF_MASTER_NC_004102	NS3:36A	aminoAcidSimplePolymorphism	NS3:36A	single				phdr_ras:NS3:36A	NS3:36A	AL_1a	V36A	NS3:36A:AL_1a:paritaprevir	insignificant	-	4	1	3	0			NS3:36A:AL_1a	paritaprevir	paritaprevir	drug_resistance
NS3	1	36	A	REF_MASTER_NC_004102	NS3:36A	aminoAcidSimplePolymorphism	NS3:36A	single				phdr_ras:NS3:36A	NS3:36A	AL_1a	V36A	NS3:36A:AL_1a:voxilaprevir	insignificant	-	4	1	2	0			NS3:36A:AL_1a	voxilaprevir	voxilaprevir	drug_resistance
NS3	1	36	A	REF_MASTER_NC_004102	NS3:36A	aminoAcidSimplePolymorphism	NS3:36A	single				phdr_ras:NS3:36A	NS3:36A	AL_1b	V36A	NS3:36A:AL_1b:grazoprevir	insignificant	-	4	1	2	0			NS3:36A:AL_1b	grazoprevir	grazoprevir	drug_resistance
NS3	1	36	A	REF_MASTER_NC_004102	NS3:36A	aminoAcidSimplePolymorphism	NS3:36A	single				phdr_ras:NS3:36A	NS3:36A	AL_1b	V36A	NS3:36A:AL_1b:voxilaprevir	insignificant	-	4	1	4.3	0			NS3:36A:AL_1b	voxilaprevir	voxilaprevir	drug_resistance
NS3	1	36	A	REF_MASTER_NC_004102	NS3:36A	aminoAcidSimplePolymorphism	NS3:36A	single				phdr_ras:NS3:36A	NS3:36A	AL_6a	V36A	NS3:36A:AL_6a:paritaprevir	insignificant	-	4	1	3	0			NS3:36A:AL_6a	paritaprevir	paritaprevir	drug_resistance
NS3	1	36	A	REF_MASTER_NC_004102	NS3:36A	aminoAcidSimplePolymorphism	NS3:36A+155G+168G	combination	NS3:36A+155G+168G	3	1	phdr_ras:NS3:36A+155G+168G	NS3:36A+155G+168G	AL_1a	V36A+R155G+D168G	NS3:36A+155G+168G:AL_1a:grazoprevir	category_II	II	2	0		1	0	1	NS3:36A+155G+168G:AL_1a	grazoprevir	grazoprevir	drug_resistance
NS3	1	36	A	REF_MASTER_NC_004102	NS3:36A	aminoAcidSimplePolymorphism	NS3:36A+155K	combination	NS3:36A+155K	2	1	phdr_ras:NS3:36A+155K	NS3:36A+155K	AL_1a	V36A+R155K	NS3:36A+155K:AL_1a:paritaprevir	category_II	II	2	0		1	0	1	NS3:36A+155K:AL_1a	paritaprevir	paritaprevir	drug_resistance
NS3	1	36	A	REF_MASTER_NC_004102	NS3:36A	aminoAcidSimplePolymorphism	NS3:36A+156T	combination	NS3:36A+156T	2	1	phdr_ras:NS3:36A+156T	NS3:36A+156T	AL_3	L36A+A156T	NS3:36A+156T:AL_3:grazoprevir	category_II	II	2	0		1	1	0	NS3:36A+156T:AL_3	grazoprevir	grazoprevir	drug_resistance
NS3	1	36	A	REF_MASTER_NC_004102	NS3:36A	aminoAcidSimplePolymorphism	NS3:36A+168A	combination	NS3:36A+168A	2	1	phdr_ras:NS3:36A+168A	NS3:36A+168A	AL_6a	V36A+D168A	NS3:36A+168A:AL_6a:voxilaprevir	category_III	III	3	1	11.25	0			NS3:36A+168A:AL_6a	voxilaprevir	voxilaprevir	drug_resistance
NS3	1	36	A	REF_MASTER_NC_004102	NS3:36A	aminoAcidSimplePolymorphism	NS3:36A+41R	combination	NS3:36A+41R	2	1	phdr_ras:NS3:36A+41R	NS3:36A+41R	AL_6a	V36A+Q41R	NS3:36A+41R:AL_6a:voxilaprevir	category_III	III	3	1	11.25	0			NS3:36A+41R:AL_6a	voxilaprevir	voxilaprevir	drug_resistance
NS3	1	36	A	REF_MASTER_NC_004102	NS3:36A	aminoAcidSimplePolymorphism	NS3:36A+80R+155K	combination	NS3:36A+80R+155K	3	1	phdr_ras:NS3:36A+80R+155K	NS3:36A+80R+155K	AL_1a	V36A+K/Q80R+R155K	NS3:36A+80R+155K:AL_1a:grazoprevir	category_II	II	2	0		1	1	0	NS3:36A+80R+155K:AL_1a	grazoprevir	grazoprevir	drug_resistance
NS3	1	36	G	REF_MASTER_NC_004102	NS3:36G	aminoAcidSimplePolymorphism	NS3:36G	single				phdr_ras:NS3:36G	NS3:36G	AL_1a	V36G	NS3:36G:AL_1a:voxilaprevir	category_III	III	3	1	11.25	0			NS3:36G:AL_1a	voxilaprevir	voxilaprevir	drug_resistance
NS3	1	36	L	REF_MASTER_NC_004102	NS3:36L	aminoAcidSimplePolymorphism	NS3:36L	single				phdr_ras:NS3:36L	NS3:36L	AL_1a	V36L	NS3:36L:AL_1a:grazoprevir	category_I	I	1	1	1.7	1	1	1	NS3:36L:AL_1a	grazoprevir	grazoprevir	drug_resistance
NS3	1	36	L	REF_MASTER_NC_004102	NS3:36L	aminoAcidSimplePolymorphism	NS3:36L	single				phdr_ras:NS3:36L	NS3:36L	AL_1a	V36L	NS3:36L:AL_1a:paritaprevir	insignificant	-	4	1	2	0			NS3:36L:AL_1a	paritaprevir	paritaprevir	drug_resistance
NS3	1	36	L	REF_MASTER_NC_004102	NS3:36L	aminoAcidSimplePolymorphism	NS3:36L	single				phdr_ras:NS3:36L	NS3:36L	AL_1a	V36L	NS3:36L:AL_1a:voxilaprevir	insignificant	-	4	1	2.1	0			NS3:36L:AL_1a	voxilaprevir	voxilaprevir	drug_resistance
NS3	1	36	L	REF_MASTER_NC_004102	NS3:36L	aminoAcidSimplePolymorphism	NS3:36L	single				phdr_ras:NS3:36L	NS3:36L	AL_1b	V36L	NS3:36L:AL_1b:grazoprevir	insignificant	-	4	1	1	0			NS3:36L:AL_1b	grazoprevir	grazoprevir	drug_resistance
NS3	1	36	L	REF_MASTER_NC_004102	NS3:36L	aminoAcidSimplePolymorphism	NS3:36L+155K	combination	NS3:36L+155K	2	1	phdr_ras:NS3:36L+155K	NS3:36L+155K	AL_1a	V36L+R155K	NS3:36L+155K:AL_1a:grazoprevir	category_I	I	1	0		1	1	1	NS3:36L+155K:AL_1a	grazoprevir	grazoprevir	drug_resistance
NS3	1	36	L	REF_MASTER_NC_004102	NS3:36L	aminoAcidSimplePolymorphism	NS3:36L+155K+156T+158A+168N	combination	NS3:36L+155K+156T+158A+168N	5	1	phdr_ras:NS3:36L+155K+156T+158A+168N	NS3:36L+155K+156T+158A+168N	AL_1a	V36L+R155K+A156T+V158A+D168N	NS3:36L+155K+156T+158A+168N:AL_1a:grazoprevir	category_II	II	2	0		1	0	1	NS3:36L+155K+156T+158A+168N:AL_1a	grazoprevir	grazoprevir	drug_resistance
NS3	1	36	L	REF_MASTER_NC_004102	NS3:36L	aminoAcidSimplePolymorphism	NS3:36L+155K+156T+168N	combination	NS3:36L+155K+156T+168N	4	1	phdr_ras:NS3:36L+155K+156T+168N	NS3:36L+155K+156T+168N	AL_1a	V36L+R155K+A156T+D168N	NS3:36L+155K+156T+168N:AL_1a:grazoprevir	category_II	II	2	0		1	0	1	NS3:36L+155K+156T+168N:AL_1a	grazoprevir	grazoprevir	drug_resistance
NS3	1	36	L	REF_MASTER_NC_004102	NS3:36L	aminoAcidSimplePolymorphism	NS3:36L+54S	combination	NS3:36L+54S	2	1	phdr_ras:NS3:36L+54S	NS3:36L+54S	AL_1a	V36L+T54S	NS3:36L+54S:AL_1a:voxilaprevir	category_III	III	3	1	11.25	0			NS3:36L+54S:AL_1a	voxilaprevir	voxilaprevir	drug_resistance
NS3	1	36	L	REF_MASTER_NC_004102	NS3:36L	aminoAcidSimplePolymorphism	NS3:36L+80K	combination	NS3:36L+80K	2	1	phdr_ras:NS3:36L+80K	NS3:36L+80K	AL_1a	V36L+K/Q80K	NS3:36L+80K:AL_1a:grazoprevir	category_II	II	2	1	1.8	1	1	0	NS3:36L+80K:AL_1a	grazoprevir	grazoprevir	drug_resistance
NS3	1	36	L	REF_MASTER_NC_004102	NS3:36L	aminoAcidSimplePolymorphism	NS3:36L+80K	combination	NS3:36L+80K	2	1	phdr_ras:NS3:36L+80K	NS3:36L+80K	AL_1a	V36L+K/Q80K	NS3:36L+80K:AL_1a:voxilaprevir	category_II	II	2	1	3.8	1	1	0	NS3:36L+80K:AL_1a	voxilaprevir	voxilaprevir	drug_resistance
NS3	1	36	L	REF_MASTER_NC_004102	NS3:36L	aminoAcidSimplePolymorphism	NS3:36L+80K+122C	combination	NS3:36L+80K+122C	3	1	phdr_ras:NS3:36L+80K+122C	NS3:36L+80K+122C	AL_1a	V36L+K/Q80K+S122C	NS3:36L+80K+122C:AL_1a:grazoprevir	category_II	II	2	0		1	1	0	NS3:36L+80K+122C:AL_1a	grazoprevir	grazoprevir	drug_resistance
NS3	1	36	L	REF_MASTER_NC_004102	NS3:36L	aminoAcidSimplePolymorphism	NS3:36L+80K+155S	combination	NS3:36L+80K+155S	3	1	phdr_ras:NS3:36L+80K+155S	NS3:36L+80K+155S	AL_1a	V36L+K/Q80K+R155S	NS3:36L+80K+155S:AL_1a:grazoprevir	category_I	I	1	1	51	1	0	1	NS3:36L+80K+155S:AL_1a	grazoprevir	grazoprevir	drug_resistance
NS3	1	36	L	REF_MASTER_NC_004102	NS3:36L	aminoAcidSimplePolymorphism	NS3:36L+80K+168A	combination	NS3:36L+80K+168A	3	1	phdr_ras:NS3:36L+80K+168A	NS3:36L+80K+168A	AL_1a	V36L+K/Q80K+D168A	NS3:36L+80K+168A:AL_1a:grazoprevir	category_II	II	2	0		1	0	1	NS3:36L+80K+168A:AL_1a	grazoprevir	grazoprevir	drug_resistance
NS3	1	36	L	REF_MASTER_NC_004102	NS3:36L	aminoAcidSimplePolymorphism	NS3:36L+80K+168G	combination	NS3:36L+80K+168G	3	1	phdr_ras:NS3:36L+80K+168G	NS3:36L+80K+168G	AL_1a	V36L+K/Q80K+D168G	NS3:36L+80K+168G:AL_1a:grazoprevir	category_II	II	2	0		1	1	0	NS3:36L+80K+168G:AL_1a	grazoprevir	grazoprevir	drug_resistance
NS3	1	36	M	REF_MASTER_NC_004102	NS3:36M	aminoAcidSimplePolymorphism	NS3:36M	single				phdr_ras:NS3:36M	NS3:36M	AL_1a	V36M	NS3:36M:AL_1a:glecaprevir	category_II	II	2	0		1	0	1	NS3:36M:AL_1a	glecaprevir	glecaprevir	drug_resistance
NS3	1	36	M	REF_MASTER_NC_004102	NS3:36M	aminoAcidSimplePolymorphism	NS3:36M	single				phdr_ras:NS3:36M	NS3:36M	AL_1a	V36M	NS3:36M:AL_1a:grazoprevir	category_I	I	1	1	1	1	1	1	NS3:36M:AL_1a	grazoprevir	grazoprevir	drug_resistance
NS3	1	36	M	REF_MASTER_NC_004102	NS3:36M	aminoAcidSimplePolymorphism	NS3:36M	single				phdr_ras:NS3:36M	NS3:36M	AL_1a	V36M	NS3:36M:AL_1a:paritaprevir	insignificant	-	4	1	2	0			NS3:36M:AL_1a	paritaprevir	paritaprevir	drug_resistance
NS3	1	36	M	REF_MASTER_NC_004102	NS3:36M	aminoAcidSimplePolymorphism	NS3:36M	single				phdr_ras:NS3:36M	NS3:36M	AL_1b	V36M	NS3:36M:AL_1b:grazoprevir	insignificant	-	4	1	1.8	0			NS3:36M:AL_1b	grazoprevir	grazoprevir	drug_resistance
NS3	1	36	M	REF_MASTER_NC_004102	NS3:36M	aminoAcidSimplePolymorphism	NS3:36M	single				phdr_ras:NS3:36M	NS3:36M	AL_1b	V36M	NS3:36M:AL_1b:voxilaprevir	insignificant	-	4	1	3.4	0			NS3:36M:AL_1b	voxilaprevir	voxilaprevir	drug_resistance
NS3	1	36	M	REF_MASTER_NC_004102	NS3:36M	aminoAcidSimplePolymorphism	NS3:36M+122N	combination	NS3:36M+122N	2	1	phdr_ras:NS3:36M+122N	NS3:36M+122N	AL_1a	V36M+S122N	NS3:36M+122N:AL_1a:voxilaprevir	category_III	III	3	1	11.25	0			NS3:36M+122N:AL_1a	voxilaprevir	voxilaprevir	drug_resistance
NS3	1	36	M	REF_MASTER_NC_004102	NS3:36M	aminoAcidSimplePolymorphism	NS3:36M+155G+168G	combination	NS3:36M+155G+168G	3	1	phdr_ras:NS3:36M+155G+168G	NS3:36M+155G+168G	AL_1a	V36M+R155G+D168G	NS3:36M+155G+168G:AL_1a:grazoprevir	category_II	II	2	0		1	0	1	NS3:36M+155G+168G:AL_1a	grazoprevir	grazoprevir	drug_resistance
NS3	1	36	M	REF_MASTER_NC_004102	NS3:36M	aminoAcidSimplePolymorphism	NS3:36M+155K	combination	NS3:36M+155K	2	1	phdr_ras:NS3:36M+155K	NS3:36M+155K	AL_1a	V36M+R155K	NS3:36M+155K:AL_1a:glecaprevir	category_II	II	2	0		1	1	0	NS3:36M+155K:AL_1a	glecaprevir	glecaprevir	drug_resistance
NS3	1	36	M	REF_MASTER_NC_004102	NS3:36M	aminoAcidSimplePolymorphism	NS3:36M+155K	combination	NS3:36M+155K	2	1	phdr_ras:NS3:36M+155K	NS3:36M+155K	AL_1a	V36M+R155K	NS3:36M+155K:AL_1a:grazoprevir	category_III	III	3	1	8.8	0			NS3:36M+155K:AL_1a	grazoprevir	grazoprevir	drug_resistance
NS3	1	36	M	REF_MASTER_NC_004102	NS3:36M	aminoAcidSimplePolymorphism	NS3:36M+155K	combination	NS3:36M+155K	2	1	phdr_ras:NS3:36M+155K	NS3:36M+155K	AL_1a	V36M+R155K	NS3:36M+155K:AL_1a:paritaprevir	category_I	I	1	1	79	1	0	1	NS3:36M+155K:AL_1a	paritaprevir	paritaprevir	drug_resistance
NS3	1	36	M	REF_MASTER_NC_004102	NS3:36M	aminoAcidSimplePolymorphism	NS3:36M+155K+170V	combination	NS3:36M+155K+170V	3	1	phdr_ras:NS3:36M+155K+170V	NS3:36M+155K+170V	AL_1a	V36M+R155K+I170V	NS3:36M+155K+170V:AL_1a:voxilaprevir	insignificant	-	4	1	3.6	0			NS3:36M+155K+170V:AL_1a	voxilaprevir	voxilaprevir	drug_resistance
NS3	1	36	M	REF_MASTER_NC_004102	NS3:36M	aminoAcidSimplePolymorphism	NS3:36M+156S	combination	NS3:36M+156S	2	1	phdr_ras:NS3:36M+156S	NS3:36M+156S	AL_1b	V36M+A156S	NS3:36M+156S:AL_1b:voxilaprevir	category_III	III	3	1	11.25	0			NS3:36M+156S:AL_1b	voxilaprevir	voxilaprevir	drug_resistance
NS3	1	36	M	REF_MASTER_NC_004102	NS3:36M	aminoAcidSimplePolymorphism	NS3:36M+41R	combination	NS3:36M+41R	2	1	phdr_ras:NS3:36M+41R	NS3:36M+41R	AL_1a	V36M+Q41R	NS3:36M+41R:AL_1a:voxilaprevir	category_III	III	3	1	11.25	0			NS3:36M+41R:AL_1a	voxilaprevir	voxilaprevir	drug_resistance
NS3	1	36	M	REF_MASTER_NC_004102	NS3:36M	aminoAcidSimplePolymorphism	NS3:36M+41R+168G	combination	NS3:36M+41R+168G	3	1	phdr_ras:NS3:36M+41R+168G	NS3:36M+41R+168G	AL_1a	V36M+Q41R+D168G	NS3:36M+41R+168G:AL_1a:voxilaprevir	category_III	III	3	1	11.25	0			NS3:36M+41R+168G:AL_1a	voxilaprevir	voxilaprevir	drug_resistance
NS3	1	36	M	REF_MASTER_NC_004102	NS3:36M	aminoAcidSimplePolymorphism	NS3:36M+80K	combination	NS3:36M+80K	2	1	phdr_ras:NS3:36M+80K	NS3:36M+80K	AL_1a	V36M+K/Q80K	NS3:36M+80K:AL_1a:grazoprevir	category_II	II	2	0		1	1	0	NS3:36M+80K:AL_1a	grazoprevir	grazoprevir	drug_resistance
NS3	1	36	M	REF_MASTER_NC_004102	NS3:36M	aminoAcidSimplePolymorphism	NS3:36M+80K	combination	NS3:36M+80K	2	1	phdr_ras:NS3:36M+80K	NS3:36M+80K	AL_1a	V36M+K/Q80K	NS3:36M+80K:AL_1a:voxilaprevir	category_III	III	3	1	11.25	0			NS3:36M+80K:AL_1a	voxilaprevir	voxilaprevir	drug_resistance
NS3	1	36	M	REF_MASTER_NC_004102	NS3:36M	aminoAcidSimplePolymorphism	NS3:36M+80K+107I	combination	NS3:36M+80K+107I	3	1	phdr_ras:NS3:36M+80K+107I	NS3:36M+80K+107I	AL_1a	V36M+K/Q80K+V107I	NS3:36M+80K+107I:AL_1a:grazoprevir	category_II	II	2	0		1	0	1	NS3:36M+80K+107I:AL_1a	grazoprevir	grazoprevir	drug_resistance
NS3	1	36	M	REF_MASTER_NC_004102	NS3:36M	aminoAcidSimplePolymorphism	NS3:36M+80K+122G+168A	combination	NS3:36M+80K+122G+168A	4	1	phdr_ras:NS3:36M+80K+122G+168A	NS3:36M+80K+122G+168A	AL_1a	V36M+K/Q80K+S122G+D168A	NS3:36M+80K+122G+168A:AL_1a:grazoprevir	category_II	II	2	0		1	0	1	NS3:36M+80K+122G+168A:AL_1a	grazoprevir	grazoprevir	drug_resistance
NS3	1	41	H	REF_MASTER_NC_004102	NS3:41H	aminoAcidSimplePolymorphism	NS3:41H	single				phdr_ras:NS3:41H	NS3:41H															drug_resistance
NS3	1	41	H	REF_MASTER_NC_004102	NS3:41H	aminoAcidSimplePolymorphism	NS3:41H+80K+122G	combination	NS3:41H+80K+122G	3	1	phdr_ras:NS3:41H+80K+122G	NS3:41H+80K+122G	AL_1a	Q41H+K/Q80K+S122G	NS3:41H+80K+122G:AL_1a:voxilaprevir	insignificant	-	4	1	2	0			NS3:41H+80K+122G:AL_1a	voxilaprevir	voxilaprevir	drug_resistance
NS3	1	41	K	REF_MASTER_NC_004102	NS3:41K	aminoAcidSimplePolymorphism	NS3:41K	single				phdr_ras:NS3:41K	NS3:41K	AL_3a	Q41K	NS3:41K:AL_3a:voxilaprevir	category_III	III	3	1	11.25	0			NS3:41K:AL_3a	voxilaprevir	voxilaprevir	drug_resistance
NS3	1	41	K	REF_MASTER_NC_004102	NS3:41K	aminoAcidSimplePolymorphism	NS3:41K	single				phdr_ras:NS3:41K	NS3:41K	AL_6a	Q41K	NS3:41K:AL_6a:voxilaprevir	category_III	III	3	1	11.25	0			NS3:41K:AL_6a	voxilaprevir	voxilaprevir	drug_resistance
NS3	1	41	K	REF_MASTER_NC_004102	NS3:41K	aminoAcidSimplePolymorphism	NS3:41K+43L+80K+168Y	combination	NS3:41K+43L+80K+168Y	4	1	phdr_ras:NS3:41K+43L+80K+168Y	NS3:41K+43L+80K+168Y	AL_1a	Q41K+F43L+K/Q80K+D168Y	NS3:41K+43L+80K+168Y:AL_1a:voxilaprevir	category_II	II	2	1	232.7	0			NS3:41K+43L+80K+168Y:AL_1a	voxilaprevir	voxilaprevir	drug_resistance
NS3	1	41	K	REF_MASTER_NC_004102	NS3:41K	aminoAcidSimplePolymorphism	NS3:41K+80K	combination	NS3:41K+80K	2	1	phdr_ras:NS3:41K+80K	NS3:41K+80K	AL_1a	Q41K+K/Q80K	NS3:41K+80K:AL_1a:voxilaprevir	insignificant	-	4	1	2.8	0			NS3:41K+80K:AL_1a	voxilaprevir	voxilaprevir	drug_resistance
NS3	1	41	R	REF_MASTER_NC_004102	NS3:41R	aminoAcidSimplePolymorphism	NS3:168H+41R	combination	NS3:168H+41R	2	2	phdr_ras:NS3:168H+41R	NS3:168H+41R	AL_6a	D168H+Q41R	NS3:168H+41R:AL_6a:voxilaprevir	category_II	II	2	1	60	0			NS3:168H+41R:AL_6a	voxilaprevir	voxilaprevir	drug_resistance
NS3	1	41	R	REF_MASTER_NC_004102	NS3:41R	aminoAcidSimplePolymorphism	NS3:168Y+41R	combination	NS3:168Y+41R	2	2	phdr_ras:NS3:168Y+41R	NS3:168Y+41R	AL_6a	D168Y+Q41R	NS3:168Y+41R:AL_6a:voxilaprevir	category_III	III	3	1	11.25	0			NS3:168Y+41R:AL_6a	voxilaprevir	voxilaprevir	drug_resistance
NS3	1	41	R	REF_MASTER_NC_004102	NS3:41R	aminoAcidSimplePolymorphism	NS3:36A+41R	combination	NS3:36A+41R	2	2	phdr_ras:NS3:36A+41R	NS3:36A+41R	AL_6a	V36A+Q41R	NS3:36A+41R:AL_6a:voxilaprevir	category_III	III	3	1	11.25	0			NS3:36A+41R:AL_6a	voxilaprevir	voxilaprevir	drug_resistance
NS3	1	41	R	REF_MASTER_NC_004102	NS3:41R	aminoAcidSimplePolymorphism	NS3:36M+41R	combination	NS3:36M+41R	2	2	phdr_ras:NS3:36M+41R	NS3:36M+41R	AL_1a	V36M+Q41R	NS3:36M+41R:AL_1a:voxilaprevir	category_III	III	3	1	11.25	0			NS3:36M+41R:AL_1a	voxilaprevir	voxilaprevir	drug_resistance
NS3	1	41	R	REF_MASTER_NC_004102	NS3:41R	aminoAcidSimplePolymorphism	NS3:36M+41R+168G	combination	NS3:36M+41R+168G	3	2	phdr_ras:NS3:36M+41R+168G	NS3:36M+41R+168G	AL_1a	V36M+Q41R+D168G	NS3:36M+41R+168G:AL_1a:voxilaprevir	category_III	III	3	1	11.25	0			NS3:36M+41R+168G:AL_1a	voxilaprevir	voxilaprevir	drug_resistance
NS3	1	41	R	REF_MASTER_NC_004102	NS3:41R	aminoAcidSimplePolymorphism	NS3:41R	single				phdr_ras:NS3:41R	NS3:41R	AL_1a	Q41R	NS3:41R:AL_1a:voxilaprevir	category_III	III	3	1	11.25	0			NS3:41R:AL_1a	voxilaprevir	voxilaprevir	drug_resistance
NS3	1	41	R	REF_MASTER_NC_004102	NS3:41R	aminoAcidSimplePolymorphism	NS3:41R	single				phdr_ras:NS3:41R	NS3:41R	AL_3a	Q41R	NS3:41R:AL_3a:voxilaprevir	insignificant	-	4	1	2.5	0			NS3:41R:AL_3a	voxilaprevir	voxilaprevir	drug_resistance
NS3	1	41	R	REF_MASTER_NC_004102	NS3:41R	aminoAcidSimplePolymorphism	NS3:41R	single				phdr_ras:NS3:41R	NS3:41R	AL_4a	Q41R	NS3:41R:AL_4a:voxilaprevir	category_III	III	3	1	11.25	0			NS3:41R:AL_4a	voxilaprevir	voxilaprevir	drug_resistance
NS3	1	41	R	REF_MASTER_NC_004102	NS3:41R	aminoAcidSimplePolymorphism	NS3:41R	single				phdr_ras:NS3:41R	NS3:41R	AL_6a	Q41R	NS3:41R:AL_6a:voxilaprevir	category_III	III	3	1	11.25	0			NS3:41R:AL_6a	voxilaprevir	voxilaprevir	drug_resistance
NS3	1	41	R	REF_MASTER_NC_004102	NS3:41R	aminoAcidSimplePolymorphism	NS3:41R+156T	combination	NS3:41R+156T	2	1	phdr_ras:NS3:41R+156T	NS3:41R+156T	AL_1a	Q41R+A156T	NS3:41R+156T:AL_1a:voxilaprevir	category_II	II	2	1	100	0			NS3:41R+156T:AL_1a	voxilaprevir	voxilaprevir	drug_resistance
NS3	1	41	R	REF_MASTER_NC_004102	NS3:41R	aminoAcidSimplePolymorphism	NS3:41R+168A	combination	NS3:41R+168A	2	1	phdr_ras:NS3:41R+168A	NS3:41R+168A	AL_1a	Q41R+D168A	NS3:41R+168A:AL_1a:voxilaprevir	category_II	II	2	1	60	0			NS3:41R+168A:AL_1a	voxilaprevir	voxilaprevir	drug_resistance
NS3	1	41	R	REF_MASTER_NC_004102	NS3:41R	aminoAcidSimplePolymorphism	NS3:41R+168A	combination	NS3:41R+168A	2	1	phdr_ras:NS3:41R+168A	NS3:41R+168A	AL_5a	Q41R+D/E168A	NS3:41R+168A:AL_5a:voxilaprevir	category_II	II	2	1	60	0			NS3:41R+168A:AL_5a	voxilaprevir	voxilaprevir	drug_resistance
NS3	1	41	R	REF_MASTER_NC_004102	NS3:41R	aminoAcidSimplePolymorphism	NS3:41R+168A	combination	NS3:41R+168A	2	1	phdr_ras:NS3:41R+168A	NS3:41R+168A	AL_6a	Q41R+D168A	NS3:41R+168A:AL_6a:voxilaprevir	category_III	III	3	1	11.25	0			NS3:41R+168A:AL_6a	voxilaprevir	voxilaprevir	drug_resistance
NS3	1	41	R	REF_MASTER_NC_004102	NS3:41R	aminoAcidSimplePolymorphism	NS3:41R+168G	combination	NS3:41R+168G	2	1	phdr_ras:NS3:41R+168G	NS3:41R+168G	AL_1a	Q41R+D168G	NS3:41R+168G:AL_1a:voxilaprevir	category_III	III	3	1	11.25	0			NS3:41R+168G:AL_1a	voxilaprevir	voxilaprevir	drug_resistance
NS3	1	41	R	REF_MASTER_NC_004102	NS3:41R	aminoAcidSimplePolymorphism	NS3:41R+168H	combination	NS3:41R+168H	2	1	phdr_ras:NS3:41R+168H	NS3:41R+168H	AL_1a	Q41R+D168H	NS3:41R+168H:AL_1a:voxilaprevir	category_III	III	3	1	11.25	0			NS3:41R+168H:AL_1a	voxilaprevir	voxilaprevir	drug_resistance
NS3	1	41	R	REF_MASTER_NC_004102	NS3:41R	aminoAcidSimplePolymorphism	NS3:41R+168H	combination	NS3:41R+168H	2	1	phdr_ras:NS3:41R+168H	NS3:41R+168H	AL_5a	Q41R+D/E168H	NS3:41R+168H:AL_5a:voxilaprevir	category_II	II	2	1	60	0			NS3:41R+168H:AL_5a	voxilaprevir	voxilaprevir	drug_resistance
NS3	1	41	R	REF_MASTER_NC_004102	NS3:41R	aminoAcidSimplePolymorphism	NS3:41R+170I	combination	NS3:41R+170I	2	1	phdr_ras:NS3:41R+170I	NS3:41R+170I	AL_3a	Q41R+I/V170I	NS3:41R+170I:AL_3a:voxilaprevir	category_III	III	3	1	11.25	0			NS3:41R+170I:AL_3a	voxilaprevir	voxilaprevir	drug_resistance
NS3	1	41	R	REF_MASTER_NC_004102	NS3:41R	aminoAcidSimplePolymorphism	NS3:41R+55I	combination	NS3:41R+55I	2	1	phdr_ras:NS3:41R+55I	NS3:41R+55I	AL_3a	Q41R+V55I	NS3:41R+55I:AL_3a:voxilaprevir	category_III	III	3	1	11.25	0			NS3:41R+55I:AL_3a	voxilaprevir	voxilaprevir	drug_resistance
NS3	1	43	C	REF_MASTER_NC_004102	NS3:43C	aminoAcidSimplePolymorphism	NS3:43C	single				phdr_ras:NS3:43C	NS3:43C	AL_6a	F43C	NS3:43C:AL_6a:paritaprevir	insignificant	-	4	1	2.5	0			NS3:43C:AL_6a	paritaprevir	paritaprevir	drug_resistance
NS3	1	43	L	REF_MASTER_NC_004102	NS3:43L	aminoAcidSimplePolymorphism	NS3:41K+43L+80K+168Y	combination	NS3:41K+43L+80K+168Y	4	2	phdr_ras:NS3:41K+43L+80K+168Y	NS3:41K+43L+80K+168Y	AL_1a	Q41K+F43L+K/Q80K+D168Y	NS3:41K+43L+80K+168Y:AL_1a:voxilaprevir	category_II	II	2	1	232.7	0			NS3:41K+43L+80K+168Y:AL_1a	voxilaprevir	voxilaprevir	drug_resistance
NS3	1	43	L	REF_MASTER_NC_004102	NS3:43L	aminoAcidSimplePolymorphism	NS3:43L	single				phdr_ras:NS3:43L	NS3:43L	AL_1a	F43L	NS3:43L:AL_1a:paritaprevir	category_III	III	3	1	20	0			NS3:43L:AL_1a	paritaprevir	paritaprevir	drug_resistance
NS3	1	43	L	REF_MASTER_NC_004102	NS3:43L	aminoAcidSimplePolymorphism	NS3:43L+80K	combination	NS3:43L+80K	2	1	phdr_ras:NS3:43L+80K	NS3:43L+80K	AL_1a	F43L+K/Q80K	NS3:43L+80K:AL_1a:voxilaprevir	insignificant	-	4	1	3.4	0			NS3:43L+80K:AL_1a	voxilaprevir	voxilaprevir	drug_resistance
NS3	1	43	S	REF_MASTER_NC_004102	NS3:43S	aminoAcidSimplePolymorphism	NS3:43S	single				phdr_ras:NS3:43S	NS3:43S	AL_1a	F43S	NS3:43S:AL_1a:voxilaprevir	category_III	III	3	1	5.1	0			NS3:43S:AL_1a	voxilaprevir	voxilaprevir	drug_resistance
NS3	1	43	S	REF_MASTER_NC_004102	NS3:43S	aminoAcidSimplePolymorphism	NS3:43S	single				phdr_ras:NS3:43S	NS3:43S	AL_1b	F43S	NS3:43S:AL_1b:grazoprevir	insignificant	-	4	1	2.6	0			NS3:43S:AL_1b	grazoprevir	grazoprevir	drug_resistance
NS3	1	43	V	REF_MASTER_NC_004102	NS3:43V	aminoAcidSimplePolymorphism	NS3:43V	single				phdr_ras:NS3:43V	NS3:43V	AL_2a	F43V	NS3:43V:AL_2a:voxilaprevir	category_III	III	3	1	11.25	0			NS3:43V:AL_2a	voxilaprevir	voxilaprevir	drug_resistance
NS3	1	54	A	REF_MASTER_NC_004102	NS3:54A	aminoAcidSimplePolymorphism	NS3:54A	single				phdr_ras:NS3:54A	NS3:54A	AL_1b	T54A	NS3:54A:AL_1b:voxilaprevir	insignificant	-	4	1	2.4	0			NS3:54A:AL_1b	voxilaprevir	voxilaprevir	drug_resistance
NS3	1	54	A	REF_MASTER_NC_004102	NS3:54A	aminoAcidSimplePolymorphism	NS3:54A+156S	combination	NS3:54A+156S	2	1	phdr_ras:NS3:54A+156S	NS3:54A+156S	AL_6a	T54A+A156S	NS3:54A+156S:AL_6a:paritaprevir	insignificant	-	4	1	2.7	0			NS3:54A+156S:AL_6a	paritaprevir	paritaprevir	drug_resistance
NS3	1	54	A	REF_MASTER_NC_004102	NS3:54A	aminoAcidSimplePolymorphism	NS3:54A+158I	combination	NS3:54A+158I	2	1	phdr_ras:NS3:54A+158I	NS3:54A+158I	AL_6a	T54A+V158I	NS3:54A+158I:AL_6a:paritaprevir	insignificant	-	4	1	3.8	0			NS3:54A+158I:AL_6a	paritaprevir	paritaprevir	drug_resistance
NS3	1	54	S	REF_MASTER_NC_004102	NS3:54S	aminoAcidSimplePolymorphism	NS3:36L+54S	combination	NS3:36L+54S	2	2	phdr_ras:NS3:36L+54S	NS3:36L+54S	AL_1a	V36L+T54S	NS3:36L+54S:AL_1a:voxilaprevir	category_III	III	3	1	11.25	0			NS3:36L+54S:AL_1a	voxilaprevir	voxilaprevir	drug_resistance
NS3	1	54	S	REF_MASTER_NC_004102	NS3:54S	aminoAcidSimplePolymorphism	NS3:54S	single				phdr_ras:NS3:54S	NS3:54S	AL_1a	T54S	NS3:54S:AL_1a:grazoprevir	insignificant	-	4	1	1.1	0			NS3:54S:AL_1a	grazoprevir	grazoprevir	drug_resistance
NS3	1	54	S	REF_MASTER_NC_004102	NS3:54S	aminoAcidSimplePolymorphism	NS3:54S	single				phdr_ras:NS3:54S	NS3:54S	AL_1b	T54S	NS3:54S:AL_1b:grazoprevir	category_II	II	2	0		1	1	0	NS3:54S:AL_1b	grazoprevir	grazoprevir	drug_resistance
NS3	1	54	S	REF_MASTER_NC_004102	NS3:54S	aminoAcidSimplePolymorphism	NS3:54S	single				phdr_ras:NS3:54S	NS3:54S	AL_1b	T54S	NS3:54S:AL_1b:voxilaprevir	insignificant	-	4	1	2.5	0			NS3:54S:AL_1b	voxilaprevir	voxilaprevir	drug_resistance
NS3	1	54	S	REF_MASTER_NC_004102	NS3:54S	aminoAcidSimplePolymorphism	NS3:54S+122G+155K+180V	combination	NS3:54S+122G+155K+180V	4	1	phdr_ras:NS3:54S+122G+155K+180V	NS3:54S+122G+155K+180V	AL_1a	T54S+S122G+R155K+R180V	NS3:54S+122G+155K+180V:AL_1a:voxilaprevir	category_III	III	3	1	9.2	0			NS3:54S+122G+155K+180V:AL_1a	voxilaprevir	voxilaprevir	drug_resistance
NS3	1	54	S	REF_MASTER_NC_004102	NS3:54S	aminoAcidSimplePolymorphism	NS3:54S+155K	combination	NS3:54S+155K	2	1	phdr_ras:NS3:54S+155K	NS3:54S+155K	AL_5a	T54S+R155K	NS3:54S+155K:AL_5a:paritaprevir	category_III	III	3	1	14	0			NS3:54S+155K:AL_5a	paritaprevir	paritaprevir	drug_resistance
NS3	1	54	S	REF_MASTER_NC_004102	NS3:54S	aminoAcidSimplePolymorphism	NS3:54S+155T+168N	combination	NS3:54S+155T+168N	3	1	phdr_ras:NS3:54S+155T+168N	NS3:54S+155T+168N	AL_1a	T54S+R155T+D168N	NS3:54S+155T+168N:AL_1a:voxilaprevir	category_III	III	3	1	11.25	0			NS3:54S+155T+168N:AL_1a	voxilaprevir	voxilaprevir	drug_resistance
NS3	1	54	S	REF_MASTER_NC_004102	NS3:54S	aminoAcidSimplePolymorphism	NS3:54S+156S	combination	NS3:54S+156S	2	1	phdr_ras:NS3:54S+156S	NS3:54S+156S	AL_2a	T54S+A156S	NS3:54S+156S:AL_2a:paritaprevir	insignificant	-	4	1	2.3	0			NS3:54S+156S:AL_2a	paritaprevir	paritaprevir	drug_resistance
NS3	1	54	S	REF_MASTER_NC_004102	NS3:54S	aminoAcidSimplePolymorphism	NS3:54S+156S+177V	combination	NS3:54S+156S+177V	3	1	phdr_ras:NS3:54S+156S+177V	NS3:54S+156S+177V	AL_2a	T54S+A156S+I/V177V	NS3:54S+156S+177V:AL_2a:paritaprevir	insignificant	-	4	1	3.7	0			NS3:54S+156S+177V:AL_2a	paritaprevir	paritaprevir	drug_resistance
NS3	1	54	S	REF_MASTER_NC_004102	NS3:54S	aminoAcidSimplePolymorphism	NS3:54S+156T	combination	NS3:54S+156T	2	1	phdr_ras:NS3:54S+156T	NS3:54S+156T	AL_1b	T54S+A156T	NS3:54S+156T:AL_1b:grazoprevir	category_II	II	2	0		1	0	1	NS3:54S+156T:AL_1b	grazoprevir	grazoprevir	drug_resistance
NS3	1	54	S	REF_MASTER_NC_004102	NS3:54S	aminoAcidSimplePolymorphism	NS3:54S+55I+122G+155K	combination	NS3:54S+55I+122G+155K	4	1	phdr_ras:NS3:54S+55I+122G+155K	NS3:54S+55I+122G+155K	AL_1a	T54S+V55I+S122G+R155K	NS3:54S+55I+122G+155K:AL_1a:voxilaprevir	category_III	III	3	1	5.9	0			NS3:54S+55I+122G+155K:AL_1a	voxilaprevir	voxilaprevir	drug_resistance
NS3	1	54	S	REF_MASTER_NC_004102	NS3:54S	aminoAcidSimplePolymorphism	NS3:54S+55I+122G+155K+170V	combination	NS3:54S+55I+122G+155K+170V	5	1	phdr_ras:NS3:54S+55I+122G+155K+170V	NS3:54S+55I+122G+155K+170V	AL_1a	T54S+V55I+S122G+R155K+I170V	NS3:54S+55I+122G+155K+170V:AL_1a:voxilaprevir	insignificant	-	4	1	4.1	0			NS3:54S+55I+122G+155K+170V:AL_1a	voxilaprevir	voxilaprevir	drug_resistance
NS3	1	54	S	REF_MASTER_NC_004102	NS3:54S	aminoAcidSimplePolymorphism	NS3:54S+55I+80L	combination	NS3:54S+55I+80L	3	1	phdr_ras:NS3:54S+55I+80L	NS3:54S+55I+80L	AL_1a	T54S+V55I+K/Q80L	NS3:54S+55I+80L:AL_1a:voxilaprevir	category_III	III	3	1	7	0			NS3:54S+55I+80L:AL_1a	voxilaprevir	voxilaprevir	drug_resistance
NS3	1	54	S	REF_MASTER_NC_004102	NS3:54S	aminoAcidSimplePolymorphism	NS3:54S+56F+80L+156T+170I	combination	NS3:54S+56F+80L+156T+170I	5	1	phdr_ras:NS3:54S+56F+80L+156T+170I	NS3:54S+56F+80L+156T+170I	AL_1b	T54S+F/Y56F+Q80L+A156T+I/V170I	NS3:54S+56F+80L+156T+170I:AL_1b:grazoprevir	category_II	II	2	0		1	0	1	NS3:54S+56F+80L+156T+170I:AL_1b	grazoprevir	grazoprevir	drug_resistance
NS3	1	54	S	REF_MASTER_NC_004102	NS3:54S	aminoAcidSimplePolymorphism	NS3:54S+56H	combination	NS3:54S+56H	2	1	phdr_ras:NS3:54S+56H	NS3:54S+56H	AL_1a	T54S+Y56H	NS3:54S+56H:AL_1a:voxilaprevir	category_III	III	3	1	11.25	0			NS3:54S+56H:AL_1a	voxilaprevir	voxilaprevir	drug_resistance
NS3	1	54	S	REF_MASTER_NC_004102	NS3:54S	aminoAcidSimplePolymorphism	NS3:54S+56H+170V	combination	NS3:54S+56H+170V	3	1	phdr_ras:NS3:54S+56H+170V	NS3:54S+56H+170V	AL_1a	T54S+Y56H+I170V	NS3:54S+56H+170V:AL_1a:voxilaprevir	category_III	III	3	1	11.1	0			NS3:54S+56H+170V:AL_1a	voxilaprevir	voxilaprevir	drug_resistance
NS3	1	55	A	REF_MASTER_NC_004102	NS3:55A	aminoAcidSimplePolymorphism	NS3:55A	single				phdr_ras:NS3:55A	NS3:55A	AL_1a	V55A	NS3:55A:AL_1a:grazoprevir	category_II	II	2	1	1.7	1	1	0	NS3:55A:AL_1a	grazoprevir	grazoprevir	drug_resistance
NS3	1	55	A	REF_MASTER_NC_004102	NS3:55A	aminoAcidSimplePolymorphism	NS3:55A	single				phdr_ras:NS3:55A	NS3:55A	AL_1a	V55A	NS3:55A:AL_1a:voxilaprevir	category_II	II	2	0		1	1	0	NS3:55A:AL_1a	voxilaprevir	voxilaprevir	drug_resistance
NS3	1	55	A	REF_MASTER_NC_004102	NS3:55A	aminoAcidSimplePolymorphism	NS3:55A	single				phdr_ras:NS3:55A	NS3:55A	AL_1b	V55A	NS3:55A:AL_1b:grazoprevir	insignificant	-	4	1	1.4	0			NS3:55A:AL_1b	grazoprevir	grazoprevir	drug_resistance
NS3	1	55	A	REF_MASTER_NC_004102	NS3:55A	aminoAcidSimplePolymorphism	NS3:55A+168A	combination	NS3:55A+168A	2	1	phdr_ras:NS3:55A+168A	NS3:55A+168A	AL_1a	V55A+D168A	NS3:55A+168A:AL_1a:grazoprevir	category_II	II	2	0		1	0	1	NS3:55A+168A:AL_1a	grazoprevir	grazoprevir	drug_resistance
NS3	1	55	A	REF_MASTER_NC_004102	NS3:55A	aminoAcidSimplePolymorphism	NS3:55A+168E	combination	NS3:55A+168E	2	1	phdr_ras:NS3:55A+168E	NS3:55A+168E	AL_1a	V55A+D168E	NS3:55A+168E:AL_1a:grazoprevir	category_II	II	2	0		1	0	1	NS3:55A+168E:AL_1a	grazoprevir	grazoprevir	drug_resistance
NS3	1	55	A	REF_MASTER_NC_004102	NS3:55A	aminoAcidSimplePolymorphism	NS3:55A+80K+122N	combination	NS3:55A+80K+122N	3	1	phdr_ras:NS3:55A+80K+122N	NS3:55A+80K+122N	AL_6a	V55A+K80K+N/S122N	NS3:55A+80K+122N:AL_6a:voxilaprevir	insignificant	-	4	1	2	0			NS3:55A+80K+122N:AL_6a	voxilaprevir	voxilaprevir	drug_resistance
NS3	1	55	A	REF_MASTER_NC_004102	NS3:55A	aminoAcidSimplePolymorphism	NS3:55A+80R+168E+170V	combination	NS3:55A+80R+168E+170V	4	1	phdr_ras:NS3:55A+80R+168E+170V	NS3:55A+80R+168E+170V	AL_1a	V55A+K/Q80R+D168E+I170V	NS3:55A+80R+168E+170V:AL_1a:voxilaprevir	insignificant	-	4	1	4.9	0			NS3:55A+80R+168E+170V:AL_1a	voxilaprevir	voxilaprevir	drug_resistance
NS3	1	55	I	REF_MASTER_NC_004102	NS3:55I	aminoAcidSimplePolymorphism	NS3:41R+55I	combination	NS3:41R+55I	2	2	phdr_ras:NS3:41R+55I	NS3:41R+55I	AL_3a	Q41R+V55I	NS3:41R+55I:AL_3a:voxilaprevir	category_III	III	3	1	11.25	0			NS3:41R+55I:AL_3a	voxilaprevir	voxilaprevir	drug_resistance
NS3	1	55	I	REF_MASTER_NC_004102	NS3:55I	aminoAcidSimplePolymorphism	NS3:54S+55I+122G+155K	combination	NS3:54S+55I+122G+155K	4	2	phdr_ras:NS3:54S+55I+122G+155K	NS3:54S+55I+122G+155K	AL_1a	T54S+V55I+S122G+R155K	NS3:54S+55I+122G+155K:AL_1a:voxilaprevir	category_III	III	3	1	5.9	0			NS3:54S+55I+122G+155K:AL_1a	voxilaprevir	voxilaprevir	drug_resistance
NS3	1	55	I	REF_MASTER_NC_004102	NS3:55I	aminoAcidSimplePolymorphism	NS3:54S+55I+122G+155K+170V	combination	NS3:54S+55I+122G+155K+170V	5	2	phdr_ras:NS3:54S+55I+122G+155K+170V	NS3:54S+55I+122G+155K+170V	AL_1a	T54S+V55I+S122G+R155K+I170V	NS3:54S+55I+122G+155K+170V:AL_1a:voxilaprevir	insignificant	-	4	1	4.1	0			NS3:54S+55I+122G+155K+170V:AL_1a	voxilaprevir	voxilaprevir	drug_resistance
NS3	1	55	I	REF_MASTER_NC_004102	NS3:55I	aminoAcidSimplePolymorphism	NS3:54S+55I+80L	combination	NS3:54S+55I+80L	3	2	phdr_ras:NS3:54S+55I+80L	NS3:54S+55I+80L	AL_1a	T54S+V55I+K/Q80L	NS3:54S+55I+80L:AL_1a:voxilaprevir	category_III	III	3	1	7	0			NS3:54S+55I+80L:AL_1a	voxilaprevir	voxilaprevir	drug_resistance
NS3	1	55	I	REF_MASTER_NC_004102	NS3:55I	aminoAcidSimplePolymorphism	NS3:55I	single				phdr_ras:NS3:55I	NS3:55I	AL_1a	V55I	NS3:55I:AL_1a:grazoprevir	insignificant	-	4	1	0.5	0			NS3:55I:AL_1a	grazoprevir	grazoprevir	drug_resistance
NS3	1	56	F	REF_MASTER_NC_004102	NS3:56F	aminoAcidSimplePolymorphism	NS3:54S+56F+80L+156T+170I	combination	NS3:54S+56F+80L+156T+170I	5	2	phdr_ras:NS3:54S+56F+80L+156T+170I	NS3:54S+56F+80L+156T+170I	AL_1b	T54S+F/Y56F+Q80L+A156T+I/V170I	NS3:54S+56F+80L+156T+170I:AL_1b:grazoprevir	category_II	II	2	0		1	0	1	NS3:54S+56F+80L+156T+170I:AL_1b	grazoprevir	grazoprevir	drug_resistance
NS3	1	56	F	REF_MASTER_NC_004102	NS3:56F	aminoAcidSimplePolymorphism	NS3:56F	single				phdr_ras:NS3:56F	NS3:56F	AL_1a	Y56F	NS3:56F:AL_1a:grazoprevir	category_II	II	2	0		1	0	1	NS3:56F:AL_1a	grazoprevir	grazoprevir	drug_resistance
NS3	1	56	F	REF_MASTER_NC_004102	NS3:56F	aminoAcidSimplePolymorphism	NS3:56F	single				phdr_ras:NS3:56F	NS3:56F	AL_1b	F/Y56F	NS3:56F:AL_1b:grazoprevir	category_II	II	2	0		1	0	1	NS3:56F:AL_1b	grazoprevir	grazoprevir	drug_resistance
NS3	1	56	F	REF_MASTER_NC_004102	NS3:56F	aminoAcidSimplePolymorphism	NS3:56F+122N	combination	NS3:56F+122N	2	1	phdr_ras:NS3:56F+122N	NS3:56F+122N	AL_1b	F/Y56F+S122N	NS3:56F+122N:AL_1b:voxilaprevir	insignificant	-	4	1	3.4	0			NS3:56F+122N:AL_1b	voxilaprevir	voxilaprevir	drug_resistance
NS3	1	56	F	REF_MASTER_NC_004102	NS3:56F	aminoAcidSimplePolymorphism	NS3:56F+122N+170I	combination	NS3:56F+122N+170I	3	1	phdr_ras:NS3:56F+122N+170I	NS3:56F+122N+170I	AL_1b	F/Y56F+S122N+I/V170I	NS3:56F+122N+170I:AL_1b:voxilaprevir	insignificant	-	4	1	3.3	0			NS3:56F+122N+170I:AL_1b	voxilaprevir	voxilaprevir	drug_resistance
NS3	1	56	F	REF_MASTER_NC_004102	NS3:56F	aminoAcidSimplePolymorphism	NS3:56F+155W+156G+168N	combination	NS3:56F+155W+156G+168N	4	1	phdr_ras:NS3:56F+155W+156G+168N	NS3:56F+155W+156G+168N	AL_1b	F/Y56F+R155W+A156G+D168N	NS3:56F+155W+156G+168N:AL_1b:grazoprevir	category_II	II	2	0		1	0	1	NS3:56F+155W+156G+168N:AL_1b	grazoprevir	grazoprevir	drug_resistance
NS3	1	56	F	REF_MASTER_NC_004102	NS3:56F	aminoAcidSimplePolymorphism	NS3:56F+168E+170I	combination	NS3:56F+168E+170I	3	1	phdr_ras:NS3:56F+168E+170I	NS3:56F+168E+170I	AL_1b	F/Y56F+D168E+I/V170I	NS3:56F+168E+170I:AL_1b:grazoprevir	category_II	II	2	0		1	0	1	NS3:56F+168E+170I:AL_1b	grazoprevir	grazoprevir	drug_resistance
NS3	1	56	F	REF_MASTER_NC_004102	NS3:56F	aminoAcidSimplePolymorphism	NS3:56F+170I	combination	NS3:56F+170I	2	1	phdr_ras:NS3:56F+170I	NS3:56F+170I	AL_1b	F/Y56F+I/V170I	NS3:56F+170I:AL_1b:grazoprevir	category_II	II	2	0		1	1	0	NS3:56F+170I:AL_1b	grazoprevir	grazoprevir	drug_resistance
NS3	1	56	H	REF_MASTER_NC_004102	NS3:56H	aminoAcidSimplePolymorphism	NS3:54S+56H	combination	NS3:54S+56H	2	2	phdr_ras:NS3:54S+56H	NS3:54S+56H	AL_1a	T54S+Y56H	NS3:54S+56H:AL_1a:voxilaprevir	category_III	III	3	1	11.25	0			NS3:54S+56H:AL_1a	voxilaprevir	voxilaprevir	drug_resistance
NS3	1	56	H	REF_MASTER_NC_004102	NS3:56H	aminoAcidSimplePolymorphism	NS3:54S+56H+170V	combination	NS3:54S+56H+170V	3	2	phdr_ras:NS3:54S+56H+170V	NS3:54S+56H+170V	AL_1a	T54S+Y56H+I170V	NS3:54S+56H+170V:AL_1a:voxilaprevir	category_III	III	3	1	11.1	0			NS3:54S+56H+170V:AL_1a	voxilaprevir	voxilaprevir	drug_resistance
NS3	1	56	H	REF_MASTER_NC_004102	NS3:56H	aminoAcidSimplePolymorphism	NS3:56H	single				phdr_ras:NS3:56H	NS3:56H	AL_1a	Y56H	NS3:56H:AL_1a:glecaprevir	category_II	II	2	0		1	0	1	NS3:56H:AL_1a	glecaprevir	glecaprevir	drug_resistance
NS3	1	56	H	REF_MASTER_NC_004102	NS3:56H	aminoAcidSimplePolymorphism	NS3:56H	single				phdr_ras:NS3:56H	NS3:56H	AL_1a	Y56H	NS3:56H:AL_1a:grazoprevir	category_I	I	1	1	46	1	0	1	NS3:56H:AL_1a	grazoprevir	grazoprevir	drug_resistance
NS3	1	56	H	REF_MASTER_NC_004102	NS3:56H	aminoAcidSimplePolymorphism	NS3:56H	single				phdr_ras:NS3:56H	NS3:56H	AL_1b	F/Y56H	NS3:56H:AL_1b:grazoprevir	category_II	II	2	0		1	0	1	NS3:56H:AL_1b	grazoprevir	grazoprevir	drug_resistance
NS3	1	56	H	REF_MASTER_NC_004102	NS3:56H	aminoAcidSimplePolymorphism	NS3:56H	single				phdr_ras:NS3:56H	NS3:56H	AL_1b	F/Y56H	NS3:56H:AL_1b:paritaprevir	category_I	I	1	1	11	1	0	1	NS3:56H:AL_1b	paritaprevir	paritaprevir	drug_resistance
NS3	1	56	H	REF_MASTER_NC_004102	NS3:56H	aminoAcidSimplePolymorphism	NS3:56H	single				phdr_ras:NS3:56H	NS3:56H	AL_3	Y56H	NS3:56H:AL_3:glecaprevir	category_II	II	2	0		1	0	1	NS3:56H:AL_3	glecaprevir	glecaprevir	drug_resistance
NS3	1	56	H	REF_MASTER_NC_004102	NS3:56H	aminoAcidSimplePolymorphism	NS3:56H	single				phdr_ras:NS3:56H	NS3:56H	AL_4	Y56H	NS3:56H:AL_4:paritaprevir	category_I	I	1	1	60	1	0	1	NS3:56H:AL_4	paritaprevir	paritaprevir	drug_resistance
NS3	1	56	H	REF_MASTER_NC_004102	NS3:56H	aminoAcidSimplePolymorphism	NS3:56H	single				phdr_ras:NS3:56H	NS3:56H	AL_4d	Y56H	NS3:56H:AL_4d:paritaprevir	category_III	III	3	1	8	0			NS3:56H:AL_4d	paritaprevir	paritaprevir	drug_resistance
NS3	1	56	H	REF_MASTER_NC_004102	NS3:56H	aminoAcidSimplePolymorphism	NS3:56H	single				phdr_ras:NS3:56H	NS3:56H	AL_6a	Y56H	NS3:56H:AL_6a:voxilaprevir	category_III	III	3	1	11.25	0			NS3:56H:AL_6a	voxilaprevir	voxilaprevir	drug_resistance
NS3	1	56	H	REF_MASTER_NC_004102	NS3:56H	aminoAcidSimplePolymorphism	NS3:56H+156T+168N	combination	NS3:56H+156T+168N	3	1	phdr_ras:NS3:56H+156T+168N	NS3:56H+156T+168N	AL_1a	Y56H+A156T+D168N	NS3:56H+156T+168N:AL_1a:grazoprevir	category_II	II	2	0		1	0	1	NS3:56H+156T+168N:AL_1a	grazoprevir	grazoprevir	drug_resistance
NS3	1	56	H	REF_MASTER_NC_004102	NS3:56H	aminoAcidSimplePolymorphism	NS3:56H+168A	combination	NS3:56H+168A	2	1	phdr_ras:NS3:56H+168A	NS3:56H+168A	AL_1a	Y56H+D168A	NS3:56H+168A:AL_1a:glecaprevir	category_II	II	2	0		1	1	0	NS3:56H+168A:AL_1a	glecaprevir	glecaprevir	drug_resistance
NS3	1	56	H	REF_MASTER_NC_004102	NS3:56H	aminoAcidSimplePolymorphism	NS3:56H+168A	combination	NS3:56H+168A	2	1	phdr_ras:NS3:56H+168A	NS3:56H+168A	AL_1a	Y56H+D168A	NS3:56H+168A:AL_1a:grazoprevir	category_I	I	1	1	1638	1	0	1	NS3:56H+168A:AL_1a	grazoprevir	grazoprevir	drug_resistance
NS3	1	56	H	REF_MASTER_NC_004102	NS3:56H	aminoAcidSimplePolymorphism	NS3:56H+168A	combination	NS3:56H+168A	2	1	phdr_ras:NS3:56H+168A	NS3:56H+168A	AL_1b	F/Y56H+D168A	NS3:56H+168A:AL_1b:grazoprevir	category_II	II	2	0		1	0	1	NS3:56H+168A:AL_1b	grazoprevir	grazoprevir	drug_resistance
NS3	1	56	H	REF_MASTER_NC_004102	NS3:56H	aminoAcidSimplePolymorphism	NS3:56H+168A	combination	NS3:56H+168A	2	1	phdr_ras:NS3:56H+168A	NS3:56H+168A	AL_1b	F/Y56H+D168A	NS3:56H+168A:AL_1b:paritaprevir	category_I	I	1	1	700	1	0	1	NS3:56H+168A:AL_1b	paritaprevir	paritaprevir	drug_resistance
NS3	1	56	H	REF_MASTER_NC_004102	NS3:56H	aminoAcidSimplePolymorphism	NS3:56H+168E	combination	NS3:56H+168E	2	1	phdr_ras:NS3:56H+168E	NS3:56H+168E	AL_1a	Y56H+D168E	NS3:56H+168E:AL_1a:glecaprevir	category_II	II	2	0		1	1	0	NS3:56H+168E:AL_1a	glecaprevir	glecaprevir	drug_resistance
NS3	1	56	H	REF_MASTER_NC_004102	NS3:56H	aminoAcidSimplePolymorphism	NS3:56H+168E	combination	NS3:56H+168E	2	1	phdr_ras:NS3:56H+168E	NS3:56H+168E	AL_6a	Y56H+D168E	NS3:56H+168E:AL_6a:voxilaprevir	category_II	II	2	1	60	0			NS3:56H+168E:AL_6a	voxilaprevir	voxilaprevir	drug_resistance
NS3	1	56	H	REF_MASTER_NC_004102	NS3:56H	aminoAcidSimplePolymorphism	NS3:56H+168K	combination	NS3:56H+168K	2	1	phdr_ras:NS3:56H+168K	NS3:56H+168K	AL_3a	Y56H+Q168K	NS3:56H+168K:AL_3a:glecaprevir	category_II	II	2	0		1	0	1	NS3:56H+168K:AL_3a	glecaprevir	glecaprevir	drug_resistance
NS3	1	56	H	REF_MASTER_NC_004102	NS3:56H	aminoAcidSimplePolymorphism	NS3:56H+168K+170I	combination	NS3:56H+168K+170I	3	1	phdr_ras:NS3:56H+168K+170I	NS3:56H+168K+170I	AL_3	Y56H+Q168K+I/V170I	NS3:56H+168K+170I:AL_3:grazoprevir	category_II	II	2	0		1	0	1	NS3:56H+168K+170I:AL_3	grazoprevir	grazoprevir	drug_resistance
NS3	1	56	H	REF_MASTER_NC_004102	NS3:56H	aminoAcidSimplePolymorphism	NS3:56H+168L	combination	NS3:56H+168L	2	1	phdr_ras:NS3:56H+168L	NS3:56H+168L	AL_3a	Y56H+Q168L	NS3:56H+168L:AL_3a:glecaprevir	category_II	II	2	0		1	0	1	NS3:56H+168L:AL_3a	glecaprevir	glecaprevir	drug_resistance
NS3	1	56	H	REF_MASTER_NC_004102	NS3:56H	aminoAcidSimplePolymorphism	NS3:56H+168Q+170I	combination	NS3:56H+168Q+170I	3	1	phdr_ras:NS3:56H+168Q+170I	NS3:56H+168Q+170I	AL_3	Y56H+Q168Q+I/V170I	NS3:56H+168Q+170I:AL_3:grazoprevir	category_II	II	2	0		1	0	1	NS3:56H+168Q+170I:AL_3	grazoprevir	grazoprevir	drug_resistance
NS3	1	56	H	REF_MASTER_NC_004102	NS3:56H	aminoAcidSimplePolymorphism	NS3:56H+168R	combination	NS3:56H+168R	2	1	phdr_ras:NS3:56H+168R	NS3:56H+168R	AL_3a	Y56H+Q168R	NS3:56H+168R:AL_3a:glecaprevir	category_I	I	1	1	1387	1	0	1	NS3:56H+168R:AL_3a	glecaprevir	glecaprevir	drug_resistance
NS3	1	56	H	REF_MASTER_NC_004102	NS3:56H	aminoAcidSimplePolymorphism	NS3:56H+168R	combination	NS3:56H+168R	2	1	phdr_ras:NS3:56H+168R	NS3:56H+168R	AL_3a	Y56H+Q168R	NS3:56H+168R:AL_3a:voxilaprevir	category_II	II	2	1	100	0			NS3:56H+168R:AL_3a	voxilaprevir	voxilaprevir	drug_resistance
NS3	1	56	H	REF_MASTER_NC_004102	NS3:56H	aminoAcidSimplePolymorphism	NS3:56H+168V	combination	NS3:56H+168V	2	1	phdr_ras:NS3:56H+168V	NS3:56H+168V	AL_1b	F/Y56H+D168V	NS3:56H+168V:AL_1b:paritaprevir	category_II	II	2	1	2	1	0	1	NS3:56H+168V:AL_1b	paritaprevir	paritaprevir	drug_resistance
NS3	1	56	H	REF_MASTER_NC_004102	NS3:56H	aminoAcidSimplePolymorphism	NS3:56H+168V	combination	NS3:56H+168V	2	1	phdr_ras:NS3:56H+168V	NS3:56H+168V	AL_4d	Y56H+D168V	NS3:56H+168V:AL_4d:paritaprevir	category_I	I	1	1	12	1	0	1	NS3:56H+168V:AL_4d	paritaprevir	paritaprevir	drug_resistance
NS3	1	56	H	REF_MASTER_NC_004102	NS3:56H	aminoAcidSimplePolymorphism	NS3:56H+168Y	combination	NS3:56H+168Y	2	1	phdr_ras:NS3:56H+168Y	NS3:56H+168Y	AL_1a	Y56H+D168Y	NS3:56H+168Y:AL_1a:paritaprevir	category_II	II	2	0		1	0	1	NS3:56H+168Y:AL_1a	paritaprevir	paritaprevir	drug_resistance
NS3	1	56	H	REF_MASTER_NC_004102	NS3:56H	aminoAcidSimplePolymorphism	NS3:56H+168Y	combination	NS3:56H+168Y	2	1	phdr_ras:NS3:56H+168Y	NS3:56H+168Y	AL_1b	F/Y56H+D168Y	NS3:56H+168Y:AL_1b:paritaprevir	category_II	II	2	0		1	0	1	NS3:56H+168Y:AL_1b	paritaprevir	paritaprevir	drug_resistance
NS3	1	56	H	REF_MASTER_NC_004102	NS3:56H	aminoAcidSimplePolymorphism	NS3:56H+80K+155I+168V	combination	NS3:56H+80K+155I+168V	4	1	phdr_ras:NS3:56H+80K+155I+168V	NS3:56H+80K+155I+168V	AL_1a	Y56H+K/Q80K+R155I+D168V	NS3:56H+80K+155I+168V:AL_1a:grazoprevir	category_II	II	2	0		1	0	1	NS3:56H+80K+155I+168V:AL_1a	grazoprevir	grazoprevir	drug_resistance
NS3	1	56	H	REF_MASTER_NC_004102	NS3:56H	aminoAcidSimplePolymorphism	NS3:56H+80K+155R+168V	combination	NS3:56H+80K+155R+168V	4	1	phdr_ras:NS3:56H+80K+155R+168V	NS3:56H+80K+155R+168V	AL_1a	Y56H+K/Q80K+R155R+D168V	NS3:56H+80K+155R+168V:AL_1a:grazoprevir	category_II	II	2	0		1	0	1	NS3:56H+80K+155R+168V:AL_1a	grazoprevir	grazoprevir	drug_resistance
NS3	1	56	N	REF_MASTER_NC_004102	NS3:56N	aminoAcidSimplePolymorphism	NS3:56N	single				phdr_ras:NS3:56N	NS3:56N	AL_3	Y56N	NS3:56N:AL_3:glecaprevir	category_II	II	2	0		1	0	1	NS3:56N:AL_3	glecaprevir	glecaprevir	drug_resistance
NS3	1	56	Y	REF_MASTER_NC_004102	NS3:56Y	aminoAcidSimplePolymorphism	NS3:56Y	single				phdr_ras:NS3:56Y	NS3:56Y															drug_resistance
NS3	1	56	Y	REF_MASTER_NC_004102	NS3:56Y	aminoAcidSimplePolymorphism	NS3:56Y+168K+170I	combination	NS3:56Y+168K+170I	3	1	phdr_ras:NS3:56Y+168K+170I	NS3:56Y+168K+170I	AL_3	Y56Y+Q168K+I/V170I	NS3:56Y+168K+170I:AL_3:grazoprevir	category_II	II	2	0		1	0	1	NS3:56Y+168K+170I:AL_3	grazoprevir	grazoprevir	drug_resistance
NS3	1	56	Y	REF_MASTER_NC_004102	NS3:56Y	aminoAcidSimplePolymorphism	NS3:56Y+168Q+170I	combination	NS3:56Y+168Q+170I	3	1	phdr_ras:NS3:56Y+168Q+170I	NS3:56Y+168Q+170I	AL_3	Y56Y+Q168Q+I/V170I	NS3:56Y+168Q+170I:AL_3:grazoprevir	category_II	II	2	0		1	0	1	NS3:56Y+168Q+170I:AL_3	grazoprevir	grazoprevir	drug_resistance
NS3	1	58	S	REF_MASTER_NC_004102	NS3:58S	aminoAcidSimplePolymorphism	NS3:58S	single				phdr_ras:NS3:58S	NS3:58S															drug_resistance
NS3	1	58	S	REF_MASTER_NC_004102	NS3:58S	aminoAcidSimplePolymorphism	NS3:58S+62T+93H	combination	NS3:58S+62T+93H	3	1	phdr_ras:NS3:58S+62T+93H	NS3:58S+62T+93H	AL_3	G58S+R62T+S93H	NS3:58S+62T+93H:AL_3:grazoprevir	category_II	II	2	0		1	1	0	NS3:58S+62T+93H:AL_3	grazoprevir	grazoprevir	drug_resistance
NS3	1	62	T	REF_MASTER_NC_004102	NS3:62T	aminoAcidSimplePolymorphism	NS3:58S+62T+93H	combination	NS3:58S+62T+93H	3	2	phdr_ras:NS3:58S+62T+93H	NS3:58S+62T+93H	AL_3	G58S+R62T+S93H	NS3:58S+62T+93H:AL_3:grazoprevir	category_II	II	2	0		1	1	0	NS3:58S+62T+93H:AL_3	grazoprevir	grazoprevir	drug_resistance
NS3	1	62	T	REF_MASTER_NC_004102	NS3:62T	aminoAcidSimplePolymorphism	NS3:62T	single				phdr_ras:NS3:62T	NS3:62T															drug_resistance
NS3	1	71	A	REF_MASTER_NC_004102	NS3:71A	aminoAcidSimplePolymorphism	NS3:71A	single				phdr_ras:NS3:71A	NS3:71A															drug_resistance
NS3	1	71	A	REF_MASTER_NC_004102	NS3:71A	aminoAcidSimplePolymorphism	NS3:71A+170V	combination	NS3:71A+170V	2	1	phdr_ras:NS3:71A+170V	NS3:71A+170V	AL_1a	V71A+I170V	NS3:71A+170V:AL_1a:glecaprevir	insignificant	-	4	1	3.3	0			NS3:71A+170V:AL_1a	glecaprevir	glecaprevir	drug_resistance
NS3	1	77	S	REF_MASTER_NC_004102	NS3:77S	aminoAcidSimplePolymorphism	NS3:77S	single				phdr_ras:NS3:77S	NS3:77S															drug_resistance
NS3	1	77	S	REF_MASTER_NC_004102	NS3:77S	aminoAcidSimplePolymorphism	NS3:77S+80K+132I+156G	combination	NS3:77S+80K+132I+156G	4	1	phdr_ras:NS3:77S+80K+132I+156G	NS3:77S+80K+132I+156G	AL_1a	N77S+K/Q80K+I132I+A156G	NS3:77S+80K+132I+156G:AL_1a:grazoprevir	category_II	II	2	0		1	0	1	NS3:77S+80K+132I+156G:AL_1a	grazoprevir	grazoprevir	drug_resistance
NS3	1	80	K	REF_MASTER_NC_004102	NS3:80K	aminoAcidSimplePolymorphism	NS3:36L+80K	combination	NS3:36L+80K	2	2	phdr_ras:NS3:36L+80K	NS3:36L+80K	AL_1a	V36L+K/Q80K	NS3:36L+80K:AL_1a:grazoprevir	category_II	II	2	1	1.8	1	1	0	NS3:36L+80K:AL_1a	grazoprevir	grazoprevir	drug_resistance
NS3	1	80	K	REF_MASTER_NC_004102	NS3:80K	aminoAcidSimplePolymorphism	NS3:36L+80K	combination	NS3:36L+80K	2	2	phdr_ras:NS3:36L+80K	NS3:36L+80K	AL_1a	V36L+K/Q80K	NS3:36L+80K:AL_1a:voxilaprevir	category_II	II	2	1	3.8	1	1	0	NS3:36L+80K:AL_1a	voxilaprevir	voxilaprevir	drug_resistance
NS3	1	80	K	REF_MASTER_NC_004102	NS3:80K	aminoAcidSimplePolymorphism	NS3:36L+80K+122C	combination	NS3:36L+80K+122C	3	2	phdr_ras:NS3:36L+80K+122C	NS3:36L+80K+122C	AL_1a	V36L+K/Q80K+S122C	NS3:36L+80K+122C:AL_1a:grazoprevir	category_II	II	2	0		1	1	0	NS3:36L+80K+122C:AL_1a	grazoprevir	grazoprevir	drug_resistance
NS3	1	80	K	REF_MASTER_NC_004102	NS3:80K	aminoAcidSimplePolymorphism	NS3:36L+80K+155S	combination	NS3:36L+80K+155S	3	2	phdr_ras:NS3:36L+80K+155S	NS3:36L+80K+155S	AL_1a	V36L+K/Q80K+R155S	NS3:36L+80K+155S:AL_1a:grazoprevir	category_I	I	1	1	51	1	0	1	NS3:36L+80K+155S:AL_1a	grazoprevir	grazoprevir	drug_resistance
NS3	1	80	K	REF_MASTER_NC_004102	NS3:80K	aminoAcidSimplePolymorphism	NS3:36L+80K+168A	combination	NS3:36L+80K+168A	3	2	phdr_ras:NS3:36L+80K+168A	NS3:36L+80K+168A	AL_1a	V36L+K/Q80K+D168A	NS3:36L+80K+168A:AL_1a:grazoprevir	category_II	II	2	0		1	0	1	NS3:36L+80K+168A:AL_1a	grazoprevir	grazoprevir	drug_resistance
NS3	1	80	K	REF_MASTER_NC_004102	NS3:80K	aminoAcidSimplePolymorphism	NS3:36L+80K+168G	combination	NS3:36L+80K+168G	3	2	phdr_ras:NS3:36L+80K+168G	NS3:36L+80K+168G	AL_1a	V36L+K/Q80K+D168G	NS3:36L+80K+168G:AL_1a:grazoprevir	category_II	II	2	0		1	1	0	NS3:36L+80K+168G:AL_1a	grazoprevir	grazoprevir	drug_resistance
NS3	1	80	K	REF_MASTER_NC_004102	NS3:80K	aminoAcidSimplePolymorphism	NS3:36M+80K	combination	NS3:36M+80K	2	2	phdr_ras:NS3:36M+80K	NS3:36M+80K	AL_1a	V36M+K/Q80K	NS3:36M+80K:AL_1a:grazoprevir	category_II	II	2	0		1	1	0	NS3:36M+80K:AL_1a	grazoprevir	grazoprevir	drug_resistance
NS3	1	80	K	REF_MASTER_NC_004102	NS3:80K	aminoAcidSimplePolymorphism	NS3:36M+80K	combination	NS3:36M+80K	2	2	phdr_ras:NS3:36M+80K	NS3:36M+80K	AL_1a	V36M+K/Q80K	NS3:36M+80K:AL_1a:voxilaprevir	category_III	III	3	1	11.25	0			NS3:36M+80K:AL_1a	voxilaprevir	voxilaprevir	drug_resistance
NS3	1	80	K	REF_MASTER_NC_004102	NS3:80K	aminoAcidSimplePolymorphism	NS3:36M+80K+107I	combination	NS3:36M+80K+107I	3	2	phdr_ras:NS3:36M+80K+107I	NS3:36M+80K+107I	AL_1a	V36M+K/Q80K+V107I	NS3:36M+80K+107I:AL_1a:grazoprevir	category_II	II	2	0		1	0	1	NS3:36M+80K+107I:AL_1a	grazoprevir	grazoprevir	drug_resistance
NS3	1	80	K	REF_MASTER_NC_004102	NS3:80K	aminoAcidSimplePolymorphism	NS3:36M+80K+122G+168A	combination	NS3:36M+80K+122G+168A	4	2	phdr_ras:NS3:36M+80K+122G+168A	NS3:36M+80K+122G+168A	AL_1a	V36M+K/Q80K+S122G+D168A	NS3:36M+80K+122G+168A:AL_1a:grazoprevir	category_II	II	2	0		1	0	1	NS3:36M+80K+122G+168A:AL_1a	grazoprevir	grazoprevir	drug_resistance
NS3	1	80	K	REF_MASTER_NC_004102	NS3:80K	aminoAcidSimplePolymorphism	NS3:41H+80K+122G	combination	NS3:41H+80K+122G	3	2	phdr_ras:NS3:41H+80K+122G	NS3:41H+80K+122G	AL_1a	Q41H+K/Q80K+S122G	NS3:41H+80K+122G:AL_1a:voxilaprevir	insignificant	-	4	1	2	0			NS3:41H+80K+122G:AL_1a	voxilaprevir	voxilaprevir	drug_resistance
NS3	1	80	K	REF_MASTER_NC_004102	NS3:80K	aminoAcidSimplePolymorphism	NS3:41K+43L+80K+168Y	combination	NS3:41K+43L+80K+168Y	4	3	phdr_ras:NS3:41K+43L+80K+168Y	NS3:41K+43L+80K+168Y	AL_1a	Q41K+F43L+K/Q80K+D168Y	NS3:41K+43L+80K+168Y:AL_1a:voxilaprevir	category_II	II	2	1	232.7	0			NS3:41K+43L+80K+168Y:AL_1a	voxilaprevir	voxilaprevir	drug_resistance
NS3	1	80	K	REF_MASTER_NC_004102	NS3:80K	aminoAcidSimplePolymorphism	NS3:41K+80K	combination	NS3:41K+80K	2	2	phdr_ras:NS3:41K+80K	NS3:41K+80K	AL_1a	Q41K+K/Q80K	NS3:41K+80K:AL_1a:voxilaprevir	insignificant	-	4	1	2.8	0			NS3:41K+80K:AL_1a	voxilaprevir	voxilaprevir	drug_resistance
NS3	1	80	K	REF_MASTER_NC_004102	NS3:80K	aminoAcidSimplePolymorphism	NS3:43L+80K	combination	NS3:43L+80K	2	2	phdr_ras:NS3:43L+80K	NS3:43L+80K	AL_1a	F43L+K/Q80K	NS3:43L+80K:AL_1a:voxilaprevir	insignificant	-	4	1	3.4	0			NS3:43L+80K:AL_1a	voxilaprevir	voxilaprevir	drug_resistance
NS3	1	80	K	REF_MASTER_NC_004102	NS3:80K	aminoAcidSimplePolymorphism	NS3:55A+80K+122N	combination	NS3:55A+80K+122N	3	2	phdr_ras:NS3:55A+80K+122N	NS3:55A+80K+122N	AL_6a	V55A+K80K+N/S122N	NS3:55A+80K+122N:AL_6a:voxilaprevir	insignificant	-	4	1	2	0			NS3:55A+80K+122N:AL_6a	voxilaprevir	voxilaprevir	drug_resistance
NS3	1	80	K	REF_MASTER_NC_004102	NS3:80K	aminoAcidSimplePolymorphism	NS3:56H+80K+155I+168V	combination	NS3:56H+80K+155I+168V	4	2	phdr_ras:NS3:56H+80K+155I+168V	NS3:56H+80K+155I+168V	AL_1a	Y56H+K/Q80K+R155I+D168V	NS3:56H+80K+155I+168V:AL_1a:grazoprevir	category_II	II	2	0		1	0	1	NS3:56H+80K+155I+168V:AL_1a	grazoprevir	grazoprevir	drug_resistance
NS3	1	80	K	REF_MASTER_NC_004102	NS3:80K	aminoAcidSimplePolymorphism	NS3:56H+80K+155R+168V	combination	NS3:56H+80K+155R+168V	4	2	phdr_ras:NS3:56H+80K+155R+168V	NS3:56H+80K+155R+168V	AL_1a	Y56H+K/Q80K+R155R+D168V	NS3:56H+80K+155R+168V:AL_1a:grazoprevir	category_II	II	2	0		1	0	1	NS3:56H+80K+155R+168V:AL_1a	grazoprevir	grazoprevir	drug_resistance
NS3	1	80	K	REF_MASTER_NC_004102	NS3:80K	aminoAcidSimplePolymorphism	NS3:77S+80K+132I+156G	combination	NS3:77S+80K+132I+156G	4	2	phdr_ras:NS3:77S+80K+132I+156G	NS3:77S+80K+132I+156G	AL_1a	N77S+K/Q80K+I132I+A156G	NS3:77S+80K+132I+156G:AL_1a:grazoprevir	category_II	II	2	0		1	0	1	NS3:77S+80K+132I+156G:AL_1a	grazoprevir	grazoprevir	drug_resistance
NS3	1	80	K	REF_MASTER_NC_004102	NS3:80K	aminoAcidSimplePolymorphism	NS3:80K	single				phdr_ras:NS3:80K	NS3:80K	AL_1a	K/Q80K	NS3:80K:AL_1a:grazoprevir	category_II	II	2	1	1.7	1	1	0	NS3:80K:AL_1a	grazoprevir	grazoprevir	drug_resistance
NS3	1	80	K	REF_MASTER_NC_004102	NS3:80K	aminoAcidSimplePolymorphism	NS3:80K	single				phdr_ras:NS3:80K	NS3:80K	AL_1a	K/Q80K	NS3:80K:AL_1a:paritaprevir	category_II	II	2	1	3	1	1	0	NS3:80K:AL_1a	paritaprevir	paritaprevir	drug_resistance
NS3	1	80	K	REF_MASTER_NC_004102	NS3:80K	aminoAcidSimplePolymorphism	NS3:80K	single				phdr_ras:NS3:80K	NS3:80K	AL_1a	K/Q80K	NS3:80K:AL_1a:voxilaprevir	category_II	II	2	0		1	1	0	NS3:80K:AL_1a	voxilaprevir	voxilaprevir	drug_resistance
NS3	1	80	K	REF_MASTER_NC_004102	NS3:80K	aminoAcidSimplePolymorphism	NS3:80K	single				phdr_ras:NS3:80K	NS3:80K	AL_3	Q80K	NS3:80K:AL_3:glecaprevir	category_II	II	2	0		1	0	1	NS3:80K:AL_3	glecaprevir	glecaprevir	drug_resistance
NS3	1	80	K	REF_MASTER_NC_004102	NS3:80K	aminoAcidSimplePolymorphism	NS3:80K	single				phdr_ras:NS3:80K	NS3:80K	AL_3	Q80K	NS3:80K:AL_3:grazoprevir	category_II	II	2	0		1	0	1	NS3:80K:AL_3	grazoprevir	grazoprevir	drug_resistance
NS3	1	80	K	REF_MASTER_NC_004102	NS3:80K	aminoAcidSimplePolymorphism	NS3:80K	single				phdr_ras:NS3:80K	NS3:80K	AL_3a	Q80K	NS3:80K:AL_3a:paritaprevir	insignificant	-	4	1	3	0			NS3:80K:AL_3a	paritaprevir	paritaprevir	drug_resistance
NS3	1	80	K	REF_MASTER_NC_004102	NS3:80K	aminoAcidSimplePolymorphism	NS3:80K	single				phdr_ras:NS3:80K	NS3:80K	AL_3a	Q80K	NS3:80K:AL_3a:voxilaprevir	category_III	III	3	1	11.25	0			NS3:80K:AL_3a	voxilaprevir	voxilaprevir	drug_resistance
NS3	1	80	K	REF_MASTER_NC_004102	NS3:80K	aminoAcidSimplePolymorphism	NS3:80K+107I	combination	NS3:80K+107I	2	1	phdr_ras:NS3:80K+107I	NS3:80K+107I	AL_1a	K/Q80K+V107I	NS3:80K+107I:AL_1a:grazoprevir	category_II	II	2	0		1	0	1	NS3:80K+107I:AL_1a	grazoprevir	grazoprevir	drug_resistance
NS3	1	80	K	REF_MASTER_NC_004102	NS3:80K	aminoAcidSimplePolymorphism	NS3:80K+122G	combination	NS3:80K+122G	2	1	phdr_ras:NS3:80K+122G	NS3:80K+122G	AL_1a	K/Q80K+S122G	NS3:80K+122G:AL_1a:grazoprevir	category_II	II	2	0		1	1	0	NS3:80K+122G:AL_1a	grazoprevir	grazoprevir	drug_resistance
NS3	1	80	K	REF_MASTER_NC_004102	NS3:80K	aminoAcidSimplePolymorphism	NS3:80K+122G+168Y	combination	NS3:80K+122G+168Y	3	1	phdr_ras:NS3:80K+122G+168Y	NS3:80K+122G+168Y	AL_1a	K/Q80K+S122G+D168Y	NS3:80K+122G+168Y:AL_1a:grazoprevir	category_II	II	2	0		1	0	1	NS3:80K+122G+168Y:AL_1a	grazoprevir	grazoprevir	drug_resistance
NS3	1	80	K	REF_MASTER_NC_004102	NS3:80K	aminoAcidSimplePolymorphism	NS3:80K+132I	combination	NS3:80K+132I	2	1	phdr_ras:NS3:80K+132I	NS3:80K+132I	AL_1a	K/Q80K+I132I	NS3:80K+132I:AL_1a:grazoprevir	category_II	II	2	0		1	1	0	NS3:80K+132I:AL_1a	grazoprevir	grazoprevir	drug_resistance
NS3	1	80	K	REF_MASTER_NC_004102	NS3:80K	aminoAcidSimplePolymorphism	NS3:80K+132V	combination	NS3:80K+132V	2	1	phdr_ras:NS3:80K+132V	NS3:80K+132V	AL_1a	K/Q80K+I132V	NS3:80K+132V:AL_1a:grazoprevir	category_II	II	2	0		1	1	0	NS3:80K+132V:AL_1a	grazoprevir	grazoprevir	drug_resistance
NS3	1	80	K	REF_MASTER_NC_004102	NS3:80K	aminoAcidSimplePolymorphism	NS3:80K+132V+156G	combination	NS3:80K+132V+156G	3	1	phdr_ras:NS3:80K+132V+156G	NS3:80K+132V+156G	AL_1a	K/Q80K+I132V+A156G	NS3:80K+132V+156G:AL_1a:grazoprevir	category_II	II	2	0		1	0	1	NS3:80K+132V+156G:AL_1a	grazoprevir	grazoprevir	drug_resistance
NS3	1	80	K	REF_MASTER_NC_004102	NS3:80K	aminoAcidSimplePolymorphism	NS3:80K+155K	combination	NS3:80K+155K	2	1	phdr_ras:NS3:80K+155K	NS3:80K+155K	AL_1a	K/Q80K+R155K	NS3:80K+155K:AL_1a:paritaprevir	category_I	I	1	1	19	1	1	0	NS3:80K+155K:AL_1a	paritaprevir	paritaprevir	drug_resistance
NS3	1	80	K	REF_MASTER_NC_004102	NS3:80K	aminoAcidSimplePolymorphism	NS3:80K+155T+156T+168N	combination	NS3:80K+155T+156T+168N	4	1	phdr_ras:NS3:80K+155T+156T+168N	NS3:80K+155T+156T+168N	AL_1a	K/Q80K+R155T+A156T+D168N	NS3:80K+155T+156T+168N:AL_1a:grazoprevir	category_II	II	2	0		1	0	1	NS3:80K+155T+156T+168N:AL_1a	grazoprevir	grazoprevir	drug_resistance
NS3	1	80	K	REF_MASTER_NC_004102	NS3:80K	aminoAcidSimplePolymorphism	NS3:80K+155T+168N	combination	NS3:80K+155T+168N	3	1	phdr_ras:NS3:80K+155T+168N	NS3:80K+155T+168N	AL_1a	K/Q80K+R155T+D168N	NS3:80K+155T+168N:AL_1a:grazoprevir	category_II	II	2	0		1	1	0	NS3:80K+155T+168N:AL_1a	grazoprevir	grazoprevir	drug_resistance
NS3	1	80	K	REF_MASTER_NC_004102	NS3:80K	aminoAcidSimplePolymorphism	NS3:80K+155T+168N	combination	NS3:80K+155T+168N	3	1	phdr_ras:NS3:80K+155T+168N	NS3:80K+155T+168N	AL_1a	K/Q80K+R155T+D168N	NS3:80K+155T+168N:AL_1a:voxilaprevir	category_III	III	3	1	11.25	0			NS3:80K+155T+168N:AL_1a	voxilaprevir	voxilaprevir	drug_resistance
NS3	1	80	K	REF_MASTER_NC_004102	NS3:80K	aminoAcidSimplePolymorphism	NS3:80K+156A	combination	NS3:80K+156A	2	1	phdr_ras:NS3:80K+156A	NS3:80K+156A	AL_1a	K/Q80K+A156A	NS3:80K+156A:AL_1a:grazoprevir	category_II	II	2	0		1	0	1	NS3:80K+156A:AL_1a	grazoprevir	grazoprevir	drug_resistance
NS3	1	80	K	REF_MASTER_NC_004102	NS3:80K	aminoAcidSimplePolymorphism	NS3:80K+156G	combination	NS3:80K+156G	2	1	phdr_ras:NS3:80K+156G	NS3:80K+156G	AL_1a	K/Q80K+A156G	NS3:80K+156G:AL_1a:grazoprevir	category_II	II	2	0		1	0	1	NS3:80K+156G:AL_1a	grazoprevir	grazoprevir	drug_resistance
NS3	1	80	K	REF_MASTER_NC_004102	NS3:80K	aminoAcidSimplePolymorphism	NS3:80K+156G+170I	combination	NS3:80K+156G+170I	3	1	phdr_ras:NS3:80K+156G+170I	NS3:80K+156G+170I	AL_3	Q80K+A156G+I/V170I	NS3:80K+156G+170I:AL_3:grazoprevir	category_II	II	2	0		1	0	1	NS3:80K+156G+170I:AL_3	grazoprevir	grazoprevir	drug_resistance
NS3	1	80	K	REF_MASTER_NC_004102	NS3:80K	aminoAcidSimplePolymorphism	NS3:80K+156T+168A	combination	NS3:80K+156T+168A	3	1	phdr_ras:NS3:80K+156T+168A	NS3:80K+156T+168A	AL_1a	K/Q80K+A156T+D168A	NS3:80K+156T+168A:AL_1a:grazoprevir	category_II	II	2	0		1	0	1	NS3:80K+156T+168A:AL_1a	grazoprevir	grazoprevir	drug_resistance
NS3	1	80	K	REF_MASTER_NC_004102	NS3:80K	aminoAcidSimplePolymorphism	NS3:80K+156V	combination	NS3:80K+156V	2	1	phdr_ras:NS3:80K+156V	NS3:80K+156V	AL_1a	K/Q80K+A156V	NS3:80K+156V:AL_1a:grazoprevir	category_II	II	2	0		1	0	1	NS3:80K+156V:AL_1a	grazoprevir	grazoprevir	drug_resistance
NS3	1	80	K	REF_MASTER_NC_004102	NS3:80K	aminoAcidSimplePolymorphism	NS3:80K+168A	combination	NS3:80K+168A	2	1	phdr_ras:NS3:80K+168A	NS3:80K+168A	AL_1a	K/Q80K+D168A	NS3:80K+168A:AL_1a:grazoprevir	category_II	II	2	0		1	0	1	NS3:80K+168A:AL_1a	grazoprevir	grazoprevir	drug_resistance
NS3	1	80	K	REF_MASTER_NC_004102	NS3:80K	aminoAcidSimplePolymorphism	NS3:80K+168D	combination	NS3:80K+168D	2	1	phdr_ras:NS3:80K+168D	NS3:80K+168D	AL_1a	K/Q80K+D168D	NS3:80K+168D:AL_1a:grazoprevir	category_II	II	2	0		1	0	1	NS3:80K+168D:AL_1a	grazoprevir	grazoprevir	drug_resistance
NS3	1	80	K	REF_MASTER_NC_004102	NS3:80K	aminoAcidSimplePolymorphism	NS3:80K+168E	combination	NS3:80K+168E	2	1	phdr_ras:NS3:80K+168E	NS3:80K+168E	AL_1a	K/Q80K+D168E	NS3:80K+168E:AL_1a:grazoprevir	category_II	II	2	0		1	0	1	NS3:80K+168E:AL_1a	grazoprevir	grazoprevir	drug_resistance
NS3	1	80	K	REF_MASTER_NC_004102	NS3:80K	aminoAcidSimplePolymorphism	NS3:80K+168E	combination	NS3:80K+168E	2	1	phdr_ras:NS3:80K+168E	NS3:80K+168E	AL_1a	K/Q80K+D168E	NS3:80K+168E:AL_1a:voxilaprevir	category_III	III	3	1	11.25	0			NS3:80K+168E:AL_1a	voxilaprevir	voxilaprevir	drug_resistance
NS3	1	80	K	REF_MASTER_NC_004102	NS3:80K	aminoAcidSimplePolymorphism	NS3:80K+168E+170V	combination	NS3:80K+168E+170V	3	1	phdr_ras:NS3:80K+168E+170V	NS3:80K+168E+170V	AL_1a	K/Q80K+D168E+I170V	NS3:80K+168E+170V:AL_1a:voxilaprevir	category_III	III	3	1	8	0			NS3:80K+168E+170V:AL_1a	voxilaprevir	voxilaprevir	drug_resistance
NS3	1	80	K	REF_MASTER_NC_004102	NS3:80K	aminoAcidSimplePolymorphism	NS3:80K+168N	combination	NS3:80K+168N	2	1	phdr_ras:NS3:80K+168N	NS3:80K+168N	AL_1a	K/Q80K+D168N	NS3:80K+168N:AL_1a:grazoprevir	category_II	II	2	0		1	0	1	NS3:80K+168N:AL_1a	grazoprevir	grazoprevir	drug_resistance
NS3	1	80	K	REF_MASTER_NC_004102	NS3:80K	aminoAcidSimplePolymorphism	NS3:80K+168T	combination	NS3:80K+168T	2	1	phdr_ras:NS3:80K+168T	NS3:80K+168T	AL_1a	K/Q80K+D168T	NS3:80K+168T:AL_1a:grazoprevir	category_II	II	2	0		1	0	1	NS3:80K+168T:AL_1a	grazoprevir	grazoprevir	drug_resistance
NS3	1	80	K	REF_MASTER_NC_004102	NS3:80K	aminoAcidSimplePolymorphism	NS3:80K+168Y	combination	NS3:80K+168Y	2	1	phdr_ras:NS3:80K+168Y	NS3:80K+168Y	AL_1a	K/Q80K+D168Y	NS3:80K+168Y:AL_1a:grazoprevir	category_II	II	2	0		1	0	1	NS3:80K+168Y:AL_1a	grazoprevir	grazoprevir	drug_resistance
NS3	1	80	K	REF_MASTER_NC_004102	NS3:80K	aminoAcidSimplePolymorphism	NS3:80K+168Y	combination	NS3:80K+168Y	2	1	phdr_ras:NS3:80K+168Y	NS3:80K+168Y	AL_1a	K/Q80K+D168Y	NS3:80K+168Y:AL_1a:voxilaprevir	category_II	II	2	1	116.5	0			NS3:80K+168Y:AL_1a	voxilaprevir	voxilaprevir	drug_resistance
NS3	1	80	K	REF_MASTER_NC_004102	NS3:80K	aminoAcidSimplePolymorphism	NS3:80K+170I	combination	NS3:80K+170I	2	1	phdr_ras:NS3:80K+170I	NS3:80K+170I	AL_3	Q80K+I/V170I	NS3:80K+170I:AL_3:grazoprevir	category_II	II	2	0		1	0	1	NS3:80K+170I:AL_3	grazoprevir	grazoprevir	drug_resistance
NS3	1	80	L	REF_MASTER_NC_004102	NS3:80L	aminoAcidSimplePolymorphism	NS3:54S+55I+80L	combination	NS3:54S+55I+80L	3	3	phdr_ras:NS3:54S+55I+80L	NS3:54S+55I+80L	AL_1a	T54S+V55I+K/Q80L	NS3:54S+55I+80L:AL_1a:voxilaprevir	category_III	III	3	1	7	0			NS3:54S+55I+80L:AL_1a	voxilaprevir	voxilaprevir	drug_resistance
NS3	1	80	L	REF_MASTER_NC_004102	NS3:80L	aminoAcidSimplePolymorphism	NS3:54S+56F+80L+156T+170I	combination	NS3:54S+56F+80L+156T+170I	5	3	phdr_ras:NS3:54S+56F+80L+156T+170I	NS3:54S+56F+80L+156T+170I	AL_1b	T54S+F/Y56F+Q80L+A156T+I/V170I	NS3:54S+56F+80L+156T+170I:AL_1b:grazoprevir	category_II	II	2	0		1	0	1	NS3:54S+56F+80L+156T+170I:AL_1b	grazoprevir	grazoprevir	drug_resistance
NS3	1	80	L	REF_MASTER_NC_004102	NS3:80L	aminoAcidSimplePolymorphism	NS3:80L	single				phdr_ras:NS3:80L	NS3:80L	AL_1a	K/Q80L	NS3:80L:AL_1a:paritaprevir	insignificant	-	4	1	2	0			NS3:80L:AL_1a	paritaprevir	paritaprevir	drug_resistance
NS3	1	80	L	REF_MASTER_NC_004102	NS3:80L	aminoAcidSimplePolymorphism	NS3:80L	single				phdr_ras:NS3:80L	NS3:80L	AL_1a	K/Q80L	NS3:80L:AL_1a:voxilaprevir	category_II	II	2	0		1	1	0	NS3:80L:AL_1a	voxilaprevir	voxilaprevir	drug_resistance
NS3	1	80	L	REF_MASTER_NC_004102	NS3:80L	aminoAcidSimplePolymorphism	NS3:80L+168E	combination	NS3:80L+168E	2	1	phdr_ras:NS3:80L+168E	NS3:80L+168E	AL_1a	K/Q80L+D168E	NS3:80L+168E:AL_1a:voxilaprevir	category_III	III	3	1	10.8	0			NS3:80L+168E:AL_1a	voxilaprevir	voxilaprevir	drug_resistance
NS3	1	80	R	REF_MASTER_NC_004102	NS3:80R	aminoAcidSimplePolymorphism	NS3:36A+80R+155K	combination	NS3:36A+80R+155K	3	2	phdr_ras:NS3:36A+80R+155K	NS3:36A+80R+155K	AL_1a	V36A+K/Q80R+R155K	NS3:36A+80R+155K:AL_1a:grazoprevir	category_II	II	2	0		1	1	0	NS3:36A+80R+155K:AL_1a	grazoprevir	grazoprevir	drug_resistance
NS3	1	80	R	REF_MASTER_NC_004102	NS3:80R	aminoAcidSimplePolymorphism	NS3:55A+80R+168E+170V	combination	NS3:55A+80R+168E+170V	4	2	phdr_ras:NS3:55A+80R+168E+170V	NS3:55A+80R+168E+170V	AL_1a	V55A+K/Q80R+D168E+I170V	NS3:55A+80R+168E+170V:AL_1a:voxilaprevir	insignificant	-	4	1	4.9	0			NS3:55A+80R+168E+170V:AL_1a	voxilaprevir	voxilaprevir	drug_resistance
NS3	1	80	R	REF_MASTER_NC_004102	NS3:80R	aminoAcidSimplePolymorphism	NS3:80R	single				phdr_ras:NS3:80R	NS3:80R	AL_1a	K/Q80R	NS3:80R:AL_1a:grazoprevir	insignificant	-	4	1	1.3	0			NS3:80R:AL_1a	grazoprevir	grazoprevir	drug_resistance
NS3	1	80	R	REF_MASTER_NC_004102	NS3:80R	aminoAcidSimplePolymorphism	NS3:80R	single				phdr_ras:NS3:80R	NS3:80R	AL_1a	K/Q80R	NS3:80R:AL_1a:paritaprevir	insignificant	-	4	1	2	0			NS3:80R:AL_1a	paritaprevir	paritaprevir	drug_resistance
NS3	1	80	R	REF_MASTER_NC_004102	NS3:80R	aminoAcidSimplePolymorphism	NS3:80R	single				phdr_ras:NS3:80R	NS3:80R	AL_1b	Q80R	NS3:80R:AL_1b:grazoprevir	insignificant	-	4	1	2	0			NS3:80R:AL_1b	grazoprevir	grazoprevir	drug_resistance
NS3	1	80	R	REF_MASTER_NC_004102	NS3:80R	aminoAcidSimplePolymorphism	NS3:80R	single				phdr_ras:NS3:80R	NS3:80R	AL_1b	Q80R	NS3:80R:AL_1b:paritaprevir	insignificant	-	4	1	2	0			NS3:80R:AL_1b	paritaprevir	paritaprevir	drug_resistance
NS3	1	80	R	REF_MASTER_NC_004102	NS3:80R	aminoAcidSimplePolymorphism	NS3:80R	single				phdr_ras:NS3:80R	NS3:80R	AL_3	Q80R	NS3:80R:AL_3:glecaprevir	category_I	I	1	0		1	1	1	NS3:80R:AL_3	glecaprevir	glecaprevir	drug_resistance
NS3	1	80	R	REF_MASTER_NC_004102	NS3:80R	aminoAcidSimplePolymorphism	NS3:80R	single				phdr_ras:NS3:80R	NS3:80R	AL_3a	Q80R	NS3:80R:AL_3a:voxilaprevir	category_II	II	2	0		1	0	1	NS3:80R:AL_3a	voxilaprevir	voxilaprevir	drug_resistance
NS3	1	80	R	REF_MASTER_NC_004102	NS3:80R	aminoAcidSimplePolymorphism	NS3:80R	single				phdr_ras:NS3:80R	NS3:80R	AL_4a	Q80R	NS3:80R:AL_4a:paritaprevir	insignificant	-	4	1	2	0			NS3:80R:AL_4a	paritaprevir	paritaprevir	drug_resistance
NS3	1	80	R	REF_MASTER_NC_004102	NS3:80R	aminoAcidSimplePolymorphism	NS3:80R+132I+170I	combination	NS3:80R+132I+170I	3	1	phdr_ras:NS3:80R+132I+170I	NS3:80R+132I+170I	AL_3	Q80R+L132I+I/V170I	NS3:80R+132I+170I:AL_3:grazoprevir	category_II	II	2	0		1	0	1	NS3:80R+132I+170I:AL_3	grazoprevir	grazoprevir	drug_resistance
NS3	1	80	R	REF_MASTER_NC_004102	NS3:80R	aminoAcidSimplePolymorphism	NS3:80R+155K+156T+168A	combination	NS3:80R+155K+156T+168A	4	1	phdr_ras:NS3:80R+155K+156T+168A	NS3:80R+155K+156T+168A	AL_1a	K/Q80R+R155K+A156T+D168A	NS3:80R+155K+156T+168A:AL_1a:grazoprevir	category_II	II	2	0		1	0	1	NS3:80R+155K+156T+168A:AL_1a	grazoprevir	grazoprevir	drug_resistance
NS3	1	80	R	REF_MASTER_NC_004102	NS3:80R	aminoAcidSimplePolymorphism	NS3:80R+155K+156T+168E	combination	NS3:80R+155K+156T+168E	4	1	phdr_ras:NS3:80R+155K+156T+168E	NS3:80R+155K+156T+168E	AL_1a	K/Q80R+R155K+A156T+D168E	NS3:80R+155K+156T+168E:AL_1a:grazoprevir	category_II	II	2	0		1	0	1	NS3:80R+155K+156T+168E:AL_1a	grazoprevir	grazoprevir	drug_resistance
NS3	1	80	R	REF_MASTER_NC_004102	NS3:80R	aminoAcidSimplePolymorphism	NS3:80R+155K+156T+168K	combination	NS3:80R+155K+156T+168K	4	1	phdr_ras:NS3:80R+155K+156T+168K	NS3:80R+155K+156T+168K	AL_1a	K/Q80R+R155K+A156T+D168K	NS3:80R+155K+156T+168K:AL_1a:grazoprevir	category_II	II	2	0		1	0	1	NS3:80R+155K+156T+168K:AL_1a	grazoprevir	grazoprevir	drug_resistance
NS3	1	80	R	REF_MASTER_NC_004102	NS3:80R	aminoAcidSimplePolymorphism	NS3:80R+155S+156T+168A	combination	NS3:80R+155S+156T+168A	4	1	phdr_ras:NS3:80R+155S+156T+168A	NS3:80R+155S+156T+168A	AL_1a	K/Q80R+R155S+A156T+D168A	NS3:80R+155S+156T+168A:AL_1a:grazoprevir	category_II	II	2	0		1	0	1	NS3:80R+155S+156T+168A:AL_1a	grazoprevir	grazoprevir	drug_resistance
NS3	1	80	R	REF_MASTER_NC_004102	NS3:80R	aminoAcidSimplePolymorphism	NS3:80R+155S+156T+168E	combination	NS3:80R+155S+156T+168E	4	1	phdr_ras:NS3:80R+155S+156T+168E	NS3:80R+155S+156T+168E	AL_1a	K/Q80R+R155S+A156T+D168E	NS3:80R+155S+156T+168E:AL_1a:grazoprevir	category_II	II	2	0		1	0	1	NS3:80R+155S+156T+168E:AL_1a	grazoprevir	grazoprevir	drug_resistance
NS3	1	80	R	REF_MASTER_NC_004102	NS3:80R	aminoAcidSimplePolymorphism	NS3:80R+155S+156T+168K	combination	NS3:80R+155S+156T+168K	4	1	phdr_ras:NS3:80R+155S+156T+168K	NS3:80R+155S+156T+168K	AL_1a	K/Q80R+R155S+A156T+D168K	NS3:80R+155S+156T+168K:AL_1a:grazoprevir	category_II	II	2	0		1	0	1	NS3:80R+155S+156T+168K:AL_1a	grazoprevir	grazoprevir	drug_resistance
NS3	1	89	L	REF_MASTER_NC_004102	NS3:89L	aminoAcidSimplePolymorphism	NS3:89L	single				phdr_ras:NS3:89L	NS3:89L															drug_resistance
NS3	1	89	L	REF_MASTER_NC_004102	NS3:89L	aminoAcidSimplePolymorphism	NS3:89L+156T	combination	NS3:89L+156T	2	1	phdr_ras:NS3:89L+156T	NS3:89L+156T	AL_1b	P/S89L+A156T	NS3:89L+156T:AL_1b:glecaprevir	category_II	II	2	1	1674	0			NS3:89L+156T:AL_1b	glecaprevir	glecaprevir	drug_resistance
NS3	1	89	L	REF_MASTER_NC_004102	NS3:89L	aminoAcidSimplePolymorphism	NS3:89L+156V	combination	NS3:89L+156V	2	1	phdr_ras:NS3:89L+156V	NS3:89L+156V	AL_1b	P/S89L+A156V	NS3:89L+156V:AL_1b:glecaprevir	category_II	II	2	1	4234	0			NS3:89L+156V:AL_1b	glecaprevir	glecaprevir	drug_resistance
NS3	1	89	R	REF_MASTER_NC_004102	NS3:89R	aminoAcidSimplePolymorphism	NS3:89R	single				phdr_ras:NS3:89R	NS3:89R															drug_resistance
NS3	1	89	R	REF_MASTER_NC_004102	NS3:89R	aminoAcidSimplePolymorphism	NS3:89R+156T	combination	NS3:89R+156T	2	1	phdr_ras:NS3:89R+156T	NS3:89R+156T	AL_1a	Q89R+A156T	NS3:89R+156T:AL_1a:glecaprevir	category_II	II	2	1	3585	0			NS3:89R+156T:AL_1a	glecaprevir	glecaprevir	drug_resistance
NS3	1	93	H	REF_MASTER_NC_004102	NS3:93H	aminoAcidSimplePolymorphism	NS3:58S+62T+93H	combination	NS3:58S+62T+93H	3	3	phdr_ras:NS3:58S+62T+93H	NS3:58S+62T+93H	AL_3	G58S+R62T+S93H	NS3:58S+62T+93H:AL_3:grazoprevir	category_II	II	2	0		1	1	0	NS3:58S+62T+93H:AL_3	grazoprevir	grazoprevir	drug_resistance
NS3	1	93	H	REF_MASTER_NC_004102	NS3:93H	aminoAcidSimplePolymorphism	NS3:93H	single				phdr_ras:NS3:93H	NS3:93H															drug_resistance
NS5A	1	129	H	REF_MASTER_NC_004102	NS5A:129H	aminoAcidSimplePolymorphism	NS5A:129H	single				phdr_ras:NS5A:129H	NS5A:129H															drug_resistance
NS5A	1	129	H	REF_MASTER_NC_004102	NS5A:129H	aminoAcidSimplePolymorphism	NS5A:31F+129H	combination	NS5A:31F+129H	2	2	phdr_ras:NS5A:31F+129H	NS5A:31F+129H	AL_5a	L31F+Y129H	NS5A:31F+129H:AL_5a:daclatasvir	category_II	II	2	1	539.5	0			NS5A:31F+129H:AL_5a	daclatasvir	daclatasvir	drug_resistance
NS5A	1	129	H	REF_MASTER_NC_004102	NS5A:129H	aminoAcidSimplePolymorphism	NS5A:31F+129H	combination	NS5A:31F+129H	2	2	phdr_ras:NS5A:31F+129H	NS5A:31F+129H	AL_5a	L31F+Y129H	NS5A:31F+129H:AL_5a:elbasvir	category_II	II	2	1	1000	0			NS5A:31F+129H:AL_5a	elbasvir	elbasvir	drug_resistance
NS5A	1	23	F	REF_MASTER_NC_004102	NS5A:23F	aminoAcidSimplePolymorphism	NS5A:23F	single				phdr_ras:NS5A:23F	NS5A:23F															drug_resistance
NS5A	1	23	F	REF_MASTER_NC_004102	NS5A:23F	aminoAcidSimplePolymorphism	NS5A:23F+31F	combination	NS5A:23F+31F	2	1	phdr_ras:NS5A:23F+31F	NS5A:23F+31F	AL_1b	L23F+L31F	NS5A:23F+31F:AL_1b:daclatasvir	category_III	III	3	1	13	0			NS5A:23F+31F:AL_1b	daclatasvir	daclatasvir	drug_resistance
NS5A	1	23	F	REF_MASTER_NC_004102	NS5A:23F	aminoAcidSimplePolymorphism	NS5A:23F+93H	combination	NS5A:23F+93H	2	1	phdr_ras:NS5A:23F+93H	NS5A:23F+93H	AL_1b	L23F+Y93H	NS5A:23F+93H:AL_1b:daclatasvir	category_II	II	2	1	80	0			NS5A:23F+93H:AL_1b	daclatasvir	daclatasvir	drug_resistance
NS5A	1	24	A	REF_MASTER_NC_004102	NS5A:24A	aminoAcidSimplePolymorphism	NS5A:24A	single				phdr_ras:NS5A:24A	NS5A:24A	AL_2a	T24A	NS5A:24A:AL_2a:daclatasvir	category_III	III	3	1	41.5	0			NS5A:24A:AL_2a	daclatasvir	daclatasvir	drug_resistance
NS5A	1	24	A	REF_MASTER_NC_004102	NS5A:24A	aminoAcidSimplePolymorphism	NS5A:24A	single				phdr_ras:NS5A:24A	NS5A:24A	AL_2a	T24A	NS5A:24A:AL_2a:ombitasvir	category_III	III	3	1	38	0			NS5A:24A:AL_2a	ombitasvir	ombitasvir	drug_resistance
NS5A	1	24	F	REF_MASTER_NC_004102	NS5A:24F	aminoAcidSimplePolymorphism	NS5A:24F	single				phdr_ras:NS5A:24F	NS5A:24F															drug_resistance
NS5A	1	24	F	REF_MASTER_NC_004102	NS5A:24F	aminoAcidSimplePolymorphism	NS5A:24F+28K	combination	NS5A:24F+28K	2	1	phdr_ras:NS5A:24F+28K	NS5A:24F+28K	AL_3a	S24F+M28K	NS5A:24F+28K:AL_3a:pibrentasvir	category_II	II	2	0		1	0	1	NS5A:24F+28K:AL_3a	pibrentasvir	pibrentasvir	drug_resistance
NS5A	1	24	F	REF_MASTER_NC_004102	NS5A:24F	aminoAcidSimplePolymorphism	NS5A:24F+28K+30K	combination	NS5A:24F+28K+30K	3	1	phdr_ras:NS5A:24F+28K+30K	NS5A:24F+28K+30K	AL_3a	S24F+M28K+A30K	NS5A:24F+28K+30K:AL_3a:pibrentasvir	category_II	II	2	1	5000	0			NS5A:24F+28K+30K:AL_3a	pibrentasvir	pibrentasvir	drug_resistance
NS5A	1	24	F	REF_MASTER_NC_004102	NS5A:24F	aminoAcidSimplePolymorphism	NS5A:24F+93H	combination	NS5A:24F+93H	2	1	phdr_ras:NS5A:24F+93H	NS5A:24F+93H	AL_2b	S24F+Y93H	NS5A:24F+93H:AL_2b:daclatasvir	category_II	II	2	1	539.5	0			NS5A:24F+93H:AL_2b	daclatasvir	daclatasvir	drug_resistance
NS5A	1	24	F	REF_MASTER_NC_004102	NS5A:24F	aminoAcidSimplePolymorphism	NS5A:24F+93H	combination	NS5A:24F+93H	2	1	phdr_ras:NS5A:24F+93H	NS5A:24F+93H	AL_2b	S24F+Y93H	NS5A:24F+93H:AL_2b:elbasvir	category_II	II	2	1	539.5	0			NS5A:24F+93H:AL_2b	elbasvir	elbasvir	drug_resistance
NS5A	1	24	F	REF_MASTER_NC_004102	NS5A:24F	aminoAcidSimplePolymorphism	NS5A:24F+93H	combination	NS5A:24F+93H	2	1	phdr_ras:NS5A:24F+93H	NS5A:24F+93H	AL_2b	S24F+Y93H	NS5A:24F+93H:AL_2b:velpatasvir	category_II	II	2	1	999	0			NS5A:24F+93H:AL_2b	velpatasvir	velpatasvir	drug_resistance
NS5A	1	24	G	REF_MASTER_NC_004102	NS5A:24G	aminoAcidSimplePolymorphism	NS5A:24G	single				phdr_ras:NS5A:24G	NS5A:24G	AL_1a	K24G	NS5A:24G:AL_1a:ledipasvir	category_III	III	3	1	43.3	0			NS5A:24G:AL_1a	ledipasvir	ledipasvir	drug_resistance
NS5A	1	24	H	REF_MASTER_NC_004102	NS5A:24H	aminoAcidSimplePolymorphism	NS5A:24H	single				phdr_ras:NS5A:24H	NS5A:24H	AL_6a	Q24H	NS5A:24H:AL_6a:daclatasvir	category_III	III	3	1	41	0			NS5A:24H:AL_6a	daclatasvir	daclatasvir	drug_resistance
NS5A	1	24	K	REF_MASTER_NC_004102	NS5A:24K	aminoAcidSimplePolymorphism	NS5A:24K	single				phdr_ras:NS5A:24K	NS5A:24K															drug_resistance
NS5A	1	24	K	REF_MASTER_NC_004102	NS5A:24K	aminoAcidSimplePolymorphism	NS5A:24K+28I+30Q+31I+32L+54Y	combination	NS5A:24K+28I+30Q+31I+32L+54Y	6	1	phdr_ras:NS5A:24K+28I+30Q+31I+32L+54Y	NS5A:24K+28I+30Q+31I+32L+54Y	AL_1b	Q24K+L28I+R30Q+L31I+P32L+H/Q54Y	NS5A:24K+28I+30Q+31I+32L+54Y:AL_1b:daclatasvir	category_II	II	2	0		1	0	1	NS5A:24K+28I+30Q+31I+32L+54Y:AL_1b	daclatasvir	daclatasvir	drug_resistance
NS5A	1	24	K	REF_MASTER_NC_004102	NS5A:24K	aminoAcidSimplePolymorphism	NS5A:24K+28M	combination	NS5A:24K+28M	2	1	phdr_ras:NS5A:24K+28M	NS5A:24K+28M	AL_1b	Q24K+L28M	NS5A:24K+28M:AL_1b:daclatasvir	category_II	II	2	0		1	1	0	NS5A:24K+28M:AL_1b	daclatasvir	daclatasvir	drug_resistance
NS5A	1	24	K	REF_MASTER_NC_004102	NS5A:24K	aminoAcidSimplePolymorphism	NS5A:24K+28M+30H+92T	combination	NS5A:24K+28M+30H+92T	4	1	phdr_ras:NS5A:24K+28M+30H+92T	NS5A:24K+28M+30H+92T	AL_1b	Q24K+L28M+R30H+A92T	NS5A:24K+28M+30H+92T:AL_1b:daclatasvir	category_II	II	2	0		1	1	0	NS5A:24K+28M+30H+92T:AL_1b	daclatasvir	daclatasvir	drug_resistance
NS5A	1	24	K	REF_MASTER_NC_004102	NS5A:24K	aminoAcidSimplePolymorphism	NS5A:24K+28M+30L	combination	NS5A:24K+28M+30L	3	1	phdr_ras:NS5A:24K+28M+30L	NS5A:24K+28M+30L	AL_1b	Q24K+L28M+R30L	NS5A:24K+28M+30L:AL_1b:daclatasvir	category_II	II	2	0		1	1	0	NS5A:24K+28M+30L:AL_1b	daclatasvir	daclatasvir	drug_resistance
NS5A	1	24	K	REF_MASTER_NC_004102	NS5A:24K	aminoAcidSimplePolymorphism	NS5A:24K+28M+30Q	combination	NS5A:24K+28M+30Q	3	1	phdr_ras:NS5A:24K+28M+30Q	NS5A:24K+28M+30Q	AL_1b	Q24K+L28M+R30Q	NS5A:24K+28M+30Q:AL_1b:daclatasvir	category_II	II	2	0		1	1	0	NS5A:24K+28M+30Q:AL_1b	daclatasvir	daclatasvir	drug_resistance
NS5A	1	24	K	REF_MASTER_NC_004102	NS5A:24K	aminoAcidSimplePolymorphism	NS5A:24K+28M+30Q+37V+54H	combination	NS5A:24K+28M+30Q+37V+54H	5	1	phdr_ras:NS5A:24K+28M+30Q+37V+54H	NS5A:24K+28M+30Q+37V+54H	AL_1b	Q24K+L28M+R30Q+F/L37V+H/Q54H	NS5A:24K+28M+30Q+37V+54H:AL_1b:daclatasvir	category_II	II	2	0		1	1	0	NS5A:24K+28M+30Q+37V+54H:AL_1b	daclatasvir	daclatasvir	drug_resistance
NS5A	1	24	K	REF_MASTER_NC_004102	NS5A:24K	aminoAcidSimplePolymorphism	NS5A:24K+28M+30Q+92T	combination	NS5A:24K+28M+30Q+92T	4	1	phdr_ras:NS5A:24K+28M+30Q+92T	NS5A:24K+28M+30Q+92T	AL_1b	Q24K+L28M+R30Q+A92T	NS5A:24K+28M+30Q+92T:AL_1b:daclatasvir	category_II	II	2	0		1	1	0	NS5A:24K+28M+30Q+92T:AL_1b	daclatasvir	daclatasvir	drug_resistance
NS5A	1	24	K	REF_MASTER_NC_004102	NS5A:24K	aminoAcidSimplePolymorphism	NS5A:24K+28M+92T	combination	NS5A:24K+28M+92T	3	1	phdr_ras:NS5A:24K+28M+92T	NS5A:24K+28M+92T	AL_1b	Q24K+L28M+A92T	NS5A:24K+28M+92T:AL_1b:daclatasvir	category_II	II	2	0		1	1	0	NS5A:24K+28M+92T:AL_1b	daclatasvir	daclatasvir	drug_resistance
NS5A	1	24	K	REF_MASTER_NC_004102	NS5A:24K	aminoAcidSimplePolymorphism	NS5A:24K+28V+30Q	combination	NS5A:24K+28V+30Q	3	1	phdr_ras:NS5A:24K+28V+30Q	NS5A:24K+28V+30Q	AL_1b	Q24K+L28V+R30Q	NS5A:24K+28V+30Q:AL_1b:daclatasvir	category_II	II	2	0		1	1	0	NS5A:24K+28V+30Q:AL_1b	daclatasvir	daclatasvir	drug_resistance
NS5A	1	24	K	REF_MASTER_NC_004102	NS5A:24K	aminoAcidSimplePolymorphism	NS5A:24K+28V+92T	combination	NS5A:24K+28V+92T	3	1	phdr_ras:NS5A:24K+28V+92T	NS5A:24K+28V+92T	AL_1b	Q24K+L28V+A92T	NS5A:24K+28V+92T:AL_1b:daclatasvir	category_II	II	2	0		1	1	0	NS5A:24K+28V+92T:AL_1b	daclatasvir	daclatasvir	drug_resistance
NS5A	1	24	M	REF_MASTER_NC_004102	NS5A:24M	aminoAcidSimplePolymorphism	NS5A:24M	single				phdr_ras:NS5A:24M	NS5A:24M															drug_resistance
NS5A	1	24	M	REF_MASTER_NC_004102	NS5A:24M	aminoAcidSimplePolymorphism	NS5A:24M+30R+81M	combination	NS5A:24M+30R+81M	3	1	phdr_ras:NS5A:24M+30R+81M	NS5A:24M+30R+81M	AL_1a	K24M+Q30R+R81M	NS5A:24M+30R+81M:AL_1a:elbasvir	category_II	II	2	1	69	0			NS5A:24M+30R+81M:AL_1a	elbasvir	elbasvir	drug_resistance
NS5A	1	24	N	REF_MASTER_NC_004102	NS5A:24N	aminoAcidSimplePolymorphism	NS5A:24N	single				phdr_ras:NS5A:24N	NS5A:24N	AL_1a	K24N	NS5A:24N:AL_1a:ledipasvir	category_III	III	3	1	27.6	0			NS5A:24N:AL_1a	ledipasvir	ledipasvir	drug_resistance
NS5A	1	24	Q	REF_MASTER_NC_004102	NS5A:24Q	aminoAcidSimplePolymorphism	NS5A:24Q	single				phdr_ras:NS5A:24Q	NS5A:24Q															drug_resistance
NS5A	1	24	Q	REF_MASTER_NC_004102	NS5A:24Q	aminoAcidSimplePolymorphism	NS5A:24Q+28T+31M	combination	NS5A:24Q+28T+31M	3	1	phdr_ras:NS5A:24Q+28T+31M	NS5A:24Q+28T+31M	AL_1a	K24Q+M28T+L31M	NS5A:24Q+28T+31M:AL_1a:elbasvir	category_III	III	3	1	9	0			NS5A:24Q+28T+31M:AL_1a	elbasvir	elbasvir	drug_resistance
NS5A	1	24	Q	REF_MASTER_NC_004102	NS5A:24Q	aminoAcidSimplePolymorphism	NS5A:24Q+93H	combination	NS5A:24Q+93H	2	1	phdr_ras:NS5A:24Q+93H	NS5A:24Q+93H	AL_1a	K24Q+Y93H	NS5A:24Q+93H:AL_1a:pibrentasvir	category_II	II	2	0		1	1	0	NS5A:24Q+93H:AL_1a	pibrentasvir	pibrentasvir	drug_resistance
NS5A	1	24	R	REF_MASTER_NC_004102	NS5A:24R	aminoAcidSimplePolymorphism	NS5A:24R	single				phdr_ras:NS5A:24R	NS5A:24R	AL_1a	K24R	NS5A:24R:AL_1a:ledipasvir	category_I	I	1	1	3.7	1	1	1	NS5A:24R:AL_1a	ledipasvir	ledipasvir	drug_resistance
NS5A	1	24	R	REF_MASTER_NC_004102	NS5A:24R	aminoAcidSimplePolymorphism	NS5A:24R	single				phdr_ras:NS5A:24R	NS5A:24R	AL_1a	K24R	NS5A:24R:AL_1a:velpatasvir	category_II	II	2	0		1	1	0	NS5A:24R:AL_1a	velpatasvir	velpatasvir	drug_resistance
NS5A	1	24	R	REF_MASTER_NC_004102	NS5A:24R	aminoAcidSimplePolymorphism	NS5A:24R+30G	combination	NS5A:24R+30G	2	1	phdr_ras:NS5A:24R+30G	NS5A:24R+30G	AL_7a	K24R+S30G	NS5A:24R+30G:AL_7a:daclatasvir	category_II	II	2	1	539.5	0			NS5A:24R+30G:AL_7a	daclatasvir	daclatasvir	drug_resistance
NS5A	1	24	R	REF_MASTER_NC_004102	NS5A:24R	aminoAcidSimplePolymorphism	NS5A:24R+30G	combination	NS5A:24R+30G	2	1	phdr_ras:NS5A:24R+30G	NS5A:24R+30G	AL_7a	K24R+S30G	NS5A:24R+30G:AL_7a:elbasvir	category_II	II	2	1	539.5	0			NS5A:24R+30G:AL_7a	elbasvir	elbasvir	drug_resistance
NS5A	1	24	R	REF_MASTER_NC_004102	NS5A:24R	aminoAcidSimplePolymorphism	NS5A:24R+30K	combination	NS5A:24R+30K	2	1	phdr_ras:NS5A:24R+30K	NS5A:24R+30K	AL_1a	K24R+Q30K	NS5A:24R+30K:AL_1a:pibrentasvir	category_II	II	2	0		1	0	1	NS5A:24R+30K:AL_1a	pibrentasvir	pibrentasvir	drug_resistance
NS5A	1	24	R	REF_MASTER_NC_004102	NS5A:24R	aminoAcidSimplePolymorphism	NS5A:24R+30K+93H	combination	NS5A:24R+30K+93H	3	1	phdr_ras:NS5A:24R+30K+93H	NS5A:24R+30K+93H															drug_resistance
NS5A	1	24	R	REF_MASTER_NC_004102	NS5A:24R	aminoAcidSimplePolymorphism	NS5A:24R+30Q+31M+37L+93H	combination	NS5A:24R+30Q+31M+37L+93H	5	1	phdr_ras:NS5A:24R+30Q+31M+37L+93H	NS5A:24R+30Q+31M+37L+93H	AL_1b	Q24R+R30Q+L31M+F/L37L+Y93H	NS5A:24R+30Q+31M+37L+93H:AL_1b:daclatasvir	category_II	II	2	0		1	0	1	NS5A:24R+30Q+31M+37L+93H:AL_1b	daclatasvir	daclatasvir	drug_resistance
NS5A	1	24	R	REF_MASTER_NC_004102	NS5A:24R	aminoAcidSimplePolymorphism	NS5A:24R+30R	combination	NS5A:24R+30R	2	1	phdr_ras:NS5A:24R+30R	NS5A:24R+30R	AL_1a	K24R+Q30R	NS5A:24R+30R:AL_1a:ledipasvir	category_II	II	2	1	2859.5	0			NS5A:24R+30R:AL_1a	ledipasvir	ledipasvir	drug_resistance
NS5A	1	24	R	REF_MASTER_NC_004102	NS5A:24R	aminoAcidSimplePolymorphism	NS5A:24R+31F	combination	NS5A:24R+31F	2	1	phdr_ras:NS5A:24R+31F	NS5A:24R+31F	AL_7a	K24R+L31F	NS5A:24R+31F:AL_7a:daclatasvir	category_II	II	2	1	539.5	0			NS5A:24R+31F:AL_7a	daclatasvir	daclatasvir	drug_resistance
NS5A	1	24	R	REF_MASTER_NC_004102	NS5A:24R	aminoAcidSimplePolymorphism	NS5A:24R+31F	combination	NS5A:24R+31F	2	1	phdr_ras:NS5A:24R+31F	NS5A:24R+31F	AL_7a	K24R+L31F	NS5A:24R+31F:AL_7a:elbasvir	category_II	II	2	1	539.5	0			NS5A:24R+31F:AL_7a	elbasvir	elbasvir	drug_resistance
NS5A	1	24	R	REF_MASTER_NC_004102	NS5A:24R	aminoAcidSimplePolymorphism	NS5A:24R+31F	combination	NS5A:24R+31F	2	1	phdr_ras:NS5A:24R+31F	NS5A:24R+31F	AL_7a	K24R+L31F	NS5A:24R+31F:AL_7a:velpatasvir	category_III	III	3	1	41.5	0			NS5A:24R+31F:AL_7a	velpatasvir	velpatasvir	drug_resistance
NS5A	1	24	R	REF_MASTER_NC_004102	NS5A:24R	aminoAcidSimplePolymorphism	NS5A:24R+93H	combination	NS5A:24R+93H	2	1	phdr_ras:NS5A:24R+93H	NS5A:24R+93H	AL_1a	K24R+Y93H	NS5A:24R+93H:AL_1a:ledipasvir	category_II	II	2	0		1	0	1	NS5A:24R+93H:AL_1a	ledipasvir	ledipasvir	drug_resistance
NS5A	1	24	S	REF_MASTER_NC_004102	NS5A:24S	aminoAcidSimplePolymorphism	NS5A:24S	single				phdr_ras:NS5A:24S	NS5A:24S	AL_2a	T24S	NS5A:24S:AL_2a:daclatasvir	category_III	III	3	1	41.5	0			NS5A:24S:AL_2a	daclatasvir	daclatasvir	drug_resistance
NS5A	1	24	S	REF_MASTER_NC_004102	NS5A:24S	aminoAcidSimplePolymorphism	NS5A:24S	single				phdr_ras:NS5A:24S	NS5A:24S	AL_2a	T24S	NS5A:24S:AL_2a:ombitasvir	category_II	II	2	0		1	0	1	NS5A:24S:AL_2a	ombitasvir	ombitasvir	drug_resistance
NS5A	1	24	S	REF_MASTER_NC_004102	NS5A:24S	aminoAcidSimplePolymorphism	NS5A:24S+28G	combination	NS5A:24S+28G	2	1	phdr_ras:NS5A:24S+28G	NS5A:24S+28G	AL_2a	T24S+F28G	NS5A:24S+28G:AL_2a:daclatasvir	category_II	II	2	0		1	0	1	NS5A:24S+28G:AL_2a	daclatasvir	daclatasvir	drug_resistance
NS5A	1	24	S	REF_MASTER_NC_004102	NS5A:24S	aminoAcidSimplePolymorphism	NS5A:24S+31M	combination	NS5A:24S+31M	2	1	phdr_ras:NS5A:24S+31M	NS5A:24S+31M	AL_2a	T24S+L/M31M	NS5A:24S+31M:AL_2a:velpatasvir	category_II	II	2	0		1	1	0	NS5A:24S+31M:AL_2a	velpatasvir	velpatasvir	drug_resistance
NS5A	1	24	S	REF_MASTER_NC_004102	NS5A:24S	aminoAcidSimplePolymorphism	NS5A:24S+31M	combination	NS5A:24S+31M	2	1	phdr_ras:NS5A:24S+31M	NS5A:24S+31M	AL_2d	S24S+L31M	NS5A:24S+31M:AL_2d:velpatasvir	category_II	II	2	0		1	1	0	NS5A:24S+31M:AL_2d	velpatasvir	velpatasvir	drug_resistance
NS5A	1	24	S	REF_MASTER_NC_004102	NS5A:24S	aminoAcidSimplePolymorphism	NS5A:24S+31M	combination	NS5A:24S+31M	2	1	phdr_ras:NS5A:24S+31M	NS5A:24S+31M	AL_2i	S24S+M31M	NS5A:24S+31M:AL_2i:daclatasvir	category_II	II	2	0		1	1	0	NS5A:24S+31M:AL_2i	daclatasvir	daclatasvir	drug_resistance
NS5A	1	24	S	REF_MASTER_NC_004102	NS5A:24S	aminoAcidSimplePolymorphism	NS5A:24S+31M	combination	NS5A:24S+31M	2	1	phdr_ras:NS5A:24S+31M	NS5A:24S+31M	AL_2j	S24S+M31M	NS5A:24S+31M:AL_2j:velpatasvir	category_II	II	2	0		1	1	0	NS5A:24S+31M:AL_2j	velpatasvir	velpatasvir	drug_resistance
NS5A	1	24	S	REF_MASTER_NC_004102	NS5A:24S	aminoAcidSimplePolymorphism	NS5A:24S+31M+93H	combination	NS5A:24S+31M+93H	3	1	phdr_ras:NS5A:24S+31M+93H	NS5A:24S+31M+93H															drug_resistance
NS5A	1	24	S	REF_MASTER_NC_004102	NS5A:24S	aminoAcidSimplePolymorphism	NS5A:24S+92S	combination	NS5A:24S+92S	2	1	phdr_ras:NS5A:24S+92S	NS5A:24S+92S	AL_2b	S24S+C92S	NS5A:24S+92S:AL_2b:daclatasvir	category_II	II	2	0		1	0	1	NS5A:24S+92S:AL_2b	daclatasvir	daclatasvir	drug_resistance
NS5A	1	24	T	REF_MASTER_NC_004102	NS5A:24T	aminoAcidSimplePolymorphism	NS5A:24T	single				phdr_ras:NS5A:24T	NS5A:24T															drug_resistance
NS5A	1	24	T	REF_MASTER_NC_004102	NS5A:24T	aminoAcidSimplePolymorphism	NS5A:24T+28T+30R	combination	NS5A:24T+28T+30R	3	1	phdr_ras:NS5A:24T+28T+30R	NS5A:24T+28T+30R	AL_1a	K24T+M28T+Q30R	NS5A:24T+28T+30R:AL_1a:elbasvir	category_II	II	2	1	7000	0			NS5A:24T+28T+30R:AL_1a	elbasvir	elbasvir	drug_resistance
NS5A	1	24	T	REF_MASTER_NC_004102	NS5A:24T	aminoAcidSimplePolymorphism	NS5A:24T+93H	combination	NS5A:24T+93H	2	1	phdr_ras:NS5A:24T+93H	NS5A:24T+93H	AL_2b	S24T+Y93H	NS5A:24T+93H:AL_2b:daclatasvir	category_II	II	2	1	539.5	0			NS5A:24T+93H:AL_2b	daclatasvir	daclatasvir	drug_resistance
NS5A	1	24	T	REF_MASTER_NC_004102	NS5A:24T	aminoAcidSimplePolymorphism	NS5A:24T+93H	combination	NS5A:24T+93H	2	1	phdr_ras:NS5A:24T+93H	NS5A:24T+93H	AL_2b	S24T+Y93H	NS5A:24T+93H:AL_2b:elbasvir	category_II	II	2	1	539.5	0			NS5A:24T+93H:AL_2b	elbasvir	elbasvir	drug_resistance
NS5A	1	24	T	REF_MASTER_NC_004102	NS5A:24T	aminoAcidSimplePolymorphism	NS5A:24T+93H	combination	NS5A:24T+93H	2	1	phdr_ras:NS5A:24T+93H	NS5A:24T+93H	AL_2b	S24T+Y93H	NS5A:24T+93H:AL_2b:velpatasvir	category_II	II	2	1	999	0			NS5A:24T+93H:AL_2b	velpatasvir	velpatasvir	drug_resistance
NS5A	1	28	A	REF_MASTER_NC_004102	NS5A:28A	aminoAcidSimplePolymorphism	NS5A:28A	single				phdr_ras:NS5A:28A	NS5A:28A	AL_1a	M28A	NS5A:28A:AL_1a:daclatasvir	category_I	I	1	1	4591	1	0	1	NS5A:28A:AL_1a	daclatasvir	daclatasvir	drug_resistance
NS5A	1	28	A	REF_MASTER_NC_004102	NS5A:28A	aminoAcidSimplePolymorphism	NS5A:28A	single				phdr_ras:NS5A:28A	NS5A:28A	AL_1a	M28A	NS5A:28A:AL_1a:elbasvir	category_II	II	2	1	61	0			NS5A:28A:AL_1a	elbasvir	elbasvir	drug_resistance
NS5A	1	28	A	REF_MASTER_NC_004102	NS5A:28A	aminoAcidSimplePolymorphism	NS5A:28A	single				phdr_ras:NS5A:28A	NS5A:28A	AL_1a	M28A	NS5A:28A:AL_1a:ledipasvir	category_I	I	1	1	1195.6	1	1	1	NS5A:28A:AL_1a	ledipasvir	ledipasvir	drug_resistance
NS5A	1	28	A	REF_MASTER_NC_004102	NS5A:28A	aminoAcidSimplePolymorphism	NS5A:28A	single				phdr_ras:NS5A:28A	NS5A:28A	AL_6a	F/L28A	NS5A:28A:AL_6a:ombitasvir	category_II	II	2	1	1720	0			NS5A:28A:AL_6a	ombitasvir	ombitasvir	drug_resistance
NS5A	1	28	A	REF_MASTER_NC_004102	NS5A:28A	aminoAcidSimplePolymorphism	NS5A:28A+30H	combination	NS5A:28A+30H	2	1	phdr_ras:NS5A:28A+30H	NS5A:28A+30H	AL_1a	M28A+Q30H	NS5A:28A+30H:AL_1a:ledipasvir	category_II	II	2	0		1	0	1	NS5A:28A+30H:AL_1a	ledipasvir	ledipasvir	drug_resistance
NS5A	1	28	A	REF_MASTER_NC_004102	NS5A:28A	aminoAcidSimplePolymorphism	NS5A:28A+30K	combination	NS5A:28A+30K	2	1	phdr_ras:NS5A:28A+30K	NS5A:28A+30K	AL_1a	M28A+Q30K	NS5A:28A+30K:AL_1a:daclatasvir	category_II	II	2	0		1	0	1	NS5A:28A+30K:AL_1a	daclatasvir	daclatasvir	drug_resistance
NS5A	1	28	A	REF_MASTER_NC_004102	NS5A:28A	aminoAcidSimplePolymorphism	NS5A:28A+30R	combination	NS5A:28A+30R	2	1	phdr_ras:NS5A:28A+30R	NS5A:28A+30R	AL_1a	M28A+Q30R	NS5A:28A+30R:AL_1a:daclatasvir	category_II	II	2	0		1	0	1	NS5A:28A+30R:AL_1a	daclatasvir	daclatasvir	drug_resistance
NS5A	1	28	A	REF_MASTER_NC_004102	NS5A:28A	aminoAcidSimplePolymorphism	NS5A:28A+30S	combination	NS5A:28A+30S	2	1	phdr_ras:NS5A:28A+30S	NS5A:28A+30S	AL_6a	F/L28A+R30S	NS5A:28A+30S:AL_6a:ombitasvir	category_II	II	2	1	1121	0			NS5A:28A+30S:AL_6a	ombitasvir	ombitasvir	drug_resistance
NS5A	1	28	A	REF_MASTER_NC_004102	NS5A:28A	aminoAcidSimplePolymorphism	NS5A:28A+58D	combination	NS5A:28A+58D	2	1	phdr_ras:NS5A:28A+58D	NS5A:28A+58D	AL_1a	M28A+H58D	NS5A:28A+58D:AL_1a:pibrentasvir	category_II	II	2	0		1	0	1	NS5A:28A+58D:AL_1a	pibrentasvir	pibrentasvir	drug_resistance
NS5A	1	28	C	REF_MASTER_NC_004102	NS5A:28C	aminoAcidSimplePolymorphism	NS5A:28C	single				phdr_ras:NS5A:28C	NS5A:28C	AL_2a	F28C	NS5A:28C:AL_2a:daclatasvir	category_I	I	1	1	400	1	0	1	NS5A:28C:AL_2a	daclatasvir	daclatasvir	drug_resistance
NS5A	1	28	C	REF_MASTER_NC_004102	NS5A:28C	aminoAcidSimplePolymorphism	NS5A:28C+31M	combination	NS5A:28C+31M	2	1	phdr_ras:NS5A:28C+31M	NS5A:28C+31M	AL_2a	F28C+L/M31M	NS5A:28C+31M:AL_2a:daclatasvir	category_II	II	2	0		1	1	0	NS5A:28C+31M:AL_2a	daclatasvir	daclatasvir	drug_resistance
NS5A	1	28	F	REF_MASTER_NC_004102	NS5A:28F	aminoAcidSimplePolymorphism	NS5A:28F	single				phdr_ras:NS5A:28F	NS5A:28F	AL_2	F/L28F	NS5A:28F:AL_2:ombitasvir	category_II	II	2	0		1	0	1	NS5A:28F:AL_2	ombitasvir	ombitasvir	drug_resistance
NS5A	1	28	F	REF_MASTER_NC_004102	NS5A:28F	aminoAcidSimplePolymorphism	NS5A:28F	single				phdr_ras:NS5A:28F	NS5A:28F	AL_2b	L28F	NS5A:28F:AL_2b:ombitasvir	category_III	III	3	1	47	0			NS5A:28F:AL_2b	ombitasvir	ombitasvir	drug_resistance
NS5A	1	28	F	REF_MASTER_NC_004102	NS5A:28F	aminoAcidSimplePolymorphism	NS5A:28F	single				phdr_ras:NS5A:28F	NS5A:28F	AL_6a	F/L28F	NS5A:28F:AL_6a:daclatasvir	category_III	III	3	1	41.5	0			NS5A:28F:AL_6a	daclatasvir	daclatasvir	drug_resistance
NS5A	1	28	F	REF_MASTER_NC_004102	NS5A:28F	aminoAcidSimplePolymorphism	NS5A:28F	single				phdr_ras:NS5A:28F	NS5A:28F	AL_6a	F/L28F	NS5A:28F:AL_6a:ombitasvir	category_III	III	3	1	13	0			NS5A:28F:AL_6a	ombitasvir	ombitasvir	drug_resistance
NS5A	1	28	F	REF_MASTER_NC_004102	NS5A:28F	aminoAcidSimplePolymorphism	NS5A:28F+31M	combination	NS5A:28F+31M	2	1	phdr_ras:NS5A:28F+31M	NS5A:28F+31M	AL_2b	L28F+L/M31M	NS5A:28F+31M:AL_2b:ombitasvir	category_II	II	2	1	247	0			NS5A:28F+31M:AL_2b	ombitasvir	ombitasvir	drug_resistance
NS5A	1	28	G	REF_MASTER_NC_004102	NS5A:28G	aminoAcidSimplePolymorphism	NS5A:24S+28G	combination	NS5A:24S+28G	2	2	phdr_ras:NS5A:24S+28G	NS5A:24S+28G	AL_2a	T24S+F28G	NS5A:24S+28G:AL_2a:daclatasvir	category_II	II	2	0		1	0	1	NS5A:24S+28G:AL_2a	daclatasvir	daclatasvir	drug_resistance
NS5A	1	28	G	REF_MASTER_NC_004102	NS5A:28G	aminoAcidSimplePolymorphism	NS5A:28G	single				phdr_ras:NS5A:28G	NS5A:28G	AL_1a	M28G	NS5A:28G:AL_1a:elbasvir	category_II	II	2	0		1	0	1	NS5A:28G:AL_1a	elbasvir	elbasvir	drug_resistance
NS5A	1	28	G	REF_MASTER_NC_004102	NS5A:28G	aminoAcidSimplePolymorphism	NS5A:28G	single				phdr_ras:NS5A:28G	NS5A:28G	AL_1a	M28G	NS5A:28G:AL_1a:ledipasvir	category_II	II	2	1	10368	0			NS5A:28G:AL_1a	ledipasvir	ledipasvir	drug_resistance
NS5A	1	28	G	REF_MASTER_NC_004102	NS5A:28G	aminoAcidSimplePolymorphism	NS5A:28G	single				phdr_ras:NS5A:28G	NS5A:28G	AL_1a	M28G	NS5A:28G:AL_1a:pibrentasvir	category_II	II	2	0		1	0	1	NS5A:28G:AL_1a	pibrentasvir	pibrentasvir	drug_resistance
NS5A	1	28	G	REF_MASTER_NC_004102	NS5A:28G	aminoAcidSimplePolymorphism	NS5A:28G	single				phdr_ras:NS5A:28G	NS5A:28G	AL_3	M28G	NS5A:28G:AL_3:pibrentasvir	category_II	II	2	0		1	0	1	NS5A:28G:AL_3	pibrentasvir	pibrentasvir	drug_resistance
NS5A	1	28	G	REF_MASTER_NC_004102	NS5A:28G	aminoAcidSimplePolymorphism	NS5A:28G+30R	combination	NS5A:28G+30R	2	1	phdr_ras:NS5A:28G+30R	NS5A:28G+30R															drug_resistance
NS5A	1	28	I	REF_MASTER_NC_004102	NS5A:28I	aminoAcidSimplePolymorphism	NS5A:24K+28I+30Q+31I+32L+54Y	combination	NS5A:24K+28I+30Q+31I+32L+54Y	6	2	phdr_ras:NS5A:24K+28I+30Q+31I+32L+54Y	NS5A:24K+28I+30Q+31I+32L+54Y	AL_1b	Q24K+L28I+R30Q+L31I+P32L+H/Q54Y	NS5A:24K+28I+30Q+31I+32L+54Y:AL_1b:daclatasvir	category_II	II	2	0		1	0	1	NS5A:24K+28I+30Q+31I+32L+54Y:AL_1b	daclatasvir	daclatasvir	drug_resistance
NS5A	1	28	I	REF_MASTER_NC_004102	NS5A:28I	aminoAcidSimplePolymorphism	NS5A:28I	single				phdr_ras:NS5A:28I	NS5A:28I	AL_1a	M28I	NS5A:28I:AL_1a:ledipasvir	insignificant	-	4	1	0.3	0			NS5A:28I:AL_1a	ledipasvir	ledipasvir	drug_resistance
NS5A	1	28	I	REF_MASTER_NC_004102	NS5A:28I	aminoAcidSimplePolymorphism	NS5A:28I	single				phdr_ras:NS5A:28I	NS5A:28I	AL_1b	L28I	NS5A:28I:AL_1b:daclatasvir	category_II	II	2	0		1	0	1	NS5A:28I:AL_1b	daclatasvir	daclatasvir	drug_resistance
NS5A	1	28	I	REF_MASTER_NC_004102	NS5A:28I	aminoAcidSimplePolymorphism	NS5A:28I	single				phdr_ras:NS5A:28I	NS5A:28I	AL_5a	L28I	NS5A:28I:AL_5a:ombitasvir	category_II	II	2	1	79	0			NS5A:28I:AL_5a	ombitasvir	ombitasvir	drug_resistance
NS5A	1	28	I	REF_MASTER_NC_004102	NS5A:28I	aminoAcidSimplePolymorphism	NS5A:28I+30Q	combination	NS5A:28I+30Q	2	1	phdr_ras:NS5A:28I+30Q	NS5A:28I+30Q	AL_1b	L28I+R30Q	NS5A:28I+30Q:AL_1b:daclatasvir	category_II	II	2	0		1	1	0	NS5A:28I+30Q:AL_1b	daclatasvir	daclatasvir	drug_resistance
NS5A	1	28	I	REF_MASTER_NC_004102	NS5A:28I	aminoAcidSimplePolymorphism	NS5A:28I+30R+31M	combination	NS5A:28I+30R+31M	3	1	phdr_ras:NS5A:28I+30R+31M	NS5A:28I+30R+31M	AL_4r	M/V28I+R30R+L/M31M	NS5A:28I+30R+31M:AL_4r:elbasvir	category_II	II	2	0		1	0	1	NS5A:28I+30R+31M:AL_4r	elbasvir	elbasvir	drug_resistance
NS5A	1	28	I	REF_MASTER_NC_004102	NS5A:28I	aminoAcidSimplePolymorphism	NS5A:28I+30R+31V	combination	NS5A:28I+30R+31V	3	1	phdr_ras:NS5A:28I+30R+31V	NS5A:28I+30R+31V	AL_4r	M/V28I+R30R+L/M31V	NS5A:28I+30R+31V:AL_4r:ledipasvir	category_II	II	2	0		1	0	1	NS5A:28I+30R+31V:AL_4r	ledipasvir	ledipasvir	drug_resistance
NS5A	1	28	K	REF_MASTER_NC_004102	NS5A:28K	aminoAcidSimplePolymorphism	NS5A:24F+28K	combination	NS5A:24F+28K	2	2	phdr_ras:NS5A:24F+28K	NS5A:24F+28K	AL_3a	S24F+M28K	NS5A:24F+28K:AL_3a:pibrentasvir	category_II	II	2	0		1	0	1	NS5A:24F+28K:AL_3a	pibrentasvir	pibrentasvir	drug_resistance
NS5A	1	28	K	REF_MASTER_NC_004102	NS5A:28K	aminoAcidSimplePolymorphism	NS5A:24F+28K+30K	combination	NS5A:24F+28K+30K	3	2	phdr_ras:NS5A:24F+28K+30K	NS5A:24F+28K+30K	AL_3a	S24F+M28K+A30K	NS5A:24F+28K+30K:AL_3a:pibrentasvir	category_II	II	2	1	5000	0			NS5A:24F+28K+30K:AL_3a	pibrentasvir	pibrentasvir	drug_resistance
NS5A	1	28	K	REF_MASTER_NC_004102	NS5A:28K	aminoAcidSimplePolymorphism	NS5A:28K	single				phdr_ras:NS5A:28K	NS5A:28K	AL_3a	M28K	NS5A:28K:AL_3a:pibrentasvir	category_II	II	2	0		1	0	1	NS5A:28K:AL_3a	pibrentasvir	pibrentasvir	drug_resistance
NS5A	1	28	L	REF_MASTER_NC_004102	NS5A:28L	aminoAcidSimplePolymorphism	NS5A:28L	single				phdr_ras:NS5A:28L	NS5A:28L	AL_2b	L28L	NS5A:28L:AL_2b:daclatasvir	category_II	II	2	0		1	1	0	NS5A:28L:AL_2b	daclatasvir	daclatasvir	drug_resistance
NS5A	1	28	L	REF_MASTER_NC_004102	NS5A:28L	aminoAcidSimplePolymorphism	NS5A:28L+30H	combination	NS5A:28L+30H	2	1	phdr_ras:NS5A:28L+30H	NS5A:28L+30H	AL_4a	L/M28L+L30H	NS5A:28L+30H:AL_4a:daclatasvir	category_II	II	2	1	64	0			NS5A:28L+30H:AL_4a	daclatasvir	daclatasvir	drug_resistance
NS5A	1	28	L	REF_MASTER_NC_004102	NS5A:28L	aminoAcidSimplePolymorphism	NS5A:28L+31M	combination	NS5A:28L+31M	2	1	phdr_ras:NS5A:28L+31M	NS5A:28L+31M	AL_2b	L28L+L/M31M	NS5A:28L+31M:AL_2b:daclatasvir	category_I	I	1	1	650	1	1	0	NS5A:28L+31M:AL_2b	daclatasvir	daclatasvir	drug_resistance
NS5A	1	28	L	REF_MASTER_NC_004102	NS5A:28L	aminoAcidSimplePolymorphism	NS5A:28L+31M+92S	combination	NS5A:28L+31M+92S	3	1	phdr_ras:NS5A:28L+31M+92S	NS5A:28L+31M+92S	AL_2b	L28L+L/M31M+C92S	NS5A:28L+31M+92S:AL_2b:daclatasvir	category_II	II	2	1	9300	0			NS5A:28L+31M+92S:AL_2b	daclatasvir	daclatasvir	drug_resistance
NS5A	1	28	L	REF_MASTER_NC_004102	NS5A:28L	aminoAcidSimplePolymorphism	NS5A:28L+93H	combination	NS5A:28L+93H	2	1	phdr_ras:NS5A:28L+93H	NS5A:28L+93H	AL_2b	L28L+Y93H	NS5A:28L+93H:AL_2b:daclatasvir	category_II	II	2	1	1000	0			NS5A:28L+93H:AL_2b	daclatasvir	daclatasvir	drug_resistance
NS5A	1	28	M	REF_MASTER_NC_004102	NS5A:28M	aminoAcidSimplePolymorphism	NS5A:24K+28M	combination	NS5A:24K+28M	2	2	phdr_ras:NS5A:24K+28M	NS5A:24K+28M	AL_1b	Q24K+L28M	NS5A:24K+28M:AL_1b:daclatasvir	category_II	II	2	0		1	1	0	NS5A:24K+28M:AL_1b	daclatasvir	daclatasvir	drug_resistance
NS5A	1	28	M	REF_MASTER_NC_004102	NS5A:28M	aminoAcidSimplePolymorphism	NS5A:24K+28M+30H+92T	combination	NS5A:24K+28M+30H+92T	4	2	phdr_ras:NS5A:24K+28M+30H+92T	NS5A:24K+28M+30H+92T	AL_1b	Q24K+L28M+R30H+A92T	NS5A:24K+28M+30H+92T:AL_1b:daclatasvir	category_II	II	2	0		1	1	0	NS5A:24K+28M+30H+92T:AL_1b	daclatasvir	daclatasvir	drug_resistance
NS5A	1	28	M	REF_MASTER_NC_004102	NS5A:28M	aminoAcidSimplePolymorphism	NS5A:24K+28M+30L	combination	NS5A:24K+28M+30L	3	2	phdr_ras:NS5A:24K+28M+30L	NS5A:24K+28M+30L	AL_1b	Q24K+L28M+R30L	NS5A:24K+28M+30L:AL_1b:daclatasvir	category_II	II	2	0		1	1	0	NS5A:24K+28M+30L:AL_1b	daclatasvir	daclatasvir	drug_resistance
NS5A	1	28	M	REF_MASTER_NC_004102	NS5A:28M	aminoAcidSimplePolymorphism	NS5A:24K+28M+30Q	combination	NS5A:24K+28M+30Q	3	2	phdr_ras:NS5A:24K+28M+30Q	NS5A:24K+28M+30Q	AL_1b	Q24K+L28M+R30Q	NS5A:24K+28M+30Q:AL_1b:daclatasvir	category_II	II	2	0		1	1	0	NS5A:24K+28M+30Q:AL_1b	daclatasvir	daclatasvir	drug_resistance
NS5A	1	28	M	REF_MASTER_NC_004102	NS5A:28M	aminoAcidSimplePolymorphism	NS5A:24K+28M+30Q+37V+54H	combination	NS5A:24K+28M+30Q+37V+54H	5	2	phdr_ras:NS5A:24K+28M+30Q+37V+54H	NS5A:24K+28M+30Q+37V+54H	AL_1b	Q24K+L28M+R30Q+F/L37V+H/Q54H	NS5A:24K+28M+30Q+37V+54H:AL_1b:daclatasvir	category_II	II	2	0		1	1	0	NS5A:24K+28M+30Q+37V+54H:AL_1b	daclatasvir	daclatasvir	drug_resistance
NS5A	1	28	M	REF_MASTER_NC_004102	NS5A:28M	aminoAcidSimplePolymorphism	NS5A:24K+28M+30Q+92T	combination	NS5A:24K+28M+30Q+92T	4	2	phdr_ras:NS5A:24K+28M+30Q+92T	NS5A:24K+28M+30Q+92T	AL_1b	Q24K+L28M+R30Q+A92T	NS5A:24K+28M+30Q+92T:AL_1b:daclatasvir	category_II	II	2	0		1	1	0	NS5A:24K+28M+30Q+92T:AL_1b	daclatasvir	daclatasvir	drug_resistance
NS5A	1	28	M	REF_MASTER_NC_004102	NS5A:28M	aminoAcidSimplePolymorphism	NS5A:24K+28M+92T	combination	NS5A:24K+28M+92T	3	2	phdr_ras:NS5A:24K+28M+92T	NS5A:24K+28M+92T	AL_1b	Q24K+L28M+A92T	NS5A:24K+28M+92T:AL_1b:daclatasvir	category_II	II	2	0		1	1	0	NS5A:24K+28M+92T:AL_1b	daclatasvir	daclatasvir	drug_resistance
NS5A	1	28	M	REF_MASTER_NC_004102	NS5A:28M	aminoAcidSimplePolymorphism	NS5A:28M	single				phdr_ras:NS5A:28M	NS5A:28M	AL_1b	L28M	NS5A:28M:AL_1b:daclatasvir	category_I	I	1	1	41.5	1	1	1	NS5A:28M:AL_1b	daclatasvir	daclatasvir	drug_resistance
NS5A	1	28	M	REF_MASTER_NC_004102	NS5A:28M	aminoAcidSimplePolymorphism	NS5A:28M	single				phdr_ras:NS5A:28M	NS5A:28M	AL_1b	L28M	NS5A:28M:AL_1b:elbasvir	category_II	II	2	1	2	1	0	1	NS5A:28M:AL_1b	elbasvir	elbasvir	drug_resistance
NS5A	1	28	M	REF_MASTER_NC_004102	NS5A:28M	aminoAcidSimplePolymorphism	NS5A:28M	single				phdr_ras:NS5A:28M	NS5A:28M	AL_1b	L28M	NS5A:28M:AL_1b:ombitasvir	insignificant	-	4	1	2	0			NS5A:28M:AL_1b	ombitasvir	ombitasvir	drug_resistance
NS5A	1	28	M	REF_MASTER_NC_004102	NS5A:28M	aminoAcidSimplePolymorphism	NS5A:28M	single				phdr_ras:NS5A:28M	NS5A:28M	AL_4	L/M28M	NS5A:28M:AL_4:daclatasvir	category_I	I	1	0		1	1	1	NS5A:28M:AL_4	daclatasvir	daclatasvir	drug_resistance
NS5A	1	28	M	REF_MASTER_NC_004102	NS5A:28M	aminoAcidSimplePolymorphism	NS5A:28M	single				phdr_ras:NS5A:28M	NS5A:28M	AL_4	L/M28M	NS5A:28M:AL_4:ledipasvir	category_II	II	2	0		1	0	1	NS5A:28M:AL_4	ledipasvir	ledipasvir	drug_resistance
NS5A	1	28	M	REF_MASTER_NC_004102	NS5A:28M	aminoAcidSimplePolymorphism	NS5A:28M	single				phdr_ras:NS5A:28M	NS5A:28M	AL_6a	F/L28M	NS5A:28M:AL_6a:ombitasvir	category_III	III	3	1	21	0			NS5A:28M:AL_6a	ombitasvir	ombitasvir	drug_resistance
NS5A	1	28	M	REF_MASTER_NC_004102	NS5A:28M	aminoAcidSimplePolymorphism	NS5A:28M+30H	combination	NS5A:28M+30H	2	1	phdr_ras:NS5A:28M+30H	NS5A:28M+30H	AL_4g	L28M+L/R30H	NS5A:28M+30H:AL_4g:elbasvir	category_II	II	2	0		1	1	0	NS5A:28M+30H:AL_4g	elbasvir	elbasvir	drug_resistance
NS5A	1	28	M	REF_MASTER_NC_004102	NS5A:28M	aminoAcidSimplePolymorphism	NS5A:28M+30Q	combination	NS5A:28M+30Q	2	1	phdr_ras:NS5A:28M+30Q	NS5A:28M+30Q	AL_1b	L28M+R30Q	NS5A:28M+30Q:AL_1b:ombitasvir	insignificant	-	4	0		1	0	0	NS5A:28M+30Q:AL_1b	ombitasvir	ombitasvir	drug_resistance
NS5A	1	28	M	REF_MASTER_NC_004102	NS5A:28M	aminoAcidSimplePolymorphism	NS5A:28M+30Q+31M	combination	NS5A:28M+30Q+31M	3	1	phdr_ras:NS5A:28M+30Q+31M	NS5A:28M+30Q+31M	AL_1l	M28M+Q/R30Q+M31M	NS5A:28M+30Q+31M:AL_1l:daclatasvir	category_II	II	2	0		1	1	0	NS5A:28M+30Q+31M:AL_1l	daclatasvir	daclatasvir	drug_resistance
NS5A	1	28	M	REF_MASTER_NC_004102	NS5A:28M	aminoAcidSimplePolymorphism	NS5A:28M+30Q+92K	combination	NS5A:28M+30Q+92K	3	1	phdr_ras:NS5A:28M+30Q+92K	NS5A:28M+30Q+92K	AL_1b	L28M+R30Q+A92K	NS5A:28M+30Q+92K:AL_1b:daclatasvir	category_II	II	2	0		1	0	1	NS5A:28M+30Q+92K:AL_1b	daclatasvir	daclatasvir	drug_resistance
NS5A	1	28	M	REF_MASTER_NC_004102	NS5A:28M	aminoAcidSimplePolymorphism	NS5A:28M+30Q+93H	combination	NS5A:28M+30Q+93H	3	1	phdr_ras:NS5A:28M+30Q+93H	NS5A:28M+30Q+93H	AL_1b	L28M+R30Q+Y93H	NS5A:28M+30Q+93H:AL_1b:ombitasvir	category_I	I	1	1	981	1	1	0	NS5A:28M+30Q+93H:AL_1b	ombitasvir	ombitasvir	drug_resistance
NS5A	1	28	M	REF_MASTER_NC_004102	NS5A:28M	aminoAcidSimplePolymorphism	NS5A:28M+30R+31L	combination	NS5A:28M+30R+31L	3	1	phdr_ras:NS5A:28M+30R+31L	NS5A:28M+30R+31L	AL_4r	M/V28M+R30R+L/M31L	NS5A:28M+30R+31L:AL_4r:ledipasvir	category_I	I	1	0		1	1	1	NS5A:28M+30R+31L:AL_4r	ledipasvir	ledipasvir	drug_resistance
NS5A	1	28	M	REF_MASTER_NC_004102	NS5A:28M	aminoAcidSimplePolymorphism	NS5A:28M+30R+31L+93H	combination	NS5A:28M+30R+31L+93H	4	1	phdr_ras:NS5A:28M+30R+31L+93H	NS5A:28M+30R+31L+93H	AL_4r	M/V28M+R30R+L/M31L+Y93H	NS5A:28M+30R+31L+93H:AL_4r:ledipasvir	category_II	II	2	0		1	0	1	NS5A:28M+30R+31L+93H:AL_4r	ledipasvir	ledipasvir	drug_resistance
NS5A	1	28	M	REF_MASTER_NC_004102	NS5A:28M	aminoAcidSimplePolymorphism	NS5A:28M+30R+31M	combination	NS5A:28M+30R+31M	3	1	phdr_ras:NS5A:28M+30R+31M	NS5A:28M+30R+31M	AL_1l	M28M+Q/R30R+M31M	NS5A:28M+30R+31M:AL_1l:ledipasvir	category_I	I	1	0		1	1	1	NS5A:28M+30R+31M:AL_1l	ledipasvir	ledipasvir	drug_resistance
NS5A	1	28	M	REF_MASTER_NC_004102	NS5A:28M	aminoAcidSimplePolymorphism	NS5A:28M+30R+31M	combination	NS5A:28M+30R+31M	3	1	phdr_ras:NS5A:28M+30R+31M	NS5A:28M+30R+31M	AL_4r	M/V28M+R30R+L/M31M	NS5A:28M+30R+31M:AL_4r:daclatasvir	category_II	II	2	0		1	0	1	NS5A:28M+30R+31M:AL_4r	daclatasvir	daclatasvir	drug_resistance
NS5A	1	28	M	REF_MASTER_NC_004102	NS5A:28M	aminoAcidSimplePolymorphism	NS5A:28M+30R+31M	combination	NS5A:28M+30R+31M	3	1	phdr_ras:NS5A:28M+30R+31M	NS5A:28M+30R+31M	AL_4r	M/V28M+R30R+L/M31M	NS5A:28M+30R+31M:AL_4r:ledipasvir	category_I	I	1	0		1	1	1	NS5A:28M+30R+31M:AL_4r	ledipasvir	ledipasvir	drug_resistance
NS5A	1	28	M	REF_MASTER_NC_004102	NS5A:28M	aminoAcidSimplePolymorphism	NS5A:28M+31F	combination	NS5A:28M+31F	2	1	phdr_ras:NS5A:28M+31F	NS5A:28M+31F	AL_1b	L28M+L31F	NS5A:28M+31F:AL_1b:ombitasvir	category_II	II	2	1	569	0			NS5A:28M+31F:AL_1b	ombitasvir	ombitasvir	drug_resistance
NS5A	1	28	M	REF_MASTER_NC_004102	NS5A:28M	aminoAcidSimplePolymorphism	NS5A:28M+32del	combination	NS5A:28M+32del	2	1	phdr_ras:NS5A:28M+32del	NS5A:28M+32del	AL_1b	L28M+32del	NS5A:28M+32del:AL_1b:pibrentasvir	category_II	II	2	0		1	1	0	NS5A:28M+32del:AL_1b	pibrentasvir	pibrentasvir	drug_resistance
NS5A	1	28	M	REF_MASTER_NC_004102	NS5A:28M	aminoAcidSimplePolymorphism	NS5A:28M+37L+58R	combination	NS5A:28M+37L+58R	3	1	phdr_ras:NS5A:28M+37L+58R	NS5A:28M+37L+58R	AL_1b	L28M+F/L37L+P58R	NS5A:28M+37L+58R:AL_1b:daclatasvir	category_II	II	2	0		1	1	0	NS5A:28M+37L+58R:AL_1b	daclatasvir	daclatasvir	drug_resistance
NS5A	1	28	M	REF_MASTER_NC_004102	NS5A:28M	aminoAcidSimplePolymorphism	NS5A:28M+58Y	combination	NS5A:28M+58Y	2	1	phdr_ras:NS5A:28M+58Y	NS5A:28M+58Y	AL_4a	L/M28M+P58Y	NS5A:28M+58Y:AL_4a:elbasvir	category_II	II	2	0		1	1	0	NS5A:28M+58Y:AL_4a	elbasvir	elbasvir	drug_resistance
NS5A	1	28	M	REF_MASTER_NC_004102	NS5A:28M	aminoAcidSimplePolymorphism	NS5A:28M+93H	combination	NS5A:28M+93H	2	1	phdr_ras:NS5A:28M+93H	NS5A:28M+93H	AL_1b	L28M+Y93H	NS5A:28M+93H:AL_1b:ombitasvir	category_II	II	2	1	415	0			NS5A:28M+93H:AL_1b	ombitasvir	ombitasvir	drug_resistance
NS5A	1	28	M	REF_MASTER_NC_004102	NS5A:28M	aminoAcidSimplePolymorphism	NS5A:28M+93H	combination	NS5A:28M+93H	2	1	phdr_ras:NS5A:28M+93H	NS5A:28M+93H	AL_4a	L/M28M+Y93H	NS5A:28M+93H:AL_4a:elbasvir	category_II	II	2	0		1	1	0	NS5A:28M+93H:AL_4a	elbasvir	elbasvir	drug_resistance
NS5A	1	28	M	REF_MASTER_NC_004102	NS5A:28M	aminoAcidSimplePolymorphism	NS5A:28M+93H	combination	NS5A:28M+93H	2	1	phdr_ras:NS5A:28M+93H	NS5A:28M+93H	AL_4a	L/M28M+Y93H	NS5A:28M+93H:AL_4a:ombitasvir	category_II	II	2	0		1	0	1	NS5A:28M+93H:AL_4a	ombitasvir	ombitasvir	drug_resistance
NS5A	1	28	M	REF_MASTER_NC_004102	NS5A:28M	aminoAcidSimplePolymorphism	NS5A:28M+93N	combination	NS5A:28M+93N	2	1	phdr_ras:NS5A:28M+93N	NS5A:28M+93N	AL_1b	L28M+Y93N	NS5A:28M+93N:AL_1b:daclatasvir	category_II	II	2	1	1000	0			NS5A:28M+93N:AL_1b	daclatasvir	daclatasvir	drug_resistance
NS5A	1	28	M	REF_MASTER_NC_004102	NS5A:28M	aminoAcidSimplePolymorphism	NS5A:28M+93N	combination	NS5A:28M+93N	2	1	phdr_ras:NS5A:28M+93N	NS5A:28M+93N	AL_1b	L28M+Y93N	NS5A:28M+93N:AL_1b:elbasvir	category_II	II	2	1	1000	0			NS5A:28M+93N:AL_1b	elbasvir	elbasvir	drug_resistance
NS5A	1	28	M	REF_MASTER_NC_004102	NS5A:28M	aminoAcidSimplePolymorphism	NS5A:28M+93N	combination	NS5A:28M+93N	2	1	phdr_ras:NS5A:28M+93N	NS5A:28M+93N	AL_1b	L28M+Y93N	NS5A:28M+93N:AL_1b:velpatasvir	category_II	II	2	1	539.5	0			NS5A:28M+93N:AL_1b	velpatasvir	velpatasvir	drug_resistance
NS5A	1	28	S	REF_MASTER_NC_004102	NS5A:28S	aminoAcidSimplePolymorphism	NS5A:28S	single				phdr_ras:NS5A:28S	NS5A:28S	AL_1a	M28S	NS5A:28S:AL_1a:elbasvir	category_II	II	2	0		1	0	1	NS5A:28S:AL_1a	elbasvir	elbasvir	drug_resistance
NS5A	1	28	S	REF_MASTER_NC_004102	NS5A:28S	aminoAcidSimplePolymorphism	NS5A:28S	single				phdr_ras:NS5A:28S	NS5A:28S	AL_2a	F28S	NS5A:28S:AL_2a:daclatasvir	category_I	I	1	1	8434	1	0	1	NS5A:28S:AL_2a	daclatasvir	daclatasvir	drug_resistance
NS5A	1	28	S	REF_MASTER_NC_004102	NS5A:28S	aminoAcidSimplePolymorphism	NS5A:28S	single				phdr_ras:NS5A:28S	NS5A:28S	AL_2a	F28S	NS5A:28S:AL_2a:elbasvir	category_II	II	2	1	1000	0			NS5A:28S:AL_2a	elbasvir	elbasvir	drug_resistance
NS5A	1	28	S	REF_MASTER_NC_004102	NS5A:28S	aminoAcidSimplePolymorphism	NS5A:28S	single				phdr_ras:NS5A:28S	NS5A:28S	AL_2a	F28S	NS5A:28S:AL_2a:ombitasvir	category_I	I	1	1	4710	1	0	1	NS5A:28S:AL_2a	ombitasvir	ombitasvir	drug_resistance
NS5A	1	28	S	REF_MASTER_NC_004102	NS5A:28S	aminoAcidSimplePolymorphism	NS5A:28S	single				phdr_ras:NS5A:28S	NS5A:28S	AL_2a	F28S	NS5A:28S:AL_2a:velpatasvir	category_II	II	2	1	999	0			NS5A:28S:AL_2a	velpatasvir	velpatasvir	drug_resistance
NS5A	1	28	S	REF_MASTER_NC_004102	NS5A:28S	aminoAcidSimplePolymorphism	NS5A:28S	single				phdr_ras:NS5A:28S	NS5A:28S	AL_4	L/M28S	NS5A:28S:AL_4:daclatasvir	category_II	II	2	0		1	0	1	NS5A:28S:AL_4	daclatasvir	daclatasvir	drug_resistance
NS5A	1	28	S	REF_MASTER_NC_004102	NS5A:28S	aminoAcidSimplePolymorphism	NS5A:28S	single				phdr_ras:NS5A:28S	NS5A:28S	AL_4d	L28S	NS5A:28S:AL_4d:elbasvir	category_II	II	2	0		1	0	1	NS5A:28S:AL_4d	elbasvir	elbasvir	drug_resistance
NS5A	1	28	S	REF_MASTER_NC_004102	NS5A:28S	aminoAcidSimplePolymorphism	NS5A:28S	single				phdr_ras:NS5A:28S	NS5A:28S	AL_6a	F/L28S	NS5A:28S:AL_6a:velpatasvir	category_II	II	2	1	58.1	0			NS5A:28S:AL_6a	velpatasvir	velpatasvir	drug_resistance
NS5A	1	28	S	REF_MASTER_NC_004102	NS5A:28S	aminoAcidSimplePolymorphism	NS5A:28S+31I	combination	NS5A:28S+31I	2	1	phdr_ras:NS5A:28S+31I	NS5A:28S+31I	AL_2a	F28S+L/M31I	NS5A:28S+31I:AL_2a:pibrentasvir	category_II	II	2	1	14448	0			NS5A:28S+31I:AL_2a	pibrentasvir	pibrentasvir	drug_resistance
NS5A	1	28	S	REF_MASTER_NC_004102	NS5A:28S	aminoAcidSimplePolymorphism	NS5A:28S+31I	combination	NS5A:28S+31I	2	1	phdr_ras:NS5A:28S+31I	NS5A:28S+31I	AL_4	L/M28S+M31I	NS5A:28S+31I:AL_4:elbasvir	category_II	II	2	0		1	0	1	NS5A:28S+31I:AL_4	elbasvir	elbasvir	drug_resistance
NS5A	1	28	S	REF_MASTER_NC_004102	NS5A:28S	aminoAcidSimplePolymorphism	NS5A:28S+31I	combination	NS5A:28S+31I	2	1	phdr_ras:NS5A:28S+31I	NS5A:28S+31I	AL_4d	L28S+M31I	NS5A:28S+31I:AL_4d:elbasvir	category_II	II	2	0		1	0	1	NS5A:28S+31I:AL_4d	elbasvir	elbasvir	drug_resistance
NS5A	1	28	S	REF_MASTER_NC_004102	NS5A:28S	aminoAcidSimplePolymorphism	NS5A:28S+31I	combination	NS5A:28S+31I	2	1	phdr_ras:NS5A:28S+31I	NS5A:28S+31I	AL_4d	L28S+M31I	NS5A:28S+31I:AL_4d:ombitasvir	category_II	II	2	0		1	0	1	NS5A:28S+31I:AL_4d	ombitasvir	ombitasvir	drug_resistance
NS5A	1	28	S	REF_MASTER_NC_004102	NS5A:28S	aminoAcidSimplePolymorphism	NS5A:28S+31M	combination	NS5A:28S+31M	2	1	phdr_ras:NS5A:28S+31M	NS5A:28S+31M	AL_2a	F28S+L/M31M	NS5A:28S+31M:AL_2a:daclatasvir	category_II	II	2	1	154	0			NS5A:28S+31M:AL_2a	daclatasvir	daclatasvir	drug_resistance
NS5A	1	28	S	REF_MASTER_NC_004102	NS5A:28S	aminoAcidSimplePolymorphism	NS5A:28S+93H	combination	NS5A:28S+93H	2	1	phdr_ras:NS5A:28S+93H	NS5A:28S+93H	AL_2a	F28S+Y93H	NS5A:28S+93H:AL_2a:daclatasvir	category_II	II	2	1	1000	0			NS5A:28S+93H:AL_2a	daclatasvir	daclatasvir	drug_resistance
NS5A	1	28	S	REF_MASTER_NC_004102	NS5A:28S	aminoAcidSimplePolymorphism	NS5A:28S+93H	combination	NS5A:28S+93H	2	1	phdr_ras:NS5A:28S+93H	NS5A:28S+93H	AL_2a	F28S+Y93H	NS5A:28S+93H:AL_2a:elbasvir	category_II	II	2	1	1000	0			NS5A:28S+93H:AL_2a	elbasvir	elbasvir	drug_resistance
NS5A	1	28	S	REF_MASTER_NC_004102	NS5A:28S	aminoAcidSimplePolymorphism	NS5A:28S+93H	combination	NS5A:28S+93H	2	1	phdr_ras:NS5A:28S+93H	NS5A:28S+93H	AL_2a	F28S+Y93H	NS5A:28S+93H:AL_2a:velpatasvir	category_II	II	2	1	999	0			NS5A:28S+93H:AL_2a	velpatasvir	velpatasvir	drug_resistance
NS5A	1	28	T	REF_MASTER_NC_004102	NS5A:28T	aminoAcidSimplePolymorphism	NS5A:24Q+28T+31M	combination	NS5A:24Q+28T+31M	3	2	phdr_ras:NS5A:24Q+28T+31M	NS5A:24Q+28T+31M	AL_1a	K24Q+M28T+L31M	NS5A:24Q+28T+31M:AL_1a:elbasvir	category_III	III	3	1	9	0			NS5A:24Q+28T+31M:AL_1a	elbasvir	elbasvir	drug_resistance
NS5A	1	28	T	REF_MASTER_NC_004102	NS5A:28T	aminoAcidSimplePolymorphism	NS5A:24T+28T+30R	combination	NS5A:24T+28T+30R	3	2	phdr_ras:NS5A:24T+28T+30R	NS5A:24T+28T+30R	AL_1a	K24T+M28T+Q30R	NS5A:24T+28T+30R:AL_1a:elbasvir	category_II	II	2	1	7000	0			NS5A:24T+28T+30R:AL_1a	elbasvir	elbasvir	drug_resistance
NS5A	1	28	T	REF_MASTER_NC_004102	NS5A:28T	aminoAcidSimplePolymorphism	NS5A:28T	single				phdr_ras:NS5A:28T	NS5A:28T	AL_1a	M28T	NS5A:28T:AL_1a:daclatasvir	category_I	I	1	1	683	1	1	1	NS5A:28T:AL_1a	daclatasvir	daclatasvir	drug_resistance
NS5A	1	28	T	REF_MASTER_NC_004102	NS5A:28T	aminoAcidSimplePolymorphism	NS5A:28T	single				phdr_ras:NS5A:28T	NS5A:28T	AL_1a	M28T	NS5A:28T:AL_1a:elbasvir	category_I	I	1	1	15	1	1	1	NS5A:28T:AL_1a	elbasvir	elbasvir	drug_resistance
NS5A	1	28	T	REF_MASTER_NC_004102	NS5A:28T	aminoAcidSimplePolymorphism	NS5A:28T	single				phdr_ras:NS5A:28T	NS5A:28T	AL_1a	M28T	NS5A:28T:AL_1a:ledipasvir	category_I	I	1	1	60.8	1	1	1	NS5A:28T:AL_1a	ledipasvir	ledipasvir	drug_resistance
NS5A	1	28	T	REF_MASTER_NC_004102	NS5A:28T	aminoAcidSimplePolymorphism	NS5A:28T	single				phdr_ras:NS5A:28T	NS5A:28T	AL_1a	M28T	NS5A:28T:AL_1a:ombitasvir	category_I	I	1	1	8965	1	1	1	NS5A:28T:AL_1a	ombitasvir	ombitasvir	drug_resistance
NS5A	1	28	T	REF_MASTER_NC_004102	NS5A:28T	aminoAcidSimplePolymorphism	NS5A:28T	single				phdr_ras:NS5A:28T	NS5A:28T	AL_1a	M28T	NS5A:28T:AL_1a:pibrentasvir	insignificant	-	4	1	2.1	0			NS5A:28T:AL_1a	pibrentasvir	pibrentasvir	drug_resistance
NS5A	1	28	T	REF_MASTER_NC_004102	NS5A:28T	aminoAcidSimplePolymorphism	NS5A:28T	single				phdr_ras:NS5A:28T	NS5A:28T	AL_1a	M28T	NS5A:28T:AL_1a:velpatasvir	category_III	III	3	1	7.5	0			NS5A:28T:AL_1a	velpatasvir	velpatasvir	drug_resistance
NS5A	1	28	T	REF_MASTER_NC_004102	NS5A:28T	aminoAcidSimplePolymorphism	NS5A:28T	single				phdr_ras:NS5A:28T	NS5A:28T	AL_1b	L28T	NS5A:28T:AL_1b:daclatasvir	category_III	III	3	1	20	0			NS5A:28T:AL_1b	daclatasvir	daclatasvir	drug_resistance
NS5A	1	28	T	REF_MASTER_NC_004102	NS5A:28T	aminoAcidSimplePolymorphism	NS5A:28T	single				phdr_ras:NS5A:28T	NS5A:28T	AL_1b	L28T	NS5A:28T:AL_1b:ombitasvir	category_II	II	2	1	661	0			NS5A:28T:AL_1b	ombitasvir	ombitasvir	drug_resistance
NS5A	1	28	T	REF_MASTER_NC_004102	NS5A:28T	aminoAcidSimplePolymorphism	NS5A:28T	single				phdr_ras:NS5A:28T	NS5A:28T	AL_3a	M28T	NS5A:28T:AL_3a:ombitasvir	category_II	II	2	1	659	0			NS5A:28T:AL_3a	ombitasvir	ombitasvir	drug_resistance
NS5A	1	28	T	REF_MASTER_NC_004102	NS5A:28T	aminoAcidSimplePolymorphism	NS5A:28T	single				phdr_ras:NS5A:28T	NS5A:28T	AL_4a	L/M28T	NS5A:28T:AL_4a:elbasvir	category_II	II	2	0		1	0	1	NS5A:28T:AL_4a	elbasvir	elbasvir	drug_resistance
NS5A	1	28	T	REF_MASTER_NC_004102	NS5A:28T	aminoAcidSimplePolymorphism	NS5A:28T	single				phdr_ras:NS5A:28T	NS5A:28T	AL_6a	F/L28T	NS5A:28T:AL_6a:ombitasvir	category_II	II	2	1	1483	0			NS5A:28T:AL_6a	ombitasvir	ombitasvir	drug_resistance
NS5A	1	28	T	REF_MASTER_NC_004102	NS5A:28T	aminoAcidSimplePolymorphism	NS5A:28T+30H	combination	NS5A:28T+30H	2	1	phdr_ras:NS5A:28T+30H	NS5A:28T+30H	AL_1a	M28T+Q30H	NS5A:28T+30H:AL_1a:daclatasvir	category_II	II	2	1	103767	0			NS5A:28T+30H:AL_1a	daclatasvir	daclatasvir	drug_resistance
NS5A	1	28	T	REF_MASTER_NC_004102	NS5A:28T	aminoAcidSimplePolymorphism	NS5A:28T+30H	combination	NS5A:28T+30H	2	1	phdr_ras:NS5A:28T+30H	NS5A:28T+30H	AL_1a	M28T+Q30H	NS5A:28T+30H:AL_1a:elbasvir	category_II	II	2	1	2286	0			NS5A:28T+30H:AL_1a	elbasvir	elbasvir	drug_resistance
NS5A	1	28	T	REF_MASTER_NC_004102	NS5A:28T	aminoAcidSimplePolymorphism	NS5A:28T+30H	combination	NS5A:28T+30H	2	1	phdr_ras:NS5A:28T+30H	NS5A:28T+30H	AL_4r	M/V28T+R30H	NS5A:28T+30H:AL_4r:ledipasvir	category_II	II	2	0		1	0	1	NS5A:28T+30H:AL_4r	ledipasvir	ledipasvir	drug_resistance
NS5A	1	28	T	REF_MASTER_NC_004102	NS5A:28T	aminoAcidSimplePolymorphism	NS5A:28T+30H+31V	combination	NS5A:28T+30H+31V	3	1	phdr_ras:NS5A:28T+30H+31V	NS5A:28T+30H+31V	AL_1a	M28T+Q30H+L31V	NS5A:28T+30H+31V:AL_1a:elbasvir	category_II	II	2	1	56000	0			NS5A:28T+30H+31V:AL_1a	elbasvir	elbasvir	drug_resistance
NS5A	1	28	T	REF_MASTER_NC_004102	NS5A:28T	aminoAcidSimplePolymorphism	NS5A:28T+30H+58D	combination	NS5A:28T+30H+58D	3	1	phdr_ras:NS5A:28T+30H+58D	NS5A:28T+30H+58D	AL_1a	M28T+Q30H+H58D	NS5A:28T+30H+58D:AL_1a:elbasvir	category_II	II	2	0		1	0	1	NS5A:28T+30H+58D:AL_1a	elbasvir	elbasvir	drug_resistance
NS5A	1	28	T	REF_MASTER_NC_004102	NS5A:28T	aminoAcidSimplePolymorphism	NS5A:28T+30H+93H	combination	NS5A:28T+30H+93H	3	1	phdr_ras:NS5A:28T+30H+93H	NS5A:28T+30H+93H	AL_1a	M28T+Q30H+Y93H	NS5A:28T+30H+93H:AL_1a:elbasvir	category_II	II	2	0		1	0	1	NS5A:28T+30H+93H:AL_1a	elbasvir	elbasvir	drug_resistance
NS5A	1	28	T	REF_MASTER_NC_004102	NS5A:28T	aminoAcidSimplePolymorphism	NS5A:28T+30R	combination	NS5A:28T+30R	2	1	phdr_ras:NS5A:28T+30R	NS5A:28T+30R	AL_1a	M28T+Q30R	NS5A:28T+30R:AL_1a:daclatasvir	category_II	II	2	1	59400	0			NS5A:28T+30R:AL_1a	daclatasvir	daclatasvir	drug_resistance
NS5A	1	28	T	REF_MASTER_NC_004102	NS5A:28T	aminoAcidSimplePolymorphism	NS5A:28T+30R	combination	NS5A:28T+30R	2	1	phdr_ras:NS5A:28T+30R	NS5A:28T+30R	AL_1a	M28T+Q30R	NS5A:28T+30R:AL_1a:elbasvir	category_II	II	2	0		1	0	1	NS5A:28T+30R:AL_1a	elbasvir	elbasvir	drug_resistance
NS5A	1	28	T	REF_MASTER_NC_004102	NS5A:28T	aminoAcidSimplePolymorphism	NS5A:28T+30R	combination	NS5A:28T+30R	2	1	phdr_ras:NS5A:28T+30R	NS5A:28T+30R	AL_1a	M28T+Q30R	NS5A:28T+30R:AL_1a:ledipasvir	category_I	I	1	1	17764.1	1	0	1	NS5A:28T+30R:AL_1a	ledipasvir	ledipasvir	drug_resistance
NS5A	1	28	T	REF_MASTER_NC_004102	NS5A:28T	aminoAcidSimplePolymorphism	NS5A:28T+30R	combination	NS5A:28T+30R	2	1	phdr_ras:NS5A:28T+30R	NS5A:28T+30R	AL_1a	M28T+Q30R	NS5A:28T+30R:AL_1a:ombitasvir	category_II	II	2	0		1	0	1	NS5A:28T+30R:AL_1a	ombitasvir	ombitasvir	drug_resistance
NS5A	1	28	T	REF_MASTER_NC_004102	NS5A:28T	aminoAcidSimplePolymorphism	NS5A:28T+30R+31M	combination	NS5A:28T+30R+31M	3	1	phdr_ras:NS5A:28T+30R+31M	NS5A:28T+30R+31M	AL_1a	M28T+Q30R+L31M	NS5A:28T+30R+31M:AL_1a:pibrentasvir	category_II	II	2	1	4.6	1	1	0	NS5A:28T+30R+31M:AL_1a	pibrentasvir	pibrentasvir	drug_resistance
NS5A	1	28	T	REF_MASTER_NC_004102	NS5A:28T	aminoAcidSimplePolymorphism	NS5A:28T+30R+31V	combination	NS5A:28T+30R+31V	3	1	phdr_ras:NS5A:28T+30R+31V	NS5A:28T+30R+31V	AL_1a	M28T+Q30R+L31V	NS5A:28T+30R+31V:AL_1a:elbasvir	category_II	II	2	1	89143	0			NS5A:28T+30R+31V:AL_1a	elbasvir	elbasvir	drug_resistance
NS5A	1	28	T	REF_MASTER_NC_004102	NS5A:28T	aminoAcidSimplePolymorphism	NS5A:28T+30R+31V+93H	combination	NS5A:28T+30R+31V+93H	4	1	phdr_ras:NS5A:28T+30R+31V+93H	NS5A:28T+30R+31V+93H	AL_1a	M28T+Q30R+L31V+Y93H	NS5A:28T+30R+31V+93H:AL_1a:elbasvir	category_II	II	2	1	714286	0			NS5A:28T+30R+31V+93H:AL_1a	elbasvir	elbasvir	drug_resistance
NS5A	1	28	T	REF_MASTER_NC_004102	NS5A:28T	aminoAcidSimplePolymorphism	NS5A:28T+30S	combination	NS5A:28T+30S	2	1	phdr_ras:NS5A:28T+30S	NS5A:28T+30S	AL_6a	F/L28T+R30S	NS5A:28T+30S:AL_6a:ombitasvir	category_II	II	2	1	1746	0			NS5A:28T+30S:AL_6a	ombitasvir	ombitasvir	drug_resistance
NS5A	1	28	T	REF_MASTER_NC_004102	NS5A:28T	aminoAcidSimplePolymorphism	NS5A:28T+31I	combination	NS5A:28T+31I	2	1	phdr_ras:NS5A:28T+31I	NS5A:28T+31I	AL_6a	F/L28T+L31I	NS5A:28T+31I:AL_6a:ombitasvir	category_II	II	2	1	5000	0			NS5A:28T+31I:AL_6a	ombitasvir	ombitasvir	drug_resistance
NS5A	1	28	T	REF_MASTER_NC_004102	NS5A:28T	aminoAcidSimplePolymorphism	NS5A:28T+58P	combination	NS5A:28T+58P	2	1	phdr_ras:NS5A:28T+58P	NS5A:28T+58P	AL_1a	M28T+H58P	NS5A:28T+58P:AL_1a:ombitasvir	category_II	II	2	0		1	0	1	NS5A:28T+58P:AL_1a	ombitasvir	ombitasvir	drug_resistance
NS5A	1	28	T	REF_MASTER_NC_004102	NS5A:28T	aminoAcidSimplePolymorphism	NS5A:28T+68R	combination	NS5A:28T+68R	2	1	phdr_ras:NS5A:28T+68R	NS5A:28T+68R	AL_1a	M28T+K68R	NS5A:28T+68R:AL_1a:daclatasvir	category_II	II	2	1	7229	0			NS5A:28T+68R:AL_1a	daclatasvir	daclatasvir	drug_resistance
NS5A	1	28	T	REF_MASTER_NC_004102	NS5A:28T	aminoAcidSimplePolymorphism	NS5A:28T+93C	combination	NS5A:28T+93C	2	1	phdr_ras:NS5A:28T+93C	NS5A:28T+93C	AL_1a	M28T+Y93C	NS5A:28T+93C:AL_1a:pibrentasvir	insignificant	-	4	1	3.1	0			NS5A:28T+93C:AL_1a	pibrentasvir	pibrentasvir	drug_resistance
NS5A	1	28	T	REF_MASTER_NC_004102	NS5A:28T	aminoAcidSimplePolymorphism	NS5A:28T+93H	combination	NS5A:28T+93H	2	1	phdr_ras:NS5A:28T+93H	NS5A:28T+93H	AL_1b	L28T+Y93H	NS5A:28T+93H:AL_1b:daclatasvir	category_II	II	2	0		1	0	1	NS5A:28T+93H:AL_1b	daclatasvir	daclatasvir	drug_resistance
NS5A	1	28	T	REF_MASTER_NC_004102	NS5A:28T	aminoAcidSimplePolymorphism	NS5A:28T+93S	combination	NS5A:28T+93S	2	1	phdr_ras:NS5A:28T+93S	NS5A:28T+93S	AL_1a	M28T+Y93S	NS5A:28T+93S:AL_1a:elbasvir	category_II	II	2	0		1	0	1	NS5A:28T+93S:AL_1a	elbasvir	elbasvir	drug_resistance
NS5A	1	28	V	REF_MASTER_NC_004102	NS5A:28V	aminoAcidSimplePolymorphism	NS5A:24K+28V+30Q	combination	NS5A:24K+28V+30Q	3	2	phdr_ras:NS5A:24K+28V+30Q	NS5A:24K+28V+30Q	AL_1b	Q24K+L28V+R30Q	NS5A:24K+28V+30Q:AL_1b:daclatasvir	category_II	II	2	0		1	1	0	NS5A:24K+28V+30Q:AL_1b	daclatasvir	daclatasvir	drug_resistance
NS5A	1	28	V	REF_MASTER_NC_004102	NS5A:28V	aminoAcidSimplePolymorphism	NS5A:24K+28V+92T	combination	NS5A:24K+28V+92T	3	2	phdr_ras:NS5A:24K+28V+92T	NS5A:24K+28V+92T	AL_1b	Q24K+L28V+A92T	NS5A:24K+28V+92T:AL_1b:daclatasvir	category_II	II	2	0		1	1	0	NS5A:24K+28V+92T:AL_1b	daclatasvir	daclatasvir	drug_resistance
NS5A	1	28	V	REF_MASTER_NC_004102	NS5A:28V	aminoAcidSimplePolymorphism	NS5A:28V	single				phdr_ras:NS5A:28V	NS5A:28V	AL_1a	M28V	NS5A:28V:AL_1a:daclatasvir	category_II	II	2	0		1	1	0	NS5A:28V:AL_1a	daclatasvir	daclatasvir	drug_resistance
NS5A	1	28	V	REF_MASTER_NC_004102	NS5A:28V	aminoAcidSimplePolymorphism	NS5A:28V	single				phdr_ras:NS5A:28V	NS5A:28V	AL_1a	M28V	NS5A:28V:AL_1a:elbasvir	category_II	II	2	1	1.5	1	1	0	NS5A:28V:AL_1a	elbasvir	elbasvir	drug_resistance
NS5A	1	28	V	REF_MASTER_NC_004102	NS5A:28V	aminoAcidSimplePolymorphism	NS5A:28V	single				phdr_ras:NS5A:28V	NS5A:28V	AL_1a	M28V	NS5A:28V:AL_1a:ombitasvir	category_I	I	1	1	100	1	1	1	NS5A:28V:AL_1a	ombitasvir	ombitasvir	drug_resistance
NS5A	1	28	V	REF_MASTER_NC_004102	NS5A:28V	aminoAcidSimplePolymorphism	NS5A:28V	single				phdr_ras:NS5A:28V	NS5A:28V	AL_1b	L28V	NS5A:28V:AL_1b:daclatasvir	category_II	II	2	0		1	1	0	NS5A:28V:AL_1b	daclatasvir	daclatasvir	drug_resistance
NS5A	1	28	V	REF_MASTER_NC_004102	NS5A:28V	aminoAcidSimplePolymorphism	NS5A:28V	single				phdr_ras:NS5A:28V	NS5A:28V	AL_4	L/M28V	NS5A:28V:AL_4:ombitasvir	category_I	I	1	1	60	1	1	1	NS5A:28V:AL_4	ombitasvir	ombitasvir	drug_resistance
NS5A	1	28	V	REF_MASTER_NC_004102	NS5A:28V	aminoAcidSimplePolymorphism	NS5A:28V	single				phdr_ras:NS5A:28V	NS5A:28V	AL_4a	L/M28V	NS5A:28V:AL_4a:ombitasvir	category_III	III	3	1	23	0			NS5A:28V:AL_4a	ombitasvir	ombitasvir	drug_resistance
NS5A	1	28	V	REF_MASTER_NC_004102	NS5A:28V	aminoAcidSimplePolymorphism	NS5A:28V	single				phdr_ras:NS5A:28V	NS5A:28V	AL_4d	L28V	NS5A:28V:AL_4d:ombitasvir	category_I	I	1	1	310	1	0	1	NS5A:28V:AL_4d	ombitasvir	ombitasvir	drug_resistance
NS5A	1	28	V	REF_MASTER_NC_004102	NS5A:28V	aminoAcidSimplePolymorphism	NS5A:28V	single				phdr_ras:NS5A:28V	NS5A:28V	AL_6a	F/L28V	NS5A:28V:AL_6a:ombitasvir	category_II	II	2	1	81	0			NS5A:28V:AL_6a	ombitasvir	ombitasvir	drug_resistance
NS5A	1	28	V	REF_MASTER_NC_004102	NS5A:28V	aminoAcidSimplePolymorphism	NS5A:28V+30H+31V	combination	NS5A:28V+30H+31V	3	1	phdr_ras:NS5A:28V+30H+31V	NS5A:28V+30H+31V	AL_1a	M28V+Q30H+L31V	NS5A:28V+30H+31V:AL_1a:elbasvir	category_II	II	2	1	2429	0			NS5A:28V+30H+31V:AL_1a	elbasvir	elbasvir	drug_resistance
NS5A	1	28	V	REF_MASTER_NC_004102	NS5A:28V	aminoAcidSimplePolymorphism	NS5A:28V+30K	combination	NS5A:28V+30K	2	1	phdr_ras:NS5A:28V+30K	NS5A:28V+30K	AL_1a	M28V+Q30K	NS5A:28V+30K:AL_1a:ombitasvir	category_II	II	2	0		1	0	1	NS5A:28V+30K:AL_1a	ombitasvir	ombitasvir	drug_resistance
NS5A	1	28	V	REF_MASTER_NC_004102	NS5A:28V	aminoAcidSimplePolymorphism	NS5A:28V+30Q	combination	NS5A:28V+30Q	2	1	phdr_ras:NS5A:28V+30Q	NS5A:28V+30Q	AL_1b	L28V+R30Q	NS5A:28V+30Q:AL_1b:daclatasvir	category_II	II	2	0		1	1	0	NS5A:28V+30Q:AL_1b	daclatasvir	daclatasvir	drug_resistance
NS5A	1	28	V	REF_MASTER_NC_004102	NS5A:28V	aminoAcidSimplePolymorphism	NS5A:28V+30Q	combination	NS5A:28V+30Q	2	1	phdr_ras:NS5A:28V+30Q	NS5A:28V+30Q	AL_4	L/M28V+L/R30Q	NS5A:28V+30Q:AL_4:daclatasvir	category_II	II	2	0		1	1	0	NS5A:28V+30Q:AL_4	daclatasvir	daclatasvir	drug_resistance
NS5A	1	28	V	REF_MASTER_NC_004102	NS5A:28V	aminoAcidSimplePolymorphism	NS5A:28V+30R	combination	NS5A:28V+30R	2	1	phdr_ras:NS5A:28V+30R	NS5A:28V+30R	AL_1a	M28V+Q30R	NS5A:28V+30R:AL_1a:daclatasvir	category_II	II	2	1	350	0			NS5A:28V+30R:AL_1a	daclatasvir	daclatasvir	drug_resistance
NS5A	1	28	V	REF_MASTER_NC_004102	NS5A:28V	aminoAcidSimplePolymorphism	NS5A:28V+30R	combination	NS5A:28V+30R	2	1	phdr_ras:NS5A:28V+30R	NS5A:28V+30R	AL_1a	M28V+Q30R	NS5A:28V+30R:AL_1a:ombitasvir	category_II	II	2	0		1	1	0	NS5A:28V+30R:AL_1a	ombitasvir	ombitasvir	drug_resistance
NS5A	1	28	V	REF_MASTER_NC_004102	NS5A:28V	aminoAcidSimplePolymorphism	NS5A:28V+30R	combination	NS5A:28V+30R	2	1	phdr_ras:NS5A:28V+30R	NS5A:28V+30R	AL_1a	M28V+Q30R	NS5A:28V+30R:AL_1a:pibrentasvir	category_II	II	2	0		1	1	0	NS5A:28V+30R:AL_1a	pibrentasvir	pibrentasvir	drug_resistance
NS5A	1	28	V	REF_MASTER_NC_004102	NS5A:28V	aminoAcidSimplePolymorphism	NS5A:28V+30R	combination	NS5A:28V+30R	2	1	phdr_ras:NS5A:28V+30R	NS5A:28V+30R	AL_4r	M/V28V+R30R	NS5A:28V+30R:AL_4r:ledipasvir	category_I	I	1	0		1	1	1	NS5A:28V+30R:AL_4r	ledipasvir	ledipasvir	drug_resistance
NS5A	1	28	V	REF_MASTER_NC_004102	NS5A:28V	aminoAcidSimplePolymorphism	NS5A:28V+30R+31M	combination	NS5A:28V+30R+31M	3	1	phdr_ras:NS5A:28V+30R+31M	NS5A:28V+30R+31M	AL_1a	M28V+Q30R+L31M	NS5A:28V+30R+31M:AL_1a:pibrentasvir	category_II	II	2	0		1	1	0	NS5A:28V+30R+31M:AL_1a	pibrentasvir	pibrentasvir	drug_resistance
NS5A	1	28	V	REF_MASTER_NC_004102	NS5A:28V	aminoAcidSimplePolymorphism	NS5A:28V+30R+31M	combination	NS5A:28V+30R+31M	3	1	phdr_ras:NS5A:28V+30R+31M	NS5A:28V+30R+31M	AL_4r	M/V28V+R30R+L/M31M	NS5A:28V+30R+31M:AL_4r:daclatasvir	category_II	II	2	0		1	1	0	NS5A:28V+30R+31M:AL_4r	daclatasvir	daclatasvir	drug_resistance
NS5A	1	28	V	REF_MASTER_NC_004102	NS5A:28V	aminoAcidSimplePolymorphism	NS5A:28V+30R+31M	combination	NS5A:28V+30R+31M	3	1	phdr_ras:NS5A:28V+30R+31M	NS5A:28V+30R+31M	AL_4r	M/V28V+R30R+L/M31M	NS5A:28V+30R+31M:AL_4r:ledipasvir	category_I	I	1	0		1	1	1	NS5A:28V+30R+31M:AL_4r	ledipasvir	ledipasvir	drug_resistance
NS5A	1	28	V	REF_MASTER_NC_004102	NS5A:28V	aminoAcidSimplePolymorphism	NS5A:28V+30R+31M+93H	combination	NS5A:28V+30R+31M+93H	4	1	phdr_ras:NS5A:28V+30R+31M+93H	NS5A:28V+30R+31M+93H	AL_4r	M/V28V+R30R+L/M31M+Y93H	NS5A:28V+30R+31M+93H:AL_4r:ledipasvir	category_II	II	2	0		1	0	1	NS5A:28V+30R+31M+93H:AL_4r	ledipasvir	ledipasvir	drug_resistance
NS5A	1	28	V	REF_MASTER_NC_004102	NS5A:28V	aminoAcidSimplePolymorphism	NS5A:28V+30R+31M+93H	combination	NS5A:28V+30R+31M+93H	4	1	phdr_ras:NS5A:28V+30R+31M+93H	NS5A:28V+30R+31M+93H	AL_4r	M/V28V+R30R+L/M31M+Y93H	NS5A:28V+30R+31M+93H:AL_4r:velpatasvir	category_II	II	2	0		1	0	1	NS5A:28V+30R+31M+93H:AL_4r	velpatasvir	velpatasvir	drug_resistance
NS5A	1	28	V	REF_MASTER_NC_004102	NS5A:28V	aminoAcidSimplePolymorphism	NS5A:28V+30R+31V	combination	NS5A:28V+30R+31V	3	1	phdr_ras:NS5A:28V+30R+31V	NS5A:28V+30R+31V	AL_4r	M/V28V+R30R+L/M31V	NS5A:28V+30R+31V:AL_4r:ledipasvir	category_II	II	2	0		1	0	1	NS5A:28V+30R+31V:AL_4r	ledipasvir	ledipasvir	drug_resistance
NS5A	1	28	V	REF_MASTER_NC_004102	NS5A:28V	aminoAcidSimplePolymorphism	NS5A:28V+30S	combination	NS5A:28V+30S	2	1	phdr_ras:NS5A:28V+30S	NS5A:28V+30S	AL_6a	F/L28V+R30S	NS5A:28V+30S:AL_6a:ombitasvir	category_III	III	3	1	9.5	0			NS5A:28V+30S:AL_6a	ombitasvir	ombitasvir	drug_resistance
NS5A	1	28	V	REF_MASTER_NC_004102	NS5A:28V	aminoAcidSimplePolymorphism	NS5A:28V+30S+31M	combination	NS5A:28V+30S+31M	3	1	phdr_ras:NS5A:28V+30S+31M	NS5A:28V+30S+31M	AL_4r	M/V28V+R30S+L/M31M	NS5A:28V+30S+31M:AL_4r:daclatasvir	category_II	II	2	0		1	0	1	NS5A:28V+30S+31M:AL_4r	daclatasvir	daclatasvir	drug_resistance
NS5A	1	28	V	REF_MASTER_NC_004102	NS5A:28V	aminoAcidSimplePolymorphism	NS5A:28V+30S+93S	combination	NS5A:28V+30S+93S	3	1	phdr_ras:NS5A:28V+30S+93S	NS5A:28V+30S+93S	AL_6a	F/L28V+R30S+T93S	NS5A:28V+30S+93S:AL_6a:ombitasvir	category_II	II	2	1	174	0			NS5A:28V+30S+93S:AL_6a	ombitasvir	ombitasvir	drug_resistance
NS5A	1	28	V	REF_MASTER_NC_004102	NS5A:28V	aminoAcidSimplePolymorphism	NS5A:28V+30T	combination	NS5A:28V+30T	2	1	phdr_ras:NS5A:28V+30T	NS5A:28V+30T	AL_6a	F/L28V+R30T	NS5A:28V+30T:AL_6a:ombitasvir	insignificant	-	4	1	2.9	0			NS5A:28V+30T:AL_6a	ombitasvir	ombitasvir	drug_resistance
NS5A	1	28	V	REF_MASTER_NC_004102	NS5A:28V	aminoAcidSimplePolymorphism	NS5A:28V+31F	combination	NS5A:28V+31F	2	1	phdr_ras:NS5A:28V+31F	NS5A:28V+31F	AL_1b	L28V+L31F	NS5A:28V+31F:AL_1b:ombitasvir	category_II	II	2	1	2170	0			NS5A:28V+31F:AL_1b	ombitasvir	ombitasvir	drug_resistance
NS5A	1	28	V	REF_MASTER_NC_004102	NS5A:28V	aminoAcidSimplePolymorphism	NS5A:28V+58S	combination	NS5A:28V+58S	2	1	phdr_ras:NS5A:28V+58S	NS5A:28V+58S	AL_4d	L28V+P/T58S	NS5A:28V+58S:AL_4d:ombitasvir	category_II	II	2	1	760	0			NS5A:28V+58S:AL_4d	ombitasvir	ombitasvir	drug_resistance
NS5A	1	28	V	REF_MASTER_NC_004102	NS5A:28V	aminoAcidSimplePolymorphism	NS5A:28V+93H	combination	NS5A:28V+93H	2	1	phdr_ras:NS5A:28V+93H	NS5A:28V+93H	AL_3a	M28V+Y93H	NS5A:28V+93H:AL_3a:daclatasvir	category_II	II	2	1	279	0			NS5A:28V+93H:AL_3a	daclatasvir	daclatasvir	drug_resistance
NS5A	1	29	R	REF_MASTER_NC_004102	NS5A:29R	aminoAcidSimplePolymorphism	NS5A:29R	single				phdr_ras:NS5A:29R	NS5A:29R	AL_1a	P29R	NS5A:29R:AL_1a:pibrentasvir	category_II	II	2	0		1	0	1	NS5A:29R:AL_1a	pibrentasvir	pibrentasvir	drug_resistance
NS5A	1	29	S	REF_MASTER_NC_004102	NS5A:29S	aminoAcidSimplePolymorphism	NS5A:29S	single				phdr_ras:NS5A:29S	NS5A:29S	AL_1b	P29S	NS5A:29S:AL_1b:daclatasvir	category_II	II	2	0		1	0	1	NS5A:29S:AL_1b	daclatasvir	daclatasvir	drug_resistance
NS5A	1	29	S	REF_MASTER_NC_004102	NS5A:29S	aminoAcidSimplePolymorphism	NS5A:29S+30G	combination	NS5A:29S+30G	2	1	phdr_ras:NS5A:29S+30G	NS5A:29S+30G	AL_2a	P29S+K30G	NS5A:29S+30G:AL_2a:pibrentasvir	insignificant	-	4	1	2.3	0			NS5A:29S+30G:AL_2a	pibrentasvir	pibrentasvir	drug_resistance
NS5A	1	29	del	REF_MASTER_NC_004102	NS5A:29del	aminoAcidDeletion	NS5A:29del	single				phdr_ras:NS5A:29del	NS5A:29del	AL_1b	29del	NS5A:29del:AL_1b:daclatasvir	category_II	II	2	0		1	0	1	NS5A:29del:AL_1b	daclatasvir	daclatasvir	drug_resistance
NS5A	1	30	A	REF_MASTER_NC_004102	NS5A:30A	aminoAcidSimplePolymorphism	NS5A:30A	single				phdr_ras:NS5A:30A	NS5A:30A	AL_4a	L30A	NS5A:30A:AL_4a:daclatasvir	category_II	II	2	1	505	0			NS5A:30A:AL_4a	daclatasvir	daclatasvir	drug_resistance
NS5A	1	30	D	REF_MASTER_NC_004102	NS5A:30D	aminoAcidSimplePolymorphism	NS5A:30D	single				phdr_ras:NS5A:30D	NS5A:30D	AL_1a	Q30D	NS5A:30D:AL_1a:daclatasvir	category_II	II	2	1	33333	0			NS5A:30D:AL_1a	daclatasvir	daclatasvir	drug_resistance
NS5A	1	30	D	REF_MASTER_NC_004102	NS5A:30D	aminoAcidSimplePolymorphism	NS5A:30D	single				phdr_ras:NS5A:30D	NS5A:30D	AL_1a	Q30D	NS5A:30D:AL_1a:elbasvir	category_II	II	2	1	925	0			NS5A:30D:AL_1a	elbasvir	elbasvir	drug_resistance
NS5A	1	30	D	REF_MASTER_NC_004102	NS5A:30D	aminoAcidSimplePolymorphism	NS5A:30D	single				phdr_ras:NS5A:30D	NS5A:30D	AL_1a	Q30D	NS5A:30D:AL_1a:pibrentasvir	category_II	II	2	1	94	0			NS5A:30D:AL_1a	pibrentasvir	pibrentasvir	drug_resistance
NS5A	1	30	D	REF_MASTER_NC_004102	NS5A:30D	aminoAcidSimplePolymorphism	NS5A:30D+93N	combination	NS5A:30D+93N	2	1	phdr_ras:NS5A:30D+93N	NS5A:30D+93N	AL_1a	Q30D+Y93N	NS5A:30D+93N:AL_1a:elbasvir	category_II	II	2	1	21600	0			NS5A:30D+93N:AL_1a	elbasvir	elbasvir	drug_resistance
NS5A	1	30	E	REF_MASTER_NC_004102	NS5A:30E	aminoAcidSimplePolymorphism	NS5A:30E	single				phdr_ras:NS5A:30E	NS5A:30E	AL_1a	Q30E	NS5A:30E:AL_1a:daclatasvir	category_I	I	1	1	25205	1	1	1	NS5A:30E:AL_1a	daclatasvir	daclatasvir	drug_resistance
NS5A	1	30	E	REF_MASTER_NC_004102	NS5A:30E	aminoAcidSimplePolymorphism	NS5A:30E	single				phdr_ras:NS5A:30E	NS5A:30E	AL_1a	Q30E	NS5A:30E:AL_1a:elbasvir	category_II	II	2	1	56	0			NS5A:30E:AL_1a	elbasvir	elbasvir	drug_resistance
NS5A	1	30	E	REF_MASTER_NC_004102	NS5A:30E	aminoAcidSimplePolymorphism	NS5A:30E	single				phdr_ras:NS5A:30E	NS5A:30E	AL_1a	Q30E	NS5A:30E:AL_1a:ledipasvir	category_I	I	1	1	5457.6	1	0	1	NS5A:30E:AL_1a	ledipasvir	ledipasvir	drug_resistance
NS5A	1	30	E	REF_MASTER_NC_004102	NS5A:30E	aminoAcidSimplePolymorphism	NS5A:30E	single				phdr_ras:NS5A:30E	NS5A:30E	AL_1a	Q30E	NS5A:30E:AL_1a:ombitasvir	category_II	II	2	0		1	1	0	NS5A:30E:AL_1a	ombitasvir	ombitasvir	drug_resistance
NS5A	1	30	E	REF_MASTER_NC_004102	NS5A:30E	aminoAcidSimplePolymorphism	NS5A:30E	single				phdr_ras:NS5A:30E	NS5A:30E	AL_1a	Q30E	NS5A:30E:AL_1a:pibrentasvir	category_II	II	2	1	2.4	1	1	0	NS5A:30E:AL_1a	pibrentasvir	pibrentasvir	drug_resistance
NS5A	1	30	E	REF_MASTER_NC_004102	NS5A:30E	aminoAcidSimplePolymorphism	NS5A:30E	single				phdr_ras:NS5A:30E	NS5A:30E	AL_1a	Q30E	NS5A:30E:AL_1a:velpatasvir	category_III	III	3	1	37.3	0			NS5A:30E:AL_1a	velpatasvir	velpatasvir	drug_resistance
NS5A	1	30	E	REF_MASTER_NC_004102	NS5A:30E	aminoAcidSimplePolymorphism	NS5A:30E	single				phdr_ras:NS5A:30E	NS5A:30E	AL_1b	R30E	NS5A:30E:AL_1b:daclatasvir	category_I	I	1	1	6	1	0	1	NS5A:30E:AL_1b	daclatasvir	daclatasvir	drug_resistance
NS5A	1	30	E	REF_MASTER_NC_004102	NS5A:30E	aminoAcidSimplePolymorphism	NS5A:30E+62Q	combination	NS5A:30E+62Q	2	1	phdr_ras:NS5A:30E+62Q	NS5A:30E+62Q	AL_1a	Q30E+E62Q	NS5A:30E+62Q:AL_1a:daclatasvir	category_II	II	2	0		1	0	1	NS5A:30E+62Q:AL_1a	daclatasvir	daclatasvir	drug_resistance
NS5A	1	30	E	REF_MASTER_NC_004102	NS5A:30E	aminoAcidSimplePolymorphism	NS5A:30E+92R	combination	NS5A:30E+92R	2	1	phdr_ras:NS5A:30E+92R	NS5A:30E+92R	AL_2a	K30E+C92R	NS5A:30E+92R:AL_2a:daclatasvir	category_II	II	2	1	440	0			NS5A:30E+92R:AL_2a	daclatasvir	daclatasvir	drug_resistance
NS5A	1	30	E	REF_MASTER_NC_004102	NS5A:30E	aminoAcidSimplePolymorphism	NS5A:30E+93C	combination	NS5A:30E+93C	2	1	phdr_ras:NS5A:30E+93C	NS5A:30E+93C	AL_1a	Q30E+Y93C	NS5A:30E+93C:AL_1a:ledipasvir	category_II	II	2	0		1	0	1	NS5A:30E+93C:AL_1a	ledipasvir	ledipasvir	drug_resistance
NS5A	1	30	E	REF_MASTER_NC_004102	NS5A:30E	aminoAcidSimplePolymorphism	NS5A:30E+93H	combination	NS5A:30E+93H	2	1	phdr_ras:NS5A:30E+93H	NS5A:30E+93H	AL_1a	Q30E+Y93H	NS5A:30E+93H:AL_1a:daclatasvir	category_II	II	2	1	67267	0			NS5A:30E+93H:AL_1a	daclatasvir	daclatasvir	drug_resistance
NS5A	1	30	E	REF_MASTER_NC_004102	NS5A:30E	aminoAcidSimplePolymorphism	NS5A:30E+93H	combination	NS5A:30E+93H	2	1	phdr_ras:NS5A:30E+93H	NS5A:30E+93H	AL_1a	Q30E+Y93H	NS5A:30E+93H:AL_1a:ledipasvir	category_II	II	2	0		1	0	1	NS5A:30E+93H:AL_1a	ledipasvir	ledipasvir	drug_resistance
NS5A	1	30	E	REF_MASTER_NC_004102	NS5A:30E	aminoAcidSimplePolymorphism	NS5A:30E+93N	combination	NS5A:30E+93N	2	1	phdr_ras:NS5A:30E+93N	NS5A:30E+93N	AL_1b	R30E+Y93N	NS5A:30E+93N:AL_1b:daclatasvir	category_II	II	2	0		1	0	1	NS5A:30E+93N:AL_1b	daclatasvir	daclatasvir	drug_resistance
NS5A	1	30	F	REF_MASTER_NC_004102	NS5A:30F	aminoAcidSimplePolymorphism	NS5A:30F	single				phdr_ras:NS5A:30F	NS5A:30F	AL_4	L/R30F	NS5A:30F:AL_4:elbasvir	category_III	III	3	1	15	0			NS5A:30F:AL_4	elbasvir	elbasvir	drug_resistance
NS5A	1	30	G	REF_MASTER_NC_004102	NS5A:30G	aminoAcidSimplePolymorphism	NS5A:24R+30G	combination	NS5A:24R+30G	2	2	phdr_ras:NS5A:24R+30G	NS5A:24R+30G	AL_7a	K24R+S30G	NS5A:24R+30G:AL_7a:daclatasvir	category_II	II	2	1	539.5	0			NS5A:24R+30G:AL_7a	daclatasvir	daclatasvir	drug_resistance
NS5A	1	30	G	REF_MASTER_NC_004102	NS5A:30G	aminoAcidSimplePolymorphism	NS5A:24R+30G	combination	NS5A:24R+30G	2	2	phdr_ras:NS5A:24R+30G	NS5A:24R+30G	AL_7a	K24R+S30G	NS5A:24R+30G:AL_7a:elbasvir	category_II	II	2	1	539.5	0			NS5A:24R+30G:AL_7a	elbasvir	elbasvir	drug_resistance
NS5A	1	30	G	REF_MASTER_NC_004102	NS5A:30G	aminoAcidSimplePolymorphism	NS5A:29S+30G	combination	NS5A:29S+30G	2	2	phdr_ras:NS5A:29S+30G	NS5A:29S+30G	AL_2a	P29S+K30G	NS5A:29S+30G:AL_2a:pibrentasvir	insignificant	-	4	1	2.3	0			NS5A:29S+30G:AL_2a	pibrentasvir	pibrentasvir	drug_resistance
NS5A	1	30	G	REF_MASTER_NC_004102	NS5A:30G	aminoAcidSimplePolymorphism	NS5A:30G	single				phdr_ras:NS5A:30G	NS5A:30G	AL_1a	Q30G	NS5A:30G:AL_1a:daclatasvir	category_II	II	2	1	8500	0			NS5A:30G:AL_1a	daclatasvir	daclatasvir	drug_resistance
NS5A	1	30	G	REF_MASTER_NC_004102	NS5A:30G	aminoAcidSimplePolymorphism	NS5A:30G	single				phdr_ras:NS5A:30G	NS5A:30G	AL_1a	Q30G	NS5A:30G:AL_1a:elbasvir	category_II	II	2	1	84	0			NS5A:30G:AL_1a	elbasvir	elbasvir	drug_resistance
NS5A	1	30	G	REF_MASTER_NC_004102	NS5A:30G	aminoAcidSimplePolymorphism	NS5A:30G	single				phdr_ras:NS5A:30G	NS5A:30G	AL_1a	Q30G	NS5A:30G:AL_1a:ledipasvir	category_II	II	2	1	1567.5	0			NS5A:30G:AL_1a	ledipasvir	ledipasvir	drug_resistance
NS5A	1	30	G	REF_MASTER_NC_004102	NS5A:30G	aminoAcidSimplePolymorphism	NS5A:30G	single				phdr_ras:NS5A:30G	NS5A:30G	AL_1a	Q30G	NS5A:30G:AL_1a:ombitasvir	category_II	II	2	0		1	0	1	NS5A:30G:AL_1a	ombitasvir	ombitasvir	drug_resistance
NS5A	1	30	G	REF_MASTER_NC_004102	NS5A:30G	aminoAcidSimplePolymorphism	NS5A:30G	single				phdr_ras:NS5A:30G	NS5A:30G	AL_1a	Q30G	NS5A:30G:AL_1a:pibrentasvir	category_II	II	2	0		1	1	0	NS5A:30G:AL_1a	pibrentasvir	pibrentasvir	drug_resistance
NS5A	1	30	G	REF_MASTER_NC_004102	NS5A:30G	aminoAcidSimplePolymorphism	NS5A:30G	single				phdr_ras:NS5A:30G	NS5A:30G	AL_1b	R30G	NS5A:30G:AL_1b:daclatasvir	category_I	I	1	0		1	1	1	NS5A:30G:AL_1b	daclatasvir	daclatasvir	drug_resistance
NS5A	1	30	G	REF_MASTER_NC_004102	NS5A:30G	aminoAcidSimplePolymorphism	NS5A:30G	single				phdr_ras:NS5A:30G	NS5A:30G	AL_3	A30G	NS5A:30G:AL_3:pibrentasvir	category_II	II	2	0		1	0	1	NS5A:30G:AL_3	pibrentasvir	pibrentasvir	drug_resistance
NS5A	1	30	G	REF_MASTER_NC_004102	NS5A:30G	aminoAcidSimplePolymorphism	NS5A:30G	single				phdr_ras:NS5A:30G	NS5A:30G	AL_4a	L30G	NS5A:30G:AL_4a:daclatasvir	category_II	II	2	1	2017	0			NS5A:30G:AL_4a	daclatasvir	daclatasvir	drug_resistance
NS5A	1	30	G	REF_MASTER_NC_004102	NS5A:30G	aminoAcidSimplePolymorphism	NS5A:30G	single				phdr_ras:NS5A:30G	NS5A:30G	AL_7a	S30G	NS5A:30G:AL_7a:daclatasvir	category_III	III	3	1	41.5	0			NS5A:30G:AL_7a	daclatasvir	daclatasvir	drug_resistance
NS5A	1	30	G	REF_MASTER_NC_004102	NS5A:30G	aminoAcidSimplePolymorphism	NS5A:30G+31I	combination	NS5A:30G+31I	2	1	phdr_ras:NS5A:30G+31I	NS5A:30G+31I	AL_1b	R30G+L31I	NS5A:30G+31I:AL_1b:daclatasvir	category_II	II	2	0		1	0	1	NS5A:30G+31I:AL_1b	daclatasvir	daclatasvir	drug_resistance
NS5A	1	30	G	REF_MASTER_NC_004102	NS5A:30G	aminoAcidSimplePolymorphism	NS5A:30G+93H	combination	NS5A:30G+93H	2	1	phdr_ras:NS5A:30G+93H	NS5A:30G+93H	AL_3	A30G+Y93H	NS5A:30G+93H:AL_3:elbasvir	category_II	II	2	0		1	0	1	NS5A:30G+93H:AL_3	elbasvir	elbasvir	drug_resistance
NS5A	1	30	H	REF_MASTER_NC_004102	NS5A:30H	aminoAcidSimplePolymorphism	NS5A:24K+28M+30H+92T	combination	NS5A:24K+28M+30H+92T	4	3	phdr_ras:NS5A:24K+28M+30H+92T	NS5A:24K+28M+30H+92T	AL_1b	Q24K+L28M+R30H+A92T	NS5A:24K+28M+30H+92T:AL_1b:daclatasvir	category_II	II	2	0		1	1	0	NS5A:24K+28M+30H+92T:AL_1b	daclatasvir	daclatasvir	drug_resistance
NS5A	1	30	H	REF_MASTER_NC_004102	NS5A:30H	aminoAcidSimplePolymorphism	NS5A:28A+30H	combination	NS5A:28A+30H	2	2	phdr_ras:NS5A:28A+30H	NS5A:28A+30H	AL_1a	M28A+Q30H	NS5A:28A+30H:AL_1a:ledipasvir	category_II	II	2	0		1	0	1	NS5A:28A+30H:AL_1a	ledipasvir	ledipasvir	drug_resistance
NS5A	1	30	H	REF_MASTER_NC_004102	NS5A:30H	aminoAcidSimplePolymorphism	NS5A:28L+30H	combination	NS5A:28L+30H	2	2	phdr_ras:NS5A:28L+30H	NS5A:28L+30H	AL_4a	L/M28L+L30H	NS5A:28L+30H:AL_4a:daclatasvir	category_II	II	2	1	64	0			NS5A:28L+30H:AL_4a	daclatasvir	daclatasvir	drug_resistance
NS5A	1	30	H	REF_MASTER_NC_004102	NS5A:30H	aminoAcidSimplePolymorphism	NS5A:28M+30H	combination	NS5A:28M+30H	2	2	phdr_ras:NS5A:28M+30H	NS5A:28M+30H	AL_4g	L28M+L/R30H	NS5A:28M+30H:AL_4g:elbasvir	category_II	II	2	0		1	1	0	NS5A:28M+30H:AL_4g	elbasvir	elbasvir	drug_resistance
NS5A	1	30	H	REF_MASTER_NC_004102	NS5A:30H	aminoAcidSimplePolymorphism	NS5A:28T+30H	combination	NS5A:28T+30H	2	2	phdr_ras:NS5A:28T+30H	NS5A:28T+30H	AL_1a	M28T+Q30H	NS5A:28T+30H:AL_1a:daclatasvir	category_II	II	2	1	103767	0			NS5A:28T+30H:AL_1a	daclatasvir	daclatasvir	drug_resistance
NS5A	1	30	H	REF_MASTER_NC_004102	NS5A:30H	aminoAcidSimplePolymorphism	NS5A:28T+30H	combination	NS5A:28T+30H	2	2	phdr_ras:NS5A:28T+30H	NS5A:28T+30H	AL_1a	M28T+Q30H	NS5A:28T+30H:AL_1a:elbasvir	category_II	II	2	1	2286	0			NS5A:28T+30H:AL_1a	elbasvir	elbasvir	drug_resistance
NS5A	1	30	H	REF_MASTER_NC_004102	NS5A:30H	aminoAcidSimplePolymorphism	NS5A:28T+30H	combination	NS5A:28T+30H	2	2	phdr_ras:NS5A:28T+30H	NS5A:28T+30H	AL_4r	M/V28T+R30H	NS5A:28T+30H:AL_4r:ledipasvir	category_II	II	2	0		1	0	1	NS5A:28T+30H:AL_4r	ledipasvir	ledipasvir	drug_resistance
NS5A	1	30	H	REF_MASTER_NC_004102	NS5A:30H	aminoAcidSimplePolymorphism	NS5A:28T+30H+31V	combination	NS5A:28T+30H+31V	3	2	phdr_ras:NS5A:28T+30H+31V	NS5A:28T+30H+31V	AL_1a	M28T+Q30H+L31V	NS5A:28T+30H+31V:AL_1a:elbasvir	category_II	II	2	1	56000	0			NS5A:28T+30H+31V:AL_1a	elbasvir	elbasvir	drug_resistance
NS5A	1	30	H	REF_MASTER_NC_004102	NS5A:30H	aminoAcidSimplePolymorphism	NS5A:28T+30H+58D	combination	NS5A:28T+30H+58D	3	2	phdr_ras:NS5A:28T+30H+58D	NS5A:28T+30H+58D	AL_1a	M28T+Q30H+H58D	NS5A:28T+30H+58D:AL_1a:elbasvir	category_II	II	2	0		1	0	1	NS5A:28T+30H+58D:AL_1a	elbasvir	elbasvir	drug_resistance
NS5A	1	30	H	REF_MASTER_NC_004102	NS5A:30H	aminoAcidSimplePolymorphism	NS5A:28T+30H+93H	combination	NS5A:28T+30H+93H	3	2	phdr_ras:NS5A:28T+30H+93H	NS5A:28T+30H+93H	AL_1a	M28T+Q30H+Y93H	NS5A:28T+30H+93H:AL_1a:elbasvir	category_II	II	2	0		1	0	1	NS5A:28T+30H+93H:AL_1a	elbasvir	elbasvir	drug_resistance
NS5A	1	30	H	REF_MASTER_NC_004102	NS5A:30H	aminoAcidSimplePolymorphism	NS5A:28V+30H+31V	combination	NS5A:28V+30H+31V	3	2	phdr_ras:NS5A:28V+30H+31V	NS5A:28V+30H+31V	AL_1a	M28V+Q30H+L31V	NS5A:28V+30H+31V:AL_1a:elbasvir	category_II	II	2	1	2429	0			NS5A:28V+30H+31V:AL_1a	elbasvir	elbasvir	drug_resistance
NS5A	1	30	H	REF_MASTER_NC_004102	NS5A:30H	aminoAcidSimplePolymorphism	NS5A:30H	single				phdr_ras:NS5A:30H	NS5A:30H	AL_1a	Q30H	NS5A:30H:AL_1a:daclatasvir	category_I	I	1	1	1477	1	0	1	NS5A:30H:AL_1a	daclatasvir	daclatasvir	drug_resistance
NS5A	1	30	H	REF_MASTER_NC_004102	NS5A:30H	aminoAcidSimplePolymorphism	NS5A:30H	single				phdr_ras:NS5A:30H	NS5A:30H	AL_1a	Q30H	NS5A:30H:AL_1a:elbasvir	category_I	I	1	1	41.5	1	1	0	NS5A:30H:AL_1a	elbasvir	elbasvir	drug_resistance
NS5A	1	30	H	REF_MASTER_NC_004102	NS5A:30H	aminoAcidSimplePolymorphism	NS5A:30H	single				phdr_ras:NS5A:30H	NS5A:30H	AL_1a	Q30H	NS5A:30H:AL_1a:ledipasvir	category_I	I	1	1	183.2	1	1	1	NS5A:30H:AL_1a	ledipasvir	ledipasvir	drug_resistance
NS5A	1	30	H	REF_MASTER_NC_004102	NS5A:30H	aminoAcidSimplePolymorphism	NS5A:30H	single				phdr_ras:NS5A:30H	NS5A:30H	AL_1a	Q30H	NS5A:30H:AL_1a:ombitasvir	category_I	I	1	1	100	1	0	1	NS5A:30H:AL_1a	ombitasvir	ombitasvir	drug_resistance
NS5A	1	30	H	REF_MASTER_NC_004102	NS5A:30H	aminoAcidSimplePolymorphism	NS5A:30H	single				phdr_ras:NS5A:30H	NS5A:30H	AL_1a	Q30H	NS5A:30H:AL_1a:velpatasvir	insignificant	-	4	1	2.3	0			NS5A:30H:AL_1a	velpatasvir	velpatasvir	drug_resistance
NS5A	1	30	H	REF_MASTER_NC_004102	NS5A:30H	aminoAcidSimplePolymorphism	NS5A:30H	single				phdr_ras:NS5A:30H	NS5A:30H	AL_1b	R30H	NS5A:30H:AL_1b:daclatasvir	category_I	I	1	0		1	1	1	NS5A:30H:AL_1b	daclatasvir	daclatasvir	drug_resistance
NS5A	1	30	H	REF_MASTER_NC_004102	NS5A:30H	aminoAcidSimplePolymorphism	NS5A:30H	single				phdr_ras:NS5A:30H	NS5A:30H	AL_4a	L30H	NS5A:30H:AL_4a:daclatasvir	category_II	II	2	1	1215	0			NS5A:30H:AL_4a	daclatasvir	daclatasvir	drug_resistance
NS5A	1	30	H	REF_MASTER_NC_004102	NS5A:30H	aminoAcidSimplePolymorphism	NS5A:30H	single				phdr_ras:NS5A:30H	NS5A:30H	AL_4a	L30H	NS5A:30H:AL_4a:elbasvir	category_III	III	3	1	41.5	0			NS5A:30H:AL_4a	elbasvir	elbasvir	drug_resistance
NS5A	1	30	H	REF_MASTER_NC_004102	NS5A:30H	aminoAcidSimplePolymorphism	NS5A:30H	single				phdr_ras:NS5A:30H	NS5A:30H	AL_6a	R30H	NS5A:30H:AL_6a:daclatasvir	category_III	III	3	1	41.5	0			NS5A:30H:AL_6a	daclatasvir	daclatasvir	drug_resistance
NS5A	1	30	H	REF_MASTER_NC_004102	NS5A:30H	aminoAcidSimplePolymorphism	NS5A:30H+31M	combination	NS5A:30H+31M	2	1	phdr_ras:NS5A:30H+31M	NS5A:30H+31M	AL_1a	Q30H+L31M	NS5A:30H+31M:AL_1a:ledipasvir	category_I	I	1	1	14869.5	1	0	1	NS5A:30H+31M:AL_1a	ledipasvir	ledipasvir	drug_resistance
NS5A	1	30	H	REF_MASTER_NC_004102	NS5A:30H	aminoAcidSimplePolymorphism	NS5A:30H+31M	combination	NS5A:30H+31M	2	1	phdr_ras:NS5A:30H+31M	NS5A:30H+31M	AL_1a	Q30H+L31M	NS5A:30H+31M:AL_1a:velpatasvir	category_II	II	2	1	105.7	0			NS5A:30H+31M:AL_1a	velpatasvir	velpatasvir	drug_resistance
NS5A	1	30	H	REF_MASTER_NC_004102	NS5A:30H	aminoAcidSimplePolymorphism	NS5A:30H+31M	combination	NS5A:30H+31M	2	1	phdr_ras:NS5A:30H+31M	NS5A:30H+31M	AL_1b	R30H+L31M	NS5A:30H+31M:AL_1b:daclatasvir	category_II	II	2	1	240	0			NS5A:30H+31M:AL_1b	daclatasvir	daclatasvir	drug_resistance
NS5A	1	30	H	REF_MASTER_NC_004102	NS5A:30H	aminoAcidSimplePolymorphism	NS5A:30H+31V	combination	NS5A:30H+31V	2	1	phdr_ras:NS5A:30H+31V	NS5A:30H+31V	AL_1a	Q30H+L31V	NS5A:30H+31V:AL_1a:elbasvir	category_II	II	2	1	1429	0			NS5A:30H+31V:AL_1a	elbasvir	elbasvir	drug_resistance
NS5A	1	30	H	REF_MASTER_NC_004102	NS5A:30H	aminoAcidSimplePolymorphism	NS5A:30H+68R	combination	NS5A:30H+68R	2	1	phdr_ras:NS5A:30H+68R	NS5A:30H+68R	AL_1a	Q30H+K68R	NS5A:30H+68R:AL_1a:daclatasvir	category_II	II	2	1	1155.5	0			NS5A:30H+68R:AL_1a	daclatasvir	daclatasvir	drug_resistance
NS5A	1	30	H	REF_MASTER_NC_004102	NS5A:30H	aminoAcidSimplePolymorphism	NS5A:30H+93H	combination	NS5A:30H+93H	2	1	phdr_ras:NS5A:30H+93H	NS5A:30H+93H	AL_1a	Q30H+Y93H	NS5A:30H+93H:AL_1a:daclatasvir	category_II	II	2	1	93136	0			NS5A:30H+93H:AL_1a	daclatasvir	daclatasvir	drug_resistance
NS5A	1	30	H	REF_MASTER_NC_004102	NS5A:30H	aminoAcidSimplePolymorphism	NS5A:30H+93H	combination	NS5A:30H+93H	2	1	phdr_ras:NS5A:30H+93H	NS5A:30H+93H	AL_1a	Q30H+Y93H	NS5A:30H+93H:AL_1a:elbasvir	category_I	I	1	0		1	1	1	NS5A:30H+93H:AL_1a	elbasvir	elbasvir	drug_resistance
NS5A	1	30	H	REF_MASTER_NC_004102	NS5A:30H	aminoAcidSimplePolymorphism	NS5A:30H+93H	combination	NS5A:30H+93H	2	1	phdr_ras:NS5A:30H+93H	NS5A:30H+93H	AL_1a	Q30H+Y93H	NS5A:30H+93H:AL_1a:ledipasvir	category_I	I	1	1	34960.9	1	1	1	NS5A:30H+93H:AL_1a	ledipasvir	ledipasvir	drug_resistance
NS5A	1	30	H	REF_MASTER_NC_004102	NS5A:30H	aminoAcidSimplePolymorphism	NS5A:30H+93H	combination	NS5A:30H+93H	2	1	phdr_ras:NS5A:30H+93H	NS5A:30H+93H	AL_1a	Q30H+Y93H	NS5A:30H+93H:AL_1a:pibrentasvir	category_II	II	2	0		1	1	0	NS5A:30H+93H:AL_1a	pibrentasvir	pibrentasvir	drug_resistance
NS5A	1	30	H	REF_MASTER_NC_004102	NS5A:30H	aminoAcidSimplePolymorphism	NS5A:30H+93H	combination	NS5A:30H+93H	2	1	phdr_ras:NS5A:30H+93H	NS5A:30H+93H	AL_1a	Q30H+Y93H	NS5A:30H+93H:AL_1a:velpatasvir	category_I	I	1	1	2835	1	1	0	NS5A:30H+93H:AL_1a	velpatasvir	velpatasvir	drug_resistance
NS5A	1	30	H	REF_MASTER_NC_004102	NS5A:30H	aminoAcidSimplePolymorphism	NS5A:30H+93H	combination	NS5A:30H+93H	2	1	phdr_ras:NS5A:30H+93H	NS5A:30H+93H	AL_1b	R30H+Y93H	NS5A:30H+93H:AL_1b:daclatasvir	category_II	II	2	0		1	0	1	NS5A:30H+93H:AL_1b	daclatasvir	daclatasvir	drug_resistance
NS5A	1	30	H	REF_MASTER_NC_004102	NS5A:30H	aminoAcidSimplePolymorphism	NS5A:8A+30H	combination	NS5A:8A+30H	2	2	phdr_ras:NS5A:8A+30H	NS5A:8A+30H	AL_4a	V8A+L30H	NS5A:8A+30H:AL_4a:daclatasvir	category_II	II	2	1	539.5	0			NS5A:8A+30H:AL_4a	daclatasvir	daclatasvir	drug_resistance
NS5A	1	30	I	REF_MASTER_NC_004102	NS5A:30I	aminoAcidSimplePolymorphism	NS5A:30I	single				phdr_ras:NS5A:30I	NS5A:30I															drug_resistance
NS5A	1	30	I	REF_MASTER_NC_004102	NS5A:30I	aminoAcidSimplePolymorphism	NS5A:30I+93R	combination	NS5A:30I+93R	2	1	phdr_ras:NS5A:30I+93R	NS5A:30I+93R	AL_4a	L30I+Y93R	NS5A:30I+93R:AL_4a:daclatasvir	category_II	II	2	1	9100	0			NS5A:30I+93R:AL_4a	daclatasvir	daclatasvir	drug_resistance
NS5A	1	30	K	REF_MASTER_NC_004102	NS5A:30K	aminoAcidSimplePolymorphism	NS5A:24F+28K+30K	combination	NS5A:24F+28K+30K	3	3	phdr_ras:NS5A:24F+28K+30K	NS5A:24F+28K+30K	AL_3a	S24F+M28K+A30K	NS5A:24F+28K+30K:AL_3a:pibrentasvir	category_II	II	2	1	5000	0			NS5A:24F+28K+30K:AL_3a	pibrentasvir	pibrentasvir	drug_resistance
NS5A	1	30	K	REF_MASTER_NC_004102	NS5A:30K	aminoAcidSimplePolymorphism	NS5A:24R+30K	combination	NS5A:24R+30K	2	2	phdr_ras:NS5A:24R+30K	NS5A:24R+30K	AL_1a	K24R+Q30K	NS5A:24R+30K:AL_1a:pibrentasvir	category_II	II	2	0		1	0	1	NS5A:24R+30K:AL_1a	pibrentasvir	pibrentasvir	drug_resistance
NS5A	1	30	K	REF_MASTER_NC_004102	NS5A:30K	aminoAcidSimplePolymorphism	NS5A:24R+30K+93H	combination	NS5A:24R+30K+93H	3	2	phdr_ras:NS5A:24R+30K+93H	NS5A:24R+30K+93H															drug_resistance
NS5A	1	30	K	REF_MASTER_NC_004102	NS5A:30K	aminoAcidSimplePolymorphism	NS5A:28A+30K	combination	NS5A:28A+30K	2	2	phdr_ras:NS5A:28A+30K	NS5A:28A+30K	AL_1a	M28A+Q30K	NS5A:28A+30K:AL_1a:daclatasvir	category_II	II	2	0		1	0	1	NS5A:28A+30K:AL_1a	daclatasvir	daclatasvir	drug_resistance
NS5A	1	30	K	REF_MASTER_NC_004102	NS5A:30K	aminoAcidSimplePolymorphism	NS5A:28V+30K	combination	NS5A:28V+30K	2	2	phdr_ras:NS5A:28V+30K	NS5A:28V+30K	AL_1a	M28V+Q30K	NS5A:28V+30K:AL_1a:ombitasvir	category_II	II	2	0		1	0	1	NS5A:28V+30K:AL_1a	ombitasvir	ombitasvir	drug_resistance
NS5A	1	30	K	REF_MASTER_NC_004102	NS5A:30K	aminoAcidSimplePolymorphism	NS5A:30K	single				phdr_ras:NS5A:30K	NS5A:30K	AL_1a	Q30K	NS5A:30K:AL_1a:daclatasvir	category_I	I	1	1	24545	1	1	0	NS5A:30K:AL_1a	daclatasvir	daclatasvir	drug_resistance
NS5A	1	30	K	REF_MASTER_NC_004102	NS5A:30K	aminoAcidSimplePolymorphism	NS5A:30K	single				phdr_ras:NS5A:30K	NS5A:30K	AL_1a	Q30K	NS5A:30K:AL_1a:elbasvir	category_I	I	1	1	41.5	1	0	1	NS5A:30K:AL_1a	elbasvir	elbasvir	drug_resistance
NS5A	1	30	K	REF_MASTER_NC_004102	NS5A:30K	aminoAcidSimplePolymorphism	NS5A:30K	single				phdr_ras:NS5A:30K	NS5A:30K	AL_1a	Q30K	NS5A:30K:AL_1a:ledipasvir	category_I	I	1	1	1550.7	1	0	1	NS5A:30K:AL_1a	ledipasvir	ledipasvir	drug_resistance
NS5A	1	30	K	REF_MASTER_NC_004102	NS5A:30K	aminoAcidSimplePolymorphism	NS5A:30K	single				phdr_ras:NS5A:30K	NS5A:30K	AL_1a	Q30K	NS5A:30K:AL_1a:pibrentasvir	category_I	I	1	0		1	1	1	NS5A:30K:AL_1a	pibrentasvir	pibrentasvir	drug_resistance
NS5A	1	30	K	REF_MASTER_NC_004102	NS5A:30K	aminoAcidSimplePolymorphism	NS5A:30K	single				phdr_ras:NS5A:30K	NS5A:30K	AL_1a	Q30K	NS5A:30K:AL_1a:velpatasvir	category_III	III	3	1	41.5	0			NS5A:30K:AL_1a	velpatasvir	velpatasvir	drug_resistance
NS5A	1	30	K	REF_MASTER_NC_004102	NS5A:30K	aminoAcidSimplePolymorphism	NS5A:30K	single				phdr_ras:NS5A:30K	NS5A:30K	AL_3	A30K	NS5A:30K:AL_3:elbasvir	category_II	II	2	0		1	1	0	NS5A:30K:AL_3	elbasvir	elbasvir	drug_resistance
NS5A	1	30	K	REF_MASTER_NC_004102	NS5A:30K	aminoAcidSimplePolymorphism	NS5A:30K	single				phdr_ras:NS5A:30K	NS5A:30K	AL_3	A30K	NS5A:30K:AL_3:pibrentasvir	category_I	I	1	0		1	1	1	NS5A:30K:AL_3	pibrentasvir	pibrentasvir	drug_resistance
NS5A	1	30	K	REF_MASTER_NC_004102	NS5A:30K	aminoAcidSimplePolymorphism	NS5A:30K	single				phdr_ras:NS5A:30K	NS5A:30K	AL_3a	A30K	NS5A:30K:AL_3a:daclatasvir	category_I	I	1	1	58.7	1	1	1	NS5A:30K:AL_3a	daclatasvir	daclatasvir	drug_resistance
NS5A	1	30	K	REF_MASTER_NC_004102	NS5A:30K	aminoAcidSimplePolymorphism	NS5A:30K	single				phdr_ras:NS5A:30K	NS5A:30K	AL_3a	A30K	NS5A:30K:AL_3a:elbasvir	category_II	II	2	1	50	0			NS5A:30K:AL_3a	elbasvir	elbasvir	drug_resistance
NS5A	1	30	K	REF_MASTER_NC_004102	NS5A:30K	aminoAcidSimplePolymorphism	NS5A:30K	single				phdr_ras:NS5A:30K	NS5A:30K	AL_3a	A30K	NS5A:30K:AL_3a:pibrentasvir	category_II	II	2	0		1	1	0	NS5A:30K:AL_3a	pibrentasvir	pibrentasvir	drug_resistance
NS5A	1	30	K	REF_MASTER_NC_004102	NS5A:30K	aminoAcidSimplePolymorphism	NS5A:30K	single				phdr_ras:NS5A:30K	NS5A:30K	AL_3a	A30K	NS5A:30K:AL_3a:velpatasvir	category_I	I	1	1	50	1	1	0	NS5A:30K:AL_3a	velpatasvir	velpatasvir	drug_resistance
NS5A	1	30	K	REF_MASTER_NC_004102	NS5A:30K	aminoAcidSimplePolymorphism	NS5A:30K+31M	combination	NS5A:30K+31M	2	1	phdr_ras:NS5A:30K+31M	NS5A:30K+31M	AL_3a	A30K+L31M	NS5A:30K+31M:AL_3a:daclatasvir	category_II	II	2	1	10000	0			NS5A:30K+31M:AL_3a	daclatasvir	daclatasvir	drug_resistance
NS5A	1	30	K	REF_MASTER_NC_004102	NS5A:30K	aminoAcidSimplePolymorphism	NS5A:30K+31M	combination	NS5A:30K+31M	2	1	phdr_ras:NS5A:30K+31M	NS5A:30K+31M	AL_3a	A30K+L31M	NS5A:30K+31M:AL_3a:elbasvir	category_II	II	2	1	100000000	0			NS5A:30K+31M:AL_3a	elbasvir	elbasvir	drug_resistance
NS5A	1	30	K	REF_MASTER_NC_004102	NS5A:30K	aminoAcidSimplePolymorphism	NS5A:30K+31M	combination	NS5A:30K+31M	2	1	phdr_ras:NS5A:30K+31M	NS5A:30K+31M	AL_3a	A30K+L31M	NS5A:30K+31M:AL_3a:pibrentasvir	category_III	III	3	1	20	0			NS5A:30K+31M:AL_3a	pibrentasvir	pibrentasvir	drug_resistance
NS5A	1	30	K	REF_MASTER_NC_004102	NS5A:30K	aminoAcidSimplePolymorphism	NS5A:30K+31M	combination	NS5A:30K+31M	2	1	phdr_ras:NS5A:30K+31M	NS5A:30K+31M	AL_3a	A30K+L31M	NS5A:30K+31M:AL_3a:velpatasvir	category_II	II	2	1	10000	0			NS5A:30K+31M:AL_3a	velpatasvir	velpatasvir	drug_resistance
NS5A	1	30	K	REF_MASTER_NC_004102	NS5A:30K	aminoAcidSimplePolymorphism	NS5A:30K+31M+93H	combination	NS5A:30K+31M+93H	3	1	phdr_ras:NS5A:30K+31M+93H	NS5A:30K+31M+93H	AL_3a	A30K+L31M+Y93H	NS5A:30K+31M+93H:AL_3a:daclatasvir	category_II	II	2	1	10000	0			NS5A:30K+31M+93H:AL_3a	daclatasvir	daclatasvir	drug_resistance
NS5A	1	30	K	REF_MASTER_NC_004102	NS5A:30K	aminoAcidSimplePolymorphism	NS5A:30K+31M+93H	combination	NS5A:30K+31M+93H	3	1	phdr_ras:NS5A:30K+31M+93H	NS5A:30K+31M+93H	AL_3a	A30K+L31M+Y93H	NS5A:30K+31M+93H:AL_3a:elbasvir	category_II	II	2	1	100000000	0			NS5A:30K+31M+93H:AL_3a	elbasvir	elbasvir	drug_resistance
NS5A	1	30	K	REF_MASTER_NC_004102	NS5A:30K	aminoAcidSimplePolymorphism	NS5A:30K+31M+93H	combination	NS5A:30K+31M+93H	3	1	phdr_ras:NS5A:30K+31M+93H	NS5A:30K+31M+93H	AL_3a	A30K+L31M+Y93H	NS5A:30K+31M+93H:AL_3a:pibrentasvir	category_III	III	3	1	20	0			NS5A:30K+31M+93H:AL_3a	pibrentasvir	pibrentasvir	drug_resistance
NS5A	1	30	K	REF_MASTER_NC_004102	NS5A:30K	aminoAcidSimplePolymorphism	NS5A:30K+31M+93H	combination	NS5A:30K+31M+93H	3	1	phdr_ras:NS5A:30K+31M+93H	NS5A:30K+31M+93H	AL_3a	A30K+L31M+Y93H	NS5A:30K+31M+93H:AL_3a:velpatasvir	category_II	II	2	1	10000	0			NS5A:30K+31M+93H:AL_3a	velpatasvir	velpatasvir	drug_resistance
NS5A	1	30	K	REF_MASTER_NC_004102	NS5A:30K	aminoAcidSimplePolymorphism	NS5A:30K+58D	combination	NS5A:30K+58D	2	1	phdr_ras:NS5A:30K+58D	NS5A:30K+58D	AL_1a	Q30K+H58D	NS5A:30K+58D:AL_1a:pibrentasvir	category_II	II	2	0		1	0	1	NS5A:30K+58D:AL_1a	pibrentasvir	pibrentasvir	drug_resistance
NS5A	1	30	K	REF_MASTER_NC_004102	NS5A:30K	aminoAcidSimplePolymorphism	NS5A:30K+58S	combination	NS5A:30K+58S	2	1	phdr_ras:NS5A:30K+58S	NS5A:30K+58S	AL_3	A30K+P58S	NS5A:30K+58S:AL_3:elbasvir	category_II	II	2	0		1	0	1	NS5A:30K+58S:AL_3	elbasvir	elbasvir	drug_resistance
NS5A	1	30	K	REF_MASTER_NC_004102	NS5A:30K	aminoAcidSimplePolymorphism	NS5A:30K+93H	combination	NS5A:30K+93H	2	1	phdr_ras:NS5A:30K+93H	NS5A:30K+93H	AL_3	A30K+Y93H	NS5A:30K+93H:AL_3:elbasvir	category_II	II	2	0		1	1	0	NS5A:30K+93H:AL_3	elbasvir	elbasvir	drug_resistance
NS5A	1	30	K	REF_MASTER_NC_004102	NS5A:30K	aminoAcidSimplePolymorphism	NS5A:30K+93H	combination	NS5A:30K+93H	2	1	phdr_ras:NS5A:30K+93H	NS5A:30K+93H	AL_3a	A30K+Y93H	NS5A:30K+93H:AL_3a:daclatasvir	category_I	I	1	1	10000	1	0	1	NS5A:30K+93H:AL_3a	daclatasvir	daclatasvir	drug_resistance
NS5A	1	30	K	REF_MASTER_NC_004102	NS5A:30K	aminoAcidSimplePolymorphism	NS5A:30K+93H	combination	NS5A:30K+93H	2	1	phdr_ras:NS5A:30K+93H	NS5A:30K+93H	AL_3a	A30K+Y93H	NS5A:30K+93H:AL_3a:elbasvir	category_II	II	2	1	100000000	0			NS5A:30K+93H:AL_3a	elbasvir	elbasvir	drug_resistance
NS5A	1	30	K	REF_MASTER_NC_004102	NS5A:30K	aminoAcidSimplePolymorphism	NS5A:30K+93H	combination	NS5A:30K+93H	2	1	phdr_ras:NS5A:30K+93H	NS5A:30K+93H	AL_3a	A30K+Y93H	NS5A:30K+93H:AL_3a:pibrentasvir	category_I	I	1	1	69	1	1	0	NS5A:30K+93H:AL_3a	pibrentasvir	pibrentasvir	drug_resistance
NS5A	1	30	K	REF_MASTER_NC_004102	NS5A:30K	aminoAcidSimplePolymorphism	NS5A:30K+93H	combination	NS5A:30K+93H	2	1	phdr_ras:NS5A:30K+93H	NS5A:30K+93H	AL_3a	A30K+Y93H	NS5A:30K+93H:AL_3a:velpatasvir	category_II	II	2	1	10000	0			NS5A:30K+93H:AL_3a	velpatasvir	velpatasvir	drug_resistance
NS5A	1	30	L	REF_MASTER_NC_004102	NS5A:30L	aminoAcidSimplePolymorphism	NS5A:24K+28M+30L	combination	NS5A:24K+28M+30L	3	3	phdr_ras:NS5A:24K+28M+30L	NS5A:24K+28M+30L	AL_1b	Q24K+L28M+R30L	NS5A:24K+28M+30L:AL_1b:daclatasvir	category_II	II	2	0		1	1	0	NS5A:24K+28M+30L:AL_1b	daclatasvir	daclatasvir	drug_resistance
NS5A	1	30	L	REF_MASTER_NC_004102	NS5A:30L	aminoAcidSimplePolymorphism	NS5A:30L	single				phdr_ras:NS5A:30L	NS5A:30L	AL_1a	Q30L	NS5A:30L:AL_1a:daclatasvir	insignificant	-	4	1	3.7	0			NS5A:30L:AL_1a	daclatasvir	daclatasvir	drug_resistance
NS5A	1	30	L	REF_MASTER_NC_004102	NS5A:30L	aminoAcidSimplePolymorphism	NS5A:30L	single				phdr_ras:NS5A:30L	NS5A:30L	AL_1a	Q30L	NS5A:30L:AL_1a:elbasvir	category_II	II	2	0		1	1	0	NS5A:30L:AL_1a	elbasvir	elbasvir	drug_resistance
NS5A	1	30	L	REF_MASTER_NC_004102	NS5A:30L	aminoAcidSimplePolymorphism	NS5A:30L	single				phdr_ras:NS5A:30L	NS5A:30L	AL_1a	Q30L	NS5A:30L:AL_1a:ledipasvir	category_II	II	2	1	4.3	1	0	1	NS5A:30L:AL_1a	ledipasvir	ledipasvir	drug_resistance
NS5A	1	30	L	REF_MASTER_NC_004102	NS5A:30L	aminoAcidSimplePolymorphism	NS5A:30L	single				phdr_ras:NS5A:30L	NS5A:30L	AL_1b	R30L	NS5A:30L:AL_1b:daclatasvir	category_II	II	2	0		1	1	0	NS5A:30L:AL_1b	daclatasvir	daclatasvir	drug_resistance
NS5A	1	30	L	REF_MASTER_NC_004102	NS5A:30L	aminoAcidSimplePolymorphism	NS5A:30L	single				phdr_ras:NS5A:30L	NS5A:30L	AL_3	A30L	NS5A:30L:AL_3:elbasvir	category_II	II	2	0		1	1	0	NS5A:30L:AL_3	elbasvir	elbasvir	drug_resistance
NS5A	1	30	L	REF_MASTER_NC_004102	NS5A:30L	aminoAcidSimplePolymorphism	NS5A:30L+31M+93H	combination	NS5A:30L+31M+93H	3	1	phdr_ras:NS5A:30L+31M+93H	NS5A:30L+31M+93H	AL_1a	Q30L+L31M+Y93H	NS5A:30L+31M+93H:AL_1a:ledipasvir	category_II	II	2	0		1	0	1	NS5A:30L+31M+93H:AL_1a	ledipasvir	ledipasvir	drug_resistance
NS5A	1	30	L	REF_MASTER_NC_004102	NS5A:30L	aminoAcidSimplePolymorphism	NS5A:30L+93H	combination	NS5A:30L+93H	2	1	phdr_ras:NS5A:30L+93H	NS5A:30L+93H	AL_1a	Q30L+Y93H	NS5A:30L+93H:AL_1a:elbasvir	category_II	II	2	0		1	1	0	NS5A:30L+93H:AL_1a	elbasvir	elbasvir	drug_resistance
NS5A	1	30	L	REF_MASTER_NC_004102	NS5A:30L	aminoAcidSimplePolymorphism	NS5A:30L+93H	combination	NS5A:30L+93H	2	1	phdr_ras:NS5A:30L+93H	NS5A:30L+93H	AL_1a	Q30L+Y93H	NS5A:30L+93H:AL_1a:ledipasvir	category_I	I	1	0		1	1	1	NS5A:30L+93H:AL_1a	ledipasvir	ledipasvir	drug_resistance
NS5A	1	30	L	REF_MASTER_NC_004102	NS5A:30L	aminoAcidSimplePolymorphism	NS5A:30L+93H	combination	NS5A:30L+93H	2	1	phdr_ras:NS5A:30L+93H	NS5A:30L+93H	AL_1a	Q30L+Y93H	NS5A:30L+93H:AL_1a:ombitasvir	category_II	II	2	1	416	0			NS5A:30L+93H:AL_1a	ombitasvir	ombitasvir	drug_resistance
NS5A	1	30	L	REF_MASTER_NC_004102	NS5A:30L	aminoAcidSimplePolymorphism	NS5A:30L+93S	combination	NS5A:30L+93S	2	1	phdr_ras:NS5A:30L+93S	NS5A:30L+93S	AL_1a	Q30L+Y93S	NS5A:30L+93S:AL_1a:ombitasvir	category_II	II	2	1	218	0			NS5A:30L+93S:AL_1a	ombitasvir	ombitasvir	drug_resistance
NS5A	1	30	Q	REF_MASTER_NC_004102	NS5A:30Q	aminoAcidSimplePolymorphism	NS5A:24K+28I+30Q+31I+32L+54Y	combination	NS5A:24K+28I+30Q+31I+32L+54Y	6	3	phdr_ras:NS5A:24K+28I+30Q+31I+32L+54Y	NS5A:24K+28I+30Q+31I+32L+54Y	AL_1b	Q24K+L28I+R30Q+L31I+P32L+H/Q54Y	NS5A:24K+28I+30Q+31I+32L+54Y:AL_1b:daclatasvir	category_II	II	2	0		1	0	1	NS5A:24K+28I+30Q+31I+32L+54Y:AL_1b	daclatasvir	daclatasvir	drug_resistance
NS5A	1	30	Q	REF_MASTER_NC_004102	NS5A:30Q	aminoAcidSimplePolymorphism	NS5A:24K+28M+30Q	combination	NS5A:24K+28M+30Q	3	3	phdr_ras:NS5A:24K+28M+30Q	NS5A:24K+28M+30Q	AL_1b	Q24K+L28M+R30Q	NS5A:24K+28M+30Q:AL_1b:daclatasvir	category_II	II	2	0		1	1	0	NS5A:24K+28M+30Q:AL_1b	daclatasvir	daclatasvir	drug_resistance
NS5A	1	30	Q	REF_MASTER_NC_004102	NS5A:30Q	aminoAcidSimplePolymorphism	NS5A:24K+28M+30Q+37V+54H	combination	NS5A:24K+28M+30Q+37V+54H	5	3	phdr_ras:NS5A:24K+28M+30Q+37V+54H	NS5A:24K+28M+30Q+37V+54H	AL_1b	Q24K+L28M+R30Q+F/L37V+H/Q54H	NS5A:24K+28M+30Q+37V+54H:AL_1b:daclatasvir	category_II	II	2	0		1	1	0	NS5A:24K+28M+30Q+37V+54H:AL_1b	daclatasvir	daclatasvir	drug_resistance
NS5A	1	30	Q	REF_MASTER_NC_004102	NS5A:30Q	aminoAcidSimplePolymorphism	NS5A:24K+28M+30Q+92T	combination	NS5A:24K+28M+30Q+92T	4	3	phdr_ras:NS5A:24K+28M+30Q+92T	NS5A:24K+28M+30Q+92T	AL_1b	Q24K+L28M+R30Q+A92T	NS5A:24K+28M+30Q+92T:AL_1b:daclatasvir	category_II	II	2	0		1	1	0	NS5A:24K+28M+30Q+92T:AL_1b	daclatasvir	daclatasvir	drug_resistance
NS5A	1	30	Q	REF_MASTER_NC_004102	NS5A:30Q	aminoAcidSimplePolymorphism	NS5A:24K+28V+30Q	combination	NS5A:24K+28V+30Q	3	3	phdr_ras:NS5A:24K+28V+30Q	NS5A:24K+28V+30Q	AL_1b	Q24K+L28V+R30Q	NS5A:24K+28V+30Q:AL_1b:daclatasvir	category_II	II	2	0		1	1	0	NS5A:24K+28V+30Q:AL_1b	daclatasvir	daclatasvir	drug_resistance
NS5A	1	30	Q	REF_MASTER_NC_004102	NS5A:30Q	aminoAcidSimplePolymorphism	NS5A:24R+30Q+31M+37L+93H	combination	NS5A:24R+30Q+31M+37L+93H	5	2	phdr_ras:NS5A:24R+30Q+31M+37L+93H	NS5A:24R+30Q+31M+37L+93H	AL_1b	Q24R+R30Q+L31M+F/L37L+Y93H	NS5A:24R+30Q+31M+37L+93H:AL_1b:daclatasvir	category_II	II	2	0		1	0	1	NS5A:24R+30Q+31M+37L+93H:AL_1b	daclatasvir	daclatasvir	drug_resistance
NS5A	1	30	Q	REF_MASTER_NC_004102	NS5A:30Q	aminoAcidSimplePolymorphism	NS5A:28I+30Q	combination	NS5A:28I+30Q	2	2	phdr_ras:NS5A:28I+30Q	NS5A:28I+30Q	AL_1b	L28I+R30Q	NS5A:28I+30Q:AL_1b:daclatasvir	category_II	II	2	0		1	1	0	NS5A:28I+30Q:AL_1b	daclatasvir	daclatasvir	drug_resistance
NS5A	1	30	Q	REF_MASTER_NC_004102	NS5A:30Q	aminoAcidSimplePolymorphism	NS5A:28M+30Q	combination	NS5A:28M+30Q	2	2	phdr_ras:NS5A:28M+30Q	NS5A:28M+30Q	AL_1b	L28M+R30Q	NS5A:28M+30Q:AL_1b:ombitasvir	insignificant	-	4	0		1	0	0	NS5A:28M+30Q:AL_1b	ombitasvir	ombitasvir	drug_resistance
NS5A	1	30	Q	REF_MASTER_NC_004102	NS5A:30Q	aminoAcidSimplePolymorphism	NS5A:28M+30Q+31M	combination	NS5A:28M+30Q+31M	3	2	phdr_ras:NS5A:28M+30Q+31M	NS5A:28M+30Q+31M	AL_1l	M28M+Q/R30Q+M31M	NS5A:28M+30Q+31M:AL_1l:daclatasvir	category_II	II	2	0		1	1	0	NS5A:28M+30Q+31M:AL_1l	daclatasvir	daclatasvir	drug_resistance
NS5A	1	30	Q	REF_MASTER_NC_004102	NS5A:30Q	aminoAcidSimplePolymorphism	NS5A:28M+30Q+92K	combination	NS5A:28M+30Q+92K	3	2	phdr_ras:NS5A:28M+30Q+92K	NS5A:28M+30Q+92K	AL_1b	L28M+R30Q+A92K	NS5A:28M+30Q+92K:AL_1b:daclatasvir	category_II	II	2	0		1	0	1	NS5A:28M+30Q+92K:AL_1b	daclatasvir	daclatasvir	drug_resistance
NS5A	1	30	Q	REF_MASTER_NC_004102	NS5A:30Q	aminoAcidSimplePolymorphism	NS5A:28M+30Q+93H	combination	NS5A:28M+30Q+93H	3	2	phdr_ras:NS5A:28M+30Q+93H	NS5A:28M+30Q+93H	AL_1b	L28M+R30Q+Y93H	NS5A:28M+30Q+93H:AL_1b:ombitasvir	category_I	I	1	1	981	1	1	0	NS5A:28M+30Q+93H:AL_1b	ombitasvir	ombitasvir	drug_resistance
NS5A	1	30	Q	REF_MASTER_NC_004102	NS5A:30Q	aminoAcidSimplePolymorphism	NS5A:28V+30Q	combination	NS5A:28V+30Q	2	2	phdr_ras:NS5A:28V+30Q	NS5A:28V+30Q	AL_1b	L28V+R30Q	NS5A:28V+30Q:AL_1b:daclatasvir	category_II	II	2	0		1	1	0	NS5A:28V+30Q:AL_1b	daclatasvir	daclatasvir	drug_resistance
NS5A	1	30	Q	REF_MASTER_NC_004102	NS5A:30Q	aminoAcidSimplePolymorphism	NS5A:28V+30Q	combination	NS5A:28V+30Q	2	2	phdr_ras:NS5A:28V+30Q	NS5A:28V+30Q	AL_4	L/M28V+L/R30Q	NS5A:28V+30Q:AL_4:daclatasvir	category_II	II	2	0		1	1	0	NS5A:28V+30Q:AL_4	daclatasvir	daclatasvir	drug_resistance
NS5A	1	30	Q	REF_MASTER_NC_004102	NS5A:30Q	aminoAcidSimplePolymorphism	NS5A:30Q	single				phdr_ras:NS5A:30Q	NS5A:30Q	AL_1b	R30Q	NS5A:30Q:AL_1b:daclatasvir	category_I	I	1	0		1	1	1	NS5A:30Q:AL_1b	daclatasvir	daclatasvir	drug_resistance
NS5A	1	30	Q	REF_MASTER_NC_004102	NS5A:30Q	aminoAcidSimplePolymorphism	NS5A:30Q	single				phdr_ras:NS5A:30Q	NS5A:30Q	AL_1b	R30Q	NS5A:30Q:AL_1b:elbasvir	insignificant	-	4	1	3	0			NS5A:30Q:AL_1b	elbasvir	elbasvir	drug_resistance
NS5A	1	30	Q	REF_MASTER_NC_004102	NS5A:30Q	aminoAcidSimplePolymorphism	NS5A:30Q	single				phdr_ras:NS5A:30Q	NS5A:30Q	AL_1b	R30Q	NS5A:30Q:AL_1b:ombitasvir	category_II	II	2	0		1	0	1	NS5A:30Q:AL_1b	ombitasvir	ombitasvir	drug_resistance
NS5A	1	30	Q	REF_MASTER_NC_004102	NS5A:30Q	aminoAcidSimplePolymorphism	NS5A:30Q+31F	combination	NS5A:30Q+31F	2	1	phdr_ras:NS5A:30Q+31F	NS5A:30Q+31F	AL_1b	R30Q+L31F	NS5A:30Q+31F:AL_1b:daclatasvir	category_II	II	2	1	90	0			NS5A:30Q+31F:AL_1b	daclatasvir	daclatasvir	drug_resistance
NS5A	1	30	Q	REF_MASTER_NC_004102	NS5A:30Q	aminoAcidSimplePolymorphism	NS5A:30Q+31M	combination	NS5A:30Q+31M	2	1	phdr_ras:NS5A:30Q+31M	NS5A:30Q+31M	AL_1b	R30Q+L31M	NS5A:30Q+31M:AL_1b:daclatasvir	category_III	III	3	1	11	0			NS5A:30Q+31M:AL_1b	daclatasvir	daclatasvir	drug_resistance
NS5A	1	30	Q	REF_MASTER_NC_004102	NS5A:30Q	aminoAcidSimplePolymorphism	NS5A:30Q+31M+93H	combination	NS5A:30Q+31M+93H	3	1	phdr_ras:NS5A:30Q+31M+93H	NS5A:30Q+31M+93H	AL_1b	R30Q+L31M+Y93H	NS5A:30Q+31M+93H:AL_1b:daclatasvir	category_II	II	2	1	34000	0			NS5A:30Q+31M+93H:AL_1b	daclatasvir	daclatasvir	drug_resistance
NS5A	1	30	Q	REF_MASTER_NC_004102	NS5A:30Q	aminoAcidSimplePolymorphism	NS5A:30Q+54H+93H	combination	NS5A:30Q+54H+93H	3	1	phdr_ras:NS5A:30Q+54H+93H	NS5A:30Q+54H+93H	AL_1b	R30Q+H/Q54H+Y93H	NS5A:30Q+54H+93H:AL_1b:ledipasvir	category_II	II	2	0		1	1	0	NS5A:30Q+54H+93H:AL_1b	ledipasvir	ledipasvir	drug_resistance
NS5A	1	30	Q	REF_MASTER_NC_004102	NS5A:30Q	aminoAcidSimplePolymorphism	NS5A:30Q+92R	combination	NS5A:30Q+92R	2	1	phdr_ras:NS5A:30Q+92R	NS5A:30Q+92R	AL_2a	K30Q+C92R	NS5A:30Q+92R:AL_2a:daclatasvir	insignificant	-	4	1	0.4	0			NS5A:30Q+92R:AL_2a	daclatasvir	daclatasvir	drug_resistance
NS5A	1	30	Q	REF_MASTER_NC_004102	NS5A:30Q	aminoAcidSimplePolymorphism	NS5A:30Q+93H	combination	NS5A:30Q+93H	2	1	phdr_ras:NS5A:30Q+93H	NS5A:30Q+93H	AL_1b	R30Q+Y93H	NS5A:30Q+93H:AL_1b:daclatasvir	category_II	II	2	0		1	0	1	NS5A:30Q+93H:AL_1b	daclatasvir	daclatasvir	drug_resistance
NS5A	1	30	Q	REF_MASTER_NC_004102	NS5A:30Q	aminoAcidSimplePolymorphism	NS5A:30Q+93H	combination	NS5A:30Q+93H	2	1	phdr_ras:NS5A:30Q+93H	NS5A:30Q+93H	AL_1b	R30Q+Y93H	NS5A:30Q+93H:AL_1b:ombitasvir	category_II	II	2	1	284	0			NS5A:30Q+93H:AL_1b	ombitasvir	ombitasvir	drug_resistance
NS5A	1	30	R	REF_MASTER_NC_004102	NS5A:30R	aminoAcidSimplePolymorphism	NS5A:24M+30R+81M	combination	NS5A:24M+30R+81M	3	2	phdr_ras:NS5A:24M+30R+81M	NS5A:24M+30R+81M	AL_1a	K24M+Q30R+R81M	NS5A:24M+30R+81M:AL_1a:elbasvir	category_II	II	2	1	69	0			NS5A:24M+30R+81M:AL_1a	elbasvir	elbasvir	drug_resistance
NS5A	1	30	R	REF_MASTER_NC_004102	NS5A:30R	aminoAcidSimplePolymorphism	NS5A:24R+30R	combination	NS5A:24R+30R	2	2	phdr_ras:NS5A:24R+30R	NS5A:24R+30R	AL_1a	K24R+Q30R	NS5A:24R+30R:AL_1a:ledipasvir	category_II	II	2	1	2859.5	0			NS5A:24R+30R:AL_1a	ledipasvir	ledipasvir	drug_resistance
NS5A	1	30	R	REF_MASTER_NC_004102	NS5A:30R	aminoAcidSimplePolymorphism	NS5A:24T+28T+30R	combination	NS5A:24T+28T+30R	3	3	phdr_ras:NS5A:24T+28T+30R	NS5A:24T+28T+30R	AL_1a	K24T+M28T+Q30R	NS5A:24T+28T+30R:AL_1a:elbasvir	category_II	II	2	1	7000	0			NS5A:24T+28T+30R:AL_1a	elbasvir	elbasvir	drug_resistance
NS5A	1	30	R	REF_MASTER_NC_004102	NS5A:30R	aminoAcidSimplePolymorphism	NS5A:28A+30R	combination	NS5A:28A+30R	2	2	phdr_ras:NS5A:28A+30R	NS5A:28A+30R	AL_1a	M28A+Q30R	NS5A:28A+30R:AL_1a:daclatasvir	category_II	II	2	0		1	0	1	NS5A:28A+30R:AL_1a	daclatasvir	daclatasvir	drug_resistance
NS5A	1	30	R	REF_MASTER_NC_004102	NS5A:30R	aminoAcidSimplePolymorphism	NS5A:28G+30R	combination	NS5A:28G+30R	2	2	phdr_ras:NS5A:28G+30R	NS5A:28G+30R															drug_resistance
NS5A	1	30	R	REF_MASTER_NC_004102	NS5A:30R	aminoAcidSimplePolymorphism	NS5A:28I+30R+31M	combination	NS5A:28I+30R+31M	3	2	phdr_ras:NS5A:28I+30R+31M	NS5A:28I+30R+31M	AL_4r	M/V28I+R30R+L/M31M	NS5A:28I+30R+31M:AL_4r:elbasvir	category_II	II	2	0		1	0	1	NS5A:28I+30R+31M:AL_4r	elbasvir	elbasvir	drug_resistance
NS5A	1	30	R	REF_MASTER_NC_004102	NS5A:30R	aminoAcidSimplePolymorphism	NS5A:28I+30R+31V	combination	NS5A:28I+30R+31V	3	2	phdr_ras:NS5A:28I+30R+31V	NS5A:28I+30R+31V	AL_4r	M/V28I+R30R+L/M31V	NS5A:28I+30R+31V:AL_4r:ledipasvir	category_II	II	2	0		1	0	1	NS5A:28I+30R+31V:AL_4r	ledipasvir	ledipasvir	drug_resistance
NS5A	1	30	R	REF_MASTER_NC_004102	NS5A:30R	aminoAcidSimplePolymorphism	NS5A:28M+30R+31L	combination	NS5A:28M+30R+31L	3	2	phdr_ras:NS5A:28M+30R+31L	NS5A:28M+30R+31L	AL_4r	M/V28M+R30R+L/M31L	NS5A:28M+30R+31L:AL_4r:ledipasvir	category_I	I	1	0		1	1	1	NS5A:28M+30R+31L:AL_4r	ledipasvir	ledipasvir	drug_resistance
NS5A	1	30	R	REF_MASTER_NC_004102	NS5A:30R	aminoAcidSimplePolymorphism	NS5A:28M+30R+31L+93H	combination	NS5A:28M+30R+31L+93H	4	2	phdr_ras:NS5A:28M+30R+31L+93H	NS5A:28M+30R+31L+93H	AL_4r	M/V28M+R30R+L/M31L+Y93H	NS5A:28M+30R+31L+93H:AL_4r:ledipasvir	category_II	II	2	0		1	0	1	NS5A:28M+30R+31L+93H:AL_4r	ledipasvir	ledipasvir	drug_resistance
NS5A	1	30	R	REF_MASTER_NC_004102	NS5A:30R	aminoAcidSimplePolymorphism	NS5A:28M+30R+31M	combination	NS5A:28M+30R+31M	3	2	phdr_ras:NS5A:28M+30R+31M	NS5A:28M+30R+31M	AL_1l	M28M+Q/R30R+M31M	NS5A:28M+30R+31M:AL_1l:ledipasvir	category_I	I	1	0		1	1	1	NS5A:28M+30R+31M:AL_1l	ledipasvir	ledipasvir	drug_resistance
NS5A	1	30	R	REF_MASTER_NC_004102	NS5A:30R	aminoAcidSimplePolymorphism	NS5A:28M+30R+31M	combination	NS5A:28M+30R+31M	3	2	phdr_ras:NS5A:28M+30R+31M	NS5A:28M+30R+31M	AL_4r	M/V28M+R30R+L/M31M	NS5A:28M+30R+31M:AL_4r:daclatasvir	category_II	II	2	0		1	0	1	NS5A:28M+30R+31M:AL_4r	daclatasvir	daclatasvir	drug_resistance
NS5A	1	30	R	REF_MASTER_NC_004102	NS5A:30R	aminoAcidSimplePolymorphism	NS5A:28M+30R+31M	combination	NS5A:28M+30R+31M	3	2	phdr_ras:NS5A:28M+30R+31M	NS5A:28M+30R+31M	AL_4r	M/V28M+R30R+L/M31M	NS5A:28M+30R+31M:AL_4r:ledipasvir	category_I	I	1	0		1	1	1	NS5A:28M+30R+31M:AL_4r	ledipasvir	ledipasvir	drug_resistance
NS5A	1	30	R	REF_MASTER_NC_004102	NS5A:30R	aminoAcidSimplePolymorphism	NS5A:28T+30R	combination	NS5A:28T+30R	2	2	phdr_ras:NS5A:28T+30R	NS5A:28T+30R	AL_1a	M28T+Q30R	NS5A:28T+30R:AL_1a:daclatasvir	category_II	II	2	1	59400	0			NS5A:28T+30R:AL_1a	daclatasvir	daclatasvir	drug_resistance
NS5A	1	30	R	REF_MASTER_NC_004102	NS5A:30R	aminoAcidSimplePolymorphism	NS5A:28T+30R	combination	NS5A:28T+30R	2	2	phdr_ras:NS5A:28T+30R	NS5A:28T+30R	AL_1a	M28T+Q30R	NS5A:28T+30R:AL_1a:elbasvir	category_II	II	2	0		1	0	1	NS5A:28T+30R:AL_1a	elbasvir	elbasvir	drug_resistance
NS5A	1	30	R	REF_MASTER_NC_004102	NS5A:30R	aminoAcidSimplePolymorphism	NS5A:28T+30R	combination	NS5A:28T+30R	2	2	phdr_ras:NS5A:28T+30R	NS5A:28T+30R	AL_1a	M28T+Q30R	NS5A:28T+30R:AL_1a:ledipasvir	category_I	I	1	1	17764.1	1	0	1	NS5A:28T+30R:AL_1a	ledipasvir	ledipasvir	drug_resistance
NS5A	1	30	R	REF_MASTER_NC_004102	NS5A:30R	aminoAcidSimplePolymorphism	NS5A:28T+30R	combination	NS5A:28T+30R	2	2	phdr_ras:NS5A:28T+30R	NS5A:28T+30R	AL_1a	M28T+Q30R	NS5A:28T+30R:AL_1a:ombitasvir	category_II	II	2	0		1	0	1	NS5A:28T+30R:AL_1a	ombitasvir	ombitasvir	drug_resistance
NS5A	1	30	R	REF_MASTER_NC_004102	NS5A:30R	aminoAcidSimplePolymorphism	NS5A:28T+30R+31M	combination	NS5A:28T+30R+31M	3	2	phdr_ras:NS5A:28T+30R+31M	NS5A:28T+30R+31M	AL_1a	M28T+Q30R+L31M	NS5A:28T+30R+31M:AL_1a:pibrentasvir	category_II	II	2	1	4.6	1	1	0	NS5A:28T+30R+31M:AL_1a	pibrentasvir	pibrentasvir	drug_resistance
NS5A	1	30	R	REF_MASTER_NC_004102	NS5A:30R	aminoAcidSimplePolymorphism	NS5A:28T+30R+31V	combination	NS5A:28T+30R+31V	3	2	phdr_ras:NS5A:28T+30R+31V	NS5A:28T+30R+31V	AL_1a	M28T+Q30R+L31V	NS5A:28T+30R+31V:AL_1a:elbasvir	category_II	II	2	1	89143	0			NS5A:28T+30R+31V:AL_1a	elbasvir	elbasvir	drug_resistance
NS5A	1	30	R	REF_MASTER_NC_004102	NS5A:30R	aminoAcidSimplePolymorphism	NS5A:28T+30R+31V+93H	combination	NS5A:28T+30R+31V+93H	4	2	phdr_ras:NS5A:28T+30R+31V+93H	NS5A:28T+30R+31V+93H	AL_1a	M28T+Q30R+L31V+Y93H	NS5A:28T+30R+31V+93H:AL_1a:elbasvir	category_II	II	2	1	714286	0			NS5A:28T+30R+31V+93H:AL_1a	elbasvir	elbasvir	drug_resistance
NS5A	1	30	R	REF_MASTER_NC_004102	NS5A:30R	aminoAcidSimplePolymorphism	NS5A:28V+30R	combination	NS5A:28V+30R	2	2	phdr_ras:NS5A:28V+30R	NS5A:28V+30R	AL_1a	M28V+Q30R	NS5A:28V+30R:AL_1a:daclatasvir	category_II	II	2	1	350	0			NS5A:28V+30R:AL_1a	daclatasvir	daclatasvir	drug_resistance
NS5A	1	30	R	REF_MASTER_NC_004102	NS5A:30R	aminoAcidSimplePolymorphism	NS5A:28V+30R	combination	NS5A:28V+30R	2	2	phdr_ras:NS5A:28V+30R	NS5A:28V+30R	AL_1a	M28V+Q30R	NS5A:28V+30R:AL_1a:ombitasvir	category_II	II	2	0		1	1	0	NS5A:28V+30R:AL_1a	ombitasvir	ombitasvir	drug_resistance
NS5A	1	30	R	REF_MASTER_NC_004102	NS5A:30R	aminoAcidSimplePolymorphism	NS5A:28V+30R	combination	NS5A:28V+30R	2	2	phdr_ras:NS5A:28V+30R	NS5A:28V+30R	AL_1a	M28V+Q30R	NS5A:28V+30R:AL_1a:pibrentasvir	category_II	II	2	0		1	1	0	NS5A:28V+30R:AL_1a	pibrentasvir	pibrentasvir	drug_resistance
NS5A	1	30	R	REF_MASTER_NC_004102	NS5A:30R	aminoAcidSimplePolymorphism	NS5A:28V+30R	combination	NS5A:28V+30R	2	2	phdr_ras:NS5A:28V+30R	NS5A:28V+30R	AL_4r	M/V28V+R30R	NS5A:28V+30R:AL_4r:ledipasvir	category_I	I	1	0		1	1	1	NS5A:28V+30R:AL_4r	ledipasvir	ledipasvir	drug_resistance
NS5A	1	30	R	REF_MASTER_NC_004102	NS5A:30R	aminoAcidSimplePolymorphism	NS5A:28V+30R+31M	combination	NS5A:28V+30R+31M	3	2	phdr_ras:NS5A:28V+30R+31M	NS5A:28V+30R+31M	AL_1a	M28V+Q30R+L31M	NS5A:28V+30R+31M:AL_1a:pibrentasvir	category_II	II	2	0		1	1	0	NS5A:28V+30R+31M:AL_1a	pibrentasvir	pibrentasvir	drug_resistance
NS5A	1	30	R	REF_MASTER_NC_004102	NS5A:30R	aminoAcidSimplePolymorphism	NS5A:28V+30R+31M	combination	NS5A:28V+30R+31M	3	2	phdr_ras:NS5A:28V+30R+31M	NS5A:28V+30R+31M	AL_4r	M/V28V+R30R+L/M31M	NS5A:28V+30R+31M:AL_4r:daclatasvir	category_II	II	2	0		1	1	0	NS5A:28V+30R+31M:AL_4r	daclatasvir	daclatasvir	drug_resistance
NS5A	1	30	R	REF_MASTER_NC_004102	NS5A:30R	aminoAcidSimplePolymorphism	NS5A:28V+30R+31M	combination	NS5A:28V+30R+31M	3	2	phdr_ras:NS5A:28V+30R+31M	NS5A:28V+30R+31M	AL_4r	M/V28V+R30R+L/M31M	NS5A:28V+30R+31M:AL_4r:ledipasvir	category_I	I	1	0		1	1	1	NS5A:28V+30R+31M:AL_4r	ledipasvir	ledipasvir	drug_resistance
NS5A	1	30	R	REF_MASTER_NC_004102	NS5A:30R	aminoAcidSimplePolymorphism	NS5A:28V+30R+31M+93H	combination	NS5A:28V+30R+31M+93H	4	2	phdr_ras:NS5A:28V+30R+31M+93H	NS5A:28V+30R+31M+93H	AL_4r	M/V28V+R30R+L/M31M+Y93H	NS5A:28V+30R+31M+93H:AL_4r:ledipasvir	category_II	II	2	0		1	0	1	NS5A:28V+30R+31M+93H:AL_4r	ledipasvir	ledipasvir	drug_resistance
NS5A	1	30	R	REF_MASTER_NC_004102	NS5A:30R	aminoAcidSimplePolymorphism	NS5A:28V+30R+31M+93H	combination	NS5A:28V+30R+31M+93H	4	2	phdr_ras:NS5A:28V+30R+31M+93H	NS5A:28V+30R+31M+93H	AL_4r	M/V28V+R30R+L/M31M+Y93H	NS5A:28V+30R+31M+93H:AL_4r:velpatasvir	category_II	II	2	0		1	0	1	NS5A:28V+30R+31M+93H:AL_4r	velpatasvir	velpatasvir	drug_resistance
NS5A	1	30	R	REF_MASTER_NC_004102	NS5A:30R	aminoAcidSimplePolymorphism	NS5A:28V+30R+31V	combination	NS5A:28V+30R+31V	3	2	phdr_ras:NS5A:28V+30R+31V	NS5A:28V+30R+31V	AL_4r	M/V28V+R30R+L/M31V	NS5A:28V+30R+31V:AL_4r:ledipasvir	category_II	II	2	0		1	0	1	NS5A:28V+30R+31V:AL_4r	ledipasvir	ledipasvir	drug_resistance
NS5A	1	30	R	REF_MASTER_NC_004102	NS5A:30R	aminoAcidSimplePolymorphism	NS5A:30R	single				phdr_ras:NS5A:30R	NS5A:30R	AL_1a	Q30R	NS5A:30R:AL_1a:daclatasvir	category_I	I	1	1	1227	1	1	1	NS5A:30R:AL_1a	daclatasvir	daclatasvir	drug_resistance
NS5A	1	30	R	REF_MASTER_NC_004102	NS5A:30R	aminoAcidSimplePolymorphism	NS5A:30R	single				phdr_ras:NS5A:30R	NS5A:30R	AL_1a	Q30R	NS5A:30R:AL_1a:elbasvir	category_I	I	1	1	125	1	1	1	NS5A:30R:AL_1a	elbasvir	elbasvir	drug_resistance
NS5A	1	30	R	REF_MASTER_NC_004102	NS5A:30R	aminoAcidSimplePolymorphism	NS5A:30R	single				phdr_ras:NS5A:30R	NS5A:30R	AL_1a	Q30R	NS5A:30R:AL_1a:ledipasvir	category_I	I	1	1	631.9	1	1	1	NS5A:30R:AL_1a	ledipasvir	ledipasvir	drug_resistance
NS5A	1	30	R	REF_MASTER_NC_004102	NS5A:30R	aminoAcidSimplePolymorphism	NS5A:30R	single				phdr_ras:NS5A:30R	NS5A:30R	AL_1a	Q30R	NS5A:30R:AL_1a:ombitasvir	category_I	I	1	1	800	1	1	1	NS5A:30R:AL_1a	ombitasvir	ombitasvir	drug_resistance
NS5A	1	30	R	REF_MASTER_NC_004102	NS5A:30R	aminoAcidSimplePolymorphism	NS5A:30R	single				phdr_ras:NS5A:30R	NS5A:30R	AL_1a	Q30R	NS5A:30R:AL_1a:pibrentasvir	category_II	II	2	0		1	0	1	NS5A:30R:AL_1a	pibrentasvir	pibrentasvir	drug_resistance
NS5A	1	30	R	REF_MASTER_NC_004102	NS5A:30R	aminoAcidSimplePolymorphism	NS5A:30R	single				phdr_ras:NS5A:30R	NS5A:30R	AL_1a	Q30R	NS5A:30R:AL_1a:velpatasvir	insignificant	-	4	1	2.2	0			NS5A:30R:AL_1a	velpatasvir	velpatasvir	drug_resistance
NS5A	1	30	R	REF_MASTER_NC_004102	NS5A:30R	aminoAcidSimplePolymorphism	NS5A:30R	single				phdr_ras:NS5A:30R	NS5A:30R	AL_4a	L30R	NS5A:30R:AL_4a:velpatasvir	insignificant	-	4	1	2.4	0			NS5A:30R:AL_4a	velpatasvir	velpatasvir	drug_resistance
NS5A	1	30	R	REF_MASTER_NC_004102	NS5A:30R	aminoAcidSimplePolymorphism	NS5A:30R+31M	combination	NS5A:30R+31M	2	1	phdr_ras:NS5A:30R+31M	NS5A:30R+31M	AL_1a	Q30R+L31M	NS5A:30R+31M:AL_1a:daclatasvir	category_II	II	2	0		1	0	1	NS5A:30R+31M:AL_1a	daclatasvir	daclatasvir	drug_resistance
NS5A	1	30	R	REF_MASTER_NC_004102	NS5A:30R	aminoAcidSimplePolymorphism	NS5A:30R+31M	combination	NS5A:30R+31M	2	1	phdr_ras:NS5A:30R+31M	NS5A:30R+31M	AL_1a	Q30R+L31M	NS5A:30R+31M:AL_1a:elbasvir	category_II	II	2	0		1	0	1	NS5A:30R+31M:AL_1a	elbasvir	elbasvir	drug_resistance
NS5A	1	30	R	REF_MASTER_NC_004102	NS5A:30R	aminoAcidSimplePolymorphism	NS5A:30R+31M	combination	NS5A:30R+31M	2	1	phdr_ras:NS5A:30R+31M	NS5A:30R+31M	AL_1a	Q30R+L31M	NS5A:30R+31M:AL_1a:ledipasvir	category_I	I	1	1	23400	1	0	1	NS5A:30R+31M:AL_1a	ledipasvir	ledipasvir	drug_resistance
NS5A	1	30	R	REF_MASTER_NC_004102	NS5A:30R	aminoAcidSimplePolymorphism	NS5A:30R+31M	combination	NS5A:30R+31M	2	1	phdr_ras:NS5A:30R+31M	NS5A:30R+31M	AL_1a	Q30R+L31M	NS5A:30R+31M:AL_1a:pibrentasvir	category_II	II	2	1	2.4	1	1	0	NS5A:30R+31M:AL_1a	pibrentasvir	pibrentasvir	drug_resistance
NS5A	1	30	R	REF_MASTER_NC_004102	NS5A:30R	aminoAcidSimplePolymorphism	NS5A:30R+31M	combination	NS5A:30R+31M	2	1	phdr_ras:NS5A:30R+31M	NS5A:30R+31M	AL_1a	Q30R+L31M	NS5A:30R+31M:AL_1a:velpatasvir	category_II	II	2	1	198.4	0			NS5A:30R+31M:AL_1a	velpatasvir	velpatasvir	drug_resistance
NS5A	1	30	R	REF_MASTER_NC_004102	NS5A:30R	aminoAcidSimplePolymorphism	NS5A:30R+31M	combination	NS5A:30R+31M	2	1	phdr_ras:NS5A:30R+31M	NS5A:30R+31M	AL_1b	R30R+L31M	NS5A:30R+31M:AL_1b:daclatasvir	category_II	II	2	0		1	0	1	NS5A:30R+31M:AL_1b	daclatasvir	daclatasvir	drug_resistance
NS5A	1	30	R	REF_MASTER_NC_004102	NS5A:30R	aminoAcidSimplePolymorphism	NS5A:30R+31M	combination	NS5A:30R+31M	2	1	phdr_ras:NS5A:30R+31M	NS5A:30R+31M	AL_1c	Q30R+L31M	NS5A:30R+31M:AL_1c:velpatasvir	category_II	II	2	0		1	1	0	NS5A:30R+31M:AL_1c	velpatasvir	velpatasvir	drug_resistance
NS5A	1	30	R	REF_MASTER_NC_004102	NS5A:30R	aminoAcidSimplePolymorphism	NS5A:30R+31M	combination	NS5A:30R+31M	2	1	phdr_ras:NS5A:30R+31M	NS5A:30R+31M	AL_1h	R30R+L31M	NS5A:30R+31M:AL_1h:velpatasvir	category_II	II	2	0		1	1	0	NS5A:30R+31M:AL_1h	velpatasvir	velpatasvir	drug_resistance
NS5A	1	30	R	REF_MASTER_NC_004102	NS5A:30R	aminoAcidSimplePolymorphism	NS5A:30R+31M+58D	combination	NS5A:30R+31M+58D	3	1	phdr_ras:NS5A:30R+31M+58D	NS5A:30R+31M+58D	AL_1a	Q30R+L31M+H58D	NS5A:30R+31M+58D:AL_1a:pibrentasvir	category_I	I	1	1	1704	1	0	1	NS5A:30R+31M+58D:AL_1a	pibrentasvir	pibrentasvir	drug_resistance
NS5A	1	30	R	REF_MASTER_NC_004102	NS5A:30R	aminoAcidSimplePolymorphism	NS5A:30R+31M+93C	combination	NS5A:30R+31M+93C	3	1	phdr_ras:NS5A:30R+31M+93C	NS5A:30R+31M+93C	AL_1a	Q30R+L31M+Y93C	NS5A:30R+31M+93C:AL_1a:pibrentasvir	category_III	III	3	1	42	0			NS5A:30R+31M+93C:AL_1a	pibrentasvir	pibrentasvir	drug_resistance
NS5A	1	30	R	REF_MASTER_NC_004102	NS5A:30R	aminoAcidSimplePolymorphism	NS5A:30R+31M+93H	combination	NS5A:30R+31M+93H	3	1	phdr_ras:NS5A:30R+31M+93H	NS5A:30R+31M+93H															drug_resistance
NS5A	1	30	R	REF_MASTER_NC_004102	NS5A:30R	aminoAcidSimplePolymorphism	NS5A:30R+31P	combination	NS5A:30R+31P	2	1	phdr_ras:NS5A:30R+31P	NS5A:30R+31P	AL_1a	Q30R+L31P	NS5A:30R+31P:AL_1a:ledipasvir	category_II	II	2	0		1	0	1	NS5A:30R+31P:AL_1a	ledipasvir	ledipasvir	drug_resistance
NS5A	1	30	R	REF_MASTER_NC_004102	NS5A:30R	aminoAcidSimplePolymorphism	NS5A:30R+31V	combination	NS5A:30R+31V	2	1	phdr_ras:NS5A:30R+31V	NS5A:30R+31V	AL_1a	Q30R+L31V	NS5A:30R+31V:AL_1a:elbasvir	category_II	II	2	1	7143	0			NS5A:30R+31V:AL_1a	elbasvir	elbasvir	drug_resistance
NS5A	1	30	R	REF_MASTER_NC_004102	NS5A:30R	aminoAcidSimplePolymorphism	NS5A:30R+58C	combination	NS5A:30R+58C	2	1	phdr_ras:NS5A:30R+58C	NS5A:30R+58C	AL_1a	Q30R+H58C	NS5A:30R+58C:AL_1a:pibrentasvir	category_II	II	2	0		1	1	0	NS5A:30R+58C:AL_1a	pibrentasvir	pibrentasvir	drug_resistance
NS5A	1	30	R	REF_MASTER_NC_004102	NS5A:30R	aminoAcidSimplePolymorphism	NS5A:30R+58D	combination	NS5A:30R+58D	2	1	phdr_ras:NS5A:30R+58D	NS5A:30R+58D	AL_1a	Q30R+H58D	NS5A:30R+58D:AL_1a:daclatasvir	category_I	I	1	1	424318	1	0	1	NS5A:30R+58D:AL_1a	daclatasvir	daclatasvir	drug_resistance
NS5A	1	30	R	REF_MASTER_NC_004102	NS5A:30R	aminoAcidSimplePolymorphism	NS5A:30R+58D	combination	NS5A:30R+58D	2	1	phdr_ras:NS5A:30R+58D	NS5A:30R+58D	AL_1a	Q30R+H58D	NS5A:30R+58D:AL_1a:elbasvir	category_II	II	2	0		1	0	1	NS5A:30R+58D:AL_1a	elbasvir	elbasvir	drug_resistance
NS5A	1	30	R	REF_MASTER_NC_004102	NS5A:30R	aminoAcidSimplePolymorphism	NS5A:30R+58D	combination	NS5A:30R+58D	2	1	phdr_ras:NS5A:30R+58D	NS5A:30R+58D	AL_1a	Q30R+H58D	NS5A:30R+58D:AL_1a:pibrentasvir	category_I	I	1	1	108	1	1	1	NS5A:30R+58D:AL_1a	pibrentasvir	pibrentasvir	drug_resistance
NS5A	1	30	R	REF_MASTER_NC_004102	NS5A:30R	aminoAcidSimplePolymorphism	NS5A:30R+58D	combination	NS5A:30R+58D	2	1	phdr_ras:NS5A:30R+58D	NS5A:30R+58D	AL_1a	Q30R+H58D	NS5A:30R+58D:AL_1a:velpatasvir	category_II	II	2	0		1	0	1	NS5A:30R+58D:AL_1a	velpatasvir	velpatasvir	drug_resistance
NS5A	1	30	R	REF_MASTER_NC_004102	NS5A:30R	aminoAcidSimplePolymorphism	NS5A:30R+58D	combination	NS5A:30R+58D	2	1	phdr_ras:NS5A:30R+58D	NS5A:30R+58D	AL_1b	R30R+P58D	NS5A:30R+58D:AL_1b:daclatasvir	category_II	II	2	0		1	0	1	NS5A:30R+58D:AL_1b	daclatasvir	daclatasvir	drug_resistance
NS5A	1	30	R	REF_MASTER_NC_004102	NS5A:30R	aminoAcidSimplePolymorphism	NS5A:30R+62D	combination	NS5A:30R+62D	2	1	phdr_ras:NS5A:30R+62D	NS5A:30R+62D	AL_1a	Q30R+E62D	NS5A:30R+62D:AL_1a:daclatasvir	category_II	II	2	1	10928	0			NS5A:30R+62D:AL_1a	daclatasvir	daclatasvir	drug_resistance
NS5A	1	30	R	REF_MASTER_NC_004102	NS5A:30R	aminoAcidSimplePolymorphism	NS5A:30R+75A	combination	NS5A:30R+75A	2	1	phdr_ras:NS5A:30R+75A	NS5A:30R+75A	AL_1a	Q30R+V75A	NS5A:30R+75A:AL_1a:daclatasvir	category_II	II	2	1	850	0			NS5A:30R+75A:AL_1a	daclatasvir	daclatasvir	drug_resistance
NS5A	1	30	R	REF_MASTER_NC_004102	NS5A:30R	aminoAcidSimplePolymorphism	NS5A:30R+93C	combination	NS5A:30R+93C	2	1	phdr_ras:NS5A:30R+93C	NS5A:30R+93C	AL_1a	Q30R+Y93C	NS5A:30R+93C:AL_1a:ledipasvir	category_II	II	2	0		1	0	1	NS5A:30R+93C:AL_1a	ledipasvir	ledipasvir	drug_resistance
NS5A	1	30	R	REF_MASTER_NC_004102	NS5A:30R	aminoAcidSimplePolymorphism	NS5A:30R+93C	combination	NS5A:30R+93C	2	1	phdr_ras:NS5A:30R+93C	NS5A:30R+93C	AL_1a	Q30R+Y93C	NS5A:30R+93C:AL_1a:pibrentasvir	insignificant	-	4	1	3.8	0			NS5A:30R+93C:AL_1a	pibrentasvir	pibrentasvir	drug_resistance
NS5A	1	30	R	REF_MASTER_NC_004102	NS5A:30R	aminoAcidSimplePolymorphism	NS5A:30R+93H	combination	NS5A:30R+93H	2	1	phdr_ras:NS5A:30R+93H	NS5A:30R+93H	AL_1a	Q30R+Y93H	NS5A:30R+93H:AL_1a:daclatasvir	category_I	I	1	1	56817	1	0	1	NS5A:30R+93H:AL_1a	daclatasvir	daclatasvir	drug_resistance
NS5A	1	30	R	REF_MASTER_NC_004102	NS5A:30R	aminoAcidSimplePolymorphism	NS5A:30R+93H	combination	NS5A:30R+93H	2	1	phdr_ras:NS5A:30R+93H	NS5A:30R+93H	AL_1a	Q30R+Y93H	NS5A:30R+93H:AL_1a:elbasvir	category_II	II	2	0		1	0	1	NS5A:30R+93H:AL_1a	elbasvir	elbasvir	drug_resistance
NS5A	1	30	R	REF_MASTER_NC_004102	NS5A:30R	aminoAcidSimplePolymorphism	NS5A:30R+93H	combination	NS5A:30R+93H	2	1	phdr_ras:NS5A:30R+93H	NS5A:30R+93H	AL_1a	Q30R+Y93H	NS5A:30R+93H:AL_1a:ledipasvir	category_I	I	1	1	33691	1	0	1	NS5A:30R+93H:AL_1a	ledipasvir	ledipasvir	drug_resistance
NS5A	1	30	R	REF_MASTER_NC_004102	NS5A:30R	aminoAcidSimplePolymorphism	NS5A:30R+93H	combination	NS5A:30R+93H	2	1	phdr_ras:NS5A:30R+93H	NS5A:30R+93H	AL_1a	Q30R+Y93H	NS5A:30R+93H:AL_1a:pibrentasvir	category_II	II	2	1	260	0			NS5A:30R+93H:AL_1a	pibrentasvir	pibrentasvir	drug_resistance
NS5A	1	30	R	REF_MASTER_NC_004102	NS5A:30R	aminoAcidSimplePolymorphism	NS5A:30R+93H	combination	NS5A:30R+93H	2	1	phdr_ras:NS5A:30R+93H	NS5A:30R+93H	AL_1a	Q30R+Y93H	NS5A:30R+93H:AL_1a:velpatasvir	category_II	II	2	1	419	0			NS5A:30R+93H:AL_1a	velpatasvir	velpatasvir	drug_resistance
NS5A	1	30	R	REF_MASTER_NC_004102	NS5A:30R	aminoAcidSimplePolymorphism	NS5A:30R+93H	combination	NS5A:30R+93H	2	1	phdr_ras:NS5A:30R+93H	NS5A:30R+93H	AL_1b	R30R+Y93H	NS5A:30R+93H:AL_1b:daclatasvir	category_II	II	2	0		1	0	1	NS5A:30R+93H:AL_1b	daclatasvir	daclatasvir	drug_resistance
NS5A	1	30	R	REF_MASTER_NC_004102	NS5A:30R	aminoAcidSimplePolymorphism	NS5A:30R+93N	combination	NS5A:30R+93N	2	1	phdr_ras:NS5A:30R+93N	NS5A:30R+93N	AL_1a	Q30R+Y93N	NS5A:30R+93N:AL_1a:pibrentasvir	category_II	II	2	1	131	0			NS5A:30R+93N:AL_1a	pibrentasvir	pibrentasvir	drug_resistance
NS5A	1	30	R	REF_MASTER_NC_004102	NS5A:30R	aminoAcidSimplePolymorphism	NS5A:31M+30R	combination	NS5A:31M+30R	2	2	phdr_ras:NS5A:31M+30R	NS5A:31M+30R	AL_1a	L31M+Q30R	NS5A:31M+30R:AL_1a:elbasvir	category_II	II	2	0		1	0	1	NS5A:31M+30R:AL_1a	elbasvir	elbasvir	drug_resistance
NS5A	1	30	R	REF_MASTER_NC_004102	NS5A:30R	aminoAcidSimplePolymorphism	NS5A:58D+30R	combination	NS5A:58D+30R	2	2	phdr_ras:NS5A:58D+30R	NS5A:58D+30R	AL_1a	H58D+Q30R	NS5A:58D+30R:AL_1a:elbasvir	category_II	II	2	0		1	0	1	NS5A:58D+30R:AL_1a	elbasvir	elbasvir	drug_resistance
NS5A	1	30	S	REF_MASTER_NC_004102	NS5A:30S	aminoAcidSimplePolymorphism	NS5A:28A+30S	combination	NS5A:28A+30S	2	2	phdr_ras:NS5A:28A+30S	NS5A:28A+30S	AL_6a	F/L28A+R30S	NS5A:28A+30S:AL_6a:ombitasvir	category_II	II	2	1	1121	0			NS5A:28A+30S:AL_6a	ombitasvir	ombitasvir	drug_resistance
NS5A	1	30	S	REF_MASTER_NC_004102	NS5A:30S	aminoAcidSimplePolymorphism	NS5A:28T+30S	combination	NS5A:28T+30S	2	2	phdr_ras:NS5A:28T+30S	NS5A:28T+30S	AL_6a	F/L28T+R30S	NS5A:28T+30S:AL_6a:ombitasvir	category_II	II	2	1	1746	0			NS5A:28T+30S:AL_6a	ombitasvir	ombitasvir	drug_resistance
NS5A	1	30	S	REF_MASTER_NC_004102	NS5A:30S	aminoAcidSimplePolymorphism	NS5A:28V+30S	combination	NS5A:28V+30S	2	2	phdr_ras:NS5A:28V+30S	NS5A:28V+30S	AL_6a	F/L28V+R30S	NS5A:28V+30S:AL_6a:ombitasvir	category_III	III	3	1	9.5	0			NS5A:28V+30S:AL_6a	ombitasvir	ombitasvir	drug_resistance
NS5A	1	30	S	REF_MASTER_NC_004102	NS5A:30S	aminoAcidSimplePolymorphism	NS5A:28V+30S+31M	combination	NS5A:28V+30S+31M	3	2	phdr_ras:NS5A:28V+30S+31M	NS5A:28V+30S+31M	AL_4r	M/V28V+R30S+L/M31M	NS5A:28V+30S+31M:AL_4r:daclatasvir	category_II	II	2	0		1	0	1	NS5A:28V+30S+31M:AL_4r	daclatasvir	daclatasvir	drug_resistance
NS5A	1	30	S	REF_MASTER_NC_004102	NS5A:30S	aminoAcidSimplePolymorphism	NS5A:28V+30S+93S	combination	NS5A:28V+30S+93S	3	2	phdr_ras:NS5A:28V+30S+93S	NS5A:28V+30S+93S	AL_6a	F/L28V+R30S+T93S	NS5A:28V+30S+93S:AL_6a:ombitasvir	category_II	II	2	1	174	0			NS5A:28V+30S+93S:AL_6a	ombitasvir	ombitasvir	drug_resistance
NS5A	1	30	S	REF_MASTER_NC_004102	NS5A:30S	aminoAcidSimplePolymorphism	NS5A:30S	single				phdr_ras:NS5A:30S	NS5A:30S	AL_1b	R30S	NS5A:30S:AL_1b:daclatasvir	category_II	II	2	0		1	1	0	NS5A:30S:AL_1b	daclatasvir	daclatasvir	drug_resistance
NS5A	1	30	S	REF_MASTER_NC_004102	NS5A:30S	aminoAcidSimplePolymorphism	NS5A:30S	single				phdr_ras:NS5A:30S	NS5A:30S	AL_3	A30S	NS5A:30S:AL_3:daclatasvir	category_II	II	2	0		1	1	0	NS5A:30S:AL_3	daclatasvir	daclatasvir	drug_resistance
NS5A	1	30	S	REF_MASTER_NC_004102	NS5A:30S	aminoAcidSimplePolymorphism	NS5A:30S	single				phdr_ras:NS5A:30S	NS5A:30S	AL_4	L/R30S	NS5A:30S:AL_4:daclatasvir	category_II	II	2	0		1	0	1	NS5A:30S:AL_4	daclatasvir	daclatasvir	drug_resistance
NS5A	1	30	S	REF_MASTER_NC_004102	NS5A:30S	aminoAcidSimplePolymorphism	NS5A:30S	single				phdr_ras:NS5A:30S	NS5A:30S	AL_4	L/R30S	NS5A:30S:AL_4:elbasvir	insignificant	-	4	1	4	0			NS5A:30S:AL_4	elbasvir	elbasvir	drug_resistance
NS5A	1	30	S	REF_MASTER_NC_004102	NS5A:30S	aminoAcidSimplePolymorphism	NS5A:30S	single				phdr_ras:NS5A:30S	NS5A:30S	AL_4a	L30S	NS5A:30S:AL_4a:daclatasvir	category_II	II	2	1	539.5	0			NS5A:30S:AL_4a	daclatasvir	daclatasvir	drug_resistance
NS5A	1	30	S	REF_MASTER_NC_004102	NS5A:30S	aminoAcidSimplePolymorphism	NS5A:30S	single				phdr_ras:NS5A:30S	NS5A:30S	AL_4r	R30S	NS5A:30S:AL_4r:daclatasvir	category_II	II	2	0		1	0	1	NS5A:30S:AL_4r	daclatasvir	daclatasvir	drug_resistance
NS5A	1	30	S	REF_MASTER_NC_004102	NS5A:30S	aminoAcidSimplePolymorphism	NS5A:30S+31I+93H	combination	NS5A:30S+31I+93H	3	1	phdr_ras:NS5A:30S+31I+93H	NS5A:30S+31I+93H	AL_3	A30S+L31I+Y93H	NS5A:30S+31I+93H:AL_3:elbasvir	category_II	II	2	0		1	0	1	NS5A:30S+31I+93H:AL_3	elbasvir	elbasvir	drug_resistance
NS5A	1	30	T	REF_MASTER_NC_004102	NS5A:30T	aminoAcidSimplePolymorphism	NS5A:28V+30T	combination	NS5A:28V+30T	2	2	phdr_ras:NS5A:28V+30T	NS5A:28V+30T	AL_6a	F/L28V+R30T	NS5A:28V+30T:AL_6a:ombitasvir	insignificant	-	4	1	2.9	0			NS5A:28V+30T:AL_6a	ombitasvir	ombitasvir	drug_resistance
NS5A	1	30	T	REF_MASTER_NC_004102	NS5A:30T	aminoAcidSimplePolymorphism	NS5A:30T	single				phdr_ras:NS5A:30T	NS5A:30T	AL_1a	Q30T	NS5A:30T:AL_1a:ledipasvir	insignificant	-	4	1	4.4	0			NS5A:30T:AL_1a	ledipasvir	ledipasvir	drug_resistance
NS5A	1	30	T	REF_MASTER_NC_004102	NS5A:30T	aminoAcidSimplePolymorphism	NS5A:30T	single				phdr_ras:NS5A:30T	NS5A:30T	AL_1a	Q30T	NS5A:30T:AL_1a:velpatasvir	category_II	II	2	0		1	1	0	NS5A:30T:AL_1a	velpatasvir	velpatasvir	drug_resistance
NS5A	1	30	T	REF_MASTER_NC_004102	NS5A:30T	aminoAcidSimplePolymorphism	NS5A:30T+31M+93H	combination	NS5A:30T+31M+93H	3	1	phdr_ras:NS5A:30T+31M+93H	NS5A:30T+31M+93H															drug_resistance
NS5A	1	30	T	REF_MASTER_NC_004102	NS5A:30T	aminoAcidSimplePolymorphism	NS5A:30T+93H	combination	NS5A:30T+93H	2	1	phdr_ras:NS5A:30T+93H	NS5A:30T+93H	AL_3a	A30T+Y93H	NS5A:30T+93H:AL_3a:daclatasvir	category_II	II	2	0		1	0	1	NS5A:30T+93H:AL_3a	daclatasvir	daclatasvir	drug_resistance
NS5A	1	30	V	REF_MASTER_NC_004102	NS5A:30V	aminoAcidSimplePolymorphism	NS5A:30V	single				phdr_ras:NS5A:30V	NS5A:30V															drug_resistance
NS5A	1	30	V	REF_MASTER_NC_004102	NS5A:30V	aminoAcidSimplePolymorphism	NS5A:30V+93H	combination	NS5A:30V+93H	2	1	phdr_ras:NS5A:30V+93H	NS5A:30V+93H	AL_3a	A30V+Y93H	NS5A:30V+93H:AL_3a:daclatasvir	category_III	III	3	1	8	0			NS5A:30V+93H:AL_3a	daclatasvir	daclatasvir	drug_resistance
NS5A	1	30	W	REF_MASTER_NC_004102	NS5A:30W	aminoAcidSimplePolymorphism	NS5A:30W	single				phdr_ras:NS5A:30W	NS5A:30W	AL_1b	R30W	NS5A:30W:AL_1b:daclatasvir	category_II	II	2	0		1	0	1	NS5A:30W:AL_1b	daclatasvir	daclatasvir	drug_resistance
NS5A	1	30	Y	REF_MASTER_NC_004102	NS5A:30Y	aminoAcidSimplePolymorphism	NS5A:30Y	single				phdr_ras:NS5A:30Y	NS5A:30Y	AL_1a	Q30Y	NS5A:30Y:AL_1a:ledipasvir	category_I	I	1	0		1	1	1	NS5A:30Y:AL_1a	ledipasvir	ledipasvir	drug_resistance
NS5A	1	30	Y	REF_MASTER_NC_004102	NS5A:30Y	aminoAcidSimplePolymorphism	NS5A:30Y+93H	combination	NS5A:30Y+93H	2	1	phdr_ras:NS5A:30Y+93H	NS5A:30Y+93H	AL_1a	Q30Y+Y93H	NS5A:30Y+93H:AL_1a:ledipasvir	category_I	I	1	1	47335.9	1	1	1	NS5A:30Y+93H:AL_1a	ledipasvir	ledipasvir	drug_resistance
NS5A	1	30	del	REF_MASTER_NC_004102	NS5A:30del	aminoAcidDeletion	NS5A:30del	single				phdr_ras:NS5A:30del	NS5A:30del	AL_1a	30del	NS5A:30del:AL_1a:pibrentasvir	category_II	II	2	1	3549	0			NS5A:30del:AL_1a	pibrentasvir	pibrentasvir	drug_resistance
NS5A	1	30	del	REF_MASTER_NC_004102	NS5A:30del	aminoAcidDeletion	NS5A:30del+32L	combination	NS5A:30del+32L	2	1	phdr_ras:NS5A:30del+32L	NS5A:30del+32L	AL_1b	30del+P32L	NS5A:30del+32L:AL_1b:daclatasvir	category_II	II	2	1	384615	0			NS5A:30del+32L:AL_1b	daclatasvir	daclatasvir	drug_resistance
NS5A	1	31	F	REF_MASTER_NC_004102	NS5A:31F	aminoAcidSimplePolymorphism	NS5A:23F+31F	combination	NS5A:23F+31F	2	2	phdr_ras:NS5A:23F+31F	NS5A:23F+31F	AL_1b	L23F+L31F	NS5A:23F+31F:AL_1b:daclatasvir	category_III	III	3	1	13	0			NS5A:23F+31F:AL_1b	daclatasvir	daclatasvir	drug_resistance
NS5A	1	31	F	REF_MASTER_NC_004102	NS5A:31F	aminoAcidSimplePolymorphism	NS5A:24R+31F	combination	NS5A:24R+31F	2	2	phdr_ras:NS5A:24R+31F	NS5A:24R+31F	AL_7a	K24R+L31F	NS5A:24R+31F:AL_7a:daclatasvir	category_II	II	2	1	539.5	0			NS5A:24R+31F:AL_7a	daclatasvir	daclatasvir	drug_resistance
NS5A	1	31	F	REF_MASTER_NC_004102	NS5A:31F	aminoAcidSimplePolymorphism	NS5A:24R+31F	combination	NS5A:24R+31F	2	2	phdr_ras:NS5A:24R+31F	NS5A:24R+31F	AL_7a	K24R+L31F	NS5A:24R+31F:AL_7a:elbasvir	category_II	II	2	1	539.5	0			NS5A:24R+31F:AL_7a	elbasvir	elbasvir	drug_resistance
NS5A	1	31	F	REF_MASTER_NC_004102	NS5A:31F	aminoAcidSimplePolymorphism	NS5A:24R+31F	combination	NS5A:24R+31F	2	2	phdr_ras:NS5A:24R+31F	NS5A:24R+31F	AL_7a	K24R+L31F	NS5A:24R+31F:AL_7a:velpatasvir	category_III	III	3	1	41.5	0			NS5A:24R+31F:AL_7a	velpatasvir	velpatasvir	drug_resistance
NS5A	1	31	F	REF_MASTER_NC_004102	NS5A:31F	aminoAcidSimplePolymorphism	NS5A:28M+31F	combination	NS5A:28M+31F	2	2	phdr_ras:NS5A:28M+31F	NS5A:28M+31F	AL_1b	L28M+L31F	NS5A:28M+31F:AL_1b:ombitasvir	category_II	II	2	1	569	0			NS5A:28M+31F:AL_1b	ombitasvir	ombitasvir	drug_resistance
NS5A	1	31	F	REF_MASTER_NC_004102	NS5A:31F	aminoAcidSimplePolymorphism	NS5A:28V+31F	combination	NS5A:28V+31F	2	2	phdr_ras:NS5A:28V+31F	NS5A:28V+31F	AL_1b	L28V+L31F	NS5A:28V+31F:AL_1b:ombitasvir	category_II	II	2	1	2170	0			NS5A:28V+31F:AL_1b	ombitasvir	ombitasvir	drug_resistance
NS5A	1	31	F	REF_MASTER_NC_004102	NS5A:31F	aminoAcidSimplePolymorphism	NS5A:30Q+31F	combination	NS5A:30Q+31F	2	2	phdr_ras:NS5A:30Q+31F	NS5A:30Q+31F	AL_1b	R30Q+L31F	NS5A:30Q+31F:AL_1b:daclatasvir	category_II	II	2	1	90	0			NS5A:30Q+31F:AL_1b	daclatasvir	daclatasvir	drug_resistance
NS5A	1	31	F	REF_MASTER_NC_004102	NS5A:31F	aminoAcidSimplePolymorphism	NS5A:31F	single				phdr_ras:NS5A:31F	NS5A:31F	AL_1a	L31F	NS5A:31F:AL_1a:elbasvir	category_II	II	2	1	96	0			NS5A:31F:AL_1a	elbasvir	elbasvir	drug_resistance
NS5A	1	31	F	REF_MASTER_NC_004102	NS5A:31F	aminoAcidSimplePolymorphism	NS5A:31F	single				phdr_ras:NS5A:31F	NS5A:31F	AL_1a	L31F	NS5A:31F:AL_1a:ledipasvir	category_II	II	2	1	60.2	0			NS5A:31F:AL_1a	ledipasvir	ledipasvir	drug_resistance
NS5A	1	31	F	REF_MASTER_NC_004102	NS5A:31F	aminoAcidSimplePolymorphism	NS5A:31F	single				phdr_ras:NS5A:31F	NS5A:31F	AL_1b	L31F	NS5A:31F:AL_1b:daclatasvir	category_I	I	1	1	5	1	0	1	NS5A:31F:AL_1b	daclatasvir	daclatasvir	drug_resistance
NS5A	1	31	F	REF_MASTER_NC_004102	NS5A:31F	aminoAcidSimplePolymorphism	NS5A:31F	single				phdr_ras:NS5A:31F	NS5A:31F	AL_1b	L31F	NS5A:31F:AL_1b:elbasvir	category_III	III	3	1	16.7	0			NS5A:31F:AL_1b	elbasvir	elbasvir	drug_resistance
NS5A	1	31	F	REF_MASTER_NC_004102	NS5A:31F	aminoAcidSimplePolymorphism	NS5A:31F	single				phdr_ras:NS5A:31F	NS5A:31F	AL_1b	L31F	NS5A:31F:AL_1b:ledipasvir	category_III	III	3	1	7.800000000000001	0			NS5A:31F:AL_1b	ledipasvir	ledipasvir	drug_resistance
NS5A	1	31	F	REF_MASTER_NC_004102	NS5A:31F	aminoAcidSimplePolymorphism	NS5A:31F	single				phdr_ras:NS5A:31F	NS5A:31F	AL_1b	L31F	NS5A:31F:AL_1b:ombitasvir	category_I	I	1	1	10	1	0	1	NS5A:31F:AL_1b	ombitasvir	ombitasvir	drug_resistance
NS5A	1	31	F	REF_MASTER_NC_004102	NS5A:31F	aminoAcidSimplePolymorphism	NS5A:31F	single				phdr_ras:NS5A:31F	NS5A:31F	AL_3	L31F	NS5A:31F:AL_3:elbasvir	category_II	II	2	0		1	0	1	NS5A:31F:AL_3	elbasvir	elbasvir	drug_resistance
NS5A	1	31	F	REF_MASTER_NC_004102	NS5A:31F	aminoAcidSimplePolymorphism	NS5A:31F	single				phdr_ras:NS5A:31F	NS5A:31F	AL_3	L31F	NS5A:31F:AL_3:pibrentasvir	category_II	II	2	0		1	0	1	NS5A:31F:AL_3	pibrentasvir	pibrentasvir	drug_resistance
NS5A	1	31	F	REF_MASTER_NC_004102	NS5A:31F	aminoAcidSimplePolymorphism	NS5A:31F	single				phdr_ras:NS5A:31F	NS5A:31F	AL_3a	L31F	NS5A:31F:AL_3a:daclatasvir	category_II	II	2	1	539.5	0			NS5A:31F:AL_3a	daclatasvir	daclatasvir	drug_resistance
NS5A	1	31	F	REF_MASTER_NC_004102	NS5A:31F	aminoAcidSimplePolymorphism	NS5A:31F	single				phdr_ras:NS5A:31F	NS5A:31F	AL_3a	L31F	NS5A:31F:AL_3a:elbasvir	category_II	II	2	1	539.5	0			NS5A:31F:AL_3a	elbasvir	elbasvir	drug_resistance
NS5A	1	31	F	REF_MASTER_NC_004102	NS5A:31F	aminoAcidSimplePolymorphism	NS5A:31F	single				phdr_ras:NS5A:31F	NS5A:31F	AL_3a	L31F	NS5A:31F:AL_3a:ombitasvir	category_III	III	3	1	28	0			NS5A:31F:AL_3a	ombitasvir	ombitasvir	drug_resistance
NS5A	1	31	F	REF_MASTER_NC_004102	NS5A:31F	aminoAcidSimplePolymorphism	NS5A:31F	single				phdr_ras:NS5A:31F	NS5A:31F	AL_3a	L31F	NS5A:31F:AL_3a:pibrentasvir	category_II	II	2	0		1	0	1	NS5A:31F:AL_3a	pibrentasvir	pibrentasvir	drug_resistance
NS5A	1	31	F	REF_MASTER_NC_004102	NS5A:31F	aminoAcidSimplePolymorphism	NS5A:31F	single				phdr_ras:NS5A:31F	NS5A:31F	AL_3a	L31F	NS5A:31F:AL_3a:velpatasvir	category_III	III	3	1	41.5	0			NS5A:31F:AL_3a	velpatasvir	velpatasvir	drug_resistance
NS5A	1	31	F	REF_MASTER_NC_004102	NS5A:31F	aminoAcidSimplePolymorphism	NS5A:31F	single				phdr_ras:NS5A:31F	NS5A:31F	AL_5a	L31F	NS5A:31F:AL_5a:daclatasvir	category_II	II	2	1	1438	0			NS5A:31F:AL_5a	daclatasvir	daclatasvir	drug_resistance
NS5A	1	31	F	REF_MASTER_NC_004102	NS5A:31F	aminoAcidSimplePolymorphism	NS5A:31F	single				phdr_ras:NS5A:31F	NS5A:31F	AL_5a	L31F	NS5A:31F:AL_5a:elbasvir	category_II	II	2	1	1000	0			NS5A:31F:AL_5a	elbasvir	elbasvir	drug_resistance
NS5A	1	31	F	REF_MASTER_NC_004102	NS5A:31F	aminoAcidSimplePolymorphism	NS5A:31F	single				phdr_ras:NS5A:31F	NS5A:31F	AL_5a	L31F	NS5A:31F:AL_5a:ombitasvir	category_II	II	2	1	289	0			NS5A:31F:AL_5a	ombitasvir	ombitasvir	drug_resistance
NS5A	1	31	F	REF_MASTER_NC_004102	NS5A:31F	aminoAcidSimplePolymorphism	NS5A:31F	single				phdr_ras:NS5A:31F	NS5A:31F	AL_5a	L31F	NS5A:31F:AL_5a:pibrentasvir	insignificant	-	4	1	2.1	0			NS5A:31F:AL_5a	pibrentasvir	pibrentasvir	drug_resistance
NS5A	1	31	F	REF_MASTER_NC_004102	NS5A:31F	aminoAcidSimplePolymorphism	NS5A:31F	single				phdr_ras:NS5A:31F	NS5A:31F	AL_7a	L31F	NS5A:31F:AL_7a:daclatasvir	category_II	II	2	1	539.5	0			NS5A:31F:AL_7a	daclatasvir	daclatasvir	drug_resistance
NS5A	1	31	F	REF_MASTER_NC_004102	NS5A:31F	aminoAcidSimplePolymorphism	NS5A:31F	single				phdr_ras:NS5A:31F	NS5A:31F	AL_7a	L31F	NS5A:31F:AL_7a:elbasvir	category_II	II	2	1	539.5	0			NS5A:31F:AL_7a	elbasvir	elbasvir	drug_resistance
NS5A	1	31	F	REF_MASTER_NC_004102	NS5A:31F	aminoAcidSimplePolymorphism	NS5A:31F+129H	combination	NS5A:31F+129H	2	1	phdr_ras:NS5A:31F+129H	NS5A:31F+129H	AL_5a	L31F+Y129H	NS5A:31F+129H:AL_5a:daclatasvir	category_II	II	2	1	539.5	0			NS5A:31F+129H:AL_5a	daclatasvir	daclatasvir	drug_resistance
NS5A	1	31	F	REF_MASTER_NC_004102	NS5A:31F	aminoAcidSimplePolymorphism	NS5A:31F+129H	combination	NS5A:31F+129H	2	1	phdr_ras:NS5A:31F+129H	NS5A:31F+129H	AL_5a	L31F+Y129H	NS5A:31F+129H:AL_5a:elbasvir	category_II	II	2	1	1000	0			NS5A:31F+129H:AL_5a	elbasvir	elbasvir	drug_resistance
NS5A	1	31	F	REF_MASTER_NC_004102	NS5A:31F	aminoAcidSimplePolymorphism	NS5A:31F+32del	combination	NS5A:31F+32del	2	1	phdr_ras:NS5A:31F+32del	NS5A:31F+32del	AL_1b	L31F+32del	NS5A:31F+32del:AL_1b:daclatasvir	category_II	II	2	0		1	0	1	NS5A:31F+32del:AL_1b	daclatasvir	daclatasvir	drug_resistance
NS5A	1	31	F	REF_MASTER_NC_004102	NS5A:31F	aminoAcidSimplePolymorphism	NS5A:31F+56R	combination	NS5A:31F+56R	2	1	phdr_ras:NS5A:31F+56R	NS5A:31F+56R	AL_5a	L31F+K56R	NS5A:31F+56R:AL_5a:daclatasvir	category_II	II	2	1	8188	0			NS5A:31F+56R:AL_5a	daclatasvir	daclatasvir	drug_resistance
NS5A	1	31	F	REF_MASTER_NC_004102	NS5A:31F	aminoAcidSimplePolymorphism	NS5A:31F+58L	combination	NS5A:31F+58L	2	1	phdr_ras:NS5A:31F+58L	NS5A:31F+58L	AL_1b	L31F+P58L	NS5A:31F+58L:AL_1b:ombitasvir	category_II	II	2	1	78	0			NS5A:31F+58L:AL_1b	ombitasvir	ombitasvir	drug_resistance
NS5A	1	31	F	REF_MASTER_NC_004102	NS5A:31F	aminoAcidSimplePolymorphism	NS5A:31F+92E	combination	NS5A:31F+92E	2	1	phdr_ras:NS5A:31F+92E	NS5A:31F+92E	AL_1b	L31F+A92E	NS5A:31F+92E:AL_1b:ombitasvir	category_II	II	2	1	1022	0			NS5A:31F+92E:AL_1b	ombitasvir	ombitasvir	drug_resistance
NS5A	1	31	F	REF_MASTER_NC_004102	NS5A:31F	aminoAcidSimplePolymorphism	NS5A:31F+93H	combination	NS5A:31F+93H	2	1	phdr_ras:NS5A:31F+93H	NS5A:31F+93H	AL_1b	L31F+Y93H	NS5A:31F+93H:AL_1b:daclatasvir	category_I	I	1	1	5721	1	0	1	NS5A:31F+93H:AL_1b	daclatasvir	daclatasvir	drug_resistance
NS5A	1	31	F	REF_MASTER_NC_004102	NS5A:31F	aminoAcidSimplePolymorphism	NS5A:31F+93H	combination	NS5A:31F+93H	2	1	phdr_ras:NS5A:31F+93H	NS5A:31F+93H	AL_1b	L31F+Y93H	NS5A:31F+93H:AL_1b:ombitasvir	category_II	II	2	1	10272	0			NS5A:31F+93H:AL_1b	ombitasvir	ombitasvir	drug_resistance
NS5A	1	31	F	REF_MASTER_NC_004102	NS5A:31F	aminoAcidSimplePolymorphism	NS5A:31F+93H	combination	NS5A:31F+93H	2	1	phdr_ras:NS5A:31F+93H	NS5A:31F+93H	AL_3a	L31F+Y93H	NS5A:31F+93H:AL_3a:daclatasvir	category_II	II	2	1	1000	0			NS5A:31F+93H:AL_3a	daclatasvir	daclatasvir	drug_resistance
NS5A	1	31	F	REF_MASTER_NC_004102	NS5A:31F	aminoAcidSimplePolymorphism	NS5A:31F+93H	combination	NS5A:31F+93H	2	1	phdr_ras:NS5A:31F+93H	NS5A:31F+93H	AL_3a	L31F+Y93H	NS5A:31F+93H:AL_3a:elbasvir	category_II	II	2	1	1000	0			NS5A:31F+93H:AL_3a	elbasvir	elbasvir	drug_resistance
NS5A	1	31	F	REF_MASTER_NC_004102	NS5A:31F	aminoAcidSimplePolymorphism	NS5A:31F+93H	combination	NS5A:31F+93H	2	1	phdr_ras:NS5A:31F+93H	NS5A:31F+93H	AL_3a	L31F+Y93H	NS5A:31F+93H:AL_3a:velpatasvir	category_II	II	2	1	999	0			NS5A:31F+93H:AL_3a	velpatasvir	velpatasvir	drug_resistance
NS5A	1	31	I	REF_MASTER_NC_004102	NS5A:31I	aminoAcidSimplePolymorphism	NS5A:24K+28I+30Q+31I+32L+54Y	combination	NS5A:24K+28I+30Q+31I+32L+54Y	6	4	phdr_ras:NS5A:24K+28I+30Q+31I+32L+54Y	NS5A:24K+28I+30Q+31I+32L+54Y	AL_1b	Q24K+L28I+R30Q+L31I+P32L+H/Q54Y	NS5A:24K+28I+30Q+31I+32L+54Y:AL_1b:daclatasvir	category_II	II	2	0		1	0	1	NS5A:24K+28I+30Q+31I+32L+54Y:AL_1b	daclatasvir	daclatasvir	drug_resistance
NS5A	1	31	I	REF_MASTER_NC_004102	NS5A:31I	aminoAcidSimplePolymorphism	NS5A:28S+31I	combination	NS5A:28S+31I	2	2	phdr_ras:NS5A:28S+31I	NS5A:28S+31I	AL_2a	F28S+L/M31I	NS5A:28S+31I:AL_2a:pibrentasvir	category_II	II	2	1	14448	0			NS5A:28S+31I:AL_2a	pibrentasvir	pibrentasvir	drug_resistance
NS5A	1	31	I	REF_MASTER_NC_004102	NS5A:31I	aminoAcidSimplePolymorphism	NS5A:28S+31I	combination	NS5A:28S+31I	2	2	phdr_ras:NS5A:28S+31I	NS5A:28S+31I	AL_4	L/M28S+M31I	NS5A:28S+31I:AL_4:elbasvir	category_II	II	2	0		1	0	1	NS5A:28S+31I:AL_4	elbasvir	elbasvir	drug_resistance
NS5A	1	31	I	REF_MASTER_NC_004102	NS5A:31I	aminoAcidSimplePolymorphism	NS5A:28S+31I	combination	NS5A:28S+31I	2	2	phdr_ras:NS5A:28S+31I	NS5A:28S+31I	AL_4d	L28S+M31I	NS5A:28S+31I:AL_4d:elbasvir	category_II	II	2	0		1	0	1	NS5A:28S+31I:AL_4d	elbasvir	elbasvir	drug_resistance
NS5A	1	31	I	REF_MASTER_NC_004102	NS5A:31I	aminoAcidSimplePolymorphism	NS5A:28S+31I	combination	NS5A:28S+31I	2	2	phdr_ras:NS5A:28S+31I	NS5A:28S+31I	AL_4d	L28S+M31I	NS5A:28S+31I:AL_4d:ombitasvir	category_II	II	2	0		1	0	1	NS5A:28S+31I:AL_4d	ombitasvir	ombitasvir	drug_resistance
NS5A	1	31	I	REF_MASTER_NC_004102	NS5A:31I	aminoAcidSimplePolymorphism	NS5A:28T+31I	combination	NS5A:28T+31I	2	2	phdr_ras:NS5A:28T+31I	NS5A:28T+31I	AL_6a	F/L28T+L31I	NS5A:28T+31I:AL_6a:ombitasvir	category_II	II	2	1	5000	0			NS5A:28T+31I:AL_6a	ombitasvir	ombitasvir	drug_resistance
NS5A	1	31	I	REF_MASTER_NC_004102	NS5A:31I	aminoAcidSimplePolymorphism	NS5A:30G+31I	combination	NS5A:30G+31I	2	2	phdr_ras:NS5A:30G+31I	NS5A:30G+31I	AL_1b	R30G+L31I	NS5A:30G+31I:AL_1b:daclatasvir	category_II	II	2	0		1	0	1	NS5A:30G+31I:AL_1b	daclatasvir	daclatasvir	drug_resistance
NS5A	1	31	I	REF_MASTER_NC_004102	NS5A:31I	aminoAcidSimplePolymorphism	NS5A:30S+31I+93H	combination	NS5A:30S+31I+93H	3	2	phdr_ras:NS5A:30S+31I+93H	NS5A:30S+31I+93H	AL_3	A30S+L31I+Y93H	NS5A:30S+31I+93H:AL_3:elbasvir	category_II	II	2	0		1	0	1	NS5A:30S+31I+93H:AL_3	elbasvir	elbasvir	drug_resistance
NS5A	1	31	I	REF_MASTER_NC_004102	NS5A:31I	aminoAcidSimplePolymorphism	NS5A:31I	single				phdr_ras:NS5A:31I	NS5A:31I	AL_1a	L31I	NS5A:31I:AL_1a:ledipasvir	category_II	II	2	1	370	0			NS5A:31I:AL_1a	ledipasvir	ledipasvir	drug_resistance
NS5A	1	31	I	REF_MASTER_NC_004102	NS5A:31I	aminoAcidSimplePolymorphism	NS5A:31I	single				phdr_ras:NS5A:31I	NS5A:31I	AL_1a	L31I	NS5A:31I:AL_1a:velpatasvir	insignificant	-	4	1	4.4	0			NS5A:31I:AL_1a	velpatasvir	velpatasvir	drug_resistance
NS5A	1	31	I	REF_MASTER_NC_004102	NS5A:31I	aminoAcidSimplePolymorphism	NS5A:31I	single				phdr_ras:NS5A:31I	NS5A:31I	AL_1b	L31I	NS5A:31I:AL_1b:daclatasvir	category_II	II	2	0		1	0	1	NS5A:31I:AL_1b	daclatasvir	daclatasvir	drug_resistance
NS5A	1	31	I	REF_MASTER_NC_004102	NS5A:31I	aminoAcidSimplePolymorphism	NS5A:31I	single				phdr_ras:NS5A:31I	NS5A:31I	AL_1b	L31I	NS5A:31I:AL_1b:elbasvir	category_II	II	2	0		1	1	0	NS5A:31I:AL_1b	elbasvir	elbasvir	drug_resistance
NS5A	1	31	I	REF_MASTER_NC_004102	NS5A:31I	aminoAcidSimplePolymorphism	NS5A:31I	single				phdr_ras:NS5A:31I	NS5A:31I	AL_1b	L31I	NS5A:31I:AL_1b:ledipasvir	category_I	I	1	1	29.4	1	0	1	NS5A:31I:AL_1b	ledipasvir	ledipasvir	drug_resistance
NS5A	1	31	I	REF_MASTER_NC_004102	NS5A:31I	aminoAcidSimplePolymorphism	NS5A:31I	single				phdr_ras:NS5A:31I	NS5A:31I	AL_4d	M31I	NS5A:31I:AL_4d:ombitasvir	insignificant	-	4	1	2.5	0			NS5A:31I:AL_4d	ombitasvir	ombitasvir	drug_resistance
NS5A	1	31	I	REF_MASTER_NC_004102	NS5A:31I	aminoAcidSimplePolymorphism	NS5A:31I	single				phdr_ras:NS5A:31I	NS5A:31I	AL_6a	L31I	NS5A:31I:AL_6a:ombitasvir	category_II	II	2	1	108	0			NS5A:31I:AL_6a	ombitasvir	ombitasvir	drug_resistance
NS5A	1	31	I	REF_MASTER_NC_004102	NS5A:31I	aminoAcidSimplePolymorphism	NS5A:31I+54H+92K	combination	NS5A:31I+54H+92K	3	1	phdr_ras:NS5A:31I+54H+92K	NS5A:31I+54H+92K	AL_1b	L31I+H/Q54H+A92K	NS5A:31I+54H+92K:AL_1b:daclatasvir	category_II	II	2	0		1	0	1	NS5A:31I+54H+92K:AL_1b	daclatasvir	daclatasvir	drug_resistance
NS5A	1	31	I	REF_MASTER_NC_004102	NS5A:31I	aminoAcidSimplePolymorphism	NS5A:31I+54H+92T	combination	NS5A:31I+54H+92T	3	1	phdr_ras:NS5A:31I+54H+92T	NS5A:31I+54H+92T	AL_1b	L31I+H/Q54H+A92T	NS5A:31I+54H+92T:AL_1b:daclatasvir	category_II	II	2	0		1	0	1	NS5A:31I+54H+92T:AL_1b	daclatasvir	daclatasvir	drug_resistance
NS5A	1	31	I	REF_MASTER_NC_004102	NS5A:31I	aminoAcidSimplePolymorphism	NS5A:31I+92K	combination	NS5A:31I+92K	2	1	phdr_ras:NS5A:31I+92K	NS5A:31I+92K	AL_1b	L31I+A92K	NS5A:31I+92K:AL_1b:daclatasvir	category_II	II	2	0		1	0	1	NS5A:31I+92K:AL_1b	daclatasvir	daclatasvir	drug_resistance
NS5A	1	31	I	REF_MASTER_NC_004102	NS5A:31I	aminoAcidSimplePolymorphism	NS5A:31I+93H	combination	NS5A:31I+93H	2	1	phdr_ras:NS5A:31I+93H	NS5A:31I+93H	AL_1b	L31I+Y93H	NS5A:31I+93H:AL_1b:daclatasvir	category_I	I	1	0		1	1	1	NS5A:31I+93H:AL_1b	daclatasvir	daclatasvir	drug_resistance
NS5A	1	31	I	REF_MASTER_NC_004102	NS5A:31I	aminoAcidSimplePolymorphism	NS5A:31I+93H	combination	NS5A:31I+93H	2	1	phdr_ras:NS5A:31I+93H	NS5A:31I+93H	AL_1b	L31I+Y93H	NS5A:31I+93H:AL_1b:ledipasvir	category_II	II	2	1	94862.5	0			NS5A:31I+93H:AL_1b	ledipasvir	ledipasvir	drug_resistance
NS5A	1	31	I	REF_MASTER_NC_004102	NS5A:31I	aminoAcidSimplePolymorphism	NS5A:31I+93H	combination	NS5A:31I+93H	2	1	phdr_ras:NS5A:31I+93H	NS5A:31I+93H	AL_3a	L31I+Y93H	NS5A:31I+93H:AL_3a:pibrentasvir	category_II	II	2	0		1	0	1	NS5A:31I+93H:AL_3a	pibrentasvir	pibrentasvir	drug_resistance
NS5A	1	31	L	REF_MASTER_NC_004102	NS5A:31L	aminoAcidSimplePolymorphism	NS5A:28M+30R+31L	combination	NS5A:28M+30R+31L	3	3	phdr_ras:NS5A:28M+30R+31L	NS5A:28M+30R+31L	AL_4r	M/V28M+R30R+L/M31L	NS5A:28M+30R+31L:AL_4r:ledipasvir	category_I	I	1	0		1	1	1	NS5A:28M+30R+31L:AL_4r	ledipasvir	ledipasvir	drug_resistance
NS5A	1	31	L	REF_MASTER_NC_004102	NS5A:31L	aminoAcidSimplePolymorphism	NS5A:28M+30R+31L+93H	combination	NS5A:28M+30R+31L+93H	4	3	phdr_ras:NS5A:28M+30R+31L+93H	NS5A:28M+30R+31L+93H	AL_4r	M/V28M+R30R+L/M31L+Y93H	NS5A:28M+30R+31L+93H:AL_4r:ledipasvir	category_II	II	2	0		1	0	1	NS5A:28M+30R+31L+93H:AL_4r	ledipasvir	ledipasvir	drug_resistance
NS5A	1	31	L	REF_MASTER_NC_004102	NS5A:31L	aminoAcidSimplePolymorphism	NS5A:31L	single				phdr_ras:NS5A:31L	NS5A:31L															drug_resistance
NS5A	1	31	M	REF_MASTER_NC_004102	NS5A:31M	aminoAcidSimplePolymorphism	NS5A:24Q+28T+31M	combination	NS5A:24Q+28T+31M	3	3	phdr_ras:NS5A:24Q+28T+31M	NS5A:24Q+28T+31M	AL_1a	K24Q+M28T+L31M	NS5A:24Q+28T+31M:AL_1a:elbasvir	category_III	III	3	1	9	0			NS5A:24Q+28T+31M:AL_1a	elbasvir	elbasvir	drug_resistance
NS5A	1	31	M	REF_MASTER_NC_004102	NS5A:31M	aminoAcidSimplePolymorphism	NS5A:24R+30Q+31M+37L+93H	combination	NS5A:24R+30Q+31M+37L+93H	5	3	phdr_ras:NS5A:24R+30Q+31M+37L+93H	NS5A:24R+30Q+31M+37L+93H	AL_1b	Q24R+R30Q+L31M+F/L37L+Y93H	NS5A:24R+30Q+31M+37L+93H:AL_1b:daclatasvir	category_II	II	2	0		1	0	1	NS5A:24R+30Q+31M+37L+93H:AL_1b	daclatasvir	daclatasvir	drug_resistance
NS5A	1	31	M	REF_MASTER_NC_004102	NS5A:31M	aminoAcidSimplePolymorphism	NS5A:24S+31M	combination	NS5A:24S+31M	2	2	phdr_ras:NS5A:24S+31M	NS5A:24S+31M	AL_2a	T24S+L/M31M	NS5A:24S+31M:AL_2a:velpatasvir	category_II	II	2	0		1	1	0	NS5A:24S+31M:AL_2a	velpatasvir	velpatasvir	drug_resistance
NS5A	1	31	M	REF_MASTER_NC_004102	NS5A:31M	aminoAcidSimplePolymorphism	NS5A:24S+31M	combination	NS5A:24S+31M	2	2	phdr_ras:NS5A:24S+31M	NS5A:24S+31M	AL_2d	S24S+L31M	NS5A:24S+31M:AL_2d:velpatasvir	category_II	II	2	0		1	1	0	NS5A:24S+31M:AL_2d	velpatasvir	velpatasvir	drug_resistance
NS5A	1	31	M	REF_MASTER_NC_004102	NS5A:31M	aminoAcidSimplePolymorphism	NS5A:24S+31M	combination	NS5A:24S+31M	2	2	phdr_ras:NS5A:24S+31M	NS5A:24S+31M	AL_2i	S24S+M31M	NS5A:24S+31M:AL_2i:daclatasvir	category_II	II	2	0		1	1	0	NS5A:24S+31M:AL_2i	daclatasvir	daclatasvir	drug_resistance
NS5A	1	31	M	REF_MASTER_NC_004102	NS5A:31M	aminoAcidSimplePolymorphism	NS5A:24S+31M	combination	NS5A:24S+31M	2	2	phdr_ras:NS5A:24S+31M	NS5A:24S+31M	AL_2j	S24S+M31M	NS5A:24S+31M:AL_2j:velpatasvir	category_II	II	2	0		1	1	0	NS5A:24S+31M:AL_2j	velpatasvir	velpatasvir	drug_resistance
NS5A	1	31	M	REF_MASTER_NC_004102	NS5A:31M	aminoAcidSimplePolymorphism	NS5A:24S+31M+93H	combination	NS5A:24S+31M+93H	3	2	phdr_ras:NS5A:24S+31M+93H	NS5A:24S+31M+93H															drug_resistance
NS5A	1	31	M	REF_MASTER_NC_004102	NS5A:31M	aminoAcidSimplePolymorphism	NS5A:28C+31M	combination	NS5A:28C+31M	2	2	phdr_ras:NS5A:28C+31M	NS5A:28C+31M	AL_2a	F28C+L/M31M	NS5A:28C+31M:AL_2a:daclatasvir	category_II	II	2	0		1	1	0	NS5A:28C+31M:AL_2a	daclatasvir	daclatasvir	drug_resistance
NS5A	1	31	M	REF_MASTER_NC_004102	NS5A:31M	aminoAcidSimplePolymorphism	NS5A:28F+31M	combination	NS5A:28F+31M	2	2	phdr_ras:NS5A:28F+31M	NS5A:28F+31M	AL_2b	L28F+L/M31M	NS5A:28F+31M:AL_2b:ombitasvir	category_II	II	2	1	247	0			NS5A:28F+31M:AL_2b	ombitasvir	ombitasvir	drug_resistance
NS5A	1	31	M	REF_MASTER_NC_004102	NS5A:31M	aminoAcidSimplePolymorphism	NS5A:28I+30R+31M	combination	NS5A:28I+30R+31M	3	3	phdr_ras:NS5A:28I+30R+31M	NS5A:28I+30R+31M	AL_4r	M/V28I+R30R+L/M31M	NS5A:28I+30R+31M:AL_4r:elbasvir	category_II	II	2	0		1	0	1	NS5A:28I+30R+31M:AL_4r	elbasvir	elbasvir	drug_resistance
NS5A	1	31	M	REF_MASTER_NC_004102	NS5A:31M	aminoAcidSimplePolymorphism	NS5A:28L+31M	combination	NS5A:28L+31M	2	2	phdr_ras:NS5A:28L+31M	NS5A:28L+31M	AL_2b	L28L+L/M31M	NS5A:28L+31M:AL_2b:daclatasvir	category_I	I	1	1	650	1	1	0	NS5A:28L+31M:AL_2b	daclatasvir	daclatasvir	drug_resistance
NS5A	1	31	M	REF_MASTER_NC_004102	NS5A:31M	aminoAcidSimplePolymorphism	NS5A:28L+31M+92S	combination	NS5A:28L+31M+92S	3	2	phdr_ras:NS5A:28L+31M+92S	NS5A:28L+31M+92S	AL_2b	L28L+L/M31M+C92S	NS5A:28L+31M+92S:AL_2b:daclatasvir	category_II	II	2	1	9300	0			NS5A:28L+31M+92S:AL_2b	daclatasvir	daclatasvir	drug_resistance
NS5A	1	31	M	REF_MASTER_NC_004102	NS5A:31M	aminoAcidSimplePolymorphism	NS5A:28M+30Q+31M	combination	NS5A:28M+30Q+31M	3	3	phdr_ras:NS5A:28M+30Q+31M	NS5A:28M+30Q+31M	AL_1l	M28M+Q/R30Q+M31M	NS5A:28M+30Q+31M:AL_1l:daclatasvir	category_II	II	2	0		1	1	0	NS5A:28M+30Q+31M:AL_1l	daclatasvir	daclatasvir	drug_resistance
NS5A	1	31	M	REF_MASTER_NC_004102	NS5A:31M	aminoAcidSimplePolymorphism	NS5A:28M+30R+31M	combination	NS5A:28M+30R+31M	3	3	phdr_ras:NS5A:28M+30R+31M	NS5A:28M+30R+31M	AL_1l	M28M+Q/R30R+M31M	NS5A:28M+30R+31M:AL_1l:ledipasvir	category_I	I	1	0		1	1	1	NS5A:28M+30R+31M:AL_1l	ledipasvir	ledipasvir	drug_resistance
NS5A	1	31	M	REF_MASTER_NC_004102	NS5A:31M	aminoAcidSimplePolymorphism	NS5A:28M+30R+31M	combination	NS5A:28M+30R+31M	3	3	phdr_ras:NS5A:28M+30R+31M	NS5A:28M+30R+31M	AL_4r	M/V28M+R30R+L/M31M	NS5A:28M+30R+31M:AL_4r:daclatasvir	category_II	II	2	0		1	0	1	NS5A:28M+30R+31M:AL_4r	daclatasvir	daclatasvir	drug_resistance
NS5A	1	31	M	REF_MASTER_NC_004102	NS5A:31M	aminoAcidSimplePolymorphism	NS5A:28M+30R+31M	combination	NS5A:28M+30R+31M	3	3	phdr_ras:NS5A:28M+30R+31M	NS5A:28M+30R+31M	AL_4r	M/V28M+R30R+L/M31M	NS5A:28M+30R+31M:AL_4r:ledipasvir	category_I	I	1	0		1	1	1	NS5A:28M+30R+31M:AL_4r	ledipasvir	ledipasvir	drug_resistance
NS5A	1	31	M	REF_MASTER_NC_004102	NS5A:31M	aminoAcidSimplePolymorphism	NS5A:28S+31M	combination	NS5A:28S+31M	2	2	phdr_ras:NS5A:28S+31M	NS5A:28S+31M	AL_2a	F28S+L/M31M	NS5A:28S+31M:AL_2a:daclatasvir	category_II	II	2	1	154	0			NS5A:28S+31M:AL_2a	daclatasvir	daclatasvir	drug_resistance
NS5A	1	31	M	REF_MASTER_NC_004102	NS5A:31M	aminoAcidSimplePolymorphism	NS5A:28T+30R+31M	combination	NS5A:28T+30R+31M	3	3	phdr_ras:NS5A:28T+30R+31M	NS5A:28T+30R+31M	AL_1a	M28T+Q30R+L31M	NS5A:28T+30R+31M:AL_1a:pibrentasvir	category_II	II	2	1	4.6	1	1	0	NS5A:28T+30R+31M:AL_1a	pibrentasvir	pibrentasvir	drug_resistance
NS5A	1	31	M	REF_MASTER_NC_004102	NS5A:31M	aminoAcidSimplePolymorphism	NS5A:28V+30R+31M	combination	NS5A:28V+30R+31M	3	3	phdr_ras:NS5A:28V+30R+31M	NS5A:28V+30R+31M	AL_1a	M28V+Q30R+L31M	NS5A:28V+30R+31M:AL_1a:pibrentasvir	category_II	II	2	0		1	1	0	NS5A:28V+30R+31M:AL_1a	pibrentasvir	pibrentasvir	drug_resistance
NS5A	1	31	M	REF_MASTER_NC_004102	NS5A:31M	aminoAcidSimplePolymorphism	NS5A:28V+30R+31M	combination	NS5A:28V+30R+31M	3	3	phdr_ras:NS5A:28V+30R+31M	NS5A:28V+30R+31M	AL_4r	M/V28V+R30R+L/M31M	NS5A:28V+30R+31M:AL_4r:daclatasvir	category_II	II	2	0		1	1	0	NS5A:28V+30R+31M:AL_4r	daclatasvir	daclatasvir	drug_resistance
NS5A	1	31	M	REF_MASTER_NC_004102	NS5A:31M	aminoAcidSimplePolymorphism	NS5A:28V+30R+31M	combination	NS5A:28V+30R+31M	3	3	phdr_ras:NS5A:28V+30R+31M	NS5A:28V+30R+31M	AL_4r	M/V28V+R30R+L/M31M	NS5A:28V+30R+31M:AL_4r:ledipasvir	category_I	I	1	0		1	1	1	NS5A:28V+30R+31M:AL_4r	ledipasvir	ledipasvir	drug_resistance
NS5A	1	31	M	REF_MASTER_NC_004102	NS5A:31M	aminoAcidSimplePolymorphism	NS5A:28V+30R+31M+93H	combination	NS5A:28V+30R+31M+93H	4	3	phdr_ras:NS5A:28V+30R+31M+93H	NS5A:28V+30R+31M+93H	AL_4r	M/V28V+R30R+L/M31M+Y93H	NS5A:28V+30R+31M+93H:AL_4r:ledipasvir	category_II	II	2	0		1	0	1	NS5A:28V+30R+31M+93H:AL_4r	ledipasvir	ledipasvir	drug_resistance
NS5A	1	31	M	REF_MASTER_NC_004102	NS5A:31M	aminoAcidSimplePolymorphism	NS5A:28V+30R+31M+93H	combination	NS5A:28V+30R+31M+93H	4	3	phdr_ras:NS5A:28V+30R+31M+93H	NS5A:28V+30R+31M+93H	AL_4r	M/V28V+R30R+L/M31M+Y93H	NS5A:28V+30R+31M+93H:AL_4r:velpatasvir	category_II	II	2	0		1	0	1	NS5A:28V+30R+31M+93H:AL_4r	velpatasvir	velpatasvir	drug_resistance
NS5A	1	31	M	REF_MASTER_NC_004102	NS5A:31M	aminoAcidSimplePolymorphism	NS5A:28V+30S+31M	combination	NS5A:28V+30S+31M	3	3	phdr_ras:NS5A:28V+30S+31M	NS5A:28V+30S+31M	AL_4r	M/V28V+R30S+L/M31M	NS5A:28V+30S+31M:AL_4r:daclatasvir	category_II	II	2	0		1	0	1	NS5A:28V+30S+31M:AL_4r	daclatasvir	daclatasvir	drug_resistance
NS5A	1	31	M	REF_MASTER_NC_004102	NS5A:31M	aminoAcidSimplePolymorphism	NS5A:30H+31M	combination	NS5A:30H+31M	2	2	phdr_ras:NS5A:30H+31M	NS5A:30H+31M	AL_1a	Q30H+L31M	NS5A:30H+31M:AL_1a:ledipasvir	category_I	I	1	1	14869.5	1	0	1	NS5A:30H+31M:AL_1a	ledipasvir	ledipasvir	drug_resistance
NS5A	1	31	M	REF_MASTER_NC_004102	NS5A:31M	aminoAcidSimplePolymorphism	NS5A:30H+31M	combination	NS5A:30H+31M	2	2	phdr_ras:NS5A:30H+31M	NS5A:30H+31M	AL_1a	Q30H+L31M	NS5A:30H+31M:AL_1a:velpatasvir	category_II	II	2	1	105.7	0			NS5A:30H+31M:AL_1a	velpatasvir	velpatasvir	drug_resistance
NS5A	1	31	M	REF_MASTER_NC_004102	NS5A:31M	aminoAcidSimplePolymorphism	NS5A:30H+31M	combination	NS5A:30H+31M	2	2	phdr_ras:NS5A:30H+31M	NS5A:30H+31M	AL_1b	R30H+L31M	NS5A:30H+31M:AL_1b:daclatasvir	category_II	II	2	1	240	0			NS5A:30H+31M:AL_1b	daclatasvir	daclatasvir	drug_resistance
NS5A	1	31	M	REF_MASTER_NC_004102	NS5A:31M	aminoAcidSimplePolymorphism	NS5A:30K+31M	combination	NS5A:30K+31M	2	2	phdr_ras:NS5A:30K+31M	NS5A:30K+31M	AL_3a	A30K+L31M	NS5A:30K+31M:AL_3a:daclatasvir	category_II	II	2	1	10000	0			NS5A:30K+31M:AL_3a	daclatasvir	daclatasvir	drug_resistance
NS5A	1	31	M	REF_MASTER_NC_004102	NS5A:31M	aminoAcidSimplePolymorphism	NS5A:30K+31M	combination	NS5A:30K+31M	2	2	phdr_ras:NS5A:30K+31M	NS5A:30K+31M	AL_3a	A30K+L31M	NS5A:30K+31M:AL_3a:elbasvir	category_II	II	2	1	100000000	0			NS5A:30K+31M:AL_3a	elbasvir	elbasvir	drug_resistance
NS5A	1	31	M	REF_MASTER_NC_004102	NS5A:31M	aminoAcidSimplePolymorphism	NS5A:30K+31M	combination	NS5A:30K+31M	2	2	phdr_ras:NS5A:30K+31M	NS5A:30K+31M	AL_3a	A30K+L31M	NS5A:30K+31M:AL_3a:pibrentasvir	category_III	III	3	1	20	0			NS5A:30K+31M:AL_3a	pibrentasvir	pibrentasvir	drug_resistance
NS5A	1	31	M	REF_MASTER_NC_004102	NS5A:31M	aminoAcidSimplePolymorphism	NS5A:30K+31M	combination	NS5A:30K+31M	2	2	phdr_ras:NS5A:30K+31M	NS5A:30K+31M	AL_3a	A30K+L31M	NS5A:30K+31M:AL_3a:velpatasvir	category_II	II	2	1	10000	0			NS5A:30K+31M:AL_3a	velpatasvir	velpatasvir	drug_resistance
NS5A	1	31	M	REF_MASTER_NC_004102	NS5A:31M	aminoAcidSimplePolymorphism	NS5A:30K+31M+93H	combination	NS5A:30K+31M+93H	3	2	phdr_ras:NS5A:30K+31M+93H	NS5A:30K+31M+93H	AL_3a	A30K+L31M+Y93H	NS5A:30K+31M+93H:AL_3a:daclatasvir	category_II	II	2	1	10000	0			NS5A:30K+31M+93H:AL_3a	daclatasvir	daclatasvir	drug_resistance
NS5A	1	31	M	REF_MASTER_NC_004102	NS5A:31M	aminoAcidSimplePolymorphism	NS5A:30K+31M+93H	combination	NS5A:30K+31M+93H	3	2	phdr_ras:NS5A:30K+31M+93H	NS5A:30K+31M+93H	AL_3a	A30K+L31M+Y93H	NS5A:30K+31M+93H:AL_3a:elbasvir	category_II	II	2	1	100000000	0			NS5A:30K+31M+93H:AL_3a	elbasvir	elbasvir	drug_resistance
NS5A	1	31	M	REF_MASTER_NC_004102	NS5A:31M	aminoAcidSimplePolymorphism	NS5A:30K+31M+93H	combination	NS5A:30K+31M+93H	3	2	phdr_ras:NS5A:30K+31M+93H	NS5A:30K+31M+93H	AL_3a	A30K+L31M+Y93H	NS5A:30K+31M+93H:AL_3a:pibrentasvir	category_III	III	3	1	20	0			NS5A:30K+31M+93H:AL_3a	pibrentasvir	pibrentasvir	drug_resistance
NS5A	1	31	M	REF_MASTER_NC_004102	NS5A:31M	aminoAcidSimplePolymorphism	NS5A:30K+31M+93H	combination	NS5A:30K+31M+93H	3	2	phdr_ras:NS5A:30K+31M+93H	NS5A:30K+31M+93H	AL_3a	A30K+L31M+Y93H	NS5A:30K+31M+93H:AL_3a:velpatasvir	category_II	II	2	1	10000	0			NS5A:30K+31M+93H:AL_3a	velpatasvir	velpatasvir	drug_resistance
NS5A	1	31	M	REF_MASTER_NC_004102	NS5A:31M	aminoAcidSimplePolymorphism	NS5A:30L+31M+93H	combination	NS5A:30L+31M+93H	3	2	phdr_ras:NS5A:30L+31M+93H	NS5A:30L+31M+93H	AL_1a	Q30L+L31M+Y93H	NS5A:30L+31M+93H:AL_1a:ledipasvir	category_II	II	2	0		1	0	1	NS5A:30L+31M+93H:AL_1a	ledipasvir	ledipasvir	drug_resistance
NS5A	1	31	M	REF_MASTER_NC_004102	NS5A:31M	aminoAcidSimplePolymorphism	NS5A:30Q+31M	combination	NS5A:30Q+31M	2	2	phdr_ras:NS5A:30Q+31M	NS5A:30Q+31M	AL_1b	R30Q+L31M	NS5A:30Q+31M:AL_1b:daclatasvir	category_III	III	3	1	11	0			NS5A:30Q+31M:AL_1b	daclatasvir	daclatasvir	drug_resistance
NS5A	1	31	M	REF_MASTER_NC_004102	NS5A:31M	aminoAcidSimplePolymorphism	NS5A:30Q+31M+93H	combination	NS5A:30Q+31M+93H	3	2	phdr_ras:NS5A:30Q+31M+93H	NS5A:30Q+31M+93H	AL_1b	R30Q+L31M+Y93H	NS5A:30Q+31M+93H:AL_1b:daclatasvir	category_II	II	2	1	34000	0			NS5A:30Q+31M+93H:AL_1b	daclatasvir	daclatasvir	drug_resistance
NS5A	1	31	M	REF_MASTER_NC_004102	NS5A:31M	aminoAcidSimplePolymorphism	NS5A:30R+31M	combination	NS5A:30R+31M	2	2	phdr_ras:NS5A:30R+31M	NS5A:30R+31M	AL_1a	Q30R+L31M	NS5A:30R+31M:AL_1a:daclatasvir	category_II	II	2	0		1	0	1	NS5A:30R+31M:AL_1a	daclatasvir	daclatasvir	drug_resistance
NS5A	1	31	M	REF_MASTER_NC_004102	NS5A:31M	aminoAcidSimplePolymorphism	NS5A:30R+31M	combination	NS5A:30R+31M	2	2	phdr_ras:NS5A:30R+31M	NS5A:30R+31M	AL_1a	Q30R+L31M	NS5A:30R+31M:AL_1a:elbasvir	category_II	II	2	0		1	0	1	NS5A:30R+31M:AL_1a	elbasvir	elbasvir	drug_resistance
NS5A	1	31	M	REF_MASTER_NC_004102	NS5A:31M	aminoAcidSimplePolymorphism	NS5A:30R+31M	combination	NS5A:30R+31M	2	2	phdr_ras:NS5A:30R+31M	NS5A:30R+31M	AL_1a	Q30R+L31M	NS5A:30R+31M:AL_1a:ledipasvir	category_I	I	1	1	23400	1	0	1	NS5A:30R+31M:AL_1a	ledipasvir	ledipasvir	drug_resistance
NS5A	1	31	M	REF_MASTER_NC_004102	NS5A:31M	aminoAcidSimplePolymorphism	NS5A:30R+31M	combination	NS5A:30R+31M	2	2	phdr_ras:NS5A:30R+31M	NS5A:30R+31M	AL_1a	Q30R+L31M	NS5A:30R+31M:AL_1a:pibrentasvir	category_II	II	2	1	2.4	1	1	0	NS5A:30R+31M:AL_1a	pibrentasvir	pibrentasvir	drug_resistance
NS5A	1	31	M	REF_MASTER_NC_004102	NS5A:31M	aminoAcidSimplePolymorphism	NS5A:30R+31M	combination	NS5A:30R+31M	2	2	phdr_ras:NS5A:30R+31M	NS5A:30R+31M	AL_1a	Q30R+L31M	NS5A:30R+31M:AL_1a:velpatasvir	category_II	II	2	1	198.4	0			NS5A:30R+31M:AL_1a	velpatasvir	velpatasvir	drug_resistance
NS5A	1	31	M	REF_MASTER_NC_004102	NS5A:31M	aminoAcidSimplePolymorphism	NS5A:30R+31M	combination	NS5A:30R+31M	2	2	phdr_ras:NS5A:30R+31M	NS5A:30R+31M	AL_1b	R30R+L31M	NS5A:30R+31M:AL_1b:daclatasvir	category_II	II	2	0		1	0	1	NS5A:30R+31M:AL_1b	daclatasvir	daclatasvir	drug_resistance
NS5A	1	31	M	REF_MASTER_NC_004102	NS5A:31M	aminoAcidSimplePolymorphism	NS5A:30R+31M	combination	NS5A:30R+31M	2	2	phdr_ras:NS5A:30R+31M	NS5A:30R+31M	AL_1c	Q30R+L31M	NS5A:30R+31M:AL_1c:velpatasvir	category_II	II	2	0		1	1	0	NS5A:30R+31M:AL_1c	velpatasvir	velpatasvir	drug_resistance
NS5A	1	31	M	REF_MASTER_NC_004102	NS5A:31M	aminoAcidSimplePolymorphism	NS5A:30R+31M	combination	NS5A:30R+31M	2	2	phdr_ras:NS5A:30R+31M	NS5A:30R+31M	AL_1h	R30R+L31M	NS5A:30R+31M:AL_1h:velpatasvir	category_II	II	2	0		1	1	0	NS5A:30R+31M:AL_1h	velpatasvir	velpatasvir	drug_resistance
NS5A	1	31	M	REF_MASTER_NC_004102	NS5A:31M	aminoAcidSimplePolymorphism	NS5A:30R+31M+58D	combination	NS5A:30R+31M+58D	3	2	phdr_ras:NS5A:30R+31M+58D	NS5A:30R+31M+58D	AL_1a	Q30R+L31M+H58D	NS5A:30R+31M+58D:AL_1a:pibrentasvir	category_I	I	1	1	1704	1	0	1	NS5A:30R+31M+58D:AL_1a	pibrentasvir	pibrentasvir	drug_resistance
NS5A	1	31	M	REF_MASTER_NC_004102	NS5A:31M	aminoAcidSimplePolymorphism	NS5A:30R+31M+93C	combination	NS5A:30R+31M+93C	3	2	phdr_ras:NS5A:30R+31M+93C	NS5A:30R+31M+93C	AL_1a	Q30R+L31M+Y93C	NS5A:30R+31M+93C:AL_1a:pibrentasvir	category_III	III	3	1	42	0			NS5A:30R+31M+93C:AL_1a	pibrentasvir	pibrentasvir	drug_resistance
NS5A	1	31	M	REF_MASTER_NC_004102	NS5A:31M	aminoAcidSimplePolymorphism	NS5A:30R+31M+93H	combination	NS5A:30R+31M+93H	3	2	phdr_ras:NS5A:30R+31M+93H	NS5A:30R+31M+93H															drug_resistance
NS5A	1	31	M	REF_MASTER_NC_004102	NS5A:31M	aminoAcidSimplePolymorphism	NS5A:30T+31M+93H	combination	NS5A:30T+31M+93H	3	2	phdr_ras:NS5A:30T+31M+93H	NS5A:30T+31M+93H															drug_resistance
NS5A	1	31	M	REF_MASTER_NC_004102	NS5A:31M	aminoAcidSimplePolymorphism	NS5A:31M	single				phdr_ras:NS5A:31M	NS5A:31M	AL_1a	L31M	NS5A:31M:AL_1a:daclatasvir	category_I	I	1	1	350	1	0	1	NS5A:31M:AL_1a	daclatasvir	daclatasvir	drug_resistance
NS5A	1	31	M	REF_MASTER_NC_004102	NS5A:31M	aminoAcidSimplePolymorphism	NS5A:31M	single				phdr_ras:NS5A:31M	NS5A:31M	AL_1a	L31M	NS5A:31M:AL_1a:elbasvir	category_I	I	1	1	10	1	1	1	NS5A:31M:AL_1a	elbasvir	elbasvir	drug_resistance
NS5A	1	31	M	REF_MASTER_NC_004102	NS5A:31M	aminoAcidSimplePolymorphism	NS5A:31M	single				phdr_ras:NS5A:31M	NS5A:31M	AL_1a	L31M	NS5A:31M:AL_1a:ledipasvir	category_I	I	1	1	554.4	1	1	1	NS5A:31M:AL_1a	ledipasvir	ledipasvir	drug_resistance
NS5A	1	31	M	REF_MASTER_NC_004102	NS5A:31M	aminoAcidSimplePolymorphism	NS5A:31M	single				phdr_ras:NS5A:31M	NS5A:31M	AL_1a	L31M	NS5A:31M:AL_1a:ombitasvir	category_II	II	2	1	2	1	1	0	NS5A:31M:AL_1a	ombitasvir	ombitasvir	drug_resistance
NS5A	1	31	M	REF_MASTER_NC_004102	NS5A:31M	aminoAcidSimplePolymorphism	NS5A:31M	single				phdr_ras:NS5A:31M	NS5A:31M	AL_1a	L31M	NS5A:31M:AL_1a:velpatasvir	category_I	I	1	1	16	1	1	0	NS5A:31M:AL_1a	velpatasvir	velpatasvir	drug_resistance
NS5A	1	31	M	REF_MASTER_NC_004102	NS5A:31M	aminoAcidSimplePolymorphism	NS5A:31M	single				phdr_ras:NS5A:31M	NS5A:31M	AL_1b	L31M	NS5A:31M:AL_1b:daclatasvir	category_I	I	1	1	3	1	1	1	NS5A:31M:AL_1b	daclatasvir	daclatasvir	drug_resistance
NS5A	1	31	M	REF_MASTER_NC_004102	NS5A:31M	aminoAcidSimplePolymorphism	NS5A:31M	single				phdr_ras:NS5A:31M	NS5A:31M	AL_1b	L31M	NS5A:31M:AL_1b:elbasvir	category_I	I	1	0		1	1	1	NS5A:31M:AL_1b	elbasvir	elbasvir	drug_resistance
NS5A	1	31	M	REF_MASTER_NC_004102	NS5A:31M	aminoAcidSimplePolymorphism	NS5A:31M	single				phdr_ras:NS5A:31M	NS5A:31M	AL_1b	L31M	NS5A:31M:AL_1b:ledipasvir	category_II	II	2	1	3.4	1	0	1	NS5A:31M:AL_1b	ledipasvir	ledipasvir	drug_resistance
NS5A	1	31	M	REF_MASTER_NC_004102	NS5A:31M	aminoAcidSimplePolymorphism	NS5A:31M	single				phdr_ras:NS5A:31M	NS5A:31M	AL_1b	L31M	NS5A:31M:AL_1b:ombitasvir	category_II	II	2	0		1	1	0	NS5A:31M:AL_1b	ombitasvir	ombitasvir	drug_resistance
NS5A	1	31	M	REF_MASTER_NC_004102	NS5A:31M	aminoAcidSimplePolymorphism	NS5A:31M	single				phdr_ras:NS5A:31M	NS5A:31M	AL_1b	L31M	NS5A:31M:AL_1b:velpatasvir	category_II	II	2	0		1	0	1	NS5A:31M:AL_1b	velpatasvir	velpatasvir	drug_resistance
NS5A	1	31	M	REF_MASTER_NC_004102	NS5A:31M	aminoAcidSimplePolymorphism	NS5A:31M	single				phdr_ras:NS5A:31M	NS5A:31M	AL_2	L/M31M	NS5A:31M:AL_2:daclatasvir	category_II	II	2	0		1	1	0	NS5A:31M:AL_2	daclatasvir	daclatasvir	drug_resistance
NS5A	1	31	M	REF_MASTER_NC_004102	NS5A:31M	aminoAcidSimplePolymorphism	NS5A:31M	single				phdr_ras:NS5A:31M	NS5A:31M	AL_2a	L/M31M	NS5A:31M:AL_2a:daclatasvir	category_I	I	1	1	539.5	1	1	0	NS5A:31M:AL_2a	daclatasvir	daclatasvir	drug_resistance
NS5A	1	31	M	REF_MASTER_NC_004102	NS5A:31M	aminoAcidSimplePolymorphism	NS5A:31M	single				phdr_ras:NS5A:31M	NS5A:31M	AL_2a	L/M31M	NS5A:31M:AL_2a:elbasvir	category_II	II	2	1	539.5	0			NS5A:31M:AL_2a	elbasvir	elbasvir	drug_resistance
NS5A	1	31	M	REF_MASTER_NC_004102	NS5A:31M	aminoAcidSimplePolymorphism	NS5A:31M	single				phdr_ras:NS5A:31M	NS5A:31M	AL_2a	L/M31M	NS5A:31M:AL_2a:ombitasvir	category_II	II	2	0		1	1	0	NS5A:31M:AL_2a	ombitasvir	ombitasvir	drug_resistance
NS5A	1	31	M	REF_MASTER_NC_004102	NS5A:31M	aminoAcidSimplePolymorphism	NS5A:31M	single				phdr_ras:NS5A:31M	NS5A:31M	AL_2a	L/M31M	NS5A:31M:AL_2a:velpatasvir	category_III	III	3	1	41.5	0			NS5A:31M:AL_2a	velpatasvir	velpatasvir	drug_resistance
NS5A	1	31	M	REF_MASTER_NC_004102	NS5A:31M	aminoAcidSimplePolymorphism	NS5A:31M	single				phdr_ras:NS5A:31M	NS5A:31M	AL_2b	L/M31M	NS5A:31M:AL_2b:daclatasvir	category_I	I	1	1	3200	1	1	1	NS5A:31M:AL_2b	daclatasvir	daclatasvir	drug_resistance
NS5A	1	31	M	REF_MASTER_NC_004102	NS5A:31M	aminoAcidSimplePolymorphism	NS5A:31M	single				phdr_ras:NS5A:31M	NS5A:31M	AL_2b	L/M31M	NS5A:31M:AL_2b:velpatasvir	category_II	II	2	0		1	1	0	NS5A:31M:AL_2b	velpatasvir	velpatasvir	drug_resistance
NS5A	1	31	M	REF_MASTER_NC_004102	NS5A:31M	aminoAcidSimplePolymorphism	NS5A:31M	single				phdr_ras:NS5A:31M	NS5A:31M	AL_3	L31M	NS5A:31M:AL_3:pibrentasvir	category_II	II	2	0		1	1	0	NS5A:31M:AL_3	pibrentasvir	pibrentasvir	drug_resistance
NS5A	1	31	M	REF_MASTER_NC_004102	NS5A:31M	aminoAcidSimplePolymorphism	NS5A:31M	single				phdr_ras:NS5A:31M	NS5A:31M	AL_3a	L31M	NS5A:31M:AL_3a:daclatasvir	category_II	II	2	1	537	0			NS5A:31M:AL_3a	daclatasvir	daclatasvir	drug_resistance
NS5A	1	31	M	REF_MASTER_NC_004102	NS5A:31M	aminoAcidSimplePolymorphism	NS5A:31M	single				phdr_ras:NS5A:31M	NS5A:31M	AL_3a	L31M	NS5A:31M:AL_3a:velpatasvir	category_II	II	2	1	70.8	0			NS5A:31M:AL_3a	velpatasvir	velpatasvir	drug_resistance
NS5A	1	31	M	REF_MASTER_NC_004102	NS5A:31M	aminoAcidSimplePolymorphism	NS5A:31M	single				phdr_ras:NS5A:31M	NS5A:31M	AL_6a	L31M	NS5A:31M:AL_6a:daclatasvir	category_II	II	2	1	878	0			NS5A:31M:AL_6a	daclatasvir	daclatasvir	drug_resistance
NS5A	1	31	M	REF_MASTER_NC_004102	NS5A:31M	aminoAcidSimplePolymorphism	NS5A:31M	single				phdr_ras:NS5A:31M	NS5A:31M	AL_6a	L31M	NS5A:31M:AL_6a:elbasvir	category_III	III	3	1	41.5	0			NS5A:31M:AL_6a	elbasvir	elbasvir	drug_resistance
NS5A	1	31	M	REF_MASTER_NC_004102	NS5A:31M	aminoAcidSimplePolymorphism	NS5A:31M	single				phdr_ras:NS5A:31M	NS5A:31M	AL_6a	L31M	NS5A:31M:AL_6a:ombitasvir	category_III	III	3	1	26	0			NS5A:31M:AL_6a	ombitasvir	ombitasvir	drug_resistance
NS5A	1	31	M	REF_MASTER_NC_004102	NS5A:31M	aminoAcidSimplePolymorphism	NS5A:31M	single				phdr_ras:NS5A:31M	NS5A:31M	AL_6a	L31M	NS5A:31M:AL_6a:velpatasvir	category_III	III	3	1	41.5	0			NS5A:31M:AL_6a	velpatasvir	velpatasvir	drug_resistance
NS5A	1	31	M	REF_MASTER_NC_004102	NS5A:31M	aminoAcidSimplePolymorphism	NS5A:31M+30R	combination	NS5A:31M+30R	2	1	phdr_ras:NS5A:31M+30R	NS5A:31M+30R	AL_1a	L31M+Q30R	NS5A:31M+30R:AL_1a:elbasvir	category_II	II	2	0		1	0	1	NS5A:31M+30R:AL_1a	elbasvir	elbasvir	drug_resistance
NS5A	1	31	M	REF_MASTER_NC_004102	NS5A:31M	aminoAcidSimplePolymorphism	NS5A:31M+37M+93H	combination	NS5A:31M+37M+93H	3	1	phdr_ras:NS5A:31M+37M+93H	NS5A:31M+37M+93H	AL_1a	L31M+V37M+Y93H	NS5A:31M+37M+93H:AL_1a:elbasvir	category_II	II	2	0		1	0	1	NS5A:31M+37M+93H:AL_1a	elbasvir	elbasvir	drug_resistance
NS5A	1	31	M	REF_MASTER_NC_004102	NS5A:31M	aminoAcidSimplePolymorphism	NS5A:31M+54H	combination	NS5A:31M+54H	2	1	phdr_ras:NS5A:31M+54H	NS5A:31M+54H	AL_1b	L31M+H/Q54H	NS5A:31M+54H:AL_1b:ledipasvir	category_II	II	2	0		1	1	0	NS5A:31M+54H:AL_1b	ledipasvir	ledipasvir	drug_resistance
NS5A	1	31	M	REF_MASTER_NC_004102	NS5A:31M	aminoAcidSimplePolymorphism	NS5A:31M+54H+62E	combination	NS5A:31M+54H+62E	3	1	phdr_ras:NS5A:31M+54H+62E	NS5A:31M+54H+62E	AL_1b	L31M+H/Q54H+Q62E	NS5A:31M+54H+62E:AL_1b:ledipasvir	category_II	II	2	0		1	1	0	NS5A:31M+54H+62E:AL_1b	ledipasvir	ledipasvir	drug_resistance
NS5A	1	31	M	REF_MASTER_NC_004102	NS5A:31M	aminoAcidSimplePolymorphism	NS5A:31M+54H+93H	combination	NS5A:31M+54H+93H	3	1	phdr_ras:NS5A:31M+54H+93H	NS5A:31M+54H+93H	AL_1b	L31M+H/Q54H+Y93H	NS5A:31M+54H+93H:AL_1b:ledipasvir	category_II	II	2	0		1	1	0	NS5A:31M+54H+93H:AL_1b	ledipasvir	ledipasvir	drug_resistance
NS5A	1	31	M	REF_MASTER_NC_004102	NS5A:31M	aminoAcidSimplePolymorphism	NS5A:31M+58D	combination	NS5A:31M+58D	2	1	phdr_ras:NS5A:31M+58D	NS5A:31M+58D	AL_1a	L31M+H58D	NS5A:31M+58D:AL_1a:elbasvir	category_II	II	2	0		1	0	1	NS5A:31M+58D:AL_1a	elbasvir	elbasvir	drug_resistance
NS5A	1	31	M	REF_MASTER_NC_004102	NS5A:31M	aminoAcidSimplePolymorphism	NS5A:31M+58D	combination	NS5A:31M+58D	2	1	phdr_ras:NS5A:31M+58D	NS5A:31M+58D	AL_1a	L31M+H58D	NS5A:31M+58D:AL_1a:pibrentasvir	category_I	I	1	1	23	1	1	0	NS5A:31M+58D:AL_1a	pibrentasvir	pibrentasvir	drug_resistance
NS5A	1	31	M	REF_MASTER_NC_004102	NS5A:31M	aminoAcidSimplePolymorphism	NS5A:31M+58D+93C	combination	NS5A:31M+58D+93C	3	1	phdr_ras:NS5A:31M+58D+93C	NS5A:31M+58D+93C															drug_resistance
NS5A	1	31	M	REF_MASTER_NC_004102	NS5A:31M	aminoAcidSimplePolymorphism	NS5A:31M+93C	combination	NS5A:31M+93C	2	1	phdr_ras:NS5A:31M+93C	NS5A:31M+93C	AL_1a	L31M+Y93C	NS5A:31M+93C:AL_1a:daclatasvir	category_II	II	2	0		1	0	1	NS5A:31M+93C:AL_1a	daclatasvir	daclatasvir	drug_resistance
NS5A	1	31	M	REF_MASTER_NC_004102	NS5A:31M	aminoAcidSimplePolymorphism	NS5A:31M+93C	combination	NS5A:31M+93C	2	1	phdr_ras:NS5A:31M+93C	NS5A:31M+93C	AL_1a	L31M+Y93C	NS5A:31M+93C:AL_1a:pibrentasvir	category_III	III	3	1	6.1	0			NS5A:31M+93C:AL_1a	pibrentasvir	pibrentasvir	drug_resistance
NS5A	1	31	M	REF_MASTER_NC_004102	NS5A:31M	aminoAcidSimplePolymorphism	NS5A:31M+93C	combination	NS5A:31M+93C	2	1	phdr_ras:NS5A:31M+93C	NS5A:31M+93C	AL_1b	L31M+Y93C	NS5A:31M+93C:AL_1b:daclatasvir	category_II	II	2	0		1	0	1	NS5A:31M+93C:AL_1b	daclatasvir	daclatasvir	drug_resistance
NS5A	1	31	M	REF_MASTER_NC_004102	NS5A:31M	aminoAcidSimplePolymorphism	NS5A:31M+93H	combination	NS5A:31M+93H	2	1	phdr_ras:NS5A:31M+93H	NS5A:31M+93H	AL_1a	L31M+Y93H	NS5A:31M+93H:AL_1a:velpatasvir	category_II	II	2	0		1	0	1	NS5A:31M+93H:AL_1a	velpatasvir	velpatasvir	drug_resistance
NS5A	1	31	M	REF_MASTER_NC_004102	NS5A:31M	aminoAcidSimplePolymorphism	NS5A:31M+93H	combination	NS5A:31M+93H	2	1	phdr_ras:NS5A:31M+93H	NS5A:31M+93H	AL_1b	L31M+Y93H	NS5A:31M+93H:AL_1b:daclatasvir	category_I	I	1	1	7105	1	1	1	NS5A:31M+93H:AL_1b	daclatasvir	daclatasvir	drug_resistance
NS5A	1	31	M	REF_MASTER_NC_004102	NS5A:31M	aminoAcidSimplePolymorphism	NS5A:31M+93H	combination	NS5A:31M+93H	2	1	phdr_ras:NS5A:31M+93H	NS5A:31M+93H	AL_1b	L31M+Y93H	NS5A:31M+93H:AL_1b:elbasvir	category_I	I	1	1	1000	1	0	1	NS5A:31M+93H:AL_1b	elbasvir	elbasvir	drug_resistance
NS5A	1	31	M	REF_MASTER_NC_004102	NS5A:31M	aminoAcidSimplePolymorphism	NS5A:31M+93H	combination	NS5A:31M+93H	2	1	phdr_ras:NS5A:31M+93H	NS5A:31M+93H	AL_1b	L31M+Y93H	NS5A:31M+93H:AL_1b:ledipasvir	category_I	I	1	1	20270.4	1	0	1	NS5A:31M+93H:AL_1b	ledipasvir	ledipasvir	drug_resistance
NS5A	1	31	M	REF_MASTER_NC_004102	NS5A:31M	aminoAcidSimplePolymorphism	NS5A:31M+93H	combination	NS5A:31M+93H	2	1	phdr_ras:NS5A:31M+93H	NS5A:31M+93H	AL_1b	L31M+Y93H	NS5A:31M+93H:AL_1b:ombitasvir	category_I	I	1	1	142	1	1	0	NS5A:31M+93H:AL_1b	ombitasvir	ombitasvir	drug_resistance
NS5A	1	31	M	REF_MASTER_NC_004102	NS5A:31M	aminoAcidSimplePolymorphism	NS5A:31M+93H	combination	NS5A:31M+93H	2	1	phdr_ras:NS5A:31M+93H	NS5A:31M+93H	AL_1b	L31M+Y93H	NS5A:31M+93H:AL_1b:velpatasvir	category_I	I	1	1	539.5	1	1	0	NS5A:31M+93H:AL_1b	velpatasvir	velpatasvir	drug_resistance
NS5A	1	31	P	REF_MASTER_NC_004102	NS5A:31P	aminoAcidSimplePolymorphism	NS5A:30R+31P	combination	NS5A:30R+31P	2	2	phdr_ras:NS5A:30R+31P	NS5A:30R+31P	AL_1a	Q30R+L31P	NS5A:30R+31P:AL_1a:ledipasvir	category_II	II	2	0		1	0	1	NS5A:30R+31P:AL_1a	ledipasvir	ledipasvir	drug_resistance
NS5A	1	31	P	REF_MASTER_NC_004102	NS5A:31P	aminoAcidSimplePolymorphism	NS5A:31P	single				phdr_ras:NS5A:31P	NS5A:31P	AL_1a	L31P	NS5A:31P:AL_1a:ledipasvir	category_II	II	2	0		1	0	1	NS5A:31P:AL_1a	ledipasvir	ledipasvir	drug_resistance
NS5A	1	31	V	REF_MASTER_NC_004102	NS5A:31V	aminoAcidSimplePolymorphism	NS5A:28I+30R+31V	combination	NS5A:28I+30R+31V	3	3	phdr_ras:NS5A:28I+30R+31V	NS5A:28I+30R+31V	AL_4r	M/V28I+R30R+L/M31V	NS5A:28I+30R+31V:AL_4r:ledipasvir	category_II	II	2	0		1	0	1	NS5A:28I+30R+31V:AL_4r	ledipasvir	ledipasvir	drug_resistance
NS5A	1	31	V	REF_MASTER_NC_004102	NS5A:31V	aminoAcidSimplePolymorphism	NS5A:28T+30H+31V	combination	NS5A:28T+30H+31V	3	3	phdr_ras:NS5A:28T+30H+31V	NS5A:28T+30H+31V	AL_1a	M28T+Q30H+L31V	NS5A:28T+30H+31V:AL_1a:elbasvir	category_II	II	2	1	56000	0			NS5A:28T+30H+31V:AL_1a	elbasvir	elbasvir	drug_resistance
NS5A	1	31	V	REF_MASTER_NC_004102	NS5A:31V	aminoAcidSimplePolymorphism	NS5A:28T+30R+31V	combination	NS5A:28T+30R+31V	3	3	phdr_ras:NS5A:28T+30R+31V	NS5A:28T+30R+31V	AL_1a	M28T+Q30R+L31V	NS5A:28T+30R+31V:AL_1a:elbasvir	category_II	II	2	1	89143	0			NS5A:28T+30R+31V:AL_1a	elbasvir	elbasvir	drug_resistance
NS5A	1	31	V	REF_MASTER_NC_004102	NS5A:31V	aminoAcidSimplePolymorphism	NS5A:28T+30R+31V+93H	combination	NS5A:28T+30R+31V+93H	4	3	phdr_ras:NS5A:28T+30R+31V+93H	NS5A:28T+30R+31V+93H	AL_1a	M28T+Q30R+L31V+Y93H	NS5A:28T+30R+31V+93H:AL_1a:elbasvir	category_II	II	2	1	714286	0			NS5A:28T+30R+31V+93H:AL_1a	elbasvir	elbasvir	drug_resistance
NS5A	1	31	V	REF_MASTER_NC_004102	NS5A:31V	aminoAcidSimplePolymorphism	NS5A:28V+30H+31V	combination	NS5A:28V+30H+31V	3	3	phdr_ras:NS5A:28V+30H+31V	NS5A:28V+30H+31V	AL_1a	M28V+Q30H+L31V	NS5A:28V+30H+31V:AL_1a:elbasvir	category_II	II	2	1	2429	0			NS5A:28V+30H+31V:AL_1a	elbasvir	elbasvir	drug_resistance
NS5A	1	31	V	REF_MASTER_NC_004102	NS5A:31V	aminoAcidSimplePolymorphism	NS5A:28V+30R+31V	combination	NS5A:28V+30R+31V	3	3	phdr_ras:NS5A:28V+30R+31V	NS5A:28V+30R+31V	AL_4r	M/V28V+R30R+L/M31V	NS5A:28V+30R+31V:AL_4r:ledipasvir	category_II	II	2	0		1	0	1	NS5A:28V+30R+31V:AL_4r	ledipasvir	ledipasvir	drug_resistance
NS5A	1	31	V	REF_MASTER_NC_004102	NS5A:31V	aminoAcidSimplePolymorphism	NS5A:30H+31V	combination	NS5A:30H+31V	2	2	phdr_ras:NS5A:30H+31V	NS5A:30H+31V	AL_1a	Q30H+L31V	NS5A:30H+31V:AL_1a:elbasvir	category_II	II	2	1	1429	0			NS5A:30H+31V:AL_1a	elbasvir	elbasvir	drug_resistance
NS5A	1	31	V	REF_MASTER_NC_004102	NS5A:31V	aminoAcidSimplePolymorphism	NS5A:30R+31V	combination	NS5A:30R+31V	2	2	phdr_ras:NS5A:30R+31V	NS5A:30R+31V	AL_1a	Q30R+L31V	NS5A:30R+31V:AL_1a:elbasvir	category_II	II	2	1	7143	0			NS5A:30R+31V:AL_1a	elbasvir	elbasvir	drug_resistance
NS5A	1	31	V	REF_MASTER_NC_004102	NS5A:31V	aminoAcidSimplePolymorphism	NS5A:31V	single				phdr_ras:NS5A:31V	NS5A:31V	AL_1a	L31V	NS5A:31V:AL_1a:daclatasvir	category_I	I	1	1	3386	1	0	1	NS5A:31V:AL_1a	daclatasvir	daclatasvir	drug_resistance
NS5A	1	31	V	REF_MASTER_NC_004102	NS5A:31V	aminoAcidSimplePolymorphism	NS5A:31V	single				phdr_ras:NS5A:31V	NS5A:31V	AL_1a	L31V	NS5A:31V:AL_1a:elbasvir	category_II	II	2	1	1000	0			NS5A:31V:AL_1a	elbasvir	elbasvir	drug_resistance
NS5A	1	31	V	REF_MASTER_NC_004102	NS5A:31V	aminoAcidSimplePolymorphism	NS5A:31V	single				phdr_ras:NS5A:31V	NS5A:31V	AL_1a	L31V	NS5A:31V:AL_1a:ledipasvir	category_II	II	2	1	683	0			NS5A:31V:AL_1a	ledipasvir	ledipasvir	drug_resistance
NS5A	1	31	V	REF_MASTER_NC_004102	NS5A:31V	aminoAcidSimplePolymorphism	NS5A:31V	single				phdr_ras:NS5A:31V	NS5A:31V	AL_1a	L31V	NS5A:31V:AL_1a:velpatasvir	category_II	II	2	1	999	0			NS5A:31V:AL_1a	velpatasvir	velpatasvir	drug_resistance
NS5A	1	31	V	REF_MASTER_NC_004102	NS5A:31V	aminoAcidSimplePolymorphism	NS5A:31V	single				phdr_ras:NS5A:31V	NS5A:31V	AL_1b	L31V	NS5A:31V:AL_1b:daclatasvir	category_I	I	1	1	41.5	1	1	1	NS5A:31V:AL_1b	daclatasvir	daclatasvir	drug_resistance
NS5A	1	31	V	REF_MASTER_NC_004102	NS5A:31V	aminoAcidSimplePolymorphism	NS5A:31V	single				phdr_ras:NS5A:31V	NS5A:31V	AL_1b	L31V	NS5A:31V:AL_1b:elbasvir	insignificant	-	4	1	4	0			NS5A:31V:AL_1b	elbasvir	elbasvir	drug_resistance
NS5A	1	31	V	REF_MASTER_NC_004102	NS5A:31V	aminoAcidSimplePolymorphism	NS5A:31V	single				phdr_ras:NS5A:31V	NS5A:31V	AL_1b	L31V	NS5A:31V:AL_1b:ledipasvir	category_I	I	1	1	42.9	1	0	1	NS5A:31V:AL_1b	ledipasvir	ledipasvir	drug_resistance
NS5A	1	31	V	REF_MASTER_NC_004102	NS5A:31V	aminoAcidSimplePolymorphism	NS5A:31V	single				phdr_ras:NS5A:31V	NS5A:31V	AL_1b	L31V	NS5A:31V:AL_1b:ombitasvir	category_I	I	1	1	8	1	0	1	NS5A:31V:AL_1b	ombitasvir	ombitasvir	drug_resistance
NS5A	1	31	V	REF_MASTER_NC_004102	NS5A:31V	aminoAcidSimplePolymorphism	NS5A:31V	single				phdr_ras:NS5A:31V	NS5A:31V	AL_1b	L31V	NS5A:31V:AL_1b:velpatasvir	category_II	II	2	1	2.3	1	0	1	NS5A:31V:AL_1b	velpatasvir	velpatasvir	drug_resistance
NS5A	1	31	V	REF_MASTER_NC_004102	NS5A:31V	aminoAcidSimplePolymorphism	NS5A:31V	single				phdr_ras:NS5A:31V	NS5A:31V	AL_2a	L/M31V	NS5A:31V:AL_2a:daclatasvir	category_II	II	2	1	539.5	0			NS5A:31V:AL_2a	daclatasvir	daclatasvir	drug_resistance
NS5A	1	31	V	REF_MASTER_NC_004102	NS5A:31V	aminoAcidSimplePolymorphism	NS5A:31V	single				phdr_ras:NS5A:31V	NS5A:31V	AL_2a	L/M31V	NS5A:31V:AL_2a:elbasvir	category_II	II	2	1	539.5	0			NS5A:31V:AL_2a	elbasvir	elbasvir	drug_resistance
NS5A	1	31	V	REF_MASTER_NC_004102	NS5A:31V	aminoAcidSimplePolymorphism	NS5A:31V	single				phdr_ras:NS5A:31V	NS5A:31V	AL_2a	L/M31V	NS5A:31V:AL_2a:velpatasvir	category_III	III	3	1	41.5	0			NS5A:31V:AL_2a	velpatasvir	velpatasvir	drug_resistance
NS5A	1	31	V	REF_MASTER_NC_004102	NS5A:31V	aminoAcidSimplePolymorphism	NS5A:31V	single				phdr_ras:NS5A:31V	NS5A:31V	AL_2b	L/M31V	NS5A:31V:AL_2b:ombitasvir	category_II	II	2	1	511	0			NS5A:31V:AL_2b	ombitasvir	ombitasvir	drug_resistance
NS5A	1	31	V	REF_MASTER_NC_004102	NS5A:31V	aminoAcidSimplePolymorphism	NS5A:31V	single				phdr_ras:NS5A:31V	NS5A:31V	AL_3a	L31V	NS5A:31V:AL_3a:daclatasvir	category_II	II	2	1	1181	0			NS5A:31V:AL_3a	daclatasvir	daclatasvir	drug_resistance
NS5A	1	31	V	REF_MASTER_NC_004102	NS5A:31V	aminoAcidSimplePolymorphism	NS5A:31V	single				phdr_ras:NS5A:31V	NS5A:31V	AL_3a	L31V	NS5A:31V:AL_3a:elbasvir	category_II	II	2	1	1000	0			NS5A:31V:AL_3a	elbasvir	elbasvir	drug_resistance
NS5A	1	31	V	REF_MASTER_NC_004102	NS5A:31V	aminoAcidSimplePolymorphism	NS5A:31V	single				phdr_ras:NS5A:31V	NS5A:31V	AL_3a	L31V	NS5A:31V:AL_3a:velpatasvir	category_II	II	2	1	999	0			NS5A:31V:AL_3a	velpatasvir	velpatasvir	drug_resistance
NS5A	1	31	V	REF_MASTER_NC_004102	NS5A:31V	aminoAcidSimplePolymorphism	NS5A:31V	single				phdr_ras:NS5A:31V	NS5A:31V	AL_4	M31V	NS5A:31V:AL_4:elbasvir	insignificant	-	4	1	2.5	0			NS5A:31V:AL_4	elbasvir	elbasvir	drug_resistance
NS5A	1	31	V	REF_MASTER_NC_004102	NS5A:31V	aminoAcidSimplePolymorphism	NS5A:31V	single				phdr_ras:NS5A:31V	NS5A:31V	AL_4a	M31V	NS5A:31V:AL_4a:daclatasvir	category_II	II	2	1	505	0			NS5A:31V:AL_4a	daclatasvir	daclatasvir	drug_resistance
NS5A	1	31	V	REF_MASTER_NC_004102	NS5A:31V	aminoAcidSimplePolymorphism	NS5A:31V	single				phdr_ras:NS5A:31V	NS5A:31V	AL_5a	L31V	NS5A:31V:AL_5a:daclatasvir	category_II	II	2	1	584	0			NS5A:31V:AL_5a	daclatasvir	daclatasvir	drug_resistance
NS5A	1	31	V	REF_MASTER_NC_004102	NS5A:31V	aminoAcidSimplePolymorphism	NS5A:31V	single				phdr_ras:NS5A:31V	NS5A:31V	AL_5a	L31V	NS5A:31V:AL_5a:elbasvir	category_III	III	3	1	41.5	0			NS5A:31V:AL_5a	elbasvir	elbasvir	drug_resistance
NS5A	1	31	V	REF_MASTER_NC_004102	NS5A:31V	aminoAcidSimplePolymorphism	NS5A:31V	single				phdr_ras:NS5A:31V	NS5A:31V	AL_5a	L31V	NS5A:31V:AL_5a:ombitasvir	category_II	II	2	1	243	0			NS5A:31V:AL_5a	ombitasvir	ombitasvir	drug_resistance
NS5A	1	31	V	REF_MASTER_NC_004102	NS5A:31V	aminoAcidSimplePolymorphism	NS5A:31V	single				phdr_ras:NS5A:31V	NS5A:31V	AL_6a	L31V	NS5A:31V:AL_6a:daclatasvir	category_II	II	2	1	1000	0			NS5A:31V:AL_6a	daclatasvir	daclatasvir	drug_resistance
NS5A	1	31	V	REF_MASTER_NC_004102	NS5A:31V	aminoAcidSimplePolymorphism	NS5A:31V	single				phdr_ras:NS5A:31V	NS5A:31V	AL_6a	L31V	NS5A:31V:AL_6a:elbasvir	category_II	II	2	1	539.5	0			NS5A:31V:AL_6a	elbasvir	elbasvir	drug_resistance
NS5A	1	31	V	REF_MASTER_NC_004102	NS5A:31V	aminoAcidSimplePolymorphism	NS5A:31V	single				phdr_ras:NS5A:31V	NS5A:31V	AL_6a	L31V	NS5A:31V:AL_6a:ombitasvir	category_II	II	2	1	68	0			NS5A:31V:AL_6a	ombitasvir	ombitasvir	drug_resistance
NS5A	1	31	V	REF_MASTER_NC_004102	NS5A:31V	aminoAcidSimplePolymorphism	NS5A:31V	single				phdr_ras:NS5A:31V	NS5A:31V	AL_6a	L31V	NS5A:31V:AL_6a:velpatasvir	category_II	II	2	1	2725	0			NS5A:31V:AL_6a	velpatasvir	velpatasvir	drug_resistance
NS5A	1	31	V	REF_MASTER_NC_004102	NS5A:31V	aminoAcidSimplePolymorphism	NS5A:31V+37L+93H	combination	NS5A:31V+37L+93H	3	1	phdr_ras:NS5A:31V+37L+93H	NS5A:31V+37L+93H	AL_1b	L31V+F/L37L+Y93H	NS5A:31V+37L+93H:AL_1b:daclatasvir	category_II	II	2	0		1	0	1	NS5A:31V+37L+93H:AL_1b	daclatasvir	daclatasvir	drug_resistance
NS5A	1	31	V	REF_MASTER_NC_004102	NS5A:31V	aminoAcidSimplePolymorphism	NS5A:31V+54H+58S+93H	combination	NS5A:31V+54H+58S+93H	4	1	phdr_ras:NS5A:31V+54H+58S+93H	NS5A:31V+54H+58S+93H	AL_1b	L31V+H/Q54H+P58S+Y93H	NS5A:31V+54H+58S+93H:AL_1b:daclatasvir	category_II	II	2	0		1	0	1	NS5A:31V+54H+58S+93H:AL_1b	daclatasvir	daclatasvir	drug_resistance
NS5A	1	31	V	REF_MASTER_NC_004102	NS5A:31V	aminoAcidSimplePolymorphism	NS5A:31V+54H+93H	combination	NS5A:31V+54H+93H	3	1	phdr_ras:NS5A:31V+54H+93H	NS5A:31V+54H+93H	AL_1b	L31V+H/Q54H+Y93H	NS5A:31V+54H+93H:AL_1b:daclatasvir	category_I	I	1	1	19000	1	0	1	NS5A:31V+54H+93H:AL_1b	daclatasvir	daclatasvir	drug_resistance
NS5A	1	31	V	REF_MASTER_NC_004102	NS5A:31V	aminoAcidSimplePolymorphism	NS5A:31V+56R	combination	NS5A:31V+56R	2	1	phdr_ras:NS5A:31V+56R	NS5A:31V+56R	AL_5a	L31V+K56R	NS5A:31V+56R:AL_5a:daclatasvir	category_II	II	2	1	6125	0			NS5A:31V+56R:AL_5a	daclatasvir	daclatasvir	drug_resistance
NS5A	1	31	V	REF_MASTER_NC_004102	NS5A:31V	aminoAcidSimplePolymorphism	NS5A:31V+58S	combination	NS5A:31V+58S	2	1	phdr_ras:NS5A:31V+58S	NS5A:31V+58S	AL_1b	L31V+P58S	NS5A:31V+58S:AL_1b:daclatasvir	category_I	I	1	1	162	1	0	1	NS5A:31V+58S:AL_1b	daclatasvir	daclatasvir	drug_resistance
NS5A	1	31	V	REF_MASTER_NC_004102	NS5A:31V	aminoAcidSimplePolymorphism	NS5A:31V+93H	combination	NS5A:31V+93H	2	1	phdr_ras:NS5A:31V+93H	NS5A:31V+93H	AL_1a	L31V+Y93H	NS5A:31V+93H:AL_1a:daclatasvir	category_II	II	2	1	166667	0			NS5A:31V+93H:AL_1a	daclatasvir	daclatasvir	drug_resistance
NS5A	1	31	V	REF_MASTER_NC_004102	NS5A:31V	aminoAcidSimplePolymorphism	NS5A:31V+93H	combination	NS5A:31V+93H	2	1	phdr_ras:NS5A:31V+93H	NS5A:31V+93H	AL_1a	L31V+Y93H	NS5A:31V+93H:AL_1a:elbasvir	category_II	II	2	1	38857	0			NS5A:31V+93H:AL_1a	elbasvir	elbasvir	drug_resistance
NS5A	1	31	V	REF_MASTER_NC_004102	NS5A:31V	aminoAcidSimplePolymorphism	NS5A:31V+93H	combination	NS5A:31V+93H	2	1	phdr_ras:NS5A:31V+93H	NS5A:31V+93H	AL_1a	L31V+Y93H	NS5A:31V+93H:AL_1a:pibrentasvir	category_II	II	2	1	94	0			NS5A:31V+93H:AL_1a	pibrentasvir	pibrentasvir	drug_resistance
NS5A	1	31	V	REF_MASTER_NC_004102	NS5A:31V	aminoAcidSimplePolymorphism	NS5A:31V+93H	combination	NS5A:31V+93H	2	1	phdr_ras:NS5A:31V+93H	NS5A:31V+93H	AL_1b	L31V+Y93H	NS5A:31V+93H:AL_1b:daclatasvir	category_I	I	1	1	14789	1	1	1	NS5A:31V+93H:AL_1b	daclatasvir	daclatasvir	drug_resistance
NS5A	1	31	V	REF_MASTER_NC_004102	NS5A:31V	aminoAcidSimplePolymorphism	NS5A:31V+93H	combination	NS5A:31V+93H	2	1	phdr_ras:NS5A:31V+93H	NS5A:31V+93H	AL_1b	L31V+Y93H	NS5A:31V+93H:AL_1b:ombitasvir	category_II	II	2	1	12328	0			NS5A:31V+93H:AL_1b	ombitasvir	ombitasvir	drug_resistance
NS5A	1	31	V	REF_MASTER_NC_004102	NS5A:31V	aminoAcidSimplePolymorphism	NS5A:31V+93H	combination	NS5A:31V+93H	2	1	phdr_ras:NS5A:31V+93H	NS5A:31V+93H	AL_4d	M31V+Y93H	NS5A:31V+93H:AL_4d:elbasvir	category_II	II	2	0		1	0	1	NS5A:31V+93H:AL_4d	elbasvir	elbasvir	drug_resistance
NS5A	1	31	V	REF_MASTER_NC_004102	NS5A:31V	aminoAcidSimplePolymorphism	NS5A:31V+93N	combination	NS5A:31V+93N	2	1	phdr_ras:NS5A:31V+93N	NS5A:31V+93N	AL_1a	L31V+Y93N	NS5A:31V+93N:AL_1a:elbasvir	category_I	I	1	1	53571	1	1	0	NS5A:31V+93N:AL_1a	elbasvir	elbasvir	drug_resistance
NS5A	1	32	L	REF_MASTER_NC_004102	NS5A:32L	aminoAcidSimplePolymorphism	NS5A:24K+28I+30Q+31I+32L+54Y	combination	NS5A:24K+28I+30Q+31I+32L+54Y	6	5	phdr_ras:NS5A:24K+28I+30Q+31I+32L+54Y	NS5A:24K+28I+30Q+31I+32L+54Y	AL_1b	Q24K+L28I+R30Q+L31I+P32L+H/Q54Y	NS5A:24K+28I+30Q+31I+32L+54Y:AL_1b:daclatasvir	category_II	II	2	0		1	0	1	NS5A:24K+28I+30Q+31I+32L+54Y:AL_1b	daclatasvir	daclatasvir	drug_resistance
NS5A	1	32	L	REF_MASTER_NC_004102	NS5A:32L	aminoAcidSimplePolymorphism	NS5A:30del+32L	combination	NS5A:30del+32L	2	2	phdr_ras:NS5A:30del+32L	NS5A:30del+32L	AL_1b	30del+P32L	NS5A:30del+32L:AL_1b:daclatasvir	category_II	II	2	1	384615	0			NS5A:30del+32L:AL_1b	daclatasvir	daclatasvir	drug_resistance
NS5A	1	32	L	REF_MASTER_NC_004102	NS5A:32L	aminoAcidSimplePolymorphism	NS5A:32L	single				phdr_ras:NS5A:32L	NS5A:32L	AL_1a	P32L	NS5A:32L:AL_1a:daclatasvir	category_II	II	2	1	233	0			NS5A:32L:AL_1a	daclatasvir	daclatasvir	drug_resistance
NS5A	1	32	L	REF_MASTER_NC_004102	NS5A:32L	aminoAcidSimplePolymorphism	NS5A:32L	single				phdr_ras:NS5A:32L	NS5A:32L	AL_1a	P32L	NS5A:32L:AL_1a:ledipasvir	category_II	II	2	1	348.6	0			NS5A:32L:AL_1a	ledipasvir	ledipasvir	drug_resistance
NS5A	1	32	L	REF_MASTER_NC_004102	NS5A:32L	aminoAcidSimplePolymorphism	NS5A:32L	single				phdr_ras:NS5A:32L	NS5A:32L	AL_1a	P32L	NS5A:32L:AL_1a:velpatasvir	category_III	III	3	1	28.4	0			NS5A:32L:AL_1a	velpatasvir	velpatasvir	drug_resistance
NS5A	1	32	L	REF_MASTER_NC_004102	NS5A:32L	aminoAcidSimplePolymorphism	NS5A:32L	single				phdr_ras:NS5A:32L	NS5A:32L	AL_1b	P32L	NS5A:32L:AL_1b:daclatasvir	category_I	I	1	1	17	1	0	1	NS5A:32L:AL_1b	daclatasvir	daclatasvir	drug_resistance
NS5A	1	32	L	REF_MASTER_NC_004102	NS5A:32L	aminoAcidSimplePolymorphism	NS5A:32L	single				phdr_ras:NS5A:32L	NS5A:32L	AL_1b	P32L	NS5A:32L:AL_1b:ledipasvir	category_III	III	3	1	8	0			NS5A:32L:AL_1b	ledipasvir	ledipasvir	drug_resistance
NS5A	1	32	L	REF_MASTER_NC_004102	NS5A:32L	aminoAcidSimplePolymorphism	NS5A:32L	single				phdr_ras:NS5A:32L	NS5A:32L	AL_6a	P32L	NS5A:32L:AL_6a:daclatasvir	category_II	II	2	1	5000	0			NS5A:32L:AL_6a	daclatasvir	daclatasvir	drug_resistance
NS5A	1	32	S	REF_MASTER_NC_004102	NS5A:32S	aminoAcidSimplePolymorphism	NS5A:32S	single				phdr_ras:NS5A:32S	NS5A:32S	AL_6a	P32S	NS5A:32S:AL_6a:daclatasvir	category_II	II	2	1	382	0			NS5A:32S:AL_6a	daclatasvir	daclatasvir	drug_resistance
NS5A	1	32	del	REF_MASTER_NC_004102	NS5A:32del	aminoAcidDeletion	NS5A:28M+32del	combination	NS5A:28M+32del	2	2	phdr_ras:NS5A:28M+32del	NS5A:28M+32del	AL_1b	L28M+32del	NS5A:28M+32del:AL_1b:pibrentasvir	category_II	II	2	0		1	1	0	NS5A:28M+32del:AL_1b	pibrentasvir	pibrentasvir	drug_resistance
NS5A	1	32	del	REF_MASTER_NC_004102	NS5A:32del	aminoAcidDeletion	NS5A:31F+32del	combination	NS5A:31F+32del	2	2	phdr_ras:NS5A:31F+32del	NS5A:31F+32del	AL_1b	L31F+32del	NS5A:31F+32del:AL_1b:daclatasvir	category_II	II	2	0		1	0	1	NS5A:31F+32del:AL_1b	daclatasvir	daclatasvir	drug_resistance
NS5A	1	32	del	REF_MASTER_NC_004102	NS5A:32del	aminoAcidDeletion	NS5A:32del	single				phdr_ras:NS5A:32del	NS5A:32del	AL_1a	32del	NS5A:32del:AL_1a:daclatasvir	category_II	II	2	1	1000	0			NS5A:32del:AL_1a	daclatasvir	daclatasvir	drug_resistance
NS5A	1	32	del	REF_MASTER_NC_004102	NS5A:32del	aminoAcidDeletion	NS5A:32del	single				phdr_ras:NS5A:32del	NS5A:32del	AL_1a	32del	NS5A:32del:AL_1a:elbasvir	category_II	II	2	1	1000	0			NS5A:32del:AL_1a	elbasvir	elbasvir	drug_resistance
NS5A	1	32	del	REF_MASTER_NC_004102	NS5A:32del	aminoAcidDeletion	NS5A:32del	single				phdr_ras:NS5A:32del	NS5A:32del	AL_1a	32del	NS5A:32del:AL_1a:velpatasvir	category_II	II	2	1	999	0			NS5A:32del:AL_1a	velpatasvir	velpatasvir	drug_resistance
NS5A	1	32	del	REF_MASTER_NC_004102	NS5A:32del	aminoAcidDeletion	NS5A:32del	single				phdr_ras:NS5A:32del	NS5A:32del	AL_1b	32del	NS5A:32del:AL_1b:daclatasvir	category_I	I	1	1	1000	1	0	1	NS5A:32del:AL_1b	daclatasvir	daclatasvir	drug_resistance
NS5A	1	32	del	REF_MASTER_NC_004102	NS5A:32del	aminoAcidDeletion	NS5A:32del	single				phdr_ras:NS5A:32del	NS5A:32del	AL_1b	32del	NS5A:32del:AL_1b:elbasvir	category_II	II	2	1	1000	0			NS5A:32del:AL_1b	elbasvir	elbasvir	drug_resistance
NS5A	1	32	del	REF_MASTER_NC_004102	NS5A:32del	aminoAcidDeletion	NS5A:32del	single				phdr_ras:NS5A:32del	NS5A:32del	AL_1b	32del	NS5A:32del:AL_1b:ledipasvir	category_II	II	2	0		1	0	1	NS5A:32del:AL_1b	ledipasvir	ledipasvir	drug_resistance
NS5A	1	32	del	REF_MASTER_NC_004102	NS5A:32del	aminoAcidDeletion	NS5A:32del	single				phdr_ras:NS5A:32del	NS5A:32del	AL_1b	32del	NS5A:32del:AL_1b:velpatasvir	category_II	II	2	1	999	0			NS5A:32del:AL_1b	velpatasvir	velpatasvir	drug_resistance
NS5A	1	37	I	REF_MASTER_NC_004102	NS5A:37I	aminoAcidSimplePolymorphism	NS5A:37I	single				phdr_ras:NS5A:37I	NS5A:37I	AL_1b	F/L37I	NS5A:37I:AL_1b:daclatasvir	category_II	II	2	0		1	1	0	NS5A:37I:AL_1b	daclatasvir	daclatasvir	drug_resistance
NS5A	1	37	L	REF_MASTER_NC_004102	NS5A:37L	aminoAcidSimplePolymorphism	NS5A:24R+30Q+31M+37L+93H	combination	NS5A:24R+30Q+31M+37L+93H	5	4	phdr_ras:NS5A:24R+30Q+31M+37L+93H	NS5A:24R+30Q+31M+37L+93H	AL_1b	Q24R+R30Q+L31M+F/L37L+Y93H	NS5A:24R+30Q+31M+37L+93H:AL_1b:daclatasvir	category_II	II	2	0		1	0	1	NS5A:24R+30Q+31M+37L+93H:AL_1b	daclatasvir	daclatasvir	drug_resistance
NS5A	1	37	L	REF_MASTER_NC_004102	NS5A:37L	aminoAcidSimplePolymorphism	NS5A:28M+37L+58R	combination	NS5A:28M+37L+58R	3	2	phdr_ras:NS5A:28M+37L+58R	NS5A:28M+37L+58R	AL_1b	L28M+F/L37L+P58R	NS5A:28M+37L+58R:AL_1b:daclatasvir	category_II	II	2	0		1	1	0	NS5A:28M+37L+58R:AL_1b	daclatasvir	daclatasvir	drug_resistance
NS5A	1	37	L	REF_MASTER_NC_004102	NS5A:37L	aminoAcidSimplePolymorphism	NS5A:31V+37L+93H	combination	NS5A:31V+37L+93H	3	2	phdr_ras:NS5A:31V+37L+93H	NS5A:31V+37L+93H	AL_1b	L31V+F/L37L+Y93H	NS5A:31V+37L+93H:AL_1b:daclatasvir	category_II	II	2	0		1	0	1	NS5A:31V+37L+93H:AL_1b	daclatasvir	daclatasvir	drug_resistance
NS5A	1	37	L	REF_MASTER_NC_004102	NS5A:37L	aminoAcidSimplePolymorphism	NS5A:37L	single				phdr_ras:NS5A:37L	NS5A:37L	AL_1b	F/L37L	NS5A:37L:AL_1b:daclatasvir	category_II	II	2	0		1	1	0	NS5A:37L:AL_1b	daclatasvir	daclatasvir	drug_resistance
NS5A	1	37	L	REF_MASTER_NC_004102	NS5A:37L	aminoAcidSimplePolymorphism	NS5A:37L+54H	combination	NS5A:37L+54H	2	1	phdr_ras:NS5A:37L+54H	NS5A:37L+54H	AL_1b	F/L37L+H/Q54H	NS5A:37L+54H:AL_1b:daclatasvir	category_II	II	2	0		1	1	0	NS5A:37L+54H:AL_1b	daclatasvir	daclatasvir	drug_resistance
NS5A	1	37	L	REF_MASTER_NC_004102	NS5A:37L	aminoAcidSimplePolymorphism	NS5A:37L+54L+92T	combination	NS5A:37L+54L+92T	3	1	phdr_ras:NS5A:37L+54L+92T	NS5A:37L+54L+92T	AL_1b	F/L37L+H/Q54L+A92T	NS5A:37L+54L+92T:AL_1b:daclatasvir	category_II	II	2	0		1	1	0	NS5A:37L+54L+92T:AL_1b	daclatasvir	daclatasvir	drug_resistance
NS5A	1	37	L	REF_MASTER_NC_004102	NS5A:37L	aminoAcidSimplePolymorphism	NS5A:37L+54Y	combination	NS5A:37L+54Y	2	1	phdr_ras:NS5A:37L+54Y	NS5A:37L+54Y	AL_1b	F/L37L+H/Q54Y	NS5A:37L+54Y:AL_1b:daclatasvir	category_II	II	2	0		1	1	0	NS5A:37L+54Y:AL_1b	daclatasvir	daclatasvir	drug_resistance
NS5A	1	37	L	REF_MASTER_NC_004102	NS5A:37L	aminoAcidSimplePolymorphism	NS5A:37L+93H	combination	NS5A:37L+93H	2	1	phdr_ras:NS5A:37L+93H	NS5A:37L+93H	AL_1b	F/L37L+Y93H	NS5A:37L+93H:AL_1b:daclatasvir	category_III	III	3	1	19	0			NS5A:37L+93H:AL_1b	daclatasvir	daclatasvir	drug_resistance
NS5A	1	37	M	REF_MASTER_NC_004102	NS5A:37M	aminoAcidSimplePolymorphism	NS5A:31M+37M+93H	combination	NS5A:31M+37M+93H	3	2	phdr_ras:NS5A:31M+37M+93H	NS5A:31M+37M+93H	AL_1a	L31M+V37M+Y93H	NS5A:31M+37M+93H:AL_1a:elbasvir	category_II	II	2	0		1	0	1	NS5A:31M+37M+93H:AL_1a	elbasvir	elbasvir	drug_resistance
NS5A	1	37	M	REF_MASTER_NC_004102	NS5A:37M	aminoAcidSimplePolymorphism	NS5A:37M	single				phdr_ras:NS5A:37M	NS5A:37M															drug_resistance
NS5A	1	37	V	REF_MASTER_NC_004102	NS5A:37V	aminoAcidSimplePolymorphism	NS5A:24K+28M+30Q+37V+54H	combination	NS5A:24K+28M+30Q+37V+54H	5	4	phdr_ras:NS5A:24K+28M+30Q+37V+54H	NS5A:24K+28M+30Q+37V+54H	AL_1b	Q24K+L28M+R30Q+F/L37V+H/Q54H	NS5A:24K+28M+30Q+37V+54H:AL_1b:daclatasvir	category_II	II	2	0		1	1	0	NS5A:24K+28M+30Q+37V+54H:AL_1b	daclatasvir	daclatasvir	drug_resistance
NS5A	1	37	V	REF_MASTER_NC_004102	NS5A:37V	aminoAcidSimplePolymorphism	NS5A:37V	single				phdr_ras:NS5A:37V	NS5A:37V															drug_resistance
NS5A	1	37	Y	REF_MASTER_NC_004102	NS5A:37Y	aminoAcidSimplePolymorphism	NS5A:37Y	single				phdr_ras:NS5A:37Y	NS5A:37Y															drug_resistance
NS5A	1	37	Y	REF_MASTER_NC_004102	NS5A:37Y	aminoAcidSimplePolymorphism	NS5A:37Y+54H	combination	NS5A:37Y+54H	2	1	phdr_ras:NS5A:37Y+54H	NS5A:37Y+54H	AL_1b	F/L37Y+H/Q54H	NS5A:37Y+54H:AL_1b:daclatasvir	category_II	II	2	0		1	1	0	NS5A:37Y+54H:AL_1b	daclatasvir	daclatasvir	drug_resistance
NS5A	1	38	F	REF_MASTER_NC_004102	NS5A:38F	aminoAcidSimplePolymorphism	NS5A:38F	single				phdr_ras:NS5A:38F	NS5A:38F	AL_1a	S38F	NS5A:38F:AL_1a:ledipasvir	category_I	I	1	1	54.400000000000006	1	0	1	NS5A:38F:AL_1a	ledipasvir	ledipasvir	drug_resistance
NS5A	1	38	F	REF_MASTER_NC_004102	NS5A:38F	aminoAcidSimplePolymorphism	NS5A:38F+93H	combination	NS5A:38F+93H	2	1	phdr_ras:NS5A:38F+93H	NS5A:38F+93H	AL_1a	S38F+Y93H	NS5A:38F+93H:AL_1a:ledipasvir	category_II	II	2	0		1	0	1	NS5A:38F+93H:AL_1a	ledipasvir	ledipasvir	drug_resistance
NS5A	1	54	H	REF_MASTER_NC_004102	NS5A:54H	aminoAcidSimplePolymorphism	NS5A:24K+28M+30Q+37V+54H	combination	NS5A:24K+28M+30Q+37V+54H	5	5	phdr_ras:NS5A:24K+28M+30Q+37V+54H	NS5A:24K+28M+30Q+37V+54H	AL_1b	Q24K+L28M+R30Q+F/L37V+H/Q54H	NS5A:24K+28M+30Q+37V+54H:AL_1b:daclatasvir	category_II	II	2	0		1	1	0	NS5A:24K+28M+30Q+37V+54H:AL_1b	daclatasvir	daclatasvir	drug_resistance
NS5A	1	54	H	REF_MASTER_NC_004102	NS5A:54H	aminoAcidSimplePolymorphism	NS5A:30Q+54H+93H	combination	NS5A:30Q+54H+93H	3	2	phdr_ras:NS5A:30Q+54H+93H	NS5A:30Q+54H+93H	AL_1b	R30Q+H/Q54H+Y93H	NS5A:30Q+54H+93H:AL_1b:ledipasvir	category_II	II	2	0		1	1	0	NS5A:30Q+54H+93H:AL_1b	ledipasvir	ledipasvir	drug_resistance
NS5A	1	54	H	REF_MASTER_NC_004102	NS5A:54H	aminoAcidSimplePolymorphism	NS5A:31I+54H+92K	combination	NS5A:31I+54H+92K	3	2	phdr_ras:NS5A:31I+54H+92K	NS5A:31I+54H+92K	AL_1b	L31I+H/Q54H+A92K	NS5A:31I+54H+92K:AL_1b:daclatasvir	category_II	II	2	0		1	0	1	NS5A:31I+54H+92K:AL_1b	daclatasvir	daclatasvir	drug_resistance
NS5A	1	54	H	REF_MASTER_NC_004102	NS5A:54H	aminoAcidSimplePolymorphism	NS5A:31I+54H+92T	combination	NS5A:31I+54H+92T	3	2	phdr_ras:NS5A:31I+54H+92T	NS5A:31I+54H+92T	AL_1b	L31I+H/Q54H+A92T	NS5A:31I+54H+92T:AL_1b:daclatasvir	category_II	II	2	0		1	0	1	NS5A:31I+54H+92T:AL_1b	daclatasvir	daclatasvir	drug_resistance
NS5A	1	54	H	REF_MASTER_NC_004102	NS5A:54H	aminoAcidSimplePolymorphism	NS5A:31M+54H	combination	NS5A:31M+54H	2	2	phdr_ras:NS5A:31M+54H	NS5A:31M+54H	AL_1b	L31M+H/Q54H	NS5A:31M+54H:AL_1b:ledipasvir	category_II	II	2	0		1	1	0	NS5A:31M+54H:AL_1b	ledipasvir	ledipasvir	drug_resistance
NS5A	1	54	H	REF_MASTER_NC_004102	NS5A:54H	aminoAcidSimplePolymorphism	NS5A:31M+54H+62E	combination	NS5A:31M+54H+62E	3	2	phdr_ras:NS5A:31M+54H+62E	NS5A:31M+54H+62E	AL_1b	L31M+H/Q54H+Q62E	NS5A:31M+54H+62E:AL_1b:ledipasvir	category_II	II	2	0		1	1	0	NS5A:31M+54H+62E:AL_1b	ledipasvir	ledipasvir	drug_resistance
NS5A	1	54	H	REF_MASTER_NC_004102	NS5A:54H	aminoAcidSimplePolymorphism	NS5A:31M+54H+93H	combination	NS5A:31M+54H+93H	3	2	phdr_ras:NS5A:31M+54H+93H	NS5A:31M+54H+93H	AL_1b	L31M+H/Q54H+Y93H	NS5A:31M+54H+93H:AL_1b:ledipasvir	category_II	II	2	0		1	1	0	NS5A:31M+54H+93H:AL_1b	ledipasvir	ledipasvir	drug_resistance
NS5A	1	54	H	REF_MASTER_NC_004102	NS5A:54H	aminoAcidSimplePolymorphism	NS5A:31V+54H+58S+93H	combination	NS5A:31V+54H+58S+93H	4	2	phdr_ras:NS5A:31V+54H+58S+93H	NS5A:31V+54H+58S+93H	AL_1b	L31V+H/Q54H+P58S+Y93H	NS5A:31V+54H+58S+93H:AL_1b:daclatasvir	category_II	II	2	0		1	0	1	NS5A:31V+54H+58S+93H:AL_1b	daclatasvir	daclatasvir	drug_resistance
NS5A	1	54	H	REF_MASTER_NC_004102	NS5A:54H	aminoAcidSimplePolymorphism	NS5A:31V+54H+93H	combination	NS5A:31V+54H+93H	3	2	phdr_ras:NS5A:31V+54H+93H	NS5A:31V+54H+93H	AL_1b	L31V+H/Q54H+Y93H	NS5A:31V+54H+93H:AL_1b:daclatasvir	category_I	I	1	1	19000	1	0	1	NS5A:31V+54H+93H:AL_1b	daclatasvir	daclatasvir	drug_resistance
NS5A	1	54	H	REF_MASTER_NC_004102	NS5A:54H	aminoAcidSimplePolymorphism	NS5A:37L+54H	combination	NS5A:37L+54H	2	2	phdr_ras:NS5A:37L+54H	NS5A:37L+54H	AL_1b	F/L37L+H/Q54H	NS5A:37L+54H:AL_1b:daclatasvir	category_II	II	2	0		1	1	0	NS5A:37L+54H:AL_1b	daclatasvir	daclatasvir	drug_resistance
NS5A	1	54	H	REF_MASTER_NC_004102	NS5A:54H	aminoAcidSimplePolymorphism	NS5A:37Y+54H	combination	NS5A:37Y+54H	2	2	phdr_ras:NS5A:37Y+54H	NS5A:37Y+54H	AL_1b	F/L37Y+H/Q54H	NS5A:37Y+54H:AL_1b:daclatasvir	category_II	II	2	0		1	1	0	NS5A:37Y+54H:AL_1b	daclatasvir	daclatasvir	drug_resistance
NS5A	1	54	H	REF_MASTER_NC_004102	NS5A:54H	aminoAcidSimplePolymorphism	NS5A:54H	single				phdr_ras:NS5A:54H	NS5A:54H															drug_resistance
NS5A	1	54	H	REF_MASTER_NC_004102	NS5A:54H	aminoAcidSimplePolymorphism	NS5A:54H+58A+62E+93H	combination	NS5A:54H+58A+62E+93H	4	1	phdr_ras:NS5A:54H+58A+62E+93H	NS5A:54H+58A+62E+93H	AL_1b	H/Q54H+P58A+Q62E+Y93H	NS5A:54H+58A+62E+93H:AL_1b:ledipasvir	category_II	II	2	0		1	1	0	NS5A:54H+58A+62E+93H:AL_1b	ledipasvir	ledipasvir	drug_resistance
NS5A	1	54	H	REF_MASTER_NC_004102	NS5A:54H	aminoAcidSimplePolymorphism	NS5A:54H+93H	combination	NS5A:54H+93H	2	1	phdr_ras:NS5A:54H+93H	NS5A:54H+93H	AL_1b	H/Q54H+Y93H	NS5A:54H+93H:AL_1b:daclatasvir	category_III	III	3	1	10	0			NS5A:54H+93H:AL_1b	daclatasvir	daclatasvir	drug_resistance
NS5A	1	54	L	REF_MASTER_NC_004102	NS5A:54L	aminoAcidSimplePolymorphism	NS5A:37L+54L+92T	combination	NS5A:37L+54L+92T	3	2	phdr_ras:NS5A:37L+54L+92T	NS5A:37L+54L+92T	AL_1b	F/L37L+H/Q54L+A92T	NS5A:37L+54L+92T:AL_1b:daclatasvir	category_II	II	2	0		1	1	0	NS5A:37L+54L+92T:AL_1b	daclatasvir	daclatasvir	drug_resistance
NS5A	1	54	L	REF_MASTER_NC_004102	NS5A:54L	aminoAcidSimplePolymorphism	NS5A:54L	single				phdr_ras:NS5A:54L	NS5A:54L	AL_1b	H/Q54L	NS5A:54L:AL_1b:daclatasvir	category_I	I	1	0		1	1	1	NS5A:54L:AL_1b	daclatasvir	daclatasvir	drug_resistance
NS5A	1	54	Y	REF_MASTER_NC_004102	NS5A:54Y	aminoAcidSimplePolymorphism	NS5A:24K+28I+30Q+31I+32L+54Y	combination	NS5A:24K+28I+30Q+31I+32L+54Y	6	6	phdr_ras:NS5A:24K+28I+30Q+31I+32L+54Y	NS5A:24K+28I+30Q+31I+32L+54Y	AL_1b	Q24K+L28I+R30Q+L31I+P32L+H/Q54Y	NS5A:24K+28I+30Q+31I+32L+54Y:AL_1b:daclatasvir	category_II	II	2	0		1	0	1	NS5A:24K+28I+30Q+31I+32L+54Y:AL_1b	daclatasvir	daclatasvir	drug_resistance
NS5A	1	54	Y	REF_MASTER_NC_004102	NS5A:54Y	aminoAcidSimplePolymorphism	NS5A:37L+54Y	combination	NS5A:37L+54Y	2	2	phdr_ras:NS5A:37L+54Y	NS5A:37L+54Y	AL_1b	F/L37L+H/Q54Y	NS5A:37L+54Y:AL_1b:daclatasvir	category_II	II	2	0		1	1	0	NS5A:37L+54Y:AL_1b	daclatasvir	daclatasvir	drug_resistance
NS5A	1	54	Y	REF_MASTER_NC_004102	NS5A:54Y	aminoAcidSimplePolymorphism	NS5A:54Y	single				phdr_ras:NS5A:54Y	NS5A:54Y															drug_resistance
NS5A	1	56	R	REF_MASTER_NC_004102	NS5A:56R	aminoAcidSimplePolymorphism	NS5A:31F+56R	combination	NS5A:31F+56R	2	2	phdr_ras:NS5A:31F+56R	NS5A:31F+56R	AL_5a	L31F+K56R	NS5A:31F+56R:AL_5a:daclatasvir	category_II	II	2	1	8188	0			NS5A:31F+56R:AL_5a	daclatasvir	daclatasvir	drug_resistance
NS5A	1	56	R	REF_MASTER_NC_004102	NS5A:56R	aminoAcidSimplePolymorphism	NS5A:31V+56R	combination	NS5A:31V+56R	2	2	phdr_ras:NS5A:31V+56R	NS5A:31V+56R	AL_5a	L31V+K56R	NS5A:31V+56R:AL_5a:daclatasvir	category_II	II	2	1	6125	0			NS5A:31V+56R:AL_5a	daclatasvir	daclatasvir	drug_resistance
NS5A	1	56	R	REF_MASTER_NC_004102	NS5A:56R	aminoAcidSimplePolymorphism	NS5A:56R	single				phdr_ras:NS5A:56R	NS5A:56R	AL_5a	K56R	NS5A:56R:AL_5a:daclatasvir	insignificant	-	4	1	3	0			NS5A:56R:AL_5a	daclatasvir	daclatasvir	drug_resistance
NS5A	1	58	A	REF_MASTER_NC_004102	NS5A:58A	aminoAcidSimplePolymorphism	NS5A:54H+58A+62E+93H	combination	NS5A:54H+58A+62E+93H	4	2	phdr_ras:NS5A:54H+58A+62E+93H	NS5A:54H+58A+62E+93H	AL_1b	H/Q54H+P58A+Q62E+Y93H	NS5A:54H+58A+62E+93H:AL_1b:ledipasvir	category_II	II	2	0		1	1	0	NS5A:54H+58A+62E+93H:AL_1b	ledipasvir	ledipasvir	drug_resistance
NS5A	1	58	A	REF_MASTER_NC_004102	NS5A:58A	aminoAcidSimplePolymorphism	NS5A:58A	single				phdr_ras:NS5A:58A	NS5A:58A	AL_6a	T58A	NS5A:58A:AL_6a:daclatasvir	category_III	III	3	1	47	0			NS5A:58A:AL_6a	daclatasvir	daclatasvir	drug_resistance
NS5A	1	58	A	REF_MASTER_NC_004102	NS5A:58A	aminoAcidSimplePolymorphism	NS5A:58A	single				phdr_ras:NS5A:58A	NS5A:58A	AL_6a	T58A	NS5A:58A:AL_6a:ombitasvir	category_II	II	2	1	74	0			NS5A:58A:AL_6a	ombitasvir	ombitasvir	drug_resistance
NS5A	1	58	A	REF_MASTER_NC_004102	NS5A:58A	aminoAcidSimplePolymorphism	NS5A:58A+93H	combination	NS5A:58A+93H	2	1	phdr_ras:NS5A:58A+93H	NS5A:58A+93H	AL_1b	P58A+Y93H	NS5A:58A+93H:AL_1b:ombitasvir	category_II	II	2	1	1226	0			NS5A:58A+93H:AL_1b	ombitasvir	ombitasvir	drug_resistance
NS5A	1	58	C	REF_MASTER_NC_004102	NS5A:58C	aminoAcidSimplePolymorphism	NS5A:30R+58C	combination	NS5A:30R+58C	2	2	phdr_ras:NS5A:30R+58C	NS5A:30R+58C	AL_1a	Q30R+H58C	NS5A:30R+58C:AL_1a:pibrentasvir	category_II	II	2	0		1	1	0	NS5A:30R+58C:AL_1a	pibrentasvir	pibrentasvir	drug_resistance
NS5A	1	58	C	REF_MASTER_NC_004102	NS5A:58C	aminoAcidSimplePolymorphism	NS5A:58C	single				phdr_ras:NS5A:58C	NS5A:58C															drug_resistance
NS5A	1	58	D	REF_MASTER_NC_004102	NS5A:58D	aminoAcidSimplePolymorphism	NS5A:28A+58D	combination	NS5A:28A+58D	2	2	phdr_ras:NS5A:28A+58D	NS5A:28A+58D	AL_1a	M28A+H58D	NS5A:28A+58D:AL_1a:pibrentasvir	category_II	II	2	0		1	0	1	NS5A:28A+58D:AL_1a	pibrentasvir	pibrentasvir	drug_resistance
NS5A	1	58	D	REF_MASTER_NC_004102	NS5A:58D	aminoAcidSimplePolymorphism	NS5A:28T+30H+58D	combination	NS5A:28T+30H+58D	3	3	phdr_ras:NS5A:28T+30H+58D	NS5A:28T+30H+58D	AL_1a	M28T+Q30H+H58D	NS5A:28T+30H+58D:AL_1a:elbasvir	category_II	II	2	0		1	0	1	NS5A:28T+30H+58D:AL_1a	elbasvir	elbasvir	drug_resistance
NS5A	1	58	D	REF_MASTER_NC_004102	NS5A:58D	aminoAcidSimplePolymorphism	NS5A:30K+58D	combination	NS5A:30K+58D	2	2	phdr_ras:NS5A:30K+58D	NS5A:30K+58D	AL_1a	Q30K+H58D	NS5A:30K+58D:AL_1a:pibrentasvir	category_II	II	2	0		1	0	1	NS5A:30K+58D:AL_1a	pibrentasvir	pibrentasvir	drug_resistance
NS5A	1	58	D	REF_MASTER_NC_004102	NS5A:58D	aminoAcidSimplePolymorphism	NS5A:30R+31M+58D	combination	NS5A:30R+31M+58D	3	3	phdr_ras:NS5A:30R+31M+58D	NS5A:30R+31M+58D	AL_1a	Q30R+L31M+H58D	NS5A:30R+31M+58D:AL_1a:pibrentasvir	category_I	I	1	1	1704	1	0	1	NS5A:30R+31M+58D:AL_1a	pibrentasvir	pibrentasvir	drug_resistance
NS5A	1	58	D	REF_MASTER_NC_004102	NS5A:58D	aminoAcidSimplePolymorphism	NS5A:30R+58D	combination	NS5A:30R+58D	2	2	phdr_ras:NS5A:30R+58D	NS5A:30R+58D	AL_1a	Q30R+H58D	NS5A:30R+58D:AL_1a:daclatasvir	category_I	I	1	1	424318	1	0	1	NS5A:30R+58D:AL_1a	daclatasvir	daclatasvir	drug_resistance
NS5A	1	58	D	REF_MASTER_NC_004102	NS5A:58D	aminoAcidSimplePolymorphism	NS5A:30R+58D	combination	NS5A:30R+58D	2	2	phdr_ras:NS5A:30R+58D	NS5A:30R+58D	AL_1a	Q30R+H58D	NS5A:30R+58D:AL_1a:elbasvir	category_II	II	2	0		1	0	1	NS5A:30R+58D:AL_1a	elbasvir	elbasvir	drug_resistance
NS5A	1	58	D	REF_MASTER_NC_004102	NS5A:58D	aminoAcidSimplePolymorphism	NS5A:30R+58D	combination	NS5A:30R+58D	2	2	phdr_ras:NS5A:30R+58D	NS5A:30R+58D	AL_1a	Q30R+H58D	NS5A:30R+58D:AL_1a:pibrentasvir	category_I	I	1	1	108	1	1	1	NS5A:30R+58D:AL_1a	pibrentasvir	pibrentasvir	drug_resistance
NS5A	1	58	D	REF_MASTER_NC_004102	NS5A:58D	aminoAcidSimplePolymorphism	NS5A:30R+58D	combination	NS5A:30R+58D	2	2	phdr_ras:NS5A:30R+58D	NS5A:30R+58D	AL_1a	Q30R+H58D	NS5A:30R+58D:AL_1a:velpatasvir	category_II	II	2	0		1	0	1	NS5A:30R+58D:AL_1a	velpatasvir	velpatasvir	drug_resistance
NS5A	1	58	D	REF_MASTER_NC_004102	NS5A:58D	aminoAcidSimplePolymorphism	NS5A:30R+58D	combination	NS5A:30R+58D	2	2	phdr_ras:NS5A:30R+58D	NS5A:30R+58D	AL_1b	R30R+P58D	NS5A:30R+58D:AL_1b:daclatasvir	category_II	II	2	0		1	0	1	NS5A:30R+58D:AL_1b	daclatasvir	daclatasvir	drug_resistance
NS5A	1	58	D	REF_MASTER_NC_004102	NS5A:58D	aminoAcidSimplePolymorphism	NS5A:31M+58D	combination	NS5A:31M+58D	2	2	phdr_ras:NS5A:31M+58D	NS5A:31M+58D	AL_1a	L31M+H58D	NS5A:31M+58D:AL_1a:elbasvir	category_II	II	2	0		1	0	1	NS5A:31M+58D:AL_1a	elbasvir	elbasvir	drug_resistance
NS5A	1	58	D	REF_MASTER_NC_004102	NS5A:58D	aminoAcidSimplePolymorphism	NS5A:31M+58D	combination	NS5A:31M+58D	2	2	phdr_ras:NS5A:31M+58D	NS5A:31M+58D	AL_1a	L31M+H58D	NS5A:31M+58D:AL_1a:pibrentasvir	category_I	I	1	1	23	1	1	0	NS5A:31M+58D:AL_1a	pibrentasvir	pibrentasvir	drug_resistance
NS5A	1	58	D	REF_MASTER_NC_004102	NS5A:58D	aminoAcidSimplePolymorphism	NS5A:31M+58D+93C	combination	NS5A:31M+58D+93C	3	2	phdr_ras:NS5A:31M+58D+93C	NS5A:31M+58D+93C															drug_resistance
NS5A	1	58	D	REF_MASTER_NC_004102	NS5A:58D	aminoAcidSimplePolymorphism	NS5A:58D	single				phdr_ras:NS5A:58D	NS5A:58D	AL_1a	H58D	NS5A:58D:AL_1a:daclatasvir	category_II	II	2	1	500	0			NS5A:58D:AL_1a	daclatasvir	daclatasvir	drug_resistance
NS5A	1	58	D	REF_MASTER_NC_004102	NS5A:58D	aminoAcidSimplePolymorphism	NS5A:58D	single				phdr_ras:NS5A:58D	NS5A:58D	AL_1a	H58D	NS5A:58D:AL_1a:elbasvir	category_I	I	1	1	6	1	1	1	NS5A:58D:AL_1a	elbasvir	elbasvir	drug_resistance
NS5A	1	58	D	REF_MASTER_NC_004102	NS5A:58D	aminoAcidSimplePolymorphism	NS5A:58D	single				phdr_ras:NS5A:58D	NS5A:58D	AL_1a	H58D	NS5A:58D:AL_1a:ledipasvir	category_II	II	2	1	1127.4	0			NS5A:58D:AL_1a	ledipasvir	ledipasvir	drug_resistance
NS5A	1	58	D	REF_MASTER_NC_004102	NS5A:58D	aminoAcidSimplePolymorphism	NS5A:58D	single				phdr_ras:NS5A:58D	NS5A:58D	AL_1a	H58D	NS5A:58D:AL_1a:ombitasvir	category_I	I	1	1	243	1	1	0	NS5A:58D:AL_1a	ombitasvir	ombitasvir	drug_resistance
NS5A	1	58	D	REF_MASTER_NC_004102	NS5A:58D	aminoAcidSimplePolymorphism	NS5A:58D	single				phdr_ras:NS5A:58D	NS5A:58D	AL_1a	H58D	NS5A:58D:AL_1a:pibrentasvir	category_II	II	2	0		1	0	1	NS5A:58D:AL_1a	pibrentasvir	pibrentasvir	drug_resistance
NS5A	1	58	D	REF_MASTER_NC_004102	NS5A:58D	aminoAcidSimplePolymorphism	NS5A:58D	single				phdr_ras:NS5A:58D	NS5A:58D	AL_1a	H58D	NS5A:58D:AL_1a:velpatasvir	category_III	III	3	1	7.3	0			NS5A:58D:AL_1a	velpatasvir	velpatasvir	drug_resistance
NS5A	1	58	D	REF_MASTER_NC_004102	NS5A:58D	aminoAcidSimplePolymorphism	NS5A:58D	single				phdr_ras:NS5A:58D	NS5A:58D	AL_1b	P58D	NS5A:58D:AL_1b:ledipasvir	category_II	II	2	1	238.3	0			NS5A:58D:AL_1b	ledipasvir	ledipasvir	drug_resistance
NS5A	1	58	D	REF_MASTER_NC_004102	NS5A:58D	aminoAcidSimplePolymorphism	NS5A:58D	single				phdr_ras:NS5A:58D	NS5A:58D	AL_4a	P58D	NS5A:58D:AL_4a:elbasvir	category_II	II	2	0		1	0	1	NS5A:58D:AL_4a	elbasvir	elbasvir	drug_resistance
NS5A	1	58	D	REF_MASTER_NC_004102	NS5A:58D	aminoAcidSimplePolymorphism	NS5A:58D+30R	combination	NS5A:58D+30R	2	1	phdr_ras:NS5A:58D+30R	NS5A:58D+30R	AL_1a	H58D+Q30R	NS5A:58D+30R:AL_1a:elbasvir	category_II	II	2	0		1	0	1	NS5A:58D+30R:AL_1a	elbasvir	elbasvir	drug_resistance
NS5A	1	58	D	REF_MASTER_NC_004102	NS5A:58D	aminoAcidSimplePolymorphism	NS5A:58D+93C	combination	NS5A:58D+93C	2	1	phdr_ras:NS5A:58D+93C	NS5A:58D+93C	AL_1a	H58D+Y93C	NS5A:58D+93C:AL_1a:velpatasvir	category_II	II	2	0		1	0	1	NS5A:58D+93C:AL_1a	velpatasvir	velpatasvir	drug_resistance
NS5A	1	58	D	REF_MASTER_NC_004102	NS5A:58D	aminoAcidSimplePolymorphism	NS5A:58D+93H	combination	NS5A:58D+93H	2	1	phdr_ras:NS5A:58D+93H	NS5A:58D+93H	AL_1a	H58D+Y93H	NS5A:58D+93H:AL_1a:pibrentasvir	category_II	II	2	1	2238	0			NS5A:58D+93H:AL_1a	pibrentasvir	pibrentasvir	drug_resistance
NS5A	1	58	L	REF_MASTER_NC_004102	NS5A:58L	aminoAcidSimplePolymorphism	NS5A:31F+58L	combination	NS5A:31F+58L	2	2	phdr_ras:NS5A:31F+58L	NS5A:31F+58L	AL_1b	L31F+P58L	NS5A:31F+58L:AL_1b:ombitasvir	category_II	II	2	1	78	0			NS5A:31F+58L:AL_1b	ombitasvir	ombitasvir	drug_resistance
NS5A	1	58	L	REF_MASTER_NC_004102	NS5A:58L	aminoAcidSimplePolymorphism	NS5A:58L	single				phdr_ras:NS5A:58L	NS5A:58L	AL_4a	P58L	NS5A:58L:AL_4a:daclatasvir	category_III	III	3	1	41.5	0			NS5A:58L:AL_4a	daclatasvir	daclatasvir	drug_resistance
NS5A	1	58	L	REF_MASTER_NC_004102	NS5A:58L	aminoAcidSimplePolymorphism	NS5A:58L	single				phdr_ras:NS5A:58L	NS5A:58L	AL_4a	P58L	NS5A:58L:AL_4a:ombitasvir	category_II	II	2	0		1	1	0	NS5A:58L:AL_4a	ombitasvir	ombitasvir	drug_resistance
NS5A	1	58	L	REF_MASTER_NC_004102	NS5A:58L	aminoAcidSimplePolymorphism	NS5A:58L+93H	combination	NS5A:58L+93H	2	1	phdr_ras:NS5A:58L+93H	NS5A:58L+93H	AL_1b	P58L+Y93H	NS5A:58L+93H:AL_1b:ombitasvir	category_II	II	2	1	135	0			NS5A:58L+93H:AL_1b	ombitasvir	ombitasvir	drug_resistance
NS5A	1	58	L	REF_MASTER_NC_004102	NS5A:58L	aminoAcidSimplePolymorphism	NS5A:8A+58L	combination	NS5A:8A+58L	2	2	phdr_ras:NS5A:8A+58L	NS5A:8A+58L	AL_4a	V8A+P58L	NS5A:8A+58L:AL_4a:daclatasvir	category_III	III	3	1	41.5	0			NS5A:8A+58L:AL_4a	daclatasvir	daclatasvir	drug_resistance
NS5A	1	58	L	REF_MASTER_NC_004102	NS5A:58L	aminoAcidSimplePolymorphism	NS5A:8A+58L	combination	NS5A:8A+58L	2	2	phdr_ras:NS5A:8A+58L	NS5A:8A+58L	AL_4a	V8A+P58L	NS5A:8A+58L:AL_4a:elbasvir	category_III	III	3	1	41.5	0			NS5A:8A+58L:AL_4a	elbasvir	elbasvir	drug_resistance
NS5A	1	58	N	REF_MASTER_NC_004102	NS5A:58N	aminoAcidSimplePolymorphism	NS5A:58N	single				phdr_ras:NS5A:58N	NS5A:58N	AL_6a	T58N	NS5A:58N:AL_6a:daclatasvir	category_II	II	2	1	532	0			NS5A:58N:AL_6a	daclatasvir	daclatasvir	drug_resistance
NS5A	1	58	N	REF_MASTER_NC_004102	NS5A:58N	aminoAcidSimplePolymorphism	NS5A:58N	single				phdr_ras:NS5A:58N	NS5A:58N	AL_6a	T58N	NS5A:58N:AL_6a:ombitasvir	category_II	II	2	1	101	0			NS5A:58N:AL_6a	ombitasvir	ombitasvir	drug_resistance
NS5A	1	58	P	REF_MASTER_NC_004102	NS5A:58P	aminoAcidSimplePolymorphism	NS5A:28T+58P	combination	NS5A:28T+58P	2	2	phdr_ras:NS5A:28T+58P	NS5A:28T+58P	AL_1a	M28T+H58P	NS5A:28T+58P:AL_1a:ombitasvir	category_II	II	2	0		1	0	1	NS5A:28T+58P:AL_1a	ombitasvir	ombitasvir	drug_resistance
NS5A	1	58	P	REF_MASTER_NC_004102	NS5A:58P	aminoAcidSimplePolymorphism	NS5A:58P	single				phdr_ras:NS5A:58P	NS5A:58P	AL_4	P58P	NS5A:58P:AL_4:elbasvir	category_II	II	2	0		1	1	0	NS5A:58P:AL_4	elbasvir	elbasvir	drug_resistance
NS5A	1	58	P	REF_MASTER_NC_004102	NS5A:58P	aminoAcidSimplePolymorphism	NS5A:58P	single				phdr_ras:NS5A:58P	NS5A:58P	AL_4d	P/T58P	NS5A:58P:AL_4d:ombitasvir	category_II	II	2	0		1	1	0	NS5A:58P:AL_4d	ombitasvir	ombitasvir	drug_resistance
NS5A	1	58	Q	REF_MASTER_NC_004102	NS5A:58Q	aminoAcidSimplePolymorphism	NS5A:58Q	single				phdr_ras:NS5A:58Q	NS5A:58Q															drug_resistance
NS5A	1	58	Q	REF_MASTER_NC_004102	NS5A:58Q	aminoAcidSimplePolymorphism	NS5A:58Q+93N	combination	NS5A:58Q+93N	2	1	phdr_ras:NS5A:58Q+93N	NS5A:58Q+93N	AL_1b	P58Q+Y93N	NS5A:58Q+93N:AL_1b:daclatasvir	category_II	II	2	0		1	0	1	NS5A:58Q+93N:AL_1b	daclatasvir	daclatasvir	drug_resistance
NS5A	1	58	R	REF_MASTER_NC_004102	NS5A:58R	aminoAcidSimplePolymorphism	NS5A:28M+37L+58R	combination	NS5A:28M+37L+58R	3	3	phdr_ras:NS5A:28M+37L+58R	NS5A:28M+37L+58R	AL_1b	L28M+F/L37L+P58R	NS5A:28M+37L+58R:AL_1b:daclatasvir	category_II	II	2	0		1	1	0	NS5A:28M+37L+58R:AL_1b	daclatasvir	daclatasvir	drug_resistance
NS5A	1	58	R	REF_MASTER_NC_004102	NS5A:58R	aminoAcidSimplePolymorphism	NS5A:58R	single				phdr_ras:NS5A:58R	NS5A:58R															drug_resistance
NS5A	1	58	S	REF_MASTER_NC_004102	NS5A:58S	aminoAcidSimplePolymorphism	NS5A:28V+58S	combination	NS5A:28V+58S	2	2	phdr_ras:NS5A:28V+58S	NS5A:28V+58S	AL_4d	L28V+P/T58S	NS5A:28V+58S:AL_4d:ombitasvir	category_II	II	2	1	760	0			NS5A:28V+58S:AL_4d	ombitasvir	ombitasvir	drug_resistance
NS5A	1	58	S	REF_MASTER_NC_004102	NS5A:58S	aminoAcidSimplePolymorphism	NS5A:30K+58S	combination	NS5A:30K+58S	2	2	phdr_ras:NS5A:30K+58S	NS5A:30K+58S	AL_3	A30K+P58S	NS5A:30K+58S:AL_3:elbasvir	category_II	II	2	0		1	0	1	NS5A:30K+58S:AL_3	elbasvir	elbasvir	drug_resistance
NS5A	1	58	S	REF_MASTER_NC_004102	NS5A:58S	aminoAcidSimplePolymorphism	NS5A:31V+54H+58S+93H	combination	NS5A:31V+54H+58S+93H	4	3	phdr_ras:NS5A:31V+54H+58S+93H	NS5A:31V+54H+58S+93H	AL_1b	L31V+H/Q54H+P58S+Y93H	NS5A:31V+54H+58S+93H:AL_1b:daclatasvir	category_II	II	2	0		1	0	1	NS5A:31V+54H+58S+93H:AL_1b	daclatasvir	daclatasvir	drug_resistance
NS5A	1	58	S	REF_MASTER_NC_004102	NS5A:58S	aminoAcidSimplePolymorphism	NS5A:31V+58S	combination	NS5A:31V+58S	2	2	phdr_ras:NS5A:31V+58S	NS5A:31V+58S	AL_1b	L31V+P58S	NS5A:31V+58S:AL_1b:daclatasvir	category_I	I	1	1	162	1	0	1	NS5A:31V+58S:AL_1b	daclatasvir	daclatasvir	drug_resistance
NS5A	1	58	S	REF_MASTER_NC_004102	NS5A:58S	aminoAcidSimplePolymorphism	NS5A:58S	single				phdr_ras:NS5A:58S	NS5A:58S	AL_1b	P58S	NS5A:58S:AL_1b:daclatasvir	category_II	II	2	0		1	1	0	NS5A:58S:AL_1b	daclatasvir	daclatasvir	drug_resistance
NS5A	1	58	S	REF_MASTER_NC_004102	NS5A:58S	aminoAcidSimplePolymorphism	NS5A:58S	single				phdr_ras:NS5A:58S	NS5A:58S	AL_1b	P58S	NS5A:58S:AL_1b:ombitasvir	category_II	II	2	0		1	0	1	NS5A:58S:AL_1b	ombitasvir	ombitasvir	drug_resistance
NS5A	1	58	S	REF_MASTER_NC_004102	NS5A:58S	aminoAcidSimplePolymorphism	NS5A:58S	single				phdr_ras:NS5A:58S	NS5A:58S	AL_2b	P58S	NS5A:58S:AL_2b:velpatasvir	insignificant	-	4	1	2.5	0			NS5A:58S:AL_2b	velpatasvir	velpatasvir	drug_resistance
NS5A	1	58	S	REF_MASTER_NC_004102	NS5A:58S	aminoAcidSimplePolymorphism	NS5A:58S	single				phdr_ras:NS5A:58S	NS5A:58S	AL_4d	P/T58S	NS5A:58S:AL_4d:ombitasvir	category_II	II	2	0		1	1	0	NS5A:58S:AL_4d	ombitasvir	ombitasvir	drug_resistance
NS5A	1	58	S	REF_MASTER_NC_004102	NS5A:58S	aminoAcidSimplePolymorphism	NS5A:58S	single				phdr_ras:NS5A:58S	NS5A:58S	AL_6a	T58S	NS5A:58S:AL_6a:daclatasvir	category_III	III	3	1	48	0			NS5A:58S:AL_6a	daclatasvir	daclatasvir	drug_resistance
NS5A	1	58	S	REF_MASTER_NC_004102	NS5A:58S	aminoAcidSimplePolymorphism	NS5A:58S	single				phdr_ras:NS5A:58S	NS5A:58S	AL_6a	T58S	NS5A:58S:AL_6a:ombitasvir	category_III	III	3	1	44	0			NS5A:58S:AL_6a	ombitasvir	ombitasvir	drug_resistance
NS5A	1	58	S	REF_MASTER_NC_004102	NS5A:58S	aminoAcidSimplePolymorphism	NS5A:58S+62T+93H	combination	NS5A:58S+62T+93H	3	1	phdr_ras:NS5A:58S+62T+93H	NS5A:58S+62T+93H	AL_3	P58S+S/T62T+Y93H	NS5A:58S+62T+93H:AL_3:elbasvir	category_II	II	2	0		1	1	0	NS5A:58S+62T+93H:AL_3	elbasvir	elbasvir	drug_resistance
NS5A	1	58	S	REF_MASTER_NC_004102	NS5A:58S	aminoAcidSimplePolymorphism	NS5A:58S+93H	combination	NS5A:58S+93H	2	1	phdr_ras:NS5A:58S+93H	NS5A:58S+93H	AL_1b	P58S+Y93H	NS5A:58S+93H:AL_1b:ombitasvir	category_I	I	1	1	1401	1	1	0	NS5A:58S+93H:AL_1b	ombitasvir	ombitasvir	drug_resistance
NS5A	1	58	S	REF_MASTER_NC_004102	NS5A:58S	aminoAcidSimplePolymorphism	NS5A:58S+93H	combination	NS5A:58S+93H	2	1	phdr_ras:NS5A:58S+93H	NS5A:58S+93H	AL_3a	P58S+Y93H	NS5A:58S+93H:AL_3a:daclatasvir	category_II	II	2	1	3430	0			NS5A:58S+93H:AL_3a	daclatasvir	daclatasvir	drug_resistance
NS5A	1	58	T	REF_MASTER_NC_004102	NS5A:58T	aminoAcidSimplePolymorphism	NS5A:58T	single				phdr_ras:NS5A:58T	NS5A:58T	AL_3	P58T	NS5A:58T:AL_3:pibrentasvir	category_II	II	2	0		1	0	1	NS5A:58T:AL_3	pibrentasvir	pibrentasvir	drug_resistance
NS5A	1	58	T	REF_MASTER_NC_004102	NS5A:58T	aminoAcidSimplePolymorphism	NS5A:58T	single				phdr_ras:NS5A:58T	NS5A:58T	AL_4d	P/T58T	NS5A:58T:AL_4d:elbasvir	category_II	II	2	0		1	1	0	NS5A:58T:AL_4d	elbasvir	elbasvir	drug_resistance
NS5A	1	58	Y	REF_MASTER_NC_004102	NS5A:58Y	aminoAcidSimplePolymorphism	NS5A:28M+58Y	combination	NS5A:28M+58Y	2	2	phdr_ras:NS5A:28M+58Y	NS5A:28M+58Y	AL_4a	L/M28M+P58Y	NS5A:28M+58Y:AL_4a:elbasvir	category_II	II	2	0		1	1	0	NS5A:28M+58Y:AL_4a	elbasvir	elbasvir	drug_resistance
NS5A	1	58	Y	REF_MASTER_NC_004102	NS5A:58Y	aminoAcidSimplePolymorphism	NS5A:58Y	single				phdr_ras:NS5A:58Y	NS5A:58Y															drug_resistance
NS5A	1	62	A	REF_MASTER_NC_004102	NS5A:62A	aminoAcidSimplePolymorphism	NS5A:62A	single				phdr_ras:NS5A:62A	NS5A:62A	AL_1a	E62A	NS5A:62A:AL_1a:pibrentasvir	category_II	II	2	0		1	1	0	NS5A:62A:AL_1a	pibrentasvir	pibrentasvir	drug_resistance
NS5A	1	62	A	REF_MASTER_NC_004102	NS5A:62A	aminoAcidSimplePolymorphism	NS5A:62A+93H	combination	NS5A:62A+93H	2	1	phdr_ras:NS5A:62A+93H	NS5A:62A+93H	AL_3a	S/T62A+Y93H	NS5A:62A+93H:AL_3a:daclatasvir	category_II	II	2	1	2783	0			NS5A:62A+93H:AL_3a	daclatasvir	daclatasvir	drug_resistance
NS5A	1	62	D	REF_MASTER_NC_004102	NS5A:62D	aminoAcidSimplePolymorphism	NS5A:30R+62D	combination	NS5A:30R+62D	2	2	phdr_ras:NS5A:30R+62D	NS5A:30R+62D	AL_1a	Q30R+E62D	NS5A:30R+62D:AL_1a:daclatasvir	category_II	II	2	1	10928	0			NS5A:30R+62D:AL_1a	daclatasvir	daclatasvir	drug_resistance
NS5A	1	62	D	REF_MASTER_NC_004102	NS5A:62D	aminoAcidSimplePolymorphism	NS5A:62D	single				phdr_ras:NS5A:62D	NS5A:62D															drug_resistance
NS5A	1	62	D	REF_MASTER_NC_004102	NS5A:62D	aminoAcidSimplePolymorphism	NS5A:62D+93H	combination	NS5A:62D+93H	2	1	phdr_ras:NS5A:62D+93H	NS5A:62D+93H	AL_2a	N62D+Y93H	NS5A:62D+93H:AL_2a:daclatasvir	category_II	II	2	1	539.5	0			NS5A:62D+93H:AL_2a	daclatasvir	daclatasvir	drug_resistance
NS5A	1	62	D	REF_MASTER_NC_004102	NS5A:62D	aminoAcidSimplePolymorphism	NS5A:62D+93H	combination	NS5A:62D+93H	2	1	phdr_ras:NS5A:62D+93H	NS5A:62D+93H	AL_2a	N62D+Y93H	NS5A:62D+93H:AL_2a:elbasvir	category_III	III	3	1	41.5	0			NS5A:62D+93H:AL_2a	elbasvir	elbasvir	drug_resistance
NS5A	1	62	D	REF_MASTER_NC_004102	NS5A:62D	aminoAcidSimplePolymorphism	NS5A:62D+93H	combination	NS5A:62D+93H	2	1	phdr_ras:NS5A:62D+93H	NS5A:62D+93H	AL_2a	N62D+Y93H	NS5A:62D+93H:AL_2a:velpatasvir	category_II	II	2	1	999	0			NS5A:62D+93H:AL_2a	velpatasvir	velpatasvir	drug_resistance
NS5A	1	62	E	REF_MASTER_NC_004102	NS5A:62E	aminoAcidSimplePolymorphism	NS5A:31M+54H+62E	combination	NS5A:31M+54H+62E	3	3	phdr_ras:NS5A:31M+54H+62E	NS5A:31M+54H+62E	AL_1b	L31M+H/Q54H+Q62E	NS5A:31M+54H+62E:AL_1b:ledipasvir	category_II	II	2	0		1	1	0	NS5A:31M+54H+62E:AL_1b	ledipasvir	ledipasvir	drug_resistance
NS5A	1	62	E	REF_MASTER_NC_004102	NS5A:62E	aminoAcidSimplePolymorphism	NS5A:54H+58A+62E+93H	combination	NS5A:54H+58A+62E+93H	4	3	phdr_ras:NS5A:54H+58A+62E+93H	NS5A:54H+58A+62E+93H	AL_1b	H/Q54H+P58A+Q62E+Y93H	NS5A:54H+58A+62E+93H:AL_1b:ledipasvir	category_II	II	2	0		1	1	0	NS5A:54H+58A+62E+93H:AL_1b	ledipasvir	ledipasvir	drug_resistance
NS5A	1	62	E	REF_MASTER_NC_004102	NS5A:62E	aminoAcidSimplePolymorphism	NS5A:62E	single				phdr_ras:NS5A:62E	NS5A:62E															drug_resistance
NS5A	1	62	L	REF_MASTER_NC_004102	NS5A:62L	aminoAcidSimplePolymorphism	NS5A:62L	single				phdr_ras:NS5A:62L	NS5A:62L	AL_3a	S/T62L	NS5A:62L:AL_3a:daclatasvir	insignificant	-	4	1	2	0			NS5A:62L:AL_3a	daclatasvir	daclatasvir	drug_resistance
NS5A	1	62	Q	REF_MASTER_NC_004102	NS5A:62Q	aminoAcidSimplePolymorphism	NS5A:30E+62Q	combination	NS5A:30E+62Q	2	2	phdr_ras:NS5A:30E+62Q	NS5A:30E+62Q	AL_1a	Q30E+E62Q	NS5A:30E+62Q:AL_1a:daclatasvir	category_II	II	2	0		1	0	1	NS5A:30E+62Q:AL_1a	daclatasvir	daclatasvir	drug_resistance
NS5A	1	62	Q	REF_MASTER_NC_004102	NS5A:62Q	aminoAcidSimplePolymorphism	NS5A:62Q	single				phdr_ras:NS5A:62Q	NS5A:62Q															drug_resistance
NS5A	1	62	T	REF_MASTER_NC_004102	NS5A:62T	aminoAcidSimplePolymorphism	NS5A:58S+62T+93H	combination	NS5A:58S+62T+93H	3	2	phdr_ras:NS5A:58S+62T+93H	NS5A:58S+62T+93H	AL_3	P58S+S/T62T+Y93H	NS5A:58S+62T+93H:AL_3:elbasvir	category_II	II	2	0		1	1	0	NS5A:58S+62T+93H:AL_3	elbasvir	elbasvir	drug_resistance
NS5A	1	62	T	REF_MASTER_NC_004102	NS5A:62T	aminoAcidSimplePolymorphism	NS5A:62T	single				phdr_ras:NS5A:62T	NS5A:62T															drug_resistance
NS5A	1	62	T	REF_MASTER_NC_004102	NS5A:62T	aminoAcidSimplePolymorphism	NS5A:62T+93H	combination	NS5A:62T+93H	2	1	phdr_ras:NS5A:62T+93H	NS5A:62T+93H	AL_3a	S/T62T+Y93H	NS5A:62T+93H:AL_3a:daclatasvir	category_II	II	2	1	2606	0			NS5A:62T+93H:AL_3a	daclatasvir	daclatasvir	drug_resistance
NS5A	1	68	R	REF_MASTER_NC_004102	NS5A:68R	aminoAcidSimplePolymorphism	NS5A:28T+68R	combination	NS5A:28T+68R	2	2	phdr_ras:NS5A:28T+68R	NS5A:28T+68R	AL_1a	M28T+K68R	NS5A:28T+68R:AL_1a:daclatasvir	category_II	II	2	1	7229	0			NS5A:28T+68R:AL_1a	daclatasvir	daclatasvir	drug_resistance
NS5A	1	68	R	REF_MASTER_NC_004102	NS5A:68R	aminoAcidSimplePolymorphism	NS5A:30H+68R	combination	NS5A:30H+68R	2	2	phdr_ras:NS5A:30H+68R	NS5A:30H+68R	AL_1a	Q30H+K68R	NS5A:30H+68R:AL_1a:daclatasvir	category_II	II	2	1	1155.5	0			NS5A:30H+68R:AL_1a	daclatasvir	daclatasvir	drug_resistance
NS5A	1	68	R	REF_MASTER_NC_004102	NS5A:68R	aminoAcidSimplePolymorphism	NS5A:68R	single				phdr_ras:NS5A:68R	NS5A:68R															drug_resistance
NS5A	1	75	A	REF_MASTER_NC_004102	NS5A:75A	aminoAcidSimplePolymorphism	NS5A:30R+75A	combination	NS5A:30R+75A	2	2	phdr_ras:NS5A:30R+75A	NS5A:30R+75A	AL_1a	Q30R+V75A	NS5A:30R+75A:AL_1a:daclatasvir	category_II	II	2	1	850	0			NS5A:30R+75A:AL_1a	daclatasvir	daclatasvir	drug_resistance
NS5A	1	75	A	REF_MASTER_NC_004102	NS5A:75A	aminoAcidSimplePolymorphism	NS5A:75A	single				phdr_ras:NS5A:75A	NS5A:75A															drug_resistance
NS5A	1	8	A	REF_MASTER_NC_004102	NS5A:8A	aminoAcidSimplePolymorphism	NS5A:8A	single				phdr_ras:NS5A:8A	NS5A:8A															drug_resistance
NS5A	1	8	A	REF_MASTER_NC_004102	NS5A:8A	aminoAcidSimplePolymorphism	NS5A:8A+30H	combination	NS5A:8A+30H	2	1	phdr_ras:NS5A:8A+30H	NS5A:8A+30H	AL_4a	V8A+L30H	NS5A:8A+30H:AL_4a:daclatasvir	category_II	II	2	1	539.5	0			NS5A:8A+30H:AL_4a	daclatasvir	daclatasvir	drug_resistance
NS5A	1	8	A	REF_MASTER_NC_004102	NS5A:8A	aminoAcidSimplePolymorphism	NS5A:8A+58L	combination	NS5A:8A+58L	2	1	phdr_ras:NS5A:8A+58L	NS5A:8A+58L	AL_4a	V8A+P58L	NS5A:8A+58L:AL_4a:daclatasvir	category_III	III	3	1	41.5	0			NS5A:8A+58L:AL_4a	daclatasvir	daclatasvir	drug_resistance
NS5A	1	8	A	REF_MASTER_NC_004102	NS5A:8A	aminoAcidSimplePolymorphism	NS5A:8A+58L	combination	NS5A:8A+58L	2	1	phdr_ras:NS5A:8A+58L	NS5A:8A+58L	AL_4a	V8A+P58L	NS5A:8A+58L:AL_4a:elbasvir	category_III	III	3	1	41.5	0			NS5A:8A+58L:AL_4a	elbasvir	elbasvir	drug_resistance
NS5A	1	81	M	REF_MASTER_NC_004102	NS5A:81M	aminoAcidSimplePolymorphism	NS5A:24M+30R+81M	combination	NS5A:24M+30R+81M	3	3	phdr_ras:NS5A:24M+30R+81M	NS5A:24M+30R+81M	AL_1a	K24M+Q30R+R81M	NS5A:24M+30R+81M:AL_1a:elbasvir	category_II	II	2	1	69	0			NS5A:24M+30R+81M:AL_1a	elbasvir	elbasvir	drug_resistance
NS5A	1	81	M	REF_MASTER_NC_004102	NS5A:81M	aminoAcidSimplePolymorphism	NS5A:81M	single				phdr_ras:NS5A:81M	NS5A:81M															drug_resistance
NS5A	1	92	A	REF_MASTER_NC_004102	NS5A:92A	aminoAcidSimplePolymorphism	NS5A:92A	single				phdr_ras:NS5A:92A	NS5A:92A															drug_resistance
NS5A	1	92	A	REF_MASTER_NC_004102	NS5A:92A	aminoAcidSimplePolymorphism	NS5A:92A+93H	combination	NS5A:92A+93H	2	1	phdr_ras:NS5A:92A+93H	NS5A:92A+93H	AL_3a	E92A+Y93H	NS5A:92A+93H:AL_3a:daclatasvir	category_II	II	2	1	292	0			NS5A:92A+93H:AL_3a	daclatasvir	daclatasvir	drug_resistance
NS5A	1	92	E	REF_MASTER_NC_004102	NS5A:92E	aminoAcidSimplePolymorphism	NS5A:31F+92E	combination	NS5A:31F+92E	2	2	phdr_ras:NS5A:31F+92E	NS5A:31F+92E	AL_1b	L31F+A92E	NS5A:31F+92E:AL_1b:ombitasvir	category_II	II	2	1	1022	0			NS5A:31F+92E:AL_1b	ombitasvir	ombitasvir	drug_resistance
NS5A	1	92	E	REF_MASTER_NC_004102	NS5A:92E	aminoAcidSimplePolymorphism	NS5A:92E	single				phdr_ras:NS5A:92E	NS5A:92E	AL_1b	A92E	NS5A:92E:AL_1b:ledipasvir	insignificant	-	4	1	0.3	0			NS5A:92E:AL_1b	ledipasvir	ledipasvir	drug_resistance
NS5A	1	92	E	REF_MASTER_NC_004102	NS5A:92E	aminoAcidSimplePolymorphism	NS5A:92E+93H	combination	NS5A:92E+93H	2	1	phdr_ras:NS5A:92E+93H	NS5A:92E+93H	AL_1b	A92E+Y93H	NS5A:92E+93H:AL_1b:ombitasvir	category_II	II	2	0		1	1	0	NS5A:92E+93H:AL_1b	ombitasvir	ombitasvir	drug_resistance
NS5A	1	92	K	REF_MASTER_NC_004102	NS5A:92K	aminoAcidSimplePolymorphism	NS5A:28M+30Q+92K	combination	NS5A:28M+30Q+92K	3	3	phdr_ras:NS5A:28M+30Q+92K	NS5A:28M+30Q+92K	AL_1b	L28M+R30Q+A92K	NS5A:28M+30Q+92K:AL_1b:daclatasvir	category_II	II	2	0		1	0	1	NS5A:28M+30Q+92K:AL_1b	daclatasvir	daclatasvir	drug_resistance
NS5A	1	92	K	REF_MASTER_NC_004102	NS5A:92K	aminoAcidSimplePolymorphism	NS5A:31I+54H+92K	combination	NS5A:31I+54H+92K	3	3	phdr_ras:NS5A:31I+54H+92K	NS5A:31I+54H+92K	AL_1b	L31I+H/Q54H+A92K	NS5A:31I+54H+92K:AL_1b:daclatasvir	category_II	II	2	0		1	0	1	NS5A:31I+54H+92K:AL_1b	daclatasvir	daclatasvir	drug_resistance
NS5A	1	92	K	REF_MASTER_NC_004102	NS5A:92K	aminoAcidSimplePolymorphism	NS5A:31I+92K	combination	NS5A:31I+92K	2	2	phdr_ras:NS5A:31I+92K	NS5A:31I+92K	AL_1b	L31I+A92K	NS5A:31I+92K:AL_1b:daclatasvir	category_II	II	2	0		1	0	1	NS5A:31I+92K:AL_1b	daclatasvir	daclatasvir	drug_resistance
NS5A	1	92	K	REF_MASTER_NC_004102	NS5A:92K	aminoAcidSimplePolymorphism	NS5A:92K	single				phdr_ras:NS5A:92K	NS5A:92K	AL_1a	A92K	NS5A:92K:AL_1a:ledipasvir	category_II	II	2	1	8333	0			NS5A:92K:AL_1a	ledipasvir	ledipasvir	drug_resistance
NS5A	1	92	K	REF_MASTER_NC_004102	NS5A:92K	aminoAcidSimplePolymorphism	NS5A:92K	single				phdr_ras:NS5A:92K	NS5A:92K	AL_1b	A92K	NS5A:92K:AL_1b:daclatasvir	category_II	II	2	0		1	0	1	NS5A:92K:AL_1b	daclatasvir	daclatasvir	drug_resistance
NS5A	1	92	K	REF_MASTER_NC_004102	NS5A:92K	aminoAcidSimplePolymorphism	NS5A:92K	single				phdr_ras:NS5A:92K	NS5A:92K	AL_1b	A92K	NS5A:92K:AL_1b:ledipasvir	category_II	II	2	1	10000	0			NS5A:92K:AL_1b	ledipasvir	ledipasvir	drug_resistance
NS5A	1	92	M	REF_MASTER_NC_004102	NS5A:92M	aminoAcidSimplePolymorphism	NS5A:92M	single				phdr_ras:NS5A:92M	NS5A:92M															drug_resistance
NS5A	1	92	M	REF_MASTER_NC_004102	NS5A:92M	aminoAcidSimplePolymorphism	NS5A:92M+93H	combination	NS5A:92M+93H	2	1	phdr_ras:NS5A:92M+93H	NS5A:92M+93H	AL_1b	A92M+Y93H	NS5A:92M+93H:AL_1b:ombitasvir	category_II	II	2	0		1	1	0	NS5A:92M+93H:AL_1b	ombitasvir	ombitasvir	drug_resistance
NS5A	1	92	R	REF_MASTER_NC_004102	NS5A:92R	aminoAcidSimplePolymorphism	NS5A:30E+92R	combination	NS5A:30E+92R	2	2	phdr_ras:NS5A:30E+92R	NS5A:30E+92R	AL_2a	K30E+C92R	NS5A:30E+92R:AL_2a:daclatasvir	category_II	II	2	1	440	0			NS5A:30E+92R:AL_2a	daclatasvir	daclatasvir	drug_resistance
NS5A	1	92	R	REF_MASTER_NC_004102	NS5A:92R	aminoAcidSimplePolymorphism	NS5A:30Q+92R	combination	NS5A:30Q+92R	2	2	phdr_ras:NS5A:30Q+92R	NS5A:30Q+92R	AL_2a	K30Q+C92R	NS5A:30Q+92R:AL_2a:daclatasvir	insignificant	-	4	1	0.4	0			NS5A:30Q+92R:AL_2a	daclatasvir	daclatasvir	drug_resistance
NS5A	1	92	R	REF_MASTER_NC_004102	NS5A:92R	aminoAcidSimplePolymorphism	NS5A:92R	single				phdr_ras:NS5A:92R	NS5A:92R	AL_2a	C92R	NS5A:92R:AL_2a:daclatasvir	category_II	II	2	1	115.5	0			NS5A:92R:AL_2a	daclatasvir	daclatasvir	drug_resistance
NS5A	1	92	R	REF_MASTER_NC_004102	NS5A:92R	aminoAcidSimplePolymorphism	NS5A:92R	single				phdr_ras:NS5A:92R	NS5A:92R	AL_2b	C92R	NS5A:92R:AL_2b:daclatasvir	category_III	III	3	1	41.5	0			NS5A:92R:AL_2b	daclatasvir	daclatasvir	drug_resistance
NS5A	1	92	S	REF_MASTER_NC_004102	NS5A:92S	aminoAcidSimplePolymorphism	NS5A:24S+92S	combination	NS5A:24S+92S	2	2	phdr_ras:NS5A:24S+92S	NS5A:24S+92S	AL_2b	S24S+C92S	NS5A:24S+92S:AL_2b:daclatasvir	category_II	II	2	0		1	0	1	NS5A:24S+92S:AL_2b	daclatasvir	daclatasvir	drug_resistance
NS5A	1	92	S	REF_MASTER_NC_004102	NS5A:92S	aminoAcidSimplePolymorphism	NS5A:28L+31M+92S	combination	NS5A:28L+31M+92S	3	3	phdr_ras:NS5A:28L+31M+92S	NS5A:28L+31M+92S	AL_2b	L28L+L/M31M+C92S	NS5A:28L+31M+92S:AL_2b:daclatasvir	category_II	II	2	1	9300	0			NS5A:28L+31M+92S:AL_2b	daclatasvir	daclatasvir	drug_resistance
NS5A	1	92	S	REF_MASTER_NC_004102	NS5A:92S	aminoAcidSimplePolymorphism	NS5A:92S	single				phdr_ras:NS5A:92S	NS5A:92S	AL_2a	C92S	NS5A:92S:AL_2a:daclatasvir	category_III	III	3	1	41.5	0			NS5A:92S:AL_2a	daclatasvir	daclatasvir	drug_resistance
NS5A	1	92	T	REF_MASTER_NC_004102	NS5A:92T	aminoAcidSimplePolymorphism	NS5A:24K+28M+30H+92T	combination	NS5A:24K+28M+30H+92T	4	4	phdr_ras:NS5A:24K+28M+30H+92T	NS5A:24K+28M+30H+92T	AL_1b	Q24K+L28M+R30H+A92T	NS5A:24K+28M+30H+92T:AL_1b:daclatasvir	category_II	II	2	0		1	1	0	NS5A:24K+28M+30H+92T:AL_1b	daclatasvir	daclatasvir	drug_resistance
NS5A	1	92	T	REF_MASTER_NC_004102	NS5A:92T	aminoAcidSimplePolymorphism	NS5A:24K+28M+30Q+92T	combination	NS5A:24K+28M+30Q+92T	4	4	phdr_ras:NS5A:24K+28M+30Q+92T	NS5A:24K+28M+30Q+92T	AL_1b	Q24K+L28M+R30Q+A92T	NS5A:24K+28M+30Q+92T:AL_1b:daclatasvir	category_II	II	2	0		1	1	0	NS5A:24K+28M+30Q+92T:AL_1b	daclatasvir	daclatasvir	drug_resistance
NS5A	1	92	T	REF_MASTER_NC_004102	NS5A:92T	aminoAcidSimplePolymorphism	NS5A:24K+28M+92T	combination	NS5A:24K+28M+92T	3	3	phdr_ras:NS5A:24K+28M+92T	NS5A:24K+28M+92T	AL_1b	Q24K+L28M+A92T	NS5A:24K+28M+92T:AL_1b:daclatasvir	category_II	II	2	0		1	1	0	NS5A:24K+28M+92T:AL_1b	daclatasvir	daclatasvir	drug_resistance
NS5A	1	92	T	REF_MASTER_NC_004102	NS5A:92T	aminoAcidSimplePolymorphism	NS5A:24K+28V+92T	combination	NS5A:24K+28V+92T	3	3	phdr_ras:NS5A:24K+28V+92T	NS5A:24K+28V+92T	AL_1b	Q24K+L28V+A92T	NS5A:24K+28V+92T:AL_1b:daclatasvir	category_II	II	2	0		1	1	0	NS5A:24K+28V+92T:AL_1b	daclatasvir	daclatasvir	drug_resistance
NS5A	1	92	T	REF_MASTER_NC_004102	NS5A:92T	aminoAcidSimplePolymorphism	NS5A:31I+54H+92T	combination	NS5A:31I+54H+92T	3	3	phdr_ras:NS5A:31I+54H+92T	NS5A:31I+54H+92T	AL_1b	L31I+H/Q54H+A92T	NS5A:31I+54H+92T:AL_1b:daclatasvir	category_II	II	2	0		1	0	1	NS5A:31I+54H+92T:AL_1b	daclatasvir	daclatasvir	drug_resistance
NS5A	1	92	T	REF_MASTER_NC_004102	NS5A:92T	aminoAcidSimplePolymorphism	NS5A:37L+54L+92T	combination	NS5A:37L+54L+92T	3	3	phdr_ras:NS5A:37L+54L+92T	NS5A:37L+54L+92T	AL_1b	F/L37L+H/Q54L+A92T	NS5A:37L+54L+92T:AL_1b:daclatasvir	category_II	II	2	0		1	1	0	NS5A:37L+54L+92T:AL_1b	daclatasvir	daclatasvir	drug_resistance
NS5A	1	92	T	REF_MASTER_NC_004102	NS5A:92T	aminoAcidSimplePolymorphism	NS5A:92T	single				phdr_ras:NS5A:92T	NS5A:92T	AL_1a	A92T	NS5A:92T:AL_1a:ledipasvir	category_III	III	3	1	15.2	0			NS5A:92T:AL_1a	ledipasvir	ledipasvir	drug_resistance
NS5A	1	92	T	REF_MASTER_NC_004102	NS5A:92T	aminoAcidSimplePolymorphism	NS5A:92T+93H	combination	NS5A:92T+93H	2	1	phdr_ras:NS5A:92T+93H	NS5A:92T+93H	AL_1b	A92T+Y93H	NS5A:92T+93H:AL_1b:ombitasvir	category_II	II	2	0		1	1	0	NS5A:92T+93H:AL_1b	ombitasvir	ombitasvir	drug_resistance
NS5A	1	92	V	REF_MASTER_NC_004102	NS5A:92V	aminoAcidSimplePolymorphism	NS5A:92V	single				phdr_ras:NS5A:92V	NS5A:92V															drug_resistance
NS5A	1	92	V	REF_MASTER_NC_004102	NS5A:92V	aminoAcidSimplePolymorphism	NS5A:92V+93H	combination	NS5A:92V+93H	2	1	phdr_ras:NS5A:92V+93H	NS5A:92V+93H	AL_1b	A92V+Y93H	NS5A:92V+93H:AL_1b:ombitasvir	category_II	II	2	0		1	1	0	NS5A:92V+93H:AL_1b	ombitasvir	ombitasvir	drug_resistance
NS5A	1	93	C	REF_MASTER_NC_004102	NS5A:93C	aminoAcidSimplePolymorphism	NS5A:28T+93C	combination	NS5A:28T+93C	2	2	phdr_ras:NS5A:28T+93C	NS5A:28T+93C	AL_1a	M28T+Y93C	NS5A:28T+93C:AL_1a:pibrentasvir	insignificant	-	4	1	3.1	0			NS5A:28T+93C:AL_1a	pibrentasvir	pibrentasvir	drug_resistance
NS5A	1	93	C	REF_MASTER_NC_004102	NS5A:93C	aminoAcidSimplePolymorphism	NS5A:30E+93C	combination	NS5A:30E+93C	2	2	phdr_ras:NS5A:30E+93C	NS5A:30E+93C	AL_1a	Q30E+Y93C	NS5A:30E+93C:AL_1a:ledipasvir	category_II	II	2	0		1	0	1	NS5A:30E+93C:AL_1a	ledipasvir	ledipasvir	drug_resistance
NS5A	1	93	C	REF_MASTER_NC_004102	NS5A:93C	aminoAcidSimplePolymorphism	NS5A:30R+31M+93C	combination	NS5A:30R+31M+93C	3	3	phdr_ras:NS5A:30R+31M+93C	NS5A:30R+31M+93C	AL_1a	Q30R+L31M+Y93C	NS5A:30R+31M+93C:AL_1a:pibrentasvir	category_III	III	3	1	42	0			NS5A:30R+31M+93C:AL_1a	pibrentasvir	pibrentasvir	drug_resistance
NS5A	1	93	C	REF_MASTER_NC_004102	NS5A:93C	aminoAcidSimplePolymorphism	NS5A:30R+93C	combination	NS5A:30R+93C	2	2	phdr_ras:NS5A:30R+93C	NS5A:30R+93C	AL_1a	Q30R+Y93C	NS5A:30R+93C:AL_1a:ledipasvir	category_II	II	2	0		1	0	1	NS5A:30R+93C:AL_1a	ledipasvir	ledipasvir	drug_resistance
NS5A	1	93	C	REF_MASTER_NC_004102	NS5A:93C	aminoAcidSimplePolymorphism	NS5A:30R+93C	combination	NS5A:30R+93C	2	2	phdr_ras:NS5A:30R+93C	NS5A:30R+93C	AL_1a	Q30R+Y93C	NS5A:30R+93C:AL_1a:pibrentasvir	insignificant	-	4	1	3.8	0			NS5A:30R+93C:AL_1a	pibrentasvir	pibrentasvir	drug_resistance
NS5A	1	93	C	REF_MASTER_NC_004102	NS5A:93C	aminoAcidSimplePolymorphism	NS5A:31M+58D+93C	combination	NS5A:31M+58D+93C	3	3	phdr_ras:NS5A:31M+58D+93C	NS5A:31M+58D+93C															drug_resistance
NS5A	1	93	C	REF_MASTER_NC_004102	NS5A:93C	aminoAcidSimplePolymorphism	NS5A:31M+93C	combination	NS5A:31M+93C	2	2	phdr_ras:NS5A:31M+93C	NS5A:31M+93C	AL_1a	L31M+Y93C	NS5A:31M+93C:AL_1a:daclatasvir	category_II	II	2	0		1	0	1	NS5A:31M+93C:AL_1a	daclatasvir	daclatasvir	drug_resistance
NS5A	1	93	C	REF_MASTER_NC_004102	NS5A:93C	aminoAcidSimplePolymorphism	NS5A:31M+93C	combination	NS5A:31M+93C	2	2	phdr_ras:NS5A:31M+93C	NS5A:31M+93C	AL_1a	L31M+Y93C	NS5A:31M+93C:AL_1a:pibrentasvir	category_III	III	3	1	6.1	0			NS5A:31M+93C:AL_1a	pibrentasvir	pibrentasvir	drug_resistance
NS5A	1	93	C	REF_MASTER_NC_004102	NS5A:93C	aminoAcidSimplePolymorphism	NS5A:31M+93C	combination	NS5A:31M+93C	2	2	phdr_ras:NS5A:31M+93C	NS5A:31M+93C	AL_1b	L31M+Y93C	NS5A:31M+93C:AL_1b:daclatasvir	category_II	II	2	0		1	0	1	NS5A:31M+93C:AL_1b	daclatasvir	daclatasvir	drug_resistance
NS5A	1	93	C	REF_MASTER_NC_004102	NS5A:93C	aminoAcidSimplePolymorphism	NS5A:58D+93C	combination	NS5A:58D+93C	2	2	phdr_ras:NS5A:58D+93C	NS5A:58D+93C	AL_1a	H58D+Y93C	NS5A:58D+93C:AL_1a:velpatasvir	category_II	II	2	0		1	0	1	NS5A:58D+93C:AL_1a	velpatasvir	velpatasvir	drug_resistance
NS5A	1	93	C	REF_MASTER_NC_004102	NS5A:93C	aminoAcidSimplePolymorphism	NS5A:93C	single				phdr_ras:NS5A:93C	NS5A:93C	AL_1a	Y93C	NS5A:93C:AL_1a:daclatasvir	category_I	I	1	1	1864	1	0	1	NS5A:93C:AL_1a	daclatasvir	daclatasvir	drug_resistance
NS5A	1	93	C	REF_MASTER_NC_004102	NS5A:93C	aminoAcidSimplePolymorphism	NS5A:93C	single				phdr_ras:NS5A:93C	NS5A:93C	AL_1a	Y93C	NS5A:93C:AL_1a:elbasvir	category_II	II	2	1	1000	0			NS5A:93C:AL_1a	elbasvir	elbasvir	drug_resistance
NS5A	1	93	C	REF_MASTER_NC_004102	NS5A:93C	aminoAcidSimplePolymorphism	NS5A:93C	single				phdr_ras:NS5A:93C	NS5A:93C	AL_1a	Y93C	NS5A:93C:AL_1a:ledipasvir	category_I	I	1	1	1601.5	1	1	1	NS5A:93C:AL_1a	ledipasvir	ledipasvir	drug_resistance
NS5A	1	93	C	REF_MASTER_NC_004102	NS5A:93C	aminoAcidSimplePolymorphism	NS5A:93C	single				phdr_ras:NS5A:93C	NS5A:93C	AL_1a	Y93C	NS5A:93C:AL_1a:ombitasvir	category_II	II	2	1	1675	0			NS5A:93C:AL_1a	ombitasvir	ombitasvir	drug_resistance
NS5A	1	93	C	REF_MASTER_NC_004102	NS5A:93C	aminoAcidSimplePolymorphism	NS5A:93C	single				phdr_ras:NS5A:93C	NS5A:93C	AL_1a	Y93C	NS5A:93C:AL_1a:velpatasvir	category_II	II	2	1	999	0			NS5A:93C:AL_1a	velpatasvir	velpatasvir	drug_resistance
NS5A	1	93	C	REF_MASTER_NC_004102	NS5A:93C	aminoAcidSimplePolymorphism	NS5A:93C	single				phdr_ras:NS5A:93C	NS5A:93C	AL_1b	Y93C	NS5A:93C:AL_1b:ledipasvir	category_III	III	3	1	5.3	0			NS5A:93C:AL_1b	ledipasvir	ledipasvir	drug_resistance
NS5A	1	93	C	REF_MASTER_NC_004102	NS5A:93C	aminoAcidSimplePolymorphism	NS5A:93C	single				phdr_ras:NS5A:93C	NS5A:93C	AL_1b	Y93C	NS5A:93C:AL_1b:ombitasvir	category_II	II	2	0		1	0	1	NS5A:93C:AL_1b	ombitasvir	ombitasvir	drug_resistance
NS5A	1	93	C	REF_MASTER_NC_004102	NS5A:93C	aminoAcidSimplePolymorphism	NS5A:93C	single				phdr_ras:NS5A:93C	NS5A:93C	AL_4	Y93C	NS5A:93C:AL_4:daclatasvir	category_II	II	2	0		1	0	1	NS5A:93C:AL_4	daclatasvir	daclatasvir	drug_resistance
NS5A	1	93	C	REF_MASTER_NC_004102	NS5A:93C	aminoAcidSimplePolymorphism	NS5A:93C	single				phdr_ras:NS5A:93C	NS5A:93C	AL_4	Y93C	NS5A:93C:AL_4:ledipasvir	category_II	II	2	0		1	0	1	NS5A:93C:AL_4	ledipasvir	ledipasvir	drug_resistance
NS5A	1	93	C	REF_MASTER_NC_004102	NS5A:93C	aminoAcidSimplePolymorphism	NS5A:93C	single				phdr_ras:NS5A:93C	NS5A:93C	AL_4	Y93C	NS5A:93C:AL_4:ombitasvir	category_II	II	2	0		1	1	0	NS5A:93C:AL_4	ombitasvir	ombitasvir	drug_resistance
NS5A	1	93	C	REF_MASTER_NC_004102	NS5A:93C	aminoAcidSimplePolymorphism	NS5A:93C	single				phdr_ras:NS5A:93C	NS5A:93C	AL_4g	H/R/Y93C	NS5A:93C:AL_4g:elbasvir	category_II	II	2	0		1	0	1	NS5A:93C:AL_4g	elbasvir	elbasvir	drug_resistance
NS5A	1	93	F	REF_MASTER_NC_004102	NS5A:93F	aminoAcidSimplePolymorphism	NS5A:93F	single				phdr_ras:NS5A:93F	NS5A:93F	AL_1a	Y93F	NS5A:93F:AL_1a:ledipasvir	category_I	I	1	1	7.1	1	1	0	NS5A:93F:AL_1a	ledipasvir	ledipasvir	drug_resistance
NS5A	1	93	F	REF_MASTER_NC_004102	NS5A:93F	aminoAcidSimplePolymorphism	NS5A:93F	single				phdr_ras:NS5A:93F	NS5A:93F	AL_1a	Y93F	NS5A:93F:AL_1a:velpatasvir	insignificant	-	4	1	2.5	0			NS5A:93F:AL_1a	velpatasvir	velpatasvir	drug_resistance
NS5A	1	93	H	REF_MASTER_NC_004102	NS5A:93H	aminoAcidSimplePolymorphism	NS5A:23F+93H	combination	NS5A:23F+93H	2	2	phdr_ras:NS5A:23F+93H	NS5A:23F+93H	AL_1b	L23F+Y93H	NS5A:23F+93H:AL_1b:daclatasvir	category_II	II	2	1	80	0			NS5A:23F+93H:AL_1b	daclatasvir	daclatasvir	drug_resistance
NS5A	1	93	H	REF_MASTER_NC_004102	NS5A:93H	aminoAcidSimplePolymorphism	NS5A:24F+93H	combination	NS5A:24F+93H	2	2	phdr_ras:NS5A:24F+93H	NS5A:24F+93H	AL_2b	S24F+Y93H	NS5A:24F+93H:AL_2b:daclatasvir	category_II	II	2	1	539.5	0			NS5A:24F+93H:AL_2b	daclatasvir	daclatasvir	drug_resistance
NS5A	1	93	H	REF_MASTER_NC_004102	NS5A:93H	aminoAcidSimplePolymorphism	NS5A:24F+93H	combination	NS5A:24F+93H	2	2	phdr_ras:NS5A:24F+93H	NS5A:24F+93H	AL_2b	S24F+Y93H	NS5A:24F+93H:AL_2b:elbasvir	category_II	II	2	1	539.5	0			NS5A:24F+93H:AL_2b	elbasvir	elbasvir	drug_resistance
NS5A	1	93	H	REF_MASTER_NC_004102	NS5A:93H	aminoAcidSimplePolymorphism	NS5A:24F+93H	combination	NS5A:24F+93H	2	2	phdr_ras:NS5A:24F+93H	NS5A:24F+93H	AL_2b	S24F+Y93H	NS5A:24F+93H:AL_2b:velpatasvir	category_II	II	2	1	999	0			NS5A:24F+93H:AL_2b	velpatasvir	velpatasvir	drug_resistance
NS5A	1	93	H	REF_MASTER_NC_004102	NS5A:93H	aminoAcidSimplePolymorphism	NS5A:24Q+93H	combination	NS5A:24Q+93H	2	2	phdr_ras:NS5A:24Q+93H	NS5A:24Q+93H	AL_1a	K24Q+Y93H	NS5A:24Q+93H:AL_1a:pibrentasvir	category_II	II	2	0		1	1	0	NS5A:24Q+93H:AL_1a	pibrentasvir	pibrentasvir	drug_resistance
NS5A	1	93	H	REF_MASTER_NC_004102	NS5A:93H	aminoAcidSimplePolymorphism	NS5A:24R+30K+93H	combination	NS5A:24R+30K+93H	3	3	phdr_ras:NS5A:24R+30K+93H	NS5A:24R+30K+93H															drug_resistance
NS5A	1	93	H	REF_MASTER_NC_004102	NS5A:93H	aminoAcidSimplePolymorphism	NS5A:24R+30Q+31M+37L+93H	combination	NS5A:24R+30Q+31M+37L+93H	5	5	phdr_ras:NS5A:24R+30Q+31M+37L+93H	NS5A:24R+30Q+31M+37L+93H	AL_1b	Q24R+R30Q+L31M+F/L37L+Y93H	NS5A:24R+30Q+31M+37L+93H:AL_1b:daclatasvir	category_II	II	2	0		1	0	1	NS5A:24R+30Q+31M+37L+93H:AL_1b	daclatasvir	daclatasvir	drug_resistance
NS5A	1	93	H	REF_MASTER_NC_004102	NS5A:93H	aminoAcidSimplePolymorphism	NS5A:24R+93H	combination	NS5A:24R+93H	2	2	phdr_ras:NS5A:24R+93H	NS5A:24R+93H	AL_1a	K24R+Y93H	NS5A:24R+93H:AL_1a:ledipasvir	category_II	II	2	0		1	0	1	NS5A:24R+93H:AL_1a	ledipasvir	ledipasvir	drug_resistance
NS5A	1	93	H	REF_MASTER_NC_004102	NS5A:93H	aminoAcidSimplePolymorphism	NS5A:24S+31M+93H	combination	NS5A:24S+31M+93H	3	3	phdr_ras:NS5A:24S+31M+93H	NS5A:24S+31M+93H															drug_resistance
NS5A	1	93	H	REF_MASTER_NC_004102	NS5A:93H	aminoAcidSimplePolymorphism	NS5A:24T+93H	combination	NS5A:24T+93H	2	2	phdr_ras:NS5A:24T+93H	NS5A:24T+93H	AL_2b	S24T+Y93H	NS5A:24T+93H:AL_2b:daclatasvir	category_II	II	2	1	539.5	0			NS5A:24T+93H:AL_2b	daclatasvir	daclatasvir	drug_resistance
NS5A	1	93	H	REF_MASTER_NC_004102	NS5A:93H	aminoAcidSimplePolymorphism	NS5A:24T+93H	combination	NS5A:24T+93H	2	2	phdr_ras:NS5A:24T+93H	NS5A:24T+93H	AL_2b	S24T+Y93H	NS5A:24T+93H:AL_2b:elbasvir	category_II	II	2	1	539.5	0			NS5A:24T+93H:AL_2b	elbasvir	elbasvir	drug_resistance
NS5A	1	93	H	REF_MASTER_NC_004102	NS5A:93H	aminoAcidSimplePolymorphism	NS5A:24T+93H	combination	NS5A:24T+93H	2	2	phdr_ras:NS5A:24T+93H	NS5A:24T+93H	AL_2b	S24T+Y93H	NS5A:24T+93H:AL_2b:velpatasvir	category_II	II	2	1	999	0			NS5A:24T+93H:AL_2b	velpatasvir	velpatasvir	drug_resistance
NS5A	1	93	H	REF_MASTER_NC_004102	NS5A:93H	aminoAcidSimplePolymorphism	NS5A:28L+93H	combination	NS5A:28L+93H	2	2	phdr_ras:NS5A:28L+93H	NS5A:28L+93H	AL_2b	L28L+Y93H	NS5A:28L+93H:AL_2b:daclatasvir	category_II	II	2	1	1000	0			NS5A:28L+93H:AL_2b	daclatasvir	daclatasvir	drug_resistance
NS5A	1	93	H	REF_MASTER_NC_004102	NS5A:93H	aminoAcidSimplePolymorphism	NS5A:28M+30Q+93H	combination	NS5A:28M+30Q+93H	3	3	phdr_ras:NS5A:28M+30Q+93H	NS5A:28M+30Q+93H	AL_1b	L28M+R30Q+Y93H	NS5A:28M+30Q+93H:AL_1b:ombitasvir	category_I	I	1	1	981	1	1	0	NS5A:28M+30Q+93H:AL_1b	ombitasvir	ombitasvir	drug_resistance
NS5A	1	93	H	REF_MASTER_NC_004102	NS5A:93H	aminoAcidSimplePolymorphism	NS5A:28M+30R+31L+93H	combination	NS5A:28M+30R+31L+93H	4	4	phdr_ras:NS5A:28M+30R+31L+93H	NS5A:28M+30R+31L+93H	AL_4r	M/V28M+R30R+L/M31L+Y93H	NS5A:28M+30R+31L+93H:AL_4r:ledipasvir	category_II	II	2	0		1	0	1	NS5A:28M+30R+31L+93H:AL_4r	ledipasvir	ledipasvir	drug_resistance
NS5A	1	93	H	REF_MASTER_NC_004102	NS5A:93H	aminoAcidSimplePolymorphism	NS5A:28M+93H	combination	NS5A:28M+93H	2	2	phdr_ras:NS5A:28M+93H	NS5A:28M+93H	AL_1b	L28M+Y93H	NS5A:28M+93H:AL_1b:ombitasvir	category_II	II	2	1	415	0			NS5A:28M+93H:AL_1b	ombitasvir	ombitasvir	drug_resistance
NS5A	1	93	H	REF_MASTER_NC_004102	NS5A:93H	aminoAcidSimplePolymorphism	NS5A:28M+93H	combination	NS5A:28M+93H	2	2	phdr_ras:NS5A:28M+93H	NS5A:28M+93H	AL_4a	L/M28M+Y93H	NS5A:28M+93H:AL_4a:elbasvir	category_II	II	2	0		1	1	0	NS5A:28M+93H:AL_4a	elbasvir	elbasvir	drug_resistance
NS5A	1	93	H	REF_MASTER_NC_004102	NS5A:93H	aminoAcidSimplePolymorphism	NS5A:28M+93H	combination	NS5A:28M+93H	2	2	phdr_ras:NS5A:28M+93H	NS5A:28M+93H	AL_4a	L/M28M+Y93H	NS5A:28M+93H:AL_4a:ombitasvir	category_II	II	2	0		1	0	1	NS5A:28M+93H:AL_4a	ombitasvir	ombitasvir	drug_resistance
NS5A	1	93	H	REF_MASTER_NC_004102	NS5A:93H	aminoAcidSimplePolymorphism	NS5A:28S+93H	combination	NS5A:28S+93H	2	2	phdr_ras:NS5A:28S+93H	NS5A:28S+93H	AL_2a	F28S+Y93H	NS5A:28S+93H:AL_2a:daclatasvir	category_II	II	2	1	1000	0			NS5A:28S+93H:AL_2a	daclatasvir	daclatasvir	drug_resistance
NS5A	1	93	H	REF_MASTER_NC_004102	NS5A:93H	aminoAcidSimplePolymorphism	NS5A:28S+93H	combination	NS5A:28S+93H	2	2	phdr_ras:NS5A:28S+93H	NS5A:28S+93H	AL_2a	F28S+Y93H	NS5A:28S+93H:AL_2a:elbasvir	category_II	II	2	1	1000	0			NS5A:28S+93H:AL_2a	elbasvir	elbasvir	drug_resistance
NS5A	1	93	H	REF_MASTER_NC_004102	NS5A:93H	aminoAcidSimplePolymorphism	NS5A:28S+93H	combination	NS5A:28S+93H	2	2	phdr_ras:NS5A:28S+93H	NS5A:28S+93H	AL_2a	F28S+Y93H	NS5A:28S+93H:AL_2a:velpatasvir	category_II	II	2	1	999	0			NS5A:28S+93H:AL_2a	velpatasvir	velpatasvir	drug_resistance
NS5A	1	93	H	REF_MASTER_NC_004102	NS5A:93H	aminoAcidSimplePolymorphism	NS5A:28T+30H+93H	combination	NS5A:28T+30H+93H	3	3	phdr_ras:NS5A:28T+30H+93H	NS5A:28T+30H+93H	AL_1a	M28T+Q30H+Y93H	NS5A:28T+30H+93H:AL_1a:elbasvir	category_II	II	2	0		1	0	1	NS5A:28T+30H+93H:AL_1a	elbasvir	elbasvir	drug_resistance
NS5A	1	93	H	REF_MASTER_NC_004102	NS5A:93H	aminoAcidSimplePolymorphism	NS5A:28T+30R+31V+93H	combination	NS5A:28T+30R+31V+93H	4	4	phdr_ras:NS5A:28T+30R+31V+93H	NS5A:28T+30R+31V+93H	AL_1a	M28T+Q30R+L31V+Y93H	NS5A:28T+30R+31V+93H:AL_1a:elbasvir	category_II	II	2	1	714286	0			NS5A:28T+30R+31V+93H:AL_1a	elbasvir	elbasvir	drug_resistance
NS5A	1	93	H	REF_MASTER_NC_004102	NS5A:93H	aminoAcidSimplePolymorphism	NS5A:28T+93H	combination	NS5A:28T+93H	2	2	phdr_ras:NS5A:28T+93H	NS5A:28T+93H	AL_1b	L28T+Y93H	NS5A:28T+93H:AL_1b:daclatasvir	category_II	II	2	0		1	0	1	NS5A:28T+93H:AL_1b	daclatasvir	daclatasvir	drug_resistance
NS5A	1	93	H	REF_MASTER_NC_004102	NS5A:93H	aminoAcidSimplePolymorphism	NS5A:28V+30R+31M+93H	combination	NS5A:28V+30R+31M+93H	4	4	phdr_ras:NS5A:28V+30R+31M+93H	NS5A:28V+30R+31M+93H	AL_4r	M/V28V+R30R+L/M31M+Y93H	NS5A:28V+30R+31M+93H:AL_4r:ledipasvir	category_II	II	2	0		1	0	1	NS5A:28V+30R+31M+93H:AL_4r	ledipasvir	ledipasvir	drug_resistance
NS5A	1	93	H	REF_MASTER_NC_004102	NS5A:93H	aminoAcidSimplePolymorphism	NS5A:28V+30R+31M+93H	combination	NS5A:28V+30R+31M+93H	4	4	phdr_ras:NS5A:28V+30R+31M+93H	NS5A:28V+30R+31M+93H	AL_4r	M/V28V+R30R+L/M31M+Y93H	NS5A:28V+30R+31M+93H:AL_4r:velpatasvir	category_II	II	2	0		1	0	1	NS5A:28V+30R+31M+93H:AL_4r	velpatasvir	velpatasvir	drug_resistance
NS5A	1	93	H	REF_MASTER_NC_004102	NS5A:93H	aminoAcidSimplePolymorphism	NS5A:28V+93H	combination	NS5A:28V+93H	2	2	phdr_ras:NS5A:28V+93H	NS5A:28V+93H	AL_3a	M28V+Y93H	NS5A:28V+93H:AL_3a:daclatasvir	category_II	II	2	1	279	0			NS5A:28V+93H:AL_3a	daclatasvir	daclatasvir	drug_resistance
NS5A	1	93	H	REF_MASTER_NC_004102	NS5A:93H	aminoAcidSimplePolymorphism	NS5A:30E+93H	combination	NS5A:30E+93H	2	2	phdr_ras:NS5A:30E+93H	NS5A:30E+93H	AL_1a	Q30E+Y93H	NS5A:30E+93H:AL_1a:daclatasvir	category_II	II	2	1	67267	0			NS5A:30E+93H:AL_1a	daclatasvir	daclatasvir	drug_resistance
NS5A	1	93	H	REF_MASTER_NC_004102	NS5A:93H	aminoAcidSimplePolymorphism	NS5A:30E+93H	combination	NS5A:30E+93H	2	2	phdr_ras:NS5A:30E+93H	NS5A:30E+93H	AL_1a	Q30E+Y93H	NS5A:30E+93H:AL_1a:ledipasvir	category_II	II	2	0		1	0	1	NS5A:30E+93H:AL_1a	ledipasvir	ledipasvir	drug_resistance
NS5A	1	93	H	REF_MASTER_NC_004102	NS5A:93H	aminoAcidSimplePolymorphism	NS5A:30G+93H	combination	NS5A:30G+93H	2	2	phdr_ras:NS5A:30G+93H	NS5A:30G+93H	AL_3	A30G+Y93H	NS5A:30G+93H:AL_3:elbasvir	category_II	II	2	0		1	0	1	NS5A:30G+93H:AL_3	elbasvir	elbasvir	drug_resistance
NS5A	1	93	H	REF_MASTER_NC_004102	NS5A:93H	aminoAcidSimplePolymorphism	NS5A:30H+93H	combination	NS5A:30H+93H	2	2	phdr_ras:NS5A:30H+93H	NS5A:30H+93H	AL_1a	Q30H+Y93H	NS5A:30H+93H:AL_1a:daclatasvir	category_II	II	2	1	93136	0			NS5A:30H+93H:AL_1a	daclatasvir	daclatasvir	drug_resistance
NS5A	1	93	H	REF_MASTER_NC_004102	NS5A:93H	aminoAcidSimplePolymorphism	NS5A:30H+93H	combination	NS5A:30H+93H	2	2	phdr_ras:NS5A:30H+93H	NS5A:30H+93H	AL_1a	Q30H+Y93H	NS5A:30H+93H:AL_1a:elbasvir	category_I	I	1	0		1	1	1	NS5A:30H+93H:AL_1a	elbasvir	elbasvir	drug_resistance
NS5A	1	93	H	REF_MASTER_NC_004102	NS5A:93H	aminoAcidSimplePolymorphism	NS5A:30H+93H	combination	NS5A:30H+93H	2	2	phdr_ras:NS5A:30H+93H	NS5A:30H+93H	AL_1a	Q30H+Y93H	NS5A:30H+93H:AL_1a:ledipasvir	category_I	I	1	1	34960.9	1	1	1	NS5A:30H+93H:AL_1a	ledipasvir	ledipasvir	drug_resistance
NS5A	1	93	H	REF_MASTER_NC_004102	NS5A:93H	aminoAcidSimplePolymorphism	NS5A:30H+93H	combination	NS5A:30H+93H	2	2	phdr_ras:NS5A:30H+93H	NS5A:30H+93H	AL_1a	Q30H+Y93H	NS5A:30H+93H:AL_1a:pibrentasvir	category_II	II	2	0		1	1	0	NS5A:30H+93H:AL_1a	pibrentasvir	pibrentasvir	drug_resistance
NS5A	1	93	H	REF_MASTER_NC_004102	NS5A:93H	aminoAcidSimplePolymorphism	NS5A:30H+93H	combination	NS5A:30H+93H	2	2	phdr_ras:NS5A:30H+93H	NS5A:30H+93H	AL_1a	Q30H+Y93H	NS5A:30H+93H:AL_1a:velpatasvir	category_I	I	1	1	2835	1	1	0	NS5A:30H+93H:AL_1a	velpatasvir	velpatasvir	drug_resistance
NS5A	1	93	H	REF_MASTER_NC_004102	NS5A:93H	aminoAcidSimplePolymorphism	NS5A:30H+93H	combination	NS5A:30H+93H	2	2	phdr_ras:NS5A:30H+93H	NS5A:30H+93H	AL_1b	R30H+Y93H	NS5A:30H+93H:AL_1b:daclatasvir	category_II	II	2	0		1	0	1	NS5A:30H+93H:AL_1b	daclatasvir	daclatasvir	drug_resistance
NS5A	1	93	H	REF_MASTER_NC_004102	NS5A:93H	aminoAcidSimplePolymorphism	NS5A:30K+31M+93H	combination	NS5A:30K+31M+93H	3	3	phdr_ras:NS5A:30K+31M+93H	NS5A:30K+31M+93H	AL_3a	A30K+L31M+Y93H	NS5A:30K+31M+93H:AL_3a:daclatasvir	category_II	II	2	1	10000	0			NS5A:30K+31M+93H:AL_3a	daclatasvir	daclatasvir	drug_resistance
NS5A	1	93	H	REF_MASTER_NC_004102	NS5A:93H	aminoAcidSimplePolymorphism	NS5A:30K+31M+93H	combination	NS5A:30K+31M+93H	3	3	phdr_ras:NS5A:30K+31M+93H	NS5A:30K+31M+93H	AL_3a	A30K+L31M+Y93H	NS5A:30K+31M+93H:AL_3a:elbasvir	category_II	II	2	1	100000000	0			NS5A:30K+31M+93H:AL_3a	elbasvir	elbasvir	drug_resistance
NS5A	1	93	H	REF_MASTER_NC_004102	NS5A:93H	aminoAcidSimplePolymorphism	NS5A:30K+31M+93H	combination	NS5A:30K+31M+93H	3	3	phdr_ras:NS5A:30K+31M+93H	NS5A:30K+31M+93H	AL_3a	A30K+L31M+Y93H	NS5A:30K+31M+93H:AL_3a:pibrentasvir	category_III	III	3	1	20	0			NS5A:30K+31M+93H:AL_3a	pibrentasvir	pibrentasvir	drug_resistance
NS5A	1	93	H	REF_MASTER_NC_004102	NS5A:93H	aminoAcidSimplePolymorphism	NS5A:30K+31M+93H	combination	NS5A:30K+31M+93H	3	3	phdr_ras:NS5A:30K+31M+93H	NS5A:30K+31M+93H	AL_3a	A30K+L31M+Y93H	NS5A:30K+31M+93H:AL_3a:velpatasvir	category_II	II	2	1	10000	0			NS5A:30K+31M+93H:AL_3a	velpatasvir	velpatasvir	drug_resistance
NS5A	1	93	H	REF_MASTER_NC_004102	NS5A:93H	aminoAcidSimplePolymorphism	NS5A:30K+93H	combination	NS5A:30K+93H	2	2	phdr_ras:NS5A:30K+93H	NS5A:30K+93H	AL_3	A30K+Y93H	NS5A:30K+93H:AL_3:elbasvir	category_II	II	2	0		1	1	0	NS5A:30K+93H:AL_3	elbasvir	elbasvir	drug_resistance
NS5A	1	93	H	REF_MASTER_NC_004102	NS5A:93H	aminoAcidSimplePolymorphism	NS5A:30K+93H	combination	NS5A:30K+93H	2	2	phdr_ras:NS5A:30K+93H	NS5A:30K+93H	AL_3a	A30K+Y93H	NS5A:30K+93H:AL_3a:daclatasvir	category_I	I	1	1	10000	1	0	1	NS5A:30K+93H:AL_3a	daclatasvir	daclatasvir	drug_resistance
NS5A	1	93	H	REF_MASTER_NC_004102	NS5A:93H	aminoAcidSimplePolymorphism	NS5A:30K+93H	combination	NS5A:30K+93H	2	2	phdr_ras:NS5A:30K+93H	NS5A:30K+93H	AL_3a	A30K+Y93H	NS5A:30K+93H:AL_3a:elbasvir	category_II	II	2	1	100000000	0			NS5A:30K+93H:AL_3a	elbasvir	elbasvir	drug_resistance
NS5A	1	93	H	REF_MASTER_NC_004102	NS5A:93H	aminoAcidSimplePolymorphism	NS5A:30K+93H	combination	NS5A:30K+93H	2	2	phdr_ras:NS5A:30K+93H	NS5A:30K+93H	AL_3a	A30K+Y93H	NS5A:30K+93H:AL_3a:pibrentasvir	category_I	I	1	1	69	1	1	0	NS5A:30K+93H:AL_3a	pibrentasvir	pibrentasvir	drug_resistance
NS5A	1	93	H	REF_MASTER_NC_004102	NS5A:93H	aminoAcidSimplePolymorphism	NS5A:30K+93H	combination	NS5A:30K+93H	2	2	phdr_ras:NS5A:30K+93H	NS5A:30K+93H	AL_3a	A30K+Y93H	NS5A:30K+93H:AL_3a:velpatasvir	category_II	II	2	1	10000	0			NS5A:30K+93H:AL_3a	velpatasvir	velpatasvir	drug_resistance
NS5A	1	93	H	REF_MASTER_NC_004102	NS5A:93H	aminoAcidSimplePolymorphism	NS5A:30L+31M+93H	combination	NS5A:30L+31M+93H	3	3	phdr_ras:NS5A:30L+31M+93H	NS5A:30L+31M+93H	AL_1a	Q30L+L31M+Y93H	NS5A:30L+31M+93H:AL_1a:ledipasvir	category_II	II	2	0		1	0	1	NS5A:30L+31M+93H:AL_1a	ledipasvir	ledipasvir	drug_resistance
NS5A	1	93	H	REF_MASTER_NC_004102	NS5A:93H	aminoAcidSimplePolymorphism	NS5A:30L+93H	combination	NS5A:30L+93H	2	2	phdr_ras:NS5A:30L+93H	NS5A:30L+93H	AL_1a	Q30L+Y93H	NS5A:30L+93H:AL_1a:elbasvir	category_II	II	2	0		1	1	0	NS5A:30L+93H:AL_1a	elbasvir	elbasvir	drug_resistance
NS5A	1	93	H	REF_MASTER_NC_004102	NS5A:93H	aminoAcidSimplePolymorphism	NS5A:30L+93H	combination	NS5A:30L+93H	2	2	phdr_ras:NS5A:30L+93H	NS5A:30L+93H	AL_1a	Q30L+Y93H	NS5A:30L+93H:AL_1a:ledipasvir	category_I	I	1	0		1	1	1	NS5A:30L+93H:AL_1a	ledipasvir	ledipasvir	drug_resistance
NS5A	1	93	H	REF_MASTER_NC_004102	NS5A:93H	aminoAcidSimplePolymorphism	NS5A:30L+93H	combination	NS5A:30L+93H	2	2	phdr_ras:NS5A:30L+93H	NS5A:30L+93H	AL_1a	Q30L+Y93H	NS5A:30L+93H:AL_1a:ombitasvir	category_II	II	2	1	416	0			NS5A:30L+93H:AL_1a	ombitasvir	ombitasvir	drug_resistance
NS5A	1	93	H	REF_MASTER_NC_004102	NS5A:93H	aminoAcidSimplePolymorphism	NS5A:30Q+31M+93H	combination	NS5A:30Q+31M+93H	3	3	phdr_ras:NS5A:30Q+31M+93H	NS5A:30Q+31M+93H	AL_1b	R30Q+L31M+Y93H	NS5A:30Q+31M+93H:AL_1b:daclatasvir	category_II	II	2	1	34000	0			NS5A:30Q+31M+93H:AL_1b	daclatasvir	daclatasvir	drug_resistance
NS5A	1	93	H	REF_MASTER_NC_004102	NS5A:93H	aminoAcidSimplePolymorphism	NS5A:30Q+54H+93H	combination	NS5A:30Q+54H+93H	3	3	phdr_ras:NS5A:30Q+54H+93H	NS5A:30Q+54H+93H	AL_1b	R30Q+H/Q54H+Y93H	NS5A:30Q+54H+93H:AL_1b:ledipasvir	category_II	II	2	0		1	1	0	NS5A:30Q+54H+93H:AL_1b	ledipasvir	ledipasvir	drug_resistance
NS5A	1	93	H	REF_MASTER_NC_004102	NS5A:93H	aminoAcidSimplePolymorphism	NS5A:30Q+93H	combination	NS5A:30Q+93H	2	2	phdr_ras:NS5A:30Q+93H	NS5A:30Q+93H	AL_1b	R30Q+Y93H	NS5A:30Q+93H:AL_1b:daclatasvir	category_II	II	2	0		1	0	1	NS5A:30Q+93H:AL_1b	daclatasvir	daclatasvir	drug_resistance
NS5A	1	93	H	REF_MASTER_NC_004102	NS5A:93H	aminoAcidSimplePolymorphism	NS5A:30Q+93H	combination	NS5A:30Q+93H	2	2	phdr_ras:NS5A:30Q+93H	NS5A:30Q+93H	AL_1b	R30Q+Y93H	NS5A:30Q+93H:AL_1b:ombitasvir	category_II	II	2	1	284	0			NS5A:30Q+93H:AL_1b	ombitasvir	ombitasvir	drug_resistance
NS5A	1	93	H	REF_MASTER_NC_004102	NS5A:93H	aminoAcidSimplePolymorphism	NS5A:30R+31M+93H	combination	NS5A:30R+31M+93H	3	3	phdr_ras:NS5A:30R+31M+93H	NS5A:30R+31M+93H															drug_resistance
NS5A	1	93	H	REF_MASTER_NC_004102	NS5A:93H	aminoAcidSimplePolymorphism	NS5A:30R+93H	combination	NS5A:30R+93H	2	2	phdr_ras:NS5A:30R+93H	NS5A:30R+93H	AL_1a	Q30R+Y93H	NS5A:30R+93H:AL_1a:daclatasvir	category_I	I	1	1	56817	1	0	1	NS5A:30R+93H:AL_1a	daclatasvir	daclatasvir	drug_resistance
NS5A	1	93	H	REF_MASTER_NC_004102	NS5A:93H	aminoAcidSimplePolymorphism	NS5A:30R+93H	combination	NS5A:30R+93H	2	2	phdr_ras:NS5A:30R+93H	NS5A:30R+93H	AL_1a	Q30R+Y93H	NS5A:30R+93H:AL_1a:elbasvir	category_II	II	2	0		1	0	1	NS5A:30R+93H:AL_1a	elbasvir	elbasvir	drug_resistance
NS5A	1	93	H	REF_MASTER_NC_004102	NS5A:93H	aminoAcidSimplePolymorphism	NS5A:30R+93H	combination	NS5A:30R+93H	2	2	phdr_ras:NS5A:30R+93H	NS5A:30R+93H	AL_1a	Q30R+Y93H	NS5A:30R+93H:AL_1a:ledipasvir	category_I	I	1	1	33691	1	0	1	NS5A:30R+93H:AL_1a	ledipasvir	ledipasvir	drug_resistance
NS5A	1	93	H	REF_MASTER_NC_004102	NS5A:93H	aminoAcidSimplePolymorphism	NS5A:30R+93H	combination	NS5A:30R+93H	2	2	phdr_ras:NS5A:30R+93H	NS5A:30R+93H	AL_1a	Q30R+Y93H	NS5A:30R+93H:AL_1a:pibrentasvir	category_II	II	2	1	260	0			NS5A:30R+93H:AL_1a	pibrentasvir	pibrentasvir	drug_resistance
NS5A	1	93	H	REF_MASTER_NC_004102	NS5A:93H	aminoAcidSimplePolymorphism	NS5A:30R+93H	combination	NS5A:30R+93H	2	2	phdr_ras:NS5A:30R+93H	NS5A:30R+93H	AL_1a	Q30R+Y93H	NS5A:30R+93H:AL_1a:velpatasvir	category_II	II	2	1	419	0			NS5A:30R+93H:AL_1a	velpatasvir	velpatasvir	drug_resistance
NS5A	1	93	H	REF_MASTER_NC_004102	NS5A:93H	aminoAcidSimplePolymorphism	NS5A:30R+93H	combination	NS5A:30R+93H	2	2	phdr_ras:NS5A:30R+93H	NS5A:30R+93H	AL_1b	R30R+Y93H	NS5A:30R+93H:AL_1b:daclatasvir	category_II	II	2	0		1	0	1	NS5A:30R+93H:AL_1b	daclatasvir	daclatasvir	drug_resistance
NS5A	1	93	H	REF_MASTER_NC_004102	NS5A:93H	aminoAcidSimplePolymorphism	NS5A:30S+31I+93H	combination	NS5A:30S+31I+93H	3	3	phdr_ras:NS5A:30S+31I+93H	NS5A:30S+31I+93H	AL_3	A30S+L31I+Y93H	NS5A:30S+31I+93H:AL_3:elbasvir	category_II	II	2	0		1	0	1	NS5A:30S+31I+93H:AL_3	elbasvir	elbasvir	drug_resistance
NS5A	1	93	H	REF_MASTER_NC_004102	NS5A:93H	aminoAcidSimplePolymorphism	NS5A:30T+31M+93H	combination	NS5A:30T+31M+93H	3	3	phdr_ras:NS5A:30T+31M+93H	NS5A:30T+31M+93H															drug_resistance
NS5A	1	93	H	REF_MASTER_NC_004102	NS5A:93H	aminoAcidSimplePolymorphism	NS5A:30T+93H	combination	NS5A:30T+93H	2	2	phdr_ras:NS5A:30T+93H	NS5A:30T+93H	AL_3a	A30T+Y93H	NS5A:30T+93H:AL_3a:daclatasvir	category_II	II	2	0		1	0	1	NS5A:30T+93H:AL_3a	daclatasvir	daclatasvir	drug_resistance
NS5A	1	93	H	REF_MASTER_NC_004102	NS5A:93H	aminoAcidSimplePolymorphism	NS5A:30V+93H	combination	NS5A:30V+93H	2	2	phdr_ras:NS5A:30V+93H	NS5A:30V+93H	AL_3a	A30V+Y93H	NS5A:30V+93H:AL_3a:daclatasvir	category_III	III	3	1	8	0			NS5A:30V+93H:AL_3a	daclatasvir	daclatasvir	drug_resistance
NS5A	1	93	H	REF_MASTER_NC_004102	NS5A:93H	aminoAcidSimplePolymorphism	NS5A:30Y+93H	combination	NS5A:30Y+93H	2	2	phdr_ras:NS5A:30Y+93H	NS5A:30Y+93H	AL_1a	Q30Y+Y93H	NS5A:30Y+93H:AL_1a:ledipasvir	category_I	I	1	1	47335.9	1	1	1	NS5A:30Y+93H:AL_1a	ledipasvir	ledipasvir	drug_resistance
NS5A	1	93	H	REF_MASTER_NC_004102	NS5A:93H	aminoAcidSimplePolymorphism	NS5A:31F+93H	combination	NS5A:31F+93H	2	2	phdr_ras:NS5A:31F+93H	NS5A:31F+93H	AL_1b	L31F+Y93H	NS5A:31F+93H:AL_1b:daclatasvir	category_I	I	1	1	5721	1	0	1	NS5A:31F+93H:AL_1b	daclatasvir	daclatasvir	drug_resistance
NS5A	1	93	H	REF_MASTER_NC_004102	NS5A:93H	aminoAcidSimplePolymorphism	NS5A:31F+93H	combination	NS5A:31F+93H	2	2	phdr_ras:NS5A:31F+93H	NS5A:31F+93H	AL_1b	L31F+Y93H	NS5A:31F+93H:AL_1b:ombitasvir	category_II	II	2	1	10272	0			NS5A:31F+93H:AL_1b	ombitasvir	ombitasvir	drug_resistance
NS5A	1	93	H	REF_MASTER_NC_004102	NS5A:93H	aminoAcidSimplePolymorphism	NS5A:31F+93H	combination	NS5A:31F+93H	2	2	phdr_ras:NS5A:31F+93H	NS5A:31F+93H	AL_3a	L31F+Y93H	NS5A:31F+93H:AL_3a:daclatasvir	category_II	II	2	1	1000	0			NS5A:31F+93H:AL_3a	daclatasvir	daclatasvir	drug_resistance
NS5A	1	93	H	REF_MASTER_NC_004102	NS5A:93H	aminoAcidSimplePolymorphism	NS5A:31F+93H	combination	NS5A:31F+93H	2	2	phdr_ras:NS5A:31F+93H	NS5A:31F+93H	AL_3a	L31F+Y93H	NS5A:31F+93H:AL_3a:elbasvir	category_II	II	2	1	1000	0			NS5A:31F+93H:AL_3a	elbasvir	elbasvir	drug_resistance
NS5A	1	93	H	REF_MASTER_NC_004102	NS5A:93H	aminoAcidSimplePolymorphism	NS5A:31F+93H	combination	NS5A:31F+93H	2	2	phdr_ras:NS5A:31F+93H	NS5A:31F+93H	AL_3a	L31F+Y93H	NS5A:31F+93H:AL_3a:velpatasvir	category_II	II	2	1	999	0			NS5A:31F+93H:AL_3a	velpatasvir	velpatasvir	drug_resistance
NS5A	1	93	H	REF_MASTER_NC_004102	NS5A:93H	aminoAcidSimplePolymorphism	NS5A:31I+93H	combination	NS5A:31I+93H	2	2	phdr_ras:NS5A:31I+93H	NS5A:31I+93H	AL_1b	L31I+Y93H	NS5A:31I+93H:AL_1b:daclatasvir	category_I	I	1	0		1	1	1	NS5A:31I+93H:AL_1b	daclatasvir	daclatasvir	drug_resistance
NS5A	1	93	H	REF_MASTER_NC_004102	NS5A:93H	aminoAcidSimplePolymorphism	NS5A:31I+93H	combination	NS5A:31I+93H	2	2	phdr_ras:NS5A:31I+93H	NS5A:31I+93H	AL_1b	L31I+Y93H	NS5A:31I+93H:AL_1b:ledipasvir	category_II	II	2	1	94862.5	0			NS5A:31I+93H:AL_1b	ledipasvir	ledipasvir	drug_resistance
NS5A	1	93	H	REF_MASTER_NC_004102	NS5A:93H	aminoAcidSimplePolymorphism	NS5A:31I+93H	combination	NS5A:31I+93H	2	2	phdr_ras:NS5A:31I+93H	NS5A:31I+93H	AL_3a	L31I+Y93H	NS5A:31I+93H:AL_3a:pibrentasvir	category_II	II	2	0		1	0	1	NS5A:31I+93H:AL_3a	pibrentasvir	pibrentasvir	drug_resistance
NS5A	1	93	H	REF_MASTER_NC_004102	NS5A:93H	aminoAcidSimplePolymorphism	NS5A:31M+37M+93H	combination	NS5A:31M+37M+93H	3	3	phdr_ras:NS5A:31M+37M+93H	NS5A:31M+37M+93H	AL_1a	L31M+V37M+Y93H	NS5A:31M+37M+93H:AL_1a:elbasvir	category_II	II	2	0		1	0	1	NS5A:31M+37M+93H:AL_1a	elbasvir	elbasvir	drug_resistance
NS5A	1	93	H	REF_MASTER_NC_004102	NS5A:93H	aminoAcidSimplePolymorphism	NS5A:31M+54H+93H	combination	NS5A:31M+54H+93H	3	3	phdr_ras:NS5A:31M+54H+93H	NS5A:31M+54H+93H	AL_1b	L31M+H/Q54H+Y93H	NS5A:31M+54H+93H:AL_1b:ledipasvir	category_II	II	2	0		1	1	0	NS5A:31M+54H+93H:AL_1b	ledipasvir	ledipasvir	drug_resistance
NS5A	1	93	H	REF_MASTER_NC_004102	NS5A:93H	aminoAcidSimplePolymorphism	NS5A:31M+93H	combination	NS5A:31M+93H	2	2	phdr_ras:NS5A:31M+93H	NS5A:31M+93H	AL_1a	L31M+Y93H	NS5A:31M+93H:AL_1a:velpatasvir	category_II	II	2	0		1	0	1	NS5A:31M+93H:AL_1a	velpatasvir	velpatasvir	drug_resistance
NS5A	1	93	H	REF_MASTER_NC_004102	NS5A:93H	aminoAcidSimplePolymorphism	NS5A:31M+93H	combination	NS5A:31M+93H	2	2	phdr_ras:NS5A:31M+93H	NS5A:31M+93H	AL_1b	L31M+Y93H	NS5A:31M+93H:AL_1b:daclatasvir	category_I	I	1	1	7105	1	1	1	NS5A:31M+93H:AL_1b	daclatasvir	daclatasvir	drug_resistance
NS5A	1	93	H	REF_MASTER_NC_004102	NS5A:93H	aminoAcidSimplePolymorphism	NS5A:31M+93H	combination	NS5A:31M+93H	2	2	phdr_ras:NS5A:31M+93H	NS5A:31M+93H	AL_1b	L31M+Y93H	NS5A:31M+93H:AL_1b:elbasvir	category_I	I	1	1	1000	1	0	1	NS5A:31M+93H:AL_1b	elbasvir	elbasvir	drug_resistance
NS5A	1	93	H	REF_MASTER_NC_004102	NS5A:93H	aminoAcidSimplePolymorphism	NS5A:31M+93H	combination	NS5A:31M+93H	2	2	phdr_ras:NS5A:31M+93H	NS5A:31M+93H	AL_1b	L31M+Y93H	NS5A:31M+93H:AL_1b:ledipasvir	category_I	I	1	1	20270.4	1	0	1	NS5A:31M+93H:AL_1b	ledipasvir	ledipasvir	drug_resistance
NS5A	1	93	H	REF_MASTER_NC_004102	NS5A:93H	aminoAcidSimplePolymorphism	NS5A:31M+93H	combination	NS5A:31M+93H	2	2	phdr_ras:NS5A:31M+93H	NS5A:31M+93H	AL_1b	L31M+Y93H	NS5A:31M+93H:AL_1b:ombitasvir	category_I	I	1	1	142	1	1	0	NS5A:31M+93H:AL_1b	ombitasvir	ombitasvir	drug_resistance
NS5A	1	93	H	REF_MASTER_NC_004102	NS5A:93H	aminoAcidSimplePolymorphism	NS5A:31M+93H	combination	NS5A:31M+93H	2	2	phdr_ras:NS5A:31M+93H	NS5A:31M+93H	AL_1b	L31M+Y93H	NS5A:31M+93H:AL_1b:velpatasvir	category_I	I	1	1	539.5	1	1	0	NS5A:31M+93H:AL_1b	velpatasvir	velpatasvir	drug_resistance
NS5A	1	93	H	REF_MASTER_NC_004102	NS5A:93H	aminoAcidSimplePolymorphism	NS5A:31V+37L+93H	combination	NS5A:31V+37L+93H	3	3	phdr_ras:NS5A:31V+37L+93H	NS5A:31V+37L+93H	AL_1b	L31V+F/L37L+Y93H	NS5A:31V+37L+93H:AL_1b:daclatasvir	category_II	II	2	0		1	0	1	NS5A:31V+37L+93H:AL_1b	daclatasvir	daclatasvir	drug_resistance
NS5A	1	93	H	REF_MASTER_NC_004102	NS5A:93H	aminoAcidSimplePolymorphism	NS5A:31V+54H+58S+93H	combination	NS5A:31V+54H+58S+93H	4	4	phdr_ras:NS5A:31V+54H+58S+93H	NS5A:31V+54H+58S+93H	AL_1b	L31V+H/Q54H+P58S+Y93H	NS5A:31V+54H+58S+93H:AL_1b:daclatasvir	category_II	II	2	0		1	0	1	NS5A:31V+54H+58S+93H:AL_1b	daclatasvir	daclatasvir	drug_resistance
NS5A	1	93	H	REF_MASTER_NC_004102	NS5A:93H	aminoAcidSimplePolymorphism	NS5A:31V+54H+93H	combination	NS5A:31V+54H+93H	3	3	phdr_ras:NS5A:31V+54H+93H	NS5A:31V+54H+93H	AL_1b	L31V+H/Q54H+Y93H	NS5A:31V+54H+93H:AL_1b:daclatasvir	category_I	I	1	1	19000	1	0	1	NS5A:31V+54H+93H:AL_1b	daclatasvir	daclatasvir	drug_resistance
NS5A	1	93	H	REF_MASTER_NC_004102	NS5A:93H	aminoAcidSimplePolymorphism	NS5A:31V+93H	combination	NS5A:31V+93H	2	2	phdr_ras:NS5A:31V+93H	NS5A:31V+93H	AL_1a	L31V+Y93H	NS5A:31V+93H:AL_1a:daclatasvir	category_II	II	2	1	166667	0			NS5A:31V+93H:AL_1a	daclatasvir	daclatasvir	drug_resistance
NS5A	1	93	H	REF_MASTER_NC_004102	NS5A:93H	aminoAcidSimplePolymorphism	NS5A:31V+93H	combination	NS5A:31V+93H	2	2	phdr_ras:NS5A:31V+93H	NS5A:31V+93H	AL_1a	L31V+Y93H	NS5A:31V+93H:AL_1a:elbasvir	category_II	II	2	1	38857	0			NS5A:31V+93H:AL_1a	elbasvir	elbasvir	drug_resistance
NS5A	1	93	H	REF_MASTER_NC_004102	NS5A:93H	aminoAcidSimplePolymorphism	NS5A:31V+93H	combination	NS5A:31V+93H	2	2	phdr_ras:NS5A:31V+93H	NS5A:31V+93H	AL_1a	L31V+Y93H	NS5A:31V+93H:AL_1a:pibrentasvir	category_II	II	2	1	94	0			NS5A:31V+93H:AL_1a	pibrentasvir	pibrentasvir	drug_resistance
NS5A	1	93	H	REF_MASTER_NC_004102	NS5A:93H	aminoAcidSimplePolymorphism	NS5A:31V+93H	combination	NS5A:31V+93H	2	2	phdr_ras:NS5A:31V+93H	NS5A:31V+93H	AL_1b	L31V+Y93H	NS5A:31V+93H:AL_1b:daclatasvir	category_I	I	1	1	14789	1	1	1	NS5A:31V+93H:AL_1b	daclatasvir	daclatasvir	drug_resistance
NS5A	1	93	H	REF_MASTER_NC_004102	NS5A:93H	aminoAcidSimplePolymorphism	NS5A:31V+93H	combination	NS5A:31V+93H	2	2	phdr_ras:NS5A:31V+93H	NS5A:31V+93H	AL_1b	L31V+Y93H	NS5A:31V+93H:AL_1b:ombitasvir	category_II	II	2	1	12328	0			NS5A:31V+93H:AL_1b	ombitasvir	ombitasvir	drug_resistance
NS5A	1	93	H	REF_MASTER_NC_004102	NS5A:93H	aminoAcidSimplePolymorphism	NS5A:31V+93H	combination	NS5A:31V+93H	2	2	phdr_ras:NS5A:31V+93H	NS5A:31V+93H	AL_4d	M31V+Y93H	NS5A:31V+93H:AL_4d:elbasvir	category_II	II	2	0		1	0	1	NS5A:31V+93H:AL_4d	elbasvir	elbasvir	drug_resistance
NS5A	1	93	H	REF_MASTER_NC_004102	NS5A:93H	aminoAcidSimplePolymorphism	NS5A:37L+93H	combination	NS5A:37L+93H	2	2	phdr_ras:NS5A:37L+93H	NS5A:37L+93H	AL_1b	F/L37L+Y93H	NS5A:37L+93H:AL_1b:daclatasvir	category_III	III	3	1	19	0			NS5A:37L+93H:AL_1b	daclatasvir	daclatasvir	drug_resistance
NS5A	1	93	H	REF_MASTER_NC_004102	NS5A:93H	aminoAcidSimplePolymorphism	NS5A:38F+93H	combination	NS5A:38F+93H	2	2	phdr_ras:NS5A:38F+93H	NS5A:38F+93H	AL_1a	S38F+Y93H	NS5A:38F+93H:AL_1a:ledipasvir	category_II	II	2	0		1	0	1	NS5A:38F+93H:AL_1a	ledipasvir	ledipasvir	drug_resistance
NS5A	1	93	H	REF_MASTER_NC_004102	NS5A:93H	aminoAcidSimplePolymorphism	NS5A:54H+58A+62E+93H	combination	NS5A:54H+58A+62E+93H	4	4	phdr_ras:NS5A:54H+58A+62E+93H	NS5A:54H+58A+62E+93H	AL_1b	H/Q54H+P58A+Q62E+Y93H	NS5A:54H+58A+62E+93H:AL_1b:ledipasvir	category_II	II	2	0		1	1	0	NS5A:54H+58A+62E+93H:AL_1b	ledipasvir	ledipasvir	drug_resistance
NS5A	1	93	H	REF_MASTER_NC_004102	NS5A:93H	aminoAcidSimplePolymorphism	NS5A:54H+93H	combination	NS5A:54H+93H	2	2	phdr_ras:NS5A:54H+93H	NS5A:54H+93H	AL_1b	H/Q54H+Y93H	NS5A:54H+93H:AL_1b:daclatasvir	category_III	III	3	1	10	0			NS5A:54H+93H:AL_1b	daclatasvir	daclatasvir	drug_resistance
NS5A	1	93	H	REF_MASTER_NC_004102	NS5A:93H	aminoAcidSimplePolymorphism	NS5A:58A+93H	combination	NS5A:58A+93H	2	2	phdr_ras:NS5A:58A+93H	NS5A:58A+93H	AL_1b	P58A+Y93H	NS5A:58A+93H:AL_1b:ombitasvir	category_II	II	2	1	1226	0			NS5A:58A+93H:AL_1b	ombitasvir	ombitasvir	drug_resistance
NS5A	1	93	H	REF_MASTER_NC_004102	NS5A:93H	aminoAcidSimplePolymorphism	NS5A:58D+93H	combination	NS5A:58D+93H	2	2	phdr_ras:NS5A:58D+93H	NS5A:58D+93H	AL_1a	H58D+Y93H	NS5A:58D+93H:AL_1a:pibrentasvir	category_II	II	2	1	2238	0			NS5A:58D+93H:AL_1a	pibrentasvir	pibrentasvir	drug_resistance
NS5A	1	93	H	REF_MASTER_NC_004102	NS5A:93H	aminoAcidSimplePolymorphism	NS5A:58L+93H	combination	NS5A:58L+93H	2	2	phdr_ras:NS5A:58L+93H	NS5A:58L+93H	AL_1b	P58L+Y93H	NS5A:58L+93H:AL_1b:ombitasvir	category_II	II	2	1	135	0			NS5A:58L+93H:AL_1b	ombitasvir	ombitasvir	drug_resistance
NS5A	1	93	H	REF_MASTER_NC_004102	NS5A:93H	aminoAcidSimplePolymorphism	NS5A:58S+62T+93H	combination	NS5A:58S+62T+93H	3	3	phdr_ras:NS5A:58S+62T+93H	NS5A:58S+62T+93H	AL_3	P58S+S/T62T+Y93H	NS5A:58S+62T+93H:AL_3:elbasvir	category_II	II	2	0		1	1	0	NS5A:58S+62T+93H:AL_3	elbasvir	elbasvir	drug_resistance
NS5A	1	93	H	REF_MASTER_NC_004102	NS5A:93H	aminoAcidSimplePolymorphism	NS5A:58S+93H	combination	NS5A:58S+93H	2	2	phdr_ras:NS5A:58S+93H	NS5A:58S+93H	AL_1b	P58S+Y93H	NS5A:58S+93H:AL_1b:ombitasvir	category_I	I	1	1	1401	1	1	0	NS5A:58S+93H:AL_1b	ombitasvir	ombitasvir	drug_resistance
NS5A	1	93	H	REF_MASTER_NC_004102	NS5A:93H	aminoAcidSimplePolymorphism	NS5A:58S+93H	combination	NS5A:58S+93H	2	2	phdr_ras:NS5A:58S+93H	NS5A:58S+93H	AL_3a	P58S+Y93H	NS5A:58S+93H:AL_3a:daclatasvir	category_II	II	2	1	3430	0			NS5A:58S+93H:AL_3a	daclatasvir	daclatasvir	drug_resistance
NS5A	1	93	H	REF_MASTER_NC_004102	NS5A:93H	aminoAcidSimplePolymorphism	NS5A:62A+93H	combination	NS5A:62A+93H	2	2	phdr_ras:NS5A:62A+93H	NS5A:62A+93H	AL_3a	S/T62A+Y93H	NS5A:62A+93H:AL_3a:daclatasvir	category_II	II	2	1	2783	0			NS5A:62A+93H:AL_3a	daclatasvir	daclatasvir	drug_resistance
NS5A	1	93	H	REF_MASTER_NC_004102	NS5A:93H	aminoAcidSimplePolymorphism	NS5A:62D+93H	combination	NS5A:62D+93H	2	2	phdr_ras:NS5A:62D+93H	NS5A:62D+93H	AL_2a	N62D+Y93H	NS5A:62D+93H:AL_2a:daclatasvir	category_II	II	2	1	539.5	0			NS5A:62D+93H:AL_2a	daclatasvir	daclatasvir	drug_resistance
NS5A	1	93	H	REF_MASTER_NC_004102	NS5A:93H	aminoAcidSimplePolymorphism	NS5A:62D+93H	combination	NS5A:62D+93H	2	2	phdr_ras:NS5A:62D+93H	NS5A:62D+93H	AL_2a	N62D+Y93H	NS5A:62D+93H:AL_2a:elbasvir	category_III	III	3	1	41.5	0			NS5A:62D+93H:AL_2a	elbasvir	elbasvir	drug_resistance
NS5A	1	93	H	REF_MASTER_NC_004102	NS5A:93H	aminoAcidSimplePolymorphism	NS5A:62D+93H	combination	NS5A:62D+93H	2	2	phdr_ras:NS5A:62D+93H	NS5A:62D+93H	AL_2a	N62D+Y93H	NS5A:62D+93H:AL_2a:velpatasvir	category_II	II	2	1	999	0			NS5A:62D+93H:AL_2a	velpatasvir	velpatasvir	drug_resistance
NS5A	1	93	H	REF_MASTER_NC_004102	NS5A:93H	aminoAcidSimplePolymorphism	NS5A:62T+93H	combination	NS5A:62T+93H	2	2	phdr_ras:NS5A:62T+93H	NS5A:62T+93H	AL_3a	S/T62T+Y93H	NS5A:62T+93H:AL_3a:daclatasvir	category_II	II	2	1	2606	0			NS5A:62T+93H:AL_3a	daclatasvir	daclatasvir	drug_resistance
NS5A	1	93	H	REF_MASTER_NC_004102	NS5A:93H	aminoAcidSimplePolymorphism	NS5A:92A+93H	combination	NS5A:92A+93H	2	2	phdr_ras:NS5A:92A+93H	NS5A:92A+93H	AL_3a	E92A+Y93H	NS5A:92A+93H:AL_3a:daclatasvir	category_II	II	2	1	292	0			NS5A:92A+93H:AL_3a	daclatasvir	daclatasvir	drug_resistance
NS5A	1	93	H	REF_MASTER_NC_004102	NS5A:93H	aminoAcidSimplePolymorphism	NS5A:92E+93H	combination	NS5A:92E+93H	2	2	phdr_ras:NS5A:92E+93H	NS5A:92E+93H	AL_1b	A92E+Y93H	NS5A:92E+93H:AL_1b:ombitasvir	category_II	II	2	0		1	1	0	NS5A:92E+93H:AL_1b	ombitasvir	ombitasvir	drug_resistance
NS5A	1	93	H	REF_MASTER_NC_004102	NS5A:93H	aminoAcidSimplePolymorphism	NS5A:92M+93H	combination	NS5A:92M+93H	2	2	phdr_ras:NS5A:92M+93H	NS5A:92M+93H	AL_1b	A92M+Y93H	NS5A:92M+93H:AL_1b:ombitasvir	category_II	II	2	0		1	1	0	NS5A:92M+93H:AL_1b	ombitasvir	ombitasvir	drug_resistance
NS5A	1	93	H	REF_MASTER_NC_004102	NS5A:93H	aminoAcidSimplePolymorphism	NS5A:92T+93H	combination	NS5A:92T+93H	2	2	phdr_ras:NS5A:92T+93H	NS5A:92T+93H	AL_1b	A92T+Y93H	NS5A:92T+93H:AL_1b:ombitasvir	category_II	II	2	0		1	1	0	NS5A:92T+93H:AL_1b	ombitasvir	ombitasvir	drug_resistance
NS5A	1	93	H	REF_MASTER_NC_004102	NS5A:93H	aminoAcidSimplePolymorphism	NS5A:92V+93H	combination	NS5A:92V+93H	2	2	phdr_ras:NS5A:92V+93H	NS5A:92V+93H	AL_1b	A92V+Y93H	NS5A:92V+93H:AL_1b:ombitasvir	category_II	II	2	0		1	1	0	NS5A:92V+93H:AL_1b	ombitasvir	ombitasvir	drug_resistance
NS5A	1	93	H	REF_MASTER_NC_004102	NS5A:93H	aminoAcidSimplePolymorphism	NS5A:93H	single				phdr_ras:NS5A:93H	NS5A:93H	AL_1a	Y93H	NS5A:93H:AL_1a:daclatasvir	category_I	I	1	1	5432	1	0	1	NS5A:93H:AL_1a	daclatasvir	daclatasvir	drug_resistance
NS5A	1	93	H	REF_MASTER_NC_004102	NS5A:93H	aminoAcidSimplePolymorphism	NS5A:93H	single				phdr_ras:NS5A:93H	NS5A:93H	AL_1a	Y93H	NS5A:93H:AL_1a:elbasvir	category_I	I	1	1	1000	1	1	0	NS5A:93H:AL_1a	elbasvir	elbasvir	drug_resistance
NS5A	1	93	H	REF_MASTER_NC_004102	NS5A:93H	aminoAcidSimplePolymorphism	NS5A:93H	single				phdr_ras:NS5A:93H	NS5A:93H	AL_1a	Y93H	NS5A:93H:AL_1a:ledipasvir	category_I	I	1	1	1676.7	1	1	1	NS5A:93H:AL_1a	ledipasvir	ledipasvir	drug_resistance
NS5A	1	93	H	REF_MASTER_NC_004102	NS5A:93H	aminoAcidSimplePolymorphism	NS5A:93H	single				phdr_ras:NS5A:93H	NS5A:93H	AL_1a	Y93H	NS5A:93H:AL_1a:ombitasvir	category_II	II	2	1	41383	0			NS5A:93H:AL_1a	ombitasvir	ombitasvir	drug_resistance
NS5A	1	93	H	REF_MASTER_NC_004102	NS5A:93H	aminoAcidSimplePolymorphism	NS5A:93H	single				phdr_ras:NS5A:93H	NS5A:93H	AL_1a	Y93H	NS5A:93H:AL_1a:pibrentasvir	category_I	I	1	1	6.7	1	0	1	NS5A:93H:AL_1a	pibrentasvir	pibrentasvir	drug_resistance
NS5A	1	93	H	REF_MASTER_NC_004102	NS5A:93H	aminoAcidSimplePolymorphism	NS5A:93H	single				phdr_ras:NS5A:93H	NS5A:93H	AL_1a	Y93H	NS5A:93H:AL_1a:velpatasvir	category_I	I	1	1	609.1	1	0	1	NS5A:93H:AL_1a	velpatasvir	velpatasvir	drug_resistance
NS5A	1	93	H	REF_MASTER_NC_004102	NS5A:93H	aminoAcidSimplePolymorphism	NS5A:93H	single				phdr_ras:NS5A:93H	NS5A:93H	AL_1b	Y93H	NS5A:93H:AL_1b:daclatasvir	category_I	I	1	1	539.5	1	1	1	NS5A:93H:AL_1b	daclatasvir	daclatasvir	drug_resistance
NS5A	1	93	H	REF_MASTER_NC_004102	NS5A:93H	aminoAcidSimplePolymorphism	NS5A:93H	single				phdr_ras:NS5A:93H	NS5A:93H	AL_1b	Y93H	NS5A:93H:AL_1b:elbasvir	category_I	I	1	1	41.5	1	1	1	NS5A:93H:AL_1b	elbasvir	elbasvir	drug_resistance
NS5A	1	93	H	REF_MASTER_NC_004102	NS5A:93H	aminoAcidSimplePolymorphism	NS5A:93H	single				phdr_ras:NS5A:93H	NS5A:93H	AL_1b	Y93H	NS5A:93H:AL_1b:ledipasvir	category_I	I	1	1	1807.2999999999997	1	1	1	NS5A:93H:AL_1b	ledipasvir	ledipasvir	drug_resistance
NS5A	1	93	H	REF_MASTER_NC_004102	NS5A:93H	aminoAcidSimplePolymorphism	NS5A:93H	single				phdr_ras:NS5A:93H	NS5A:93H	AL_1b	Y93H	NS5A:93H:AL_1b:ombitasvir	category_I	I	1	1	77	1	1	1	NS5A:93H:AL_1b	ombitasvir	ombitasvir	drug_resistance
NS5A	1	93	H	REF_MASTER_NC_004102	NS5A:93H	aminoAcidSimplePolymorphism	NS5A:93H	single				phdr_ras:NS5A:93H	NS5A:93H	AL_1b	Y93H	NS5A:93H:AL_1b:velpatasvir	category_I	I	1	1	3.3	1	1	1	NS5A:93H:AL_1b	velpatasvir	velpatasvir	drug_resistance
NS5A	1	93	H	REF_MASTER_NC_004102	NS5A:93H	aminoAcidSimplePolymorphism	NS5A:93H	single				phdr_ras:NS5A:93H	NS5A:93H	AL_1c	H/N/Y93H	NS5A:93H:AL_1c:velpatasvir	category_I	I	1	1	763	1	0	1	NS5A:93H:AL_1c	velpatasvir	velpatasvir	drug_resistance
NS5A	1	93	H	REF_MASTER_NC_004102	NS5A:93H	aminoAcidSimplePolymorphism	NS5A:93H	single				phdr_ras:NS5A:93H	NS5A:93H	AL_1h	Y93H	NS5A:93H:AL_1h:velpatasvir	category_I	I	1	1	763	1	0	1	NS5A:93H:AL_1h	velpatasvir	velpatasvir	drug_resistance
NS5A	1	93	H	REF_MASTER_NC_004102	NS5A:93H	aminoAcidSimplePolymorphism	NS5A:93H	single				phdr_ras:NS5A:93H	NS5A:93H	AL_2a	Y93H	NS5A:93H:AL_2a:daclatasvir	category_II	II	2	1	1750	0			NS5A:93H:AL_2a	daclatasvir	daclatasvir	drug_resistance
NS5A	1	93	H	REF_MASTER_NC_004102	NS5A:93H	aminoAcidSimplePolymorphism	NS5A:93H	single				phdr_ras:NS5A:93H	NS5A:93H	AL_2a	Y93H	NS5A:93H:AL_2a:elbasvir	category_III	III	3	1	41.5	0			NS5A:93H:AL_2a	elbasvir	elbasvir	drug_resistance
NS5A	1	93	H	REF_MASTER_NC_004102	NS5A:93H	aminoAcidSimplePolymorphism	NS5A:93H	single				phdr_ras:NS5A:93H	NS5A:93H	AL_2a	Y93H	NS5A:93H:AL_2a:velpatasvir	category_I	I	1	1	999	1	0	1	NS5A:93H:AL_2a	velpatasvir	velpatasvir	drug_resistance
NS5A	1	93	H	REF_MASTER_NC_004102	NS5A:93H	aminoAcidSimplePolymorphism	NS5A:93H	single				phdr_ras:NS5A:93H	NS5A:93H	AL_2b	Y93H	NS5A:93H:AL_2b:daclatasvir	category_II	II	2	1	539.5	0			NS5A:93H:AL_2b	daclatasvir	daclatasvir	drug_resistance
NS5A	1	93	H	REF_MASTER_NC_004102	NS5A:93H	aminoAcidSimplePolymorphism	NS5A:93H	single				phdr_ras:NS5A:93H	NS5A:93H	AL_2b	Y93H	NS5A:93H:AL_2b:elbasvir	category_III	III	3	1	41.5	0			NS5A:93H:AL_2b	elbasvir	elbasvir	drug_resistance
NS5A	1	93	H	REF_MASTER_NC_004102	NS5A:93H	aminoAcidSimplePolymorphism	NS5A:93H	single				phdr_ras:NS5A:93H	NS5A:93H	AL_2b	Y93H	NS5A:93H:AL_2b:velpatasvir	category_II	II	2	1	999	0			NS5A:93H:AL_2b	velpatasvir	velpatasvir	drug_resistance
NS5A	1	93	H	REF_MASTER_NC_004102	NS5A:93H	aminoAcidSimplePolymorphism	NS5A:93H	single				phdr_ras:NS5A:93H	NS5A:93H	AL_2d	Y93H	NS5A:93H:AL_2d:velpatasvir	category_II	II	2	0		1	0	1	NS5A:93H:AL_2d	velpatasvir	velpatasvir	drug_resistance
NS5A	1	93	H	REF_MASTER_NC_004102	NS5A:93H	aminoAcidSimplePolymorphism	NS5A:93H	single				phdr_ras:NS5A:93H	NS5A:93H	AL_2j	Y93H	NS5A:93H:AL_2j:velpatasvir	category_II	II	2	0		1	0	1	NS5A:93H:AL_2j	velpatasvir	velpatasvir	drug_resistance
NS5A	1	93	H	REF_MASTER_NC_004102	NS5A:93H	aminoAcidSimplePolymorphism	NS5A:93H	single				phdr_ras:NS5A:93H	NS5A:93H	AL_3	Y93H	NS5A:93H:AL_3:daclatasvir	category_I	I	1	0		1	1	1	NS5A:93H:AL_3	daclatasvir	daclatasvir	drug_resistance
NS5A	1	93	H	REF_MASTER_NC_004102	NS5A:93H	aminoAcidSimplePolymorphism	NS5A:93H	single				phdr_ras:NS5A:93H	NS5A:93H	AL_3	Y93H	NS5A:93H:AL_3:elbasvir	category_II	II	2	0		1	0	1	NS5A:93H:AL_3	elbasvir	elbasvir	drug_resistance
NS5A	1	93	H	REF_MASTER_NC_004102	NS5A:93H	aminoAcidSimplePolymorphism	NS5A:93H	single				phdr_ras:NS5A:93H	NS5A:93H	AL_3	Y93H	NS5A:93H:AL_3:pibrentasvir	category_I	I	1	0		1	1	1	NS5A:93H:AL_3	pibrentasvir	pibrentasvir	drug_resistance
NS5A	1	93	H	REF_MASTER_NC_004102	NS5A:93H	aminoAcidSimplePolymorphism	NS5A:93H	single				phdr_ras:NS5A:93H	NS5A:93H	AL_3	Y93H	NS5A:93H:AL_3:velpatasvir	category_II	II	2	0		1	0	1	NS5A:93H:AL_3	velpatasvir	velpatasvir	drug_resistance
NS5A	1	93	H	REF_MASTER_NC_004102	NS5A:93H	aminoAcidSimplePolymorphism	NS5A:93H	single				phdr_ras:NS5A:93H	NS5A:93H	AL_3a	Y93H	NS5A:93H:AL_3a:daclatasvir	category_I	I	1	1	2745	1	1	1	NS5A:93H:AL_3a	daclatasvir	daclatasvir	drug_resistance
NS5A	1	93	H	REF_MASTER_NC_004102	NS5A:93H	aminoAcidSimplePolymorphism	NS5A:93H	single				phdr_ras:NS5A:93H	NS5A:93H	AL_3a	Y93H	NS5A:93H:AL_3a:elbasvir	category_II	II	2	1	1000	0			NS5A:93H:AL_3a	elbasvir	elbasvir	drug_resistance
NS5A	1	93	H	REF_MASTER_NC_004102	NS5A:93H	aminoAcidSimplePolymorphism	NS5A:93H	single				phdr_ras:NS5A:93H	NS5A:93H	AL_3a	Y93H	NS5A:93H:AL_3a:ombitasvir	category_II	II	2	1	6728	0			NS5A:93H:AL_3a	ombitasvir	ombitasvir	drug_resistance
NS5A	1	93	H	REF_MASTER_NC_004102	NS5A:93H	aminoAcidSimplePolymorphism	NS5A:93H	single				phdr_ras:NS5A:93H	NS5A:93H	AL_3a	Y93H	NS5A:93H:AL_3a:pibrentasvir	category_I	I	1	1	2.3	1	1	1	NS5A:93H:AL_3a	pibrentasvir	pibrentasvir	drug_resistance
NS5A	1	93	H	REF_MASTER_NC_004102	NS5A:93H	aminoAcidSimplePolymorphism	NS5A:93H	single				phdr_ras:NS5A:93H	NS5A:93H	AL_3a	Y93H	NS5A:93H:AL_3a:velpatasvir	category_I	I	1	1	35154	1	1	1	NS5A:93H:AL_3a	velpatasvir	velpatasvir	drug_resistance
NS5A	1	93	H	REF_MASTER_NC_004102	NS5A:93H	aminoAcidSimplePolymorphism	NS5A:93H	single				phdr_ras:NS5A:93H	NS5A:93H	AL_4	Y93H	NS5A:93H:AL_4:daclatasvir	category_II	II	2	0		1	0	1	NS5A:93H:AL_4	daclatasvir	daclatasvir	drug_resistance
NS5A	1	93	H	REF_MASTER_NC_004102	NS5A:93H	aminoAcidSimplePolymorphism	NS5A:93H	single				phdr_ras:NS5A:93H	NS5A:93H	AL_4	Y93H	NS5A:93H:AL_4:elbasvir	category_III	III	3	1	7.5	0			NS5A:93H:AL_4	elbasvir	elbasvir	drug_resistance
NS5A	1	93	H	REF_MASTER_NC_004102	NS5A:93H	aminoAcidSimplePolymorphism	NS5A:93H	single				phdr_ras:NS5A:93H	NS5A:93H	AL_4	Y93H	NS5A:93H:AL_4:ledipasvir	category_II	II	2	0		1	0	1	NS5A:93H:AL_4	ledipasvir	ledipasvir	drug_resistance
NS5A	1	93	H	REF_MASTER_NC_004102	NS5A:93H	aminoAcidSimplePolymorphism	NS5A:93H	single				phdr_ras:NS5A:93H	NS5A:93H	AL_4	Y93H	NS5A:93H:AL_4:ombitasvir	category_II	II	2	1	60	0			NS5A:93H:AL_4	ombitasvir	ombitasvir	drug_resistance
NS5A	1	93	H	REF_MASTER_NC_004102	NS5A:93H	aminoAcidSimplePolymorphism	NS5A:93H	single				phdr_ras:NS5A:93H	NS5A:93H	AL_4a	Y93H	NS5A:93H:AL_4a:daclatasvir	category_II	II	2	1	505	0			NS5A:93H:AL_4a	daclatasvir	daclatasvir	drug_resistance
NS5A	1	93	H	REF_MASTER_NC_004102	NS5A:93H	aminoAcidSimplePolymorphism	NS5A:93H	single				phdr_ras:NS5A:93H	NS5A:93H	AL_4a	Y93H	NS5A:93H:AL_4a:velpatasvir	insignificant	-	4	1	2.9	0			NS5A:93H:AL_4a	velpatasvir	velpatasvir	drug_resistance
NS5A	1	93	H	REF_MASTER_NC_004102	NS5A:93H	aminoAcidSimplePolymorphism	NS5A:93H	single				phdr_ras:NS5A:93H	NS5A:93H	AL_4d	Y93H	NS5A:93H:AL_4d:velpatasvir	category_II	II	2	0		1	0	1	NS5A:93H:AL_4d	velpatasvir	velpatasvir	drug_resistance
NS5A	1	93	H	REF_MASTER_NC_004102	NS5A:93H	aminoAcidSimplePolymorphism	NS5A:93H+99A	combination	NS5A:93H+99A	2	1	phdr_ras:NS5A:93H+99A	NS5A:93H+99A	AL_3a	Y93H+T99A	NS5A:93H+99A:AL_3a:daclatasvir	category_II	II	2	1	1000	0			NS5A:93H+99A:AL_3a	daclatasvir	daclatasvir	drug_resistance
NS5A	1	93	H	REF_MASTER_NC_004102	NS5A:93H	aminoAcidSimplePolymorphism	NS5A:93H+99A	combination	NS5A:93H+99A	2	1	phdr_ras:NS5A:93H+99A	NS5A:93H+99A	AL_3a	Y93H+T99A	NS5A:93H+99A:AL_3a:elbasvir	category_II	II	2	1	539.5	0			NS5A:93H+99A:AL_3a	elbasvir	elbasvir	drug_resistance
NS5A	1	93	H	REF_MASTER_NC_004102	NS5A:93H	aminoAcidSimplePolymorphism	NS5A:93H+99A	combination	NS5A:93H+99A	2	1	phdr_ras:NS5A:93H+99A	NS5A:93H+99A	AL_3a	Y93H+T99A	NS5A:93H+99A:AL_3a:velpatasvir	category_II	II	2	1	539.5	0			NS5A:93H+99A:AL_3a	velpatasvir	velpatasvir	drug_resistance
NS5A	1	93	I	REF_MASTER_NC_004102	NS5A:93I	aminoAcidSimplePolymorphism	NS5A:93I	single				phdr_ras:NS5A:93I	NS5A:93I	AL_6a	T93I	NS5A:93I:AL_6a:ombitasvir	category_III	III	3	1	29	0			NS5A:93I:AL_6a	ombitasvir	ombitasvir	drug_resistance
NS5A	1	93	L	REF_MASTER_NC_004102	NS5A:93L	aminoAcidSimplePolymorphism	NS5A:93L	single				phdr_ras:NS5A:93L	NS5A:93L	AL_1a	Y93L	NS5A:93L:AL_1a:ombitasvir	category_II	II	2	0		1	1	0	NS5A:93L:AL_1a	ombitasvir	ombitasvir	drug_resistance
NS5A	1	93	N	REF_MASTER_NC_004102	NS5A:93N	aminoAcidSimplePolymorphism	NS5A:28M+93N	combination	NS5A:28M+93N	2	2	phdr_ras:NS5A:28M+93N	NS5A:28M+93N	AL_1b	L28M+Y93N	NS5A:28M+93N:AL_1b:daclatasvir	category_II	II	2	1	1000	0			NS5A:28M+93N:AL_1b	daclatasvir	daclatasvir	drug_resistance
NS5A	1	93	N	REF_MASTER_NC_004102	NS5A:93N	aminoAcidSimplePolymorphism	NS5A:28M+93N	combination	NS5A:28M+93N	2	2	phdr_ras:NS5A:28M+93N	NS5A:28M+93N	AL_1b	L28M+Y93N	NS5A:28M+93N:AL_1b:elbasvir	category_II	II	2	1	1000	0			NS5A:28M+93N:AL_1b	elbasvir	elbasvir	drug_resistance
NS5A	1	93	N	REF_MASTER_NC_004102	NS5A:93N	aminoAcidSimplePolymorphism	NS5A:28M+93N	combination	NS5A:28M+93N	2	2	phdr_ras:NS5A:28M+93N	NS5A:28M+93N	AL_1b	L28M+Y93N	NS5A:28M+93N:AL_1b:velpatasvir	category_II	II	2	1	539.5	0			NS5A:28M+93N:AL_1b	velpatasvir	velpatasvir	drug_resistance
NS5A	1	93	N	REF_MASTER_NC_004102	NS5A:93N	aminoAcidSimplePolymorphism	NS5A:30D+93N	combination	NS5A:30D+93N	2	2	phdr_ras:NS5A:30D+93N	NS5A:30D+93N	AL_1a	Q30D+Y93N	NS5A:30D+93N:AL_1a:elbasvir	category_II	II	2	1	21600	0			NS5A:30D+93N:AL_1a	elbasvir	elbasvir	drug_resistance
NS5A	1	93	N	REF_MASTER_NC_004102	NS5A:93N	aminoAcidSimplePolymorphism	NS5A:30E+93N	combination	NS5A:30E+93N	2	2	phdr_ras:NS5A:30E+93N	NS5A:30E+93N	AL_1b	R30E+Y93N	NS5A:30E+93N:AL_1b:daclatasvir	category_II	II	2	0		1	0	1	NS5A:30E+93N:AL_1b	daclatasvir	daclatasvir	drug_resistance
NS5A	1	93	N	REF_MASTER_NC_004102	NS5A:93N	aminoAcidSimplePolymorphism	NS5A:30R+93N	combination	NS5A:30R+93N	2	2	phdr_ras:NS5A:30R+93N	NS5A:30R+93N	AL_1a	Q30R+Y93N	NS5A:30R+93N:AL_1a:pibrentasvir	category_II	II	2	1	131	0			NS5A:30R+93N:AL_1a	pibrentasvir	pibrentasvir	drug_resistance
NS5A	1	93	N	REF_MASTER_NC_004102	NS5A:93N	aminoAcidSimplePolymorphism	NS5A:31V+93N	combination	NS5A:31V+93N	2	2	phdr_ras:NS5A:31V+93N	NS5A:31V+93N	AL_1a	L31V+Y93N	NS5A:31V+93N:AL_1a:elbasvir	category_I	I	1	1	53571	1	1	0	NS5A:31V+93N:AL_1a	elbasvir	elbasvir	drug_resistance
NS5A	1	93	N	REF_MASTER_NC_004102	NS5A:93N	aminoAcidSimplePolymorphism	NS5A:58Q+93N	combination	NS5A:58Q+93N	2	2	phdr_ras:NS5A:58Q+93N	NS5A:58Q+93N	AL_1b	P58Q+Y93N	NS5A:58Q+93N:AL_1b:daclatasvir	category_II	II	2	0		1	0	1	NS5A:58Q+93N:AL_1b	daclatasvir	daclatasvir	drug_resistance
NS5A	1	93	N	REF_MASTER_NC_004102	NS5A:93N	aminoAcidSimplePolymorphism	NS5A:93N	single				phdr_ras:NS5A:93N	NS5A:93N	AL_1a	Y93N	NS5A:93N:AL_1a:daclatasvir	category_I	I	1	1	47477	1	1	1	NS5A:93N:AL_1a	daclatasvir	daclatasvir	drug_resistance
NS5A	1	93	N	REF_MASTER_NC_004102	NS5A:93N	aminoAcidSimplePolymorphism	NS5A:93N	single				phdr_ras:NS5A:93N	NS5A:93N	AL_1a	Y93N	NS5A:93N:AL_1a:elbasvir	category_I	I	1	1	1464.5	1	1	1	NS5A:93N:AL_1a	elbasvir	elbasvir	drug_resistance
NS5A	1	93	N	REF_MASTER_NC_004102	NS5A:93N	aminoAcidSimplePolymorphism	NS5A:93N	single				phdr_ras:NS5A:93N	NS5A:93N	AL_1a	Y93N	NS5A:93N:AL_1a:ledipasvir	category_I	I	1	1	6677.4	1	1	1	NS5A:93N:AL_1a	ledipasvir	ledipasvir	drug_resistance
NS5A	1	93	N	REF_MASTER_NC_004102	NS5A:93N	aminoAcidSimplePolymorphism	NS5A:93N	single				phdr_ras:NS5A:93N	NS5A:93N	AL_1a	Y93N	NS5A:93N:AL_1a:ombitasvir	category_I	I	1	1	66740	1	1	0	NS5A:93N:AL_1a	ombitasvir	ombitasvir	drug_resistance
NS5A	1	93	N	REF_MASTER_NC_004102	NS5A:93N	aminoAcidSimplePolymorphism	NS5A:93N	single				phdr_ras:NS5A:93N	NS5A:93N	AL_1a	Y93N	NS5A:93N:AL_1a:pibrentasvir	category_I	I	1	1	7.1	1	1	0	NS5A:93N:AL_1a	pibrentasvir	pibrentasvir	drug_resistance
NS5A	1	93	N	REF_MASTER_NC_004102	NS5A:93N	aminoAcidSimplePolymorphism	NS5A:93N	single				phdr_ras:NS5A:93N	NS5A:93N	AL_1a	Y93N	NS5A:93N:AL_1a:velpatasvir	category_I	I	1	1	2758	1	1	1	NS5A:93N:AL_1a	velpatasvir	velpatasvir	drug_resistance
NS5A	1	93	N	REF_MASTER_NC_004102	NS5A:93N	aminoAcidSimplePolymorphism	NS5A:93N	single				phdr_ras:NS5A:93N	NS5A:93N	AL_1b	Y93N	NS5A:93N:AL_1b:daclatasvir	category_I	I	1	1	539.5	1	0	1	NS5A:93N:AL_1b	daclatasvir	daclatasvir	drug_resistance
NS5A	1	93	N	REF_MASTER_NC_004102	NS5A:93N	aminoAcidSimplePolymorphism	NS5A:93N	single				phdr_ras:NS5A:93N	NS5A:93N	AL_1b	Y93N	NS5A:93N:AL_1b:elbasvir	category_III	III	3	1	41.5	0			NS5A:93N:AL_1b	elbasvir	elbasvir	drug_resistance
NS5A	1	93	N	REF_MASTER_NC_004102	NS5A:93N	aminoAcidSimplePolymorphism	NS5A:93N	single				phdr_ras:NS5A:93N	NS5A:93N	AL_1b	Y93N	NS5A:93N:AL_1b:ledipasvir	category_II	II	2	1	110.4	0			NS5A:93N:AL_1b	ledipasvir	ledipasvir	drug_resistance
NS5A	1	93	N	REF_MASTER_NC_004102	NS5A:93N	aminoAcidSimplePolymorphism	NS5A:93N	single				phdr_ras:NS5A:93N	NS5A:93N	AL_1b	Y93N	NS5A:93N:AL_1b:velpatasvir	category_III	III	3	1	41.5	0			NS5A:93N:AL_1b	velpatasvir	velpatasvir	drug_resistance
NS5A	1	93	N	REF_MASTER_NC_004102	NS5A:93N	aminoAcidSimplePolymorphism	NS5A:93N	single				phdr_ras:NS5A:93N	NS5A:93N	AL_2a	Y93N	NS5A:93N:AL_2a:daclatasvir	category_III	III	3	1	41.5	0			NS5A:93N:AL_2a	daclatasvir	daclatasvir	drug_resistance
NS5A	1	93	N	REF_MASTER_NC_004102	NS5A:93N	aminoAcidSimplePolymorphism	NS5A:93N	single				phdr_ras:NS5A:93N	NS5A:93N	AL_4a	Y93N	NS5A:93N:AL_4a:velpatasvir	category_III	III	3	1	12.7	0			NS5A:93N:AL_4a	velpatasvir	velpatasvir	drug_resistance
NS5A	1	93	R	REF_MASTER_NC_004102	NS5A:93R	aminoAcidSimplePolymorphism	NS5A:30I+93R	combination	NS5A:30I+93R	2	2	phdr_ras:NS5A:30I+93R	NS5A:30I+93R	AL_4a	L30I+Y93R	NS5A:30I+93R:AL_4a:daclatasvir	category_II	II	2	1	9100	0			NS5A:30I+93R:AL_4a	daclatasvir	daclatasvir	drug_resistance
NS5A	1	93	R	REF_MASTER_NC_004102	NS5A:93R	aminoAcidSimplePolymorphism	NS5A:93R	single				phdr_ras:NS5A:93R	NS5A:93R	AL_1a	Y93R	NS5A:93R:AL_1a:velpatasvir	category_II	II	2	1	497.2	0			NS5A:93R:AL_1a	velpatasvir	velpatasvir	drug_resistance
NS5A	1	93	R	REF_MASTER_NC_004102	NS5A:93R	aminoAcidSimplePolymorphism	NS5A:93R	single				phdr_ras:NS5A:93R	NS5A:93R	AL_4a	Y93R	NS5A:93R:AL_4a:daclatasvir	category_II	II	2	1	454	0			NS5A:93R:AL_4a	daclatasvir	daclatasvir	drug_resistance
NS5A	1	93	S	REF_MASTER_NC_004102	NS5A:93S	aminoAcidSimplePolymorphism	NS5A:28T+93S	combination	NS5A:28T+93S	2	2	phdr_ras:NS5A:28T+93S	NS5A:28T+93S	AL_1a	M28T+Y93S	NS5A:28T+93S:AL_1a:elbasvir	category_II	II	2	0		1	0	1	NS5A:28T+93S:AL_1a	elbasvir	elbasvir	drug_resistance
NS5A	1	93	S	REF_MASTER_NC_004102	NS5A:93S	aminoAcidSimplePolymorphism	NS5A:28V+30S+93S	combination	NS5A:28V+30S+93S	3	3	phdr_ras:NS5A:28V+30S+93S	NS5A:28V+30S+93S	AL_6a	F/L28V+R30S+T93S	NS5A:28V+30S+93S:AL_6a:ombitasvir	category_II	II	2	1	174	0			NS5A:28V+30S+93S:AL_6a	ombitasvir	ombitasvir	drug_resistance
NS5A	1	93	S	REF_MASTER_NC_004102	NS5A:93S	aminoAcidSimplePolymorphism	NS5A:30L+93S	combination	NS5A:30L+93S	2	2	phdr_ras:NS5A:30L+93S	NS5A:30L+93S	AL_1a	Q30L+Y93S	NS5A:30L+93S:AL_1a:ombitasvir	category_II	II	2	1	218	0			NS5A:30L+93S:AL_1a	ombitasvir	ombitasvir	drug_resistance
NS5A	1	93	S	REF_MASTER_NC_004102	NS5A:93S	aminoAcidSimplePolymorphism	NS5A:93S	single				phdr_ras:NS5A:93S	NS5A:93S	AL_1a	Y93S	NS5A:93S:AL_1a:elbasvir	category_II	II	2	0		1	1	0	NS5A:93S:AL_1a	elbasvir	elbasvir	drug_resistance
NS5A	1	93	S	REF_MASTER_NC_004102	NS5A:93S	aminoAcidSimplePolymorphism	NS5A:93S	single				phdr_ras:NS5A:93S	NS5A:93S	AL_1a	Y93S	NS5A:93S:AL_1a:ledipasvir	category_II	II	2	1	1626.1	0			NS5A:93S:AL_1a	ledipasvir	ledipasvir	drug_resistance
NS5A	1	93	S	REF_MASTER_NC_004102	NS5A:93S	aminoAcidSimplePolymorphism	NS5A:93S	single				phdr_ras:NS5A:93S	NS5A:93S	AL_1a	Y93S	NS5A:93S:AL_1a:ombitasvir	category_II	II	2	1	1013	0			NS5A:93S:AL_1a	ombitasvir	ombitasvir	drug_resistance
NS5A	1	93	S	REF_MASTER_NC_004102	NS5A:93S	aminoAcidSimplePolymorphism	NS5A:93S	single				phdr_ras:NS5A:93S	NS5A:93S	AL_1a	Y93S	NS5A:93S:AL_1a:velpatasvir	category_II	II	2	1	63.9	0			NS5A:93S:AL_1a	velpatasvir	velpatasvir	drug_resistance
NS5A	1	93	S	REF_MASTER_NC_004102	NS5A:93S	aminoAcidSimplePolymorphism	NS5A:93S	single				phdr_ras:NS5A:93S	NS5A:93S	AL_1b	Y93S	NS5A:93S:AL_1b:ledipasvir	category_II	II	2	1	141.6	0			NS5A:93S:AL_1b	ledipasvir	ledipasvir	drug_resistance
NS5A	1	93	S	REF_MASTER_NC_004102	NS5A:93S	aminoAcidSimplePolymorphism	NS5A:93S	single				phdr_ras:NS5A:93S	NS5A:93S	AL_1b	Y93S	NS5A:93S:AL_1b:ombitasvir	category_III	III	3	1	12	0			NS5A:93S:AL_1b	ombitasvir	ombitasvir	drug_resistance
NS5A	1	93	S	REF_MASTER_NC_004102	NS5A:93S	aminoAcidSimplePolymorphism	NS5A:93S	single				phdr_ras:NS5A:93S	NS5A:93S	AL_4a	Y93S	NS5A:93S:AL_4a:daclatasvir	category_II	II	2	1	505	0			NS5A:93S:AL_4a	daclatasvir	daclatasvir	drug_resistance
NS5A	1	93	S	REF_MASTER_NC_004102	NS5A:93S	aminoAcidSimplePolymorphism	NS5A:93S	single				phdr_ras:NS5A:93S	NS5A:93S	AL_6a	T93S	NS5A:93S:AL_6a:ombitasvir	category_III	III	3	1	46	0			NS5A:93S:AL_6a	ombitasvir	ombitasvir	drug_resistance
NS5A	1	93	W	REF_MASTER_NC_004102	NS5A:93W	aminoAcidSimplePolymorphism	NS5A:93W	single				phdr_ras:NS5A:93W	NS5A:93W	AL_1a	Y93W	NS5A:93W:AL_1a:velpatasvir	category_II	II	2	1	998.9	0			NS5A:93W:AL_1a	velpatasvir	velpatasvir	drug_resistance
NS5A	1	93	W	REF_MASTER_NC_004102	NS5A:93W	aminoAcidSimplePolymorphism	NS5A:93W	single				phdr_ras:NS5A:93W	NS5A:93W	AL_4a	Y93W	NS5A:93W:AL_4a:daclatasvir	category_II	II	2	1	1000	0			NS5A:93W:AL_4a	daclatasvir	daclatasvir	drug_resistance
NS5A	1	99	A	REF_MASTER_NC_004102	NS5A:99A	aminoAcidSimplePolymorphism	NS5A:93H+99A	combination	NS5A:93H+99A	2	2	phdr_ras:NS5A:93H+99A	NS5A:93H+99A	AL_3a	Y93H+T99A	NS5A:93H+99A:AL_3a:daclatasvir	category_II	II	2	1	1000	0			NS5A:93H+99A:AL_3a	daclatasvir	daclatasvir	drug_resistance
NS5A	1	99	A	REF_MASTER_NC_004102	NS5A:99A	aminoAcidSimplePolymorphism	NS5A:93H+99A	combination	NS5A:93H+99A	2	2	phdr_ras:NS5A:93H+99A	NS5A:93H+99A	AL_3a	Y93H+T99A	NS5A:93H+99A:AL_3a:elbasvir	category_II	II	2	1	539.5	0			NS5A:93H+99A:AL_3a	elbasvir	elbasvir	drug_resistance
NS5A	1	99	A	REF_MASTER_NC_004102	NS5A:99A	aminoAcidSimplePolymorphism	NS5A:93H+99A	combination	NS5A:93H+99A	2	2	phdr_ras:NS5A:93H+99A	NS5A:93H+99A	AL_3a	Y93H+T99A	NS5A:93H+99A:AL_3a:velpatasvir	category_II	II	2	1	539.5	0			NS5A:93H+99A:AL_3a	velpatasvir	velpatasvir	drug_resistance
NS5A	1	99	A	REF_MASTER_NC_004102	NS5A:99A	aminoAcidSimplePolymorphism	NS5A:99A	single				phdr_ras:NS5A:99A	NS5A:99A															drug_resistance
NS5B	1	100	R	REF_MASTER_NC_004102	NS5B:100R	aminoAcidSimplePolymorphism	NS5B:100R	single				phdr_ras:NS5B:100R	NS5B:100R	AL_3a	K100R	NS5B:100R:AL_3a:sofosbuvir	insignificant	-	4	1	2	0			NS5B:100R:AL_3a	sofosbuvir	sofosbuvir	drug_resistance
NS5B	1	100	R	REF_MASTER_NC_004102	NS5B:100R	aminoAcidSimplePolymorphism	NS5B:100R+188D	combination	NS5B:100R+188D	2	1	phdr_ras:NS5B:100R+188D	NS5B:100R+188D	AL_3a	K100R+G188D	NS5B:100R+188D:AL_3a:sofosbuvir	category_III	III	3	1	31.8	0			NS5B:100R+188D:AL_3a	sofosbuvir	sofosbuvir	drug_resistance
NS5B	1	150	V	REF_MASTER_NC_004102	NS5B:150V	aminoAcidSimplePolymorphism	NS5B:150V	single				phdr_ras:NS5B:150V	NS5B:150V	AL_3a	A/T/V150V	NS5B:150V:AL_3a:sofosbuvir	category_I	I	1	1	7.8	1	1	0	NS5B:150V:AL_3a	sofosbuvir	sofosbuvir	drug_resistance
NS5B	1	150	V	REF_MASTER_NC_004102	NS5B:150V	aminoAcidSimplePolymorphism	NS5B:150V+206E	combination	NS5B:150V+206E	2	1	phdr_ras:NS5B:150V+206E	NS5B:150V+206E	AL_3a	A/T/V150V+E/K206E	NS5B:150V+206E:AL_3a:sofosbuvir	category_III	III	3	1	35.8	0			NS5B:150V+206E:AL_3a	sofosbuvir	sofosbuvir	drug_resistance
NS5B	1	159	F	REF_MASTER_NC_004102	NS5B:159F	aminoAcidSimplePolymorphism	NS5B:159F	single				phdr_ras:NS5B:159F	NS5B:159F	AL_1	L159F	NS5B:159F:AL_1:sofosbuvir	category_II	II	2	0		1	0	1	NS5B:159F:AL_1	sofosbuvir	sofosbuvir	drug_resistance
NS5B	1	159	F	REF_MASTER_NC_004102	NS5B:159F	aminoAcidSimplePolymorphism	NS5B:159F	single				phdr_ras:NS5B:159F	NS5B:159F	AL_1a	L159F	NS5B:159F:AL_1a:sofosbuvir	category_II	II	2	0		1	0	1	NS5B:159F:AL_1a	sofosbuvir	sofosbuvir	drug_resistance
NS5B	1	159	F	REF_MASTER_NC_004102	NS5B:159F	aminoAcidSimplePolymorphism	NS5B:159F	single				phdr_ras:NS5B:159F	NS5B:159F	AL_1b	F/L159F	NS5B:159F:AL_1b:dasabuvir	category_III	III	3	1	11	0			NS5B:159F:AL_1b	dasabuvir	dasabuvir	drug_resistance
NS5B	1	159	F	REF_MASTER_NC_004102	NS5B:159F	aminoAcidSimplePolymorphism	NS5B:159F	single				phdr_ras:NS5B:159F	NS5B:159F	AL_1b	F/L159F	NS5B:159F:AL_1b:sofosbuvir	category_I	I	1	0		1	1	1	NS5B:159F:AL_1b	sofosbuvir	sofosbuvir	drug_resistance
NS5B	1	159	F	REF_MASTER_NC_004102	NS5B:159F	aminoAcidSimplePolymorphism	NS5B:159F	single				phdr_ras:NS5B:159F	NS5B:159F	AL_2	L159F	NS5B:159F:AL_2:sofosbuvir	category_II	II	2	0		1	0	1	NS5B:159F:AL_2	sofosbuvir	sofosbuvir	drug_resistance
NS5B	1	159	F	REF_MASTER_NC_004102	NS5B:159F	aminoAcidSimplePolymorphism	NS5B:159F	single				phdr_ras:NS5B:159F	NS5B:159F	AL_3	L159F	NS5B:159F:AL_3:sofosbuvir	category_I	I	1	0		1	1	1	NS5B:159F:AL_3	sofosbuvir	sofosbuvir	drug_resistance
NS5B	1	159	F	REF_MASTER_NC_004102	NS5B:159F	aminoAcidSimplePolymorphism	NS5B:159F	single				phdr_ras:NS5B:159F	NS5B:159F	AL_3a	L159F	NS5B:159F:AL_3a:sofosbuvir	category_II	II	2	1	2	1	0	1	NS5B:159F:AL_3a	sofosbuvir	sofosbuvir	drug_resistance
NS5B	1	159	F	REF_MASTER_NC_004102	NS5B:159F	aminoAcidSimplePolymorphism	NS5B:159F+282T	combination	NS5B:159F+282T	2	1	phdr_ras:NS5B:159F+282T	NS5B:159F+282T	AL_1a	L159F+S282T	NS5B:159F+282T:AL_1a:sofosbuvir	category_III	III	3	1	30	0			NS5B:159F+282T:AL_1a	sofosbuvir	sofosbuvir	drug_resistance
NS5B	1	159	F	REF_MASTER_NC_004102	NS5B:159F	aminoAcidSimplePolymorphism	NS5B:159F+282T	combination	NS5B:159F+282T	2	1	phdr_ras:NS5B:159F+282T	NS5B:159F+282T	AL_1b	F/L159F+S282T	NS5B:159F+282T:AL_1b:sofosbuvir	category_III	III	3	1	11	0			NS5B:159F+282T:AL_1b	sofosbuvir	sofosbuvir	drug_resistance
NS5B	1	159	F	REF_MASTER_NC_004102	NS5B:159F	aminoAcidSimplePolymorphism	NS5B:159F+282T+320F	combination	NS5B:159F+282T+320F	3	1	phdr_ras:NS5B:159F+282T+320F	NS5B:159F+282T+320F	AL_1b	F/L159F+S282T+L320F	NS5B:159F+282T+320F:AL_1b:sofosbuvir	category_III	III	3	1	23	0			NS5B:159F+282T+320F:AL_1b	sofosbuvir	sofosbuvir	drug_resistance
NS5B	1	159	F	REF_MASTER_NC_004102	NS5B:159F	aminoAcidSimplePolymorphism	NS5B:159F+316H	combination	NS5B:159F+316H	2	1	phdr_ras:NS5B:159F+316H	NS5B:159F+316H	AL_1b	F/L159F+C/N316H	NS5B:159F+316H:AL_1b:sofosbuvir	category_II	II	2	0		1	0	1	NS5B:159F+316H:AL_1b	sofosbuvir	sofosbuvir	drug_resistance
NS5B	1	159	F	REF_MASTER_NC_004102	NS5B:159F	aminoAcidSimplePolymorphism	NS5B:159F+316N	combination	NS5B:159F+316N	2	1	phdr_ras:NS5B:159F+316N	NS5B:159F+316N	AL_1b	F/L159F+C/N316N	NS5B:159F+316N:AL_1b:dasabuvir	category_II	II	2	0		1	1	0	NS5B:159F+316N:AL_1b	dasabuvir	dasabuvir	drug_resistance
NS5B	1	159	F	REF_MASTER_NC_004102	NS5B:159F	aminoAcidSimplePolymorphism	NS5B:159F+316N	combination	NS5B:159F+316N	2	1	phdr_ras:NS5B:159F+316N	NS5B:159F+316N	AL_1b	F/L159F+C/N316N	NS5B:159F+316N:AL_1b:sofosbuvir	category_I	I	1	0		1	1	1	NS5B:159F+316N:AL_1b	sofosbuvir	sofosbuvir	drug_resistance
NS5B	1	159	F	REF_MASTER_NC_004102	NS5B:159F	aminoAcidSimplePolymorphism	NS5B:159F+316N	combination	NS5B:159F+316N	2	1	phdr_ras:NS5B:159F+316N	NS5B:159F+316N	AL_3	L159F+C316N	NS5B:159F+316N:AL_3:sofosbuvir	category_II	II	2	0		1	1	0	NS5B:159F+316N:AL_3	sofosbuvir	sofosbuvir	drug_resistance
NS5B	1	159	F	REF_MASTER_NC_004102	NS5B:159F	aminoAcidSimplePolymorphism	NS5B:159F+320F	combination	NS5B:159F+320F	2	1	phdr_ras:NS5B:159F+320F	NS5B:159F+320F	AL_1a	L159F+L320F	NS5B:159F+320F:AL_1a:sofosbuvir	insignificant	-	4	1	4.3	0			NS5B:159F+320F:AL_1a	sofosbuvir	sofosbuvir	drug_resistance
NS5B	1	159	F	REF_MASTER_NC_004102	NS5B:159F	aminoAcidSimplePolymorphism	NS5B:159F+320F	combination	NS5B:159F+320F	2	1	phdr_ras:NS5B:159F+320F	NS5B:159F+320F	AL_1b	F/L159F+L320F	NS5B:159F+320F:AL_1b:sofosbuvir	insignificant	-	4	1	2.6	0			NS5B:159F+320F:AL_1b	sofosbuvir	sofosbuvir	drug_resistance
NS5B	1	159	F	REF_MASTER_NC_004102	NS5B:159F	aminoAcidSimplePolymorphism	NS5B:159F+321A	combination	NS5B:159F+321A	2	1	phdr_ras:NS5B:159F+321A	NS5B:159F+321A	AL_1b	F/L159F+V321A	NS5B:159F+321A:AL_1b:sofosbuvir	category_II	II	2	0		1	0	1	NS5B:159F+321A:AL_1b	sofosbuvir	sofosbuvir	drug_resistance
NS5B	1	159	F	REF_MASTER_NC_004102	NS5B:159F	aminoAcidSimplePolymorphism	NS5B:282T+159F	combination	NS5B:282T+159F	2	2	phdr_ras:NS5B:282T+159F	NS5B:282T+159F	AL_1a	S282T+L159F	NS5B:282T+159F:AL_1a:sofosbuvir	category_II	II	2	0		1	0	1	NS5B:282T+159F:AL_1a	sofosbuvir	sofosbuvir	drug_resistance
NS5B	1	179	A	REF_MASTER_NC_004102	NS5B:179A	aminoAcidSimplePolymorphism	NS5B:179A	single				phdr_ras:NS5B:179A	NS5B:179A	AL_1b	V179A	NS5B:179A:AL_1b:sofosbuvir	insignificant	-	4	1	2	0			NS5B:179A:AL_1b	sofosbuvir	sofosbuvir	drug_resistance
NS5B	1	179	A	REF_MASTER_NC_004102	NS5B:179A	aminoAcidSimplePolymorphism	NS5B:179A+282T+289L+293L	combination	NS5B:179A+282T+289L+293L	4	1	phdr_ras:NS5B:179A+282T+289L+293L	NS5B:179A+282T+289L+293L	AL_2a	T179A+S282T+M289L+I293L	NS5B:179A+282T+289L+293L:AL_2a:sofosbuvir	category_III	III	3	1	9.5	0			NS5B:179A+282T+289L+293L:AL_2a	sofosbuvir	sofosbuvir	drug_resistance
NS5B	1	179	A	REF_MASTER_NC_004102	NS5B:179A	aminoAcidSimplePolymorphism	NS5B:179A+282T+289L+293L+434T	combination	NS5B:179A+282T+289L+293L+434T	5	1	phdr_ras:NS5B:179A+282T+289L+293L+434T	NS5B:179A+282T+289L+293L+434T	AL_2a	T179A+S282T+M289L+I293L+M434T	NS5B:179A+282T+289L+293L+434T:AL_2a:sofosbuvir	category_III	III	3	1	10.6	0			NS5B:179A+282T+289L+293L+434T:AL_2a	sofosbuvir	sofosbuvir	drug_resistance
NS5B	1	179	A	REF_MASTER_NC_004102	NS5B:179A	aminoAcidSimplePolymorphism	NS5B:179A+282T+289L+293L+479P	combination	NS5B:179A+282T+289L+293L+479P	5	1	phdr_ras:NS5B:179A+282T+289L+293L+479P	NS5B:179A+282T+289L+293L+479P	AL_2a	T179A+S282T+M289L+I293L+P479P	NS5B:179A+282T+289L+293L+479P:AL_2a:sofosbuvir	category_III	III	3	1	11.8	0			NS5B:179A+282T+289L+293L+479P:AL_2a	sofosbuvir	sofosbuvir	drug_resistance
NS5B	1	179	A	REF_MASTER_NC_004102	NS5B:179A	aminoAcidSimplePolymorphism	NS5B:179A+282T+289L+479P	combination	NS5B:179A+282T+289L+479P	4	1	phdr_ras:NS5B:179A+282T+289L+479P	NS5B:179A+282T+289L+479P	AL_2a	T179A+S282T+M289L+P479P	NS5B:179A+282T+289L+479P:AL_2a:sofosbuvir	category_III	III	3	1	11.4	0			NS5B:179A+282T+289L+479P:AL_2a	sofosbuvir	sofosbuvir	drug_resistance
NS5B	1	179	A	REF_MASTER_NC_004102	NS5B:179A	aminoAcidSimplePolymorphism	NS5B:179A+282T+293L	combination	NS5B:179A+282T+293L	3	1	phdr_ras:NS5B:179A+282T+293L	NS5B:179A+282T+293L	AL_2a	T179A+S282T+I293L	NS5B:179A+282T+293L:AL_2a:sofosbuvir	category_III	III	3	1	8.3	0			NS5B:179A+282T+293L:AL_2a	sofosbuvir	sofosbuvir	drug_resistance
NS5B	1	179	A	REF_MASTER_NC_004102	NS5B:179A	aminoAcidSimplePolymorphism	NS5B:179A+282T+293L+479P	combination	NS5B:179A+282T+293L+479P	4	1	phdr_ras:NS5B:179A+282T+293L+479P	NS5B:179A+282T+293L+479P	AL_2a	T179A+S282T+I293L+P479P	NS5B:179A+282T+293L+479P:AL_2a:sofosbuvir	category_III	III	3	1	9	0			NS5B:179A+282T+293L+479P:AL_2a	sofosbuvir	sofosbuvir	drug_resistance
NS5B	1	188	D	REF_MASTER_NC_004102	NS5B:188D	aminoAcidSimplePolymorphism	NS5B:100R+188D	combination	NS5B:100R+188D	2	2	phdr_ras:NS5B:100R+188D	NS5B:100R+188D	AL_3a	K100R+G188D	NS5B:100R+188D:AL_3a:sofosbuvir	category_III	III	3	1	31.8	0			NS5B:100R+188D:AL_3a	sofosbuvir	sofosbuvir	drug_resistance
NS5B	1	188	D	REF_MASTER_NC_004102	NS5B:188D	aminoAcidSimplePolymorphism	NS5B:188D	single				phdr_ras:NS5B:188D	NS5B:188D	AL_3a	G188D	NS5B:188D:AL_3a:sofosbuvir	category_III	III	3	1	10.9	0			NS5B:188D:AL_3a	sofosbuvir	sofosbuvir	drug_resistance
NS5B	1	206	E	REF_MASTER_NC_004102	NS5B:206E	aminoAcidSimplePolymorphism	NS5B:150V+206E	combination	NS5B:150V+206E	2	2	phdr_ras:NS5B:150V+206E	NS5B:150V+206E	AL_3a	A/T/V150V+E/K206E	NS5B:150V+206E:AL_3a:sofosbuvir	category_III	III	3	1	35.8	0			NS5B:150V+206E:AL_3a	sofosbuvir	sofosbuvir	drug_resistance
NS5B	1	206	E	REF_MASTER_NC_004102	NS5B:206E	aminoAcidSimplePolymorphism	NS5B:206E	single				phdr_ras:NS5B:206E	NS5B:206E	AL_3a	E/K206E	NS5B:206E:AL_3a:sofosbuvir	category_III	III	3	1	8.3	0			NS5B:206E:AL_3a	sofosbuvir	sofosbuvir	drug_resistance
NS5B	1	237	G	REF_MASTER_NC_004102	NS5B:237G	aminoAcidSimplePolymorphism	NS5B:237G	single				phdr_ras:NS5B:237G	NS5B:237G	AL_1a	E237G	NS5B:237G:AL_1a:sofosbuvir	category_II	II	2	0		1	0	1	NS5B:237G:AL_1a	sofosbuvir	sofosbuvir	drug_resistance
NS5B	1	244	I	REF_MASTER_NC_004102	NS5B:244I	aminoAcidSimplePolymorphism	NS5B:244I	single				phdr_ras:NS5B:244I	NS5B:244I	AL_3a	D/N244I	NS5B:244I:AL_3a:sofosbuvir	category_III	III	3	1	16.4	0			NS5B:244I:AL_3a	sofosbuvir	sofosbuvir	drug_resistance
NS5B	1	282	T	REF_MASTER_NC_004102	NS5B:282T	aminoAcidSimplePolymorphism	NS5B:159F+282T	combination	NS5B:159F+282T	2	2	phdr_ras:NS5B:159F+282T	NS5B:159F+282T	AL_1a	L159F+S282T	NS5B:159F+282T:AL_1a:sofosbuvir	category_III	III	3	1	30	0			NS5B:159F+282T:AL_1a	sofosbuvir	sofosbuvir	drug_resistance
NS5B	1	282	T	REF_MASTER_NC_004102	NS5B:282T	aminoAcidSimplePolymorphism	NS5B:159F+282T	combination	NS5B:159F+282T	2	2	phdr_ras:NS5B:159F+282T	NS5B:159F+282T	AL_1b	F/L159F+S282T	NS5B:159F+282T:AL_1b:sofosbuvir	category_III	III	3	1	11	0			NS5B:159F+282T:AL_1b	sofosbuvir	sofosbuvir	drug_resistance
NS5B	1	282	T	REF_MASTER_NC_004102	NS5B:282T	aminoAcidSimplePolymorphism	NS5B:159F+282T+320F	combination	NS5B:159F+282T+320F	3	2	phdr_ras:NS5B:159F+282T+320F	NS5B:159F+282T+320F	AL_1b	F/L159F+S282T+L320F	NS5B:159F+282T+320F:AL_1b:sofosbuvir	category_III	III	3	1	23	0			NS5B:159F+282T+320F:AL_1b	sofosbuvir	sofosbuvir	drug_resistance
NS5B	1	282	T	REF_MASTER_NC_004102	NS5B:282T	aminoAcidSimplePolymorphism	NS5B:179A+282T+289L+293L	combination	NS5B:179A+282T+289L+293L	4	2	phdr_ras:NS5B:179A+282T+289L+293L	NS5B:179A+282T+289L+293L	AL_2a	T179A+S282T+M289L+I293L	NS5B:179A+282T+289L+293L:AL_2a:sofosbuvir	category_III	III	3	1	9.5	0			NS5B:179A+282T+289L+293L:AL_2a	sofosbuvir	sofosbuvir	drug_resistance
NS5B	1	282	T	REF_MASTER_NC_004102	NS5B:282T	aminoAcidSimplePolymorphism	NS5B:179A+282T+289L+293L+434T	combination	NS5B:179A+282T+289L+293L+434T	5	2	phdr_ras:NS5B:179A+282T+289L+293L+434T	NS5B:179A+282T+289L+293L+434T	AL_2a	T179A+S282T+M289L+I293L+M434T	NS5B:179A+282T+289L+293L+434T:AL_2a:sofosbuvir	category_III	III	3	1	10.6	0			NS5B:179A+282T+289L+293L+434T:AL_2a	sofosbuvir	sofosbuvir	drug_resistance
NS5B	1	282	T	REF_MASTER_NC_004102	NS5B:282T	aminoAcidSimplePolymorphism	NS5B:179A+282T+289L+293L+479P	combination	NS5B:179A+282T+289L+293L+479P	5	2	phdr_ras:NS5B:179A+282T+289L+293L+479P	NS5B:179A+282T+289L+293L+479P	AL_2a	T179A+S282T+M289L+I293L+P479P	NS5B:179A+282T+289L+293L+479P:AL_2a:sofosbuvir	category_III	III	3	1	11.8	0			NS5B:179A+282T+289L+293L+479P:AL_2a	sofosbuvir	sofosbuvir	drug_resistance
NS5B	1	282	T	REF_MASTER_NC_004102	NS5B:282T	aminoAcidSimplePolymorphism	NS5B:179A+282T+289L+479P	combination	NS5B:179A+282T+289L+479P	4	2	phdr_ras:NS5B:179A+282T+289L+479P	NS5B:179A+282T+289L+479P	AL_2a	T179A+S282T+M289L+P479P	NS5B:179A+282T+289L+479P:AL_2a:sofosbuvir	category_III	III	3	1	11.4	0			NS5B:179A+282T+289L+479P:AL_2a	sofosbuvir	sofosbuvir	drug_resistance
NS5B	1	282	T	REF_MASTER_NC_004102	NS5B:282T	aminoAcidSimplePolymorphism	NS5B:179A+282T+293L	combination	NS5B:179A+282T+293L	3	2	phdr_ras:NS5B:179A+282T+293L	NS5B:179A+282T+293L	AL_2a	T179A+S282T+I293L	NS5B:179A+282T+293L:AL_2a:sofosbuvir	category_III	III	3	1	8.3	0			NS5B:179A+282T+293L:AL_2a	sofosbuvir	sofosbuvir	drug_resistance
NS5B	1	282	T	REF_MASTER_NC_004102	NS5B:282T	aminoAcidSimplePolymorphism	NS5B:179A+282T+293L+479P	combination	NS5B:179A+282T+293L+479P	4	2	phdr_ras:NS5B:179A+282T+293L+479P	NS5B:179A+282T+293L+479P	AL_2a	T179A+S282T+I293L+P479P	NS5B:179A+282T+293L+479P:AL_2a:sofosbuvir	category_III	III	3	1	9	0			NS5B:179A+282T+293L+479P:AL_2a	sofosbuvir	sofosbuvir	drug_resistance
NS5B	1	282	T	REF_MASTER_NC_004102	NS5B:282T	aminoAcidSimplePolymorphism	NS5B:282T	single				phdr_ras:NS5B:282T	NS5B:282T	AL_1a	S282T	NS5B:282T:AL_1a:sofosbuvir	category_I	I	1	1	17	1	0	1	NS5B:282T:AL_1a	sofosbuvir	sofosbuvir	drug_resistance
NS5B	1	282	T	REF_MASTER_NC_004102	NS5B:282T	aminoAcidSimplePolymorphism	NS5B:282T	single				phdr_ras:NS5B:282T	NS5B:282T	AL_1b	S282T	NS5B:282T:AL_1b:sofosbuvir	category_I	I	1	1	8.8	1	0	1	NS5B:282T:AL_1b	sofosbuvir	sofosbuvir	drug_resistance
NS5B	1	282	T	REF_MASTER_NC_004102	NS5B:282T	aminoAcidSimplePolymorphism	NS5B:282T	single				phdr_ras:NS5B:282T	NS5B:282T	AL_2a	S282T	NS5B:282T:AL_2a:sofosbuvir	category_II	II	2	1	3.6	1	0	1	NS5B:282T:AL_2a	sofosbuvir	sofosbuvir	drug_resistance
NS5B	1	282	T	REF_MASTER_NC_004102	NS5B:282T	aminoAcidSimplePolymorphism	NS5B:282T	single				phdr_ras:NS5B:282T	NS5B:282T	AL_2b	S282T	NS5B:282T:AL_2b:sofosbuvir	category_I	I	1	1	16.2	1	0	1	NS5B:282T:AL_2b	sofosbuvir	sofosbuvir	drug_resistance
NS5B	1	282	T	REF_MASTER_NC_004102	NS5B:282T	aminoAcidSimplePolymorphism	NS5B:282T	single				phdr_ras:NS5B:282T	NS5B:282T	AL_2d	S282T	NS5B:282T:AL_2d:sofosbuvir	category_II	II	2	0		1	0	1	NS5B:282T:AL_2d	sofosbuvir	sofosbuvir	drug_resistance
NS5B	1	282	T	REF_MASTER_NC_004102	NS5B:282T	aminoAcidSimplePolymorphism	NS5B:282T	single				phdr_ras:NS5B:282T	NS5B:282T	AL_2j	S282T	NS5B:282T:AL_2j:sofosbuvir	category_II	II	2	0		1	0	1	NS5B:282T:AL_2j	sofosbuvir	sofosbuvir	drug_resistance
NS5B	1	282	T	REF_MASTER_NC_004102	NS5B:282T	aminoAcidSimplePolymorphism	NS5B:282T	single				phdr_ras:NS5B:282T	NS5B:282T	AL_3	S282T	NS5B:282T:AL_3:sofosbuvir	category_II	II	2	0		1	0	1	NS5B:282T:AL_3	sofosbuvir	sofosbuvir	drug_resistance
NS5B	1	282	T	REF_MASTER_NC_004102	NS5B:282T	aminoAcidSimplePolymorphism	NS5B:282T	single				phdr_ras:NS5B:282T	NS5B:282T	AL_3a	S282T	NS5B:282T:AL_3a:sofosbuvir	category_I	I	1	1	71.7	1	0	1	NS5B:282T:AL_3a	sofosbuvir	sofosbuvir	drug_resistance
NS5B	1	282	T	REF_MASTER_NC_004102	NS5B:282T	aminoAcidSimplePolymorphism	NS5B:282T	single				phdr_ras:NS5B:282T	NS5B:282T	AL_4	S282T	NS5B:282T:AL_4:sofosbuvir	category_I	I	1	1	6.1	1	0	1	NS5B:282T:AL_4	sofosbuvir	sofosbuvir	drug_resistance
NS5B	1	282	T	REF_MASTER_NC_004102	NS5B:282T	aminoAcidSimplePolymorphism	NS5B:282T	single				phdr_ras:NS5B:282T	NS5B:282T	AL_4a	S282T	NS5B:282T:AL_4a:sofosbuvir	category_II	II	2	0		1	0	1	NS5B:282T:AL_4a	sofosbuvir	sofosbuvir	drug_resistance
NS5B	1	282	T	REF_MASTER_NC_004102	NS5B:282T	aminoAcidSimplePolymorphism	NS5B:282T	single				phdr_ras:NS5B:282T	NS5B:282T	AL_4r	S282T	NS5B:282T:AL_4r:sofosbuvir	category_II	II	2	0		1	0	1	NS5B:282T:AL_4r	sofosbuvir	sofosbuvir	drug_resistance
NS5B	1	282	T	REF_MASTER_NC_004102	NS5B:282T	aminoAcidSimplePolymorphism	NS5B:282T	single				phdr_ras:NS5B:282T	NS5B:282T	AL_6a	S282T	NS5B:282T:AL_6a:sofosbuvir	category_III	III	3	1	8	0			NS5B:282T:AL_6a	sofosbuvir	sofosbuvir	drug_resistance
NS5B	1	282	T	REF_MASTER_NC_004102	NS5B:282T	aminoAcidSimplePolymorphism	NS5B:282T	single				phdr_ras:NS5B:282T	NS5B:282T	AL_6l	S282T	NS5B:282T:AL_6l:sofosbuvir	category_II	II	2	0		1	0	1	NS5B:282T:AL_6l	sofosbuvir	sofosbuvir	drug_resistance
NS5B	1	282	T	REF_MASTER_NC_004102	NS5B:282T	aminoAcidSimplePolymorphism	NS5B:282T+159F	combination	NS5B:282T+159F	2	1	phdr_ras:NS5B:282T+159F	NS5B:282T+159F	AL_1a	S282T+L159F	NS5B:282T+159F:AL_1a:sofosbuvir	category_II	II	2	0		1	0	1	NS5B:282T+159F:AL_1a	sofosbuvir	sofosbuvir	drug_resistance
NS5B	1	282	T	REF_MASTER_NC_004102	NS5B:282T	aminoAcidSimplePolymorphism	NS5B:282T+289L	combination	NS5B:282T+289L	2	1	phdr_ras:NS5B:282T+289L	NS5B:282T+289L	AL_1b	S282T+C289L	NS5B:282T+289L:AL_1b:sofosbuvir	category_III	III	3	1	10.8	0			NS5B:282T+289L:AL_1b	sofosbuvir	sofosbuvir	drug_resistance
NS5B	1	282	T	REF_MASTER_NC_004102	NS5B:282T	aminoAcidSimplePolymorphism	NS5B:282T+289L	combination	NS5B:282T+289L	2	1	phdr_ras:NS5B:282T+289L	NS5B:282T+289L	AL_2a	S282T+M289L	NS5B:282T+289L:AL_2a:sofosbuvir	category_III	III	3	1	5.65	0			NS5B:282T+289L:AL_2a	sofosbuvir	sofosbuvir	drug_resistance
NS5B	1	282	T	REF_MASTER_NC_004102	NS5B:282T	aminoAcidSimplePolymorphism	NS5B:282T+289L+293L+434T	combination	NS5B:282T+289L+293L+434T	4	1	phdr_ras:NS5B:282T+289L+293L+434T	NS5B:282T+289L+293L+434T	AL_2a	S282T+M289L+I293L+M434T	NS5B:282T+289L+293L+434T:AL_2a:sofosbuvir	category_III	III	3	1	7.1	0			NS5B:282T+289L+293L+434T:AL_2a	sofosbuvir	sofosbuvir	drug_resistance
NS5B	1	282	T	REF_MASTER_NC_004102	NS5B:282T	aminoAcidSimplePolymorphism	NS5B:282T+289L+293L+479P	combination	NS5B:282T+289L+293L+479P	4	1	phdr_ras:NS5B:282T+289L+293L+479P	NS5B:282T+289L+293L+479P	AL_2a	S282T+M289L+I293L+P479P	NS5B:282T+289L+293L+479P:AL_2a:sofosbuvir	category_III	III	3	1	8.4	0			NS5B:282T+289L+293L+479P:AL_2a	sofosbuvir	sofosbuvir	drug_resistance
NS5B	1	282	T	REF_MASTER_NC_004102	NS5B:282T	aminoAcidSimplePolymorphism	NS5B:282T+289L+479P	combination	NS5B:282T+289L+479P	3	1	phdr_ras:NS5B:282T+289L+479P	NS5B:282T+289L+479P	AL_2a	S282T+M289L+P479P	NS5B:282T+289L+479P:AL_2a:sofosbuvir	category_III	III	3	1	7.4	0			NS5B:282T+289L+479P:AL_2a	sofosbuvir	sofosbuvir	drug_resistance
NS5B	1	282	T	REF_MASTER_NC_004102	NS5B:282T	aminoAcidSimplePolymorphism	NS5B:282T+320F	combination	NS5B:282T+320F	2	1	phdr_ras:NS5B:282T+320F	NS5B:282T+320F	AL_1a	S282T+L320F	NS5B:282T+320F:AL_1a:sofosbuvir	category_III	III	3	1	41	0			NS5B:282T+320F:AL_1a	sofosbuvir	sofosbuvir	drug_resistance
NS5B	1	282	T	REF_MASTER_NC_004102	NS5B:282T	aminoAcidSimplePolymorphism	NS5B:282T+320F	combination	NS5B:282T+320F	2	1	phdr_ras:NS5B:282T+320F	NS5B:282T+320F	AL_1b	S282T+L320F	NS5B:282T+320F:AL_1b:sofosbuvir	category_III	III	3	1	13	0			NS5B:282T+320F:AL_1b	sofosbuvir	sofosbuvir	drug_resistance
NS5B	1	282	T	REF_MASTER_NC_004102	NS5B:282T	aminoAcidSimplePolymorphism	NS5B:282T+321I	combination	NS5B:282T+321I	2	1	phdr_ras:NS5B:282T+321I	NS5B:282T+321I	AL_4	S282T+V321I	NS5B:282T+321I:AL_4:sofosbuvir	insignificant	-	4	1	3	0			NS5B:282T+321I:AL_4	sofosbuvir	sofosbuvir	drug_resistance
NS5B	1	289	I	REF_MASTER_NC_004102	NS5B:289I	aminoAcidSimplePolymorphism	NS5B:289I	single				phdr_ras:NS5B:289I	NS5B:289I	AL_3	F289I	NS5B:289I:AL_3:sofosbuvir	category_II	II	2	0		1	1	0	NS5B:289I:AL_3	sofosbuvir	sofosbuvir	drug_resistance
NS5B	1	289	L	REF_MASTER_NC_004102	NS5B:289L	aminoAcidSimplePolymorphism	NS5B:179A+282T+289L+293L	combination	NS5B:179A+282T+289L+293L	4	3	phdr_ras:NS5B:179A+282T+289L+293L	NS5B:179A+282T+289L+293L	AL_2a	T179A+S282T+M289L+I293L	NS5B:179A+282T+289L+293L:AL_2a:sofosbuvir	category_III	III	3	1	9.5	0			NS5B:179A+282T+289L+293L:AL_2a	sofosbuvir	sofosbuvir	drug_resistance
NS5B	1	289	L	REF_MASTER_NC_004102	NS5B:289L	aminoAcidSimplePolymorphism	NS5B:179A+282T+289L+293L+434T	combination	NS5B:179A+282T+289L+293L+434T	5	3	phdr_ras:NS5B:179A+282T+289L+293L+434T	NS5B:179A+282T+289L+293L+434T	AL_2a	T179A+S282T+M289L+I293L+M434T	NS5B:179A+282T+289L+293L+434T:AL_2a:sofosbuvir	category_III	III	3	1	10.6	0			NS5B:179A+282T+289L+293L+434T:AL_2a	sofosbuvir	sofosbuvir	drug_resistance
NS5B	1	289	L	REF_MASTER_NC_004102	NS5B:289L	aminoAcidSimplePolymorphism	NS5B:179A+282T+289L+293L+479P	combination	NS5B:179A+282T+289L+293L+479P	5	3	phdr_ras:NS5B:179A+282T+289L+293L+479P	NS5B:179A+282T+289L+293L+479P	AL_2a	T179A+S282T+M289L+I293L+P479P	NS5B:179A+282T+289L+293L+479P:AL_2a:sofosbuvir	category_III	III	3	1	11.8	0			NS5B:179A+282T+289L+293L+479P:AL_2a	sofosbuvir	sofosbuvir	drug_resistance
NS5B	1	289	L	REF_MASTER_NC_004102	NS5B:289L	aminoAcidSimplePolymorphism	NS5B:179A+282T+289L+479P	combination	NS5B:179A+282T+289L+479P	4	3	phdr_ras:NS5B:179A+282T+289L+479P	NS5B:179A+282T+289L+479P	AL_2a	T179A+S282T+M289L+P479P	NS5B:179A+282T+289L+479P:AL_2a:sofosbuvir	category_III	III	3	1	11.4	0			NS5B:179A+282T+289L+479P:AL_2a	sofosbuvir	sofosbuvir	drug_resistance
NS5B	1	289	L	REF_MASTER_NC_004102	NS5B:289L	aminoAcidSimplePolymorphism	NS5B:282T+289L	combination	NS5B:282T+289L	2	2	phdr_ras:NS5B:282T+289L	NS5B:282T+289L	AL_1b	S282T+C289L	NS5B:282T+289L:AL_1b:sofosbuvir	category_III	III	3	1	10.8	0			NS5B:282T+289L:AL_1b	sofosbuvir	sofosbuvir	drug_resistance
NS5B	1	289	L	REF_MASTER_NC_004102	NS5B:289L	aminoAcidSimplePolymorphism	NS5B:282T+289L	combination	NS5B:282T+289L	2	2	phdr_ras:NS5B:282T+289L	NS5B:282T+289L	AL_2a	S282T+M289L	NS5B:282T+289L:AL_2a:sofosbuvir	category_III	III	3	1	5.65	0			NS5B:282T+289L:AL_2a	sofosbuvir	sofosbuvir	drug_resistance
NS5B	1	289	L	REF_MASTER_NC_004102	NS5B:289L	aminoAcidSimplePolymorphism	NS5B:282T+289L+293L+434T	combination	NS5B:282T+289L+293L+434T	4	2	phdr_ras:NS5B:282T+289L+293L+434T	NS5B:282T+289L+293L+434T	AL_2a	S282T+M289L+I293L+M434T	NS5B:282T+289L+293L+434T:AL_2a:sofosbuvir	category_III	III	3	1	7.1	0			NS5B:282T+289L+293L+434T:AL_2a	sofosbuvir	sofosbuvir	drug_resistance
NS5B	1	289	L	REF_MASTER_NC_004102	NS5B:289L	aminoAcidSimplePolymorphism	NS5B:282T+289L+293L+479P	combination	NS5B:282T+289L+293L+479P	4	2	phdr_ras:NS5B:282T+289L+293L+479P	NS5B:282T+289L+293L+479P	AL_2a	S282T+M289L+I293L+P479P	NS5B:282T+289L+293L+479P:AL_2a:sofosbuvir	category_III	III	3	1	8.4	0			NS5B:282T+289L+293L+479P:AL_2a	sofosbuvir	sofosbuvir	drug_resistance
NS5B	1	289	L	REF_MASTER_NC_004102	NS5B:289L	aminoAcidSimplePolymorphism	NS5B:282T+289L+479P	combination	NS5B:282T+289L+479P	3	2	phdr_ras:NS5B:282T+289L+479P	NS5B:282T+289L+479P	AL_2a	S282T+M289L+P479P	NS5B:282T+289L+479P:AL_2a:sofosbuvir	category_III	III	3	1	7.4	0			NS5B:282T+289L+479P:AL_2a	sofosbuvir	sofosbuvir	drug_resistance
NS5B	1	289	L	REF_MASTER_NC_004102	NS5B:289L	aminoAcidSimplePolymorphism	NS5B:289L	single				phdr_ras:NS5B:289L	NS5B:289L	AL_1b	C289L	NS5B:289L:AL_1b:sofosbuvir	insignificant	-	4	1	2	0			NS5B:289L:AL_1b	sofosbuvir	sofosbuvir	drug_resistance
NS5B	1	289	L	REF_MASTER_NC_004102	NS5B:289L	aminoAcidSimplePolymorphism	NS5B:289L	single				phdr_ras:NS5B:289L	NS5B:289L	AL_2a	M289L	NS5B:289L:AL_2a:sofosbuvir	insignificant	-	4	1	2.9	0			NS5B:289L:AL_2a	sofosbuvir	sofosbuvir	drug_resistance
NS5B	1	293	L	REF_MASTER_NC_004102	NS5B:293L	aminoAcidSimplePolymorphism	NS5B:179A+282T+289L+293L	combination	NS5B:179A+282T+289L+293L	4	4	phdr_ras:NS5B:179A+282T+289L+293L	NS5B:179A+282T+289L+293L	AL_2a	T179A+S282T+M289L+I293L	NS5B:179A+282T+289L+293L:AL_2a:sofosbuvir	category_III	III	3	1	9.5	0			NS5B:179A+282T+289L+293L:AL_2a	sofosbuvir	sofosbuvir	drug_resistance
NS5B	1	293	L	REF_MASTER_NC_004102	NS5B:293L	aminoAcidSimplePolymorphism	NS5B:179A+282T+289L+293L+434T	combination	NS5B:179A+282T+289L+293L+434T	5	4	phdr_ras:NS5B:179A+282T+289L+293L+434T	NS5B:179A+282T+289L+293L+434T	AL_2a	T179A+S282T+M289L+I293L+M434T	NS5B:179A+282T+289L+293L+434T:AL_2a:sofosbuvir	category_III	III	3	1	10.6	0			NS5B:179A+282T+289L+293L+434T:AL_2a	sofosbuvir	sofosbuvir	drug_resistance
NS5B	1	293	L	REF_MASTER_NC_004102	NS5B:293L	aminoAcidSimplePolymorphism	NS5B:179A+282T+289L+293L+479P	combination	NS5B:179A+282T+289L+293L+479P	5	4	phdr_ras:NS5B:179A+282T+289L+293L+479P	NS5B:179A+282T+289L+293L+479P	AL_2a	T179A+S282T+M289L+I293L+P479P	NS5B:179A+282T+289L+293L+479P:AL_2a:sofosbuvir	category_III	III	3	1	11.8	0			NS5B:179A+282T+289L+293L+479P:AL_2a	sofosbuvir	sofosbuvir	drug_resistance
NS5B	1	293	L	REF_MASTER_NC_004102	NS5B:293L	aminoAcidSimplePolymorphism	NS5B:179A+282T+293L	combination	NS5B:179A+282T+293L	3	3	phdr_ras:NS5B:179A+282T+293L	NS5B:179A+282T+293L	AL_2a	T179A+S282T+I293L	NS5B:179A+282T+293L:AL_2a:sofosbuvir	category_III	III	3	1	8.3	0			NS5B:179A+282T+293L:AL_2a	sofosbuvir	sofosbuvir	drug_resistance
NS5B	1	293	L	REF_MASTER_NC_004102	NS5B:293L	aminoAcidSimplePolymorphism	NS5B:179A+282T+293L+479P	combination	NS5B:179A+282T+293L+479P	4	3	phdr_ras:NS5B:179A+282T+293L+479P	NS5B:179A+282T+293L+479P	AL_2a	T179A+S282T+I293L+P479P	NS5B:179A+282T+293L+479P:AL_2a:sofosbuvir	category_III	III	3	1	9	0			NS5B:179A+282T+293L+479P:AL_2a	sofosbuvir	sofosbuvir	drug_resistance
NS5B	1	293	L	REF_MASTER_NC_004102	NS5B:293L	aminoAcidSimplePolymorphism	NS5B:282T+289L+293L+434T	combination	NS5B:282T+289L+293L+434T	4	3	phdr_ras:NS5B:282T+289L+293L+434T	NS5B:282T+289L+293L+434T	AL_2a	S282T+M289L+I293L+M434T	NS5B:282T+289L+293L+434T:AL_2a:sofosbuvir	category_III	III	3	1	7.1	0			NS5B:282T+289L+293L+434T:AL_2a	sofosbuvir	sofosbuvir	drug_resistance
NS5B	1	293	L	REF_MASTER_NC_004102	NS5B:293L	aminoAcidSimplePolymorphism	NS5B:282T+289L+293L+479P	combination	NS5B:282T+289L+293L+479P	4	3	phdr_ras:NS5B:282T+289L+293L+479P	NS5B:282T+289L+293L+479P	AL_2a	S282T+M289L+I293L+P479P	NS5B:282T+289L+293L+479P:AL_2a:sofosbuvir	category_III	III	3	1	8.4	0			NS5B:282T+289L+293L+479P:AL_2a	sofosbuvir	sofosbuvir	drug_resistance
NS5B	1	293	L	REF_MASTER_NC_004102	NS5B:293L	aminoAcidSimplePolymorphism	NS5B:293L	single				phdr_ras:NS5B:293L	NS5B:293L															drug_resistance
NS5B	1	316	H	REF_MASTER_NC_004102	NS5B:316H	aminoAcidSimplePolymorphism	NS5B:159F+316H	combination	NS5B:159F+316H	2	2	phdr_ras:NS5B:159F+316H	NS5B:159F+316H	AL_1b	F/L159F+C/N316H	NS5B:159F+316H:AL_1b:sofosbuvir	category_II	II	2	0		1	0	1	NS5B:159F+316H:AL_1b	sofosbuvir	sofosbuvir	drug_resistance
NS5B	1	316	H	REF_MASTER_NC_004102	NS5B:316H	aminoAcidSimplePolymorphism	NS5B:316H	single				phdr_ras:NS5B:316H	NS5B:316H	AL_1b	C/N316H	NS5B:316H:AL_1b:sofosbuvir	category_II	II	2	0		1	0	1	NS5B:316H:AL_1b	sofosbuvir	sofosbuvir	drug_resistance
NS5B	1	316	H	REF_MASTER_NC_004102	NS5B:316H	aminoAcidSimplePolymorphism	NS5B:316H+321I	combination	NS5B:316H+321I	2	1	phdr_ras:NS5B:316H+321I	NS5B:316H+321I	AL_2	C316H+V321I	NS5B:316H+321I:AL_2:sofosbuvir	category_II	II	2	0		1	1	0	NS5B:316H+321I:AL_2	sofosbuvir	sofosbuvir	drug_resistance
NS5B	1	316	N	REF_MASTER_NC_004102	NS5B:316N	aminoAcidSimplePolymorphism	NS5B:159F+316N	combination	NS5B:159F+316N	2	2	phdr_ras:NS5B:159F+316N	NS5B:159F+316N	AL_1b	F/L159F+C/N316N	NS5B:159F+316N:AL_1b:dasabuvir	category_II	II	2	0		1	1	0	NS5B:159F+316N:AL_1b	dasabuvir	dasabuvir	drug_resistance
NS5B	1	316	N	REF_MASTER_NC_004102	NS5B:316N	aminoAcidSimplePolymorphism	NS5B:159F+316N	combination	NS5B:159F+316N	2	2	phdr_ras:NS5B:159F+316N	NS5B:159F+316N	AL_1b	F/L159F+C/N316N	NS5B:159F+316N:AL_1b:sofosbuvir	category_I	I	1	0		1	1	1	NS5B:159F+316N:AL_1b	sofosbuvir	sofosbuvir	drug_resistance
NS5B	1	316	N	REF_MASTER_NC_004102	NS5B:316N	aminoAcidSimplePolymorphism	NS5B:159F+316N	combination	NS5B:159F+316N	2	2	phdr_ras:NS5B:159F+316N	NS5B:159F+316N	AL_3	L159F+C316N	NS5B:159F+316N:AL_3:sofosbuvir	category_II	II	2	0		1	1	0	NS5B:159F+316N:AL_3	sofosbuvir	sofosbuvir	drug_resistance
NS5B	1	316	N	REF_MASTER_NC_004102	NS5B:316N	aminoAcidSimplePolymorphism	NS5B:316N	single				phdr_ras:NS5B:316N	NS5B:316N	AL_1b	C/N316N	NS5B:316N:AL_1b:dasabuvir	category_I	I	1	1	11	1	0	1	NS5B:316N:AL_1b	dasabuvir	dasabuvir	drug_resistance
NS5B	1	316	N	REF_MASTER_NC_004102	NS5B:316N	aminoAcidSimplePolymorphism	NS5B:316N	single				phdr_ras:NS5B:316N	NS5B:316N	AL_1b	C/N316N	NS5B:316N:AL_1b:sofosbuvir	category_I	I	1	0		1	1	1	NS5B:316N:AL_1b	sofosbuvir	sofosbuvir	drug_resistance
NS5B	1	316	N	REF_MASTER_NC_004102	NS5B:316N	aminoAcidSimplePolymorphism	NS5B:316N+556G	combination	NS5B:316N+556G	2	1	phdr_ras:NS5B:316N+556G	NS5B:316N+556G	AL_1b	C/N316N+G/S556G	NS5B:316N+556G:AL_1b:dasabuvir	category_I	I	1	0		1	1	1	NS5B:316N+556G:AL_1b	dasabuvir	dasabuvir	drug_resistance
NS5B	1	316	Y	REF_MASTER_NC_004102	NS5B:316Y	aminoAcidSimplePolymorphism	NS5B:316Y	single				phdr_ras:NS5B:316Y	NS5B:316Y	AL_1a	C316Y	NS5B:316Y:AL_1a:dasabuvir	category_II	II	2	1	1472	0			NS5B:316Y:AL_1a	dasabuvir	dasabuvir	drug_resistance
NS5B	1	316	Y	REF_MASTER_NC_004102	NS5B:316Y	aminoAcidSimplePolymorphism	NS5B:316Y	single				phdr_ras:NS5B:316Y	NS5B:316Y	AL_1b	C/N316Y	NS5B:316Y:AL_1b:dasabuvir	category_II	II	2	1	1569	0			NS5B:316Y:AL_1b	dasabuvir	dasabuvir	drug_resistance
NS5B	1	316	Y	REF_MASTER_NC_004102	NS5B:316Y	aminoAcidSimplePolymorphism	NS5B:316Y+414I	combination	NS5B:316Y+414I	2	1	phdr_ras:NS5B:316Y+414I	NS5B:316Y+414I															drug_resistance
NS5B	1	316	Y	REF_MASTER_NC_004102	NS5B:316Y	aminoAcidSimplePolymorphism	NS5B:316Y+556G	combination	NS5B:316Y+556G	2	1	phdr_ras:NS5B:316Y+556G	NS5B:316Y+556G	AL_1a	C316Y+S556G	NS5B:316Y+556G:AL_1a:dasabuvir	category_II	II	2	0		1	1	0	NS5B:316Y+556G:AL_1a	dasabuvir	dasabuvir	drug_resistance
NS5B	1	320	F	REF_MASTER_NC_004102	NS5B:320F	aminoAcidSimplePolymorphism	NS5B:159F+282T+320F	combination	NS5B:159F+282T+320F	3	3	phdr_ras:NS5B:159F+282T+320F	NS5B:159F+282T+320F	AL_1b	F/L159F+S282T+L320F	NS5B:159F+282T+320F:AL_1b:sofosbuvir	category_III	III	3	1	23	0			NS5B:159F+282T+320F:AL_1b	sofosbuvir	sofosbuvir	drug_resistance
NS5B	1	320	F	REF_MASTER_NC_004102	NS5B:320F	aminoAcidSimplePolymorphism	NS5B:159F+320F	combination	NS5B:159F+320F	2	2	phdr_ras:NS5B:159F+320F	NS5B:159F+320F	AL_1a	L159F+L320F	NS5B:159F+320F:AL_1a:sofosbuvir	insignificant	-	4	1	4.3	0			NS5B:159F+320F:AL_1a	sofosbuvir	sofosbuvir	drug_resistance
NS5B	1	320	F	REF_MASTER_NC_004102	NS5B:320F	aminoAcidSimplePolymorphism	NS5B:159F+320F	combination	NS5B:159F+320F	2	2	phdr_ras:NS5B:159F+320F	NS5B:159F+320F	AL_1b	F/L159F+L320F	NS5B:159F+320F:AL_1b:sofosbuvir	insignificant	-	4	1	2.6	0			NS5B:159F+320F:AL_1b	sofosbuvir	sofosbuvir	drug_resistance
NS5B	1	320	F	REF_MASTER_NC_004102	NS5B:320F	aminoAcidSimplePolymorphism	NS5B:282T+320F	combination	NS5B:282T+320F	2	2	phdr_ras:NS5B:282T+320F	NS5B:282T+320F	AL_1a	S282T+L320F	NS5B:282T+320F:AL_1a:sofosbuvir	category_III	III	3	1	41	0			NS5B:282T+320F:AL_1a	sofosbuvir	sofosbuvir	drug_resistance
NS5B	1	320	F	REF_MASTER_NC_004102	NS5B:320F	aminoAcidSimplePolymorphism	NS5B:282T+320F	combination	NS5B:282T+320F	2	2	phdr_ras:NS5B:282T+320F	NS5B:282T+320F	AL_1b	S282T+L320F	NS5B:282T+320F:AL_1b:sofosbuvir	category_III	III	3	1	13	0			NS5B:282T+320F:AL_1b	sofosbuvir	sofosbuvir	drug_resistance
NS5B	1	320	F	REF_MASTER_NC_004102	NS5B:320F	aminoAcidSimplePolymorphism	NS5B:320F	single				phdr_ras:NS5B:320F	NS5B:320F	AL_1a	L320F	NS5B:320F:AL_1a:sofosbuvir	insignificant	-	4	1	2.7	0			NS5B:320F:AL_1a	sofosbuvir	sofosbuvir	drug_resistance
NS5B	1	321	A	REF_MASTER_NC_004102	NS5B:321A	aminoAcidSimplePolymorphism	NS5B:159F+321A	combination	NS5B:159F+321A	2	2	phdr_ras:NS5B:159F+321A	NS5B:159F+321A	AL_1b	F/L159F+V321A	NS5B:159F+321A:AL_1b:sofosbuvir	category_II	II	2	0		1	0	1	NS5B:159F+321A:AL_1b	sofosbuvir	sofosbuvir	drug_resistance
NS5B	1	321	A	REF_MASTER_NC_004102	NS5B:321A	aminoAcidSimplePolymorphism	NS5B:321A	single				phdr_ras:NS5B:321A	NS5B:321A	AL_1a	V321A	NS5B:321A:AL_1a:sofosbuvir	category_II	II	2	0		1	0	1	NS5B:321A:AL_1a	sofosbuvir	sofosbuvir	drug_resistance
NS5B	1	321	A	REF_MASTER_NC_004102	NS5B:321A	aminoAcidSimplePolymorphism	NS5B:321A	single				phdr_ras:NS5B:321A	NS5B:321A	AL_3	V321A	NS5B:321A:AL_3:sofosbuvir	category_II	II	2	0		1	0	1	NS5B:321A:AL_3	sofosbuvir	sofosbuvir	drug_resistance
NS5B	1	321	A	REF_MASTER_NC_004102	NS5B:321A	aminoAcidSimplePolymorphism	NS5B:321A	single				phdr_ras:NS5B:321A	NS5B:321A	AL_3a	V321A	NS5B:321A:AL_3a:sofosbuvir	category_III	III	3	1	5	0			NS5B:321A:AL_3a	sofosbuvir	sofosbuvir	drug_resistance
NS5B	1	321	I	REF_MASTER_NC_004102	NS5B:321I	aminoAcidSimplePolymorphism	NS5B:282T+321I	combination	NS5B:282T+321I	2	2	phdr_ras:NS5B:282T+321I	NS5B:282T+321I	AL_4	S282T+V321I	NS5B:282T+321I:AL_4:sofosbuvir	insignificant	-	4	1	3	0			NS5B:282T+321I:AL_4	sofosbuvir	sofosbuvir	drug_resistance
NS5B	1	321	I	REF_MASTER_NC_004102	NS5B:321I	aminoAcidSimplePolymorphism	NS5B:316H+321I	combination	NS5B:316H+321I	2	2	phdr_ras:NS5B:316H+321I	NS5B:316H+321I	AL_2	C316H+V321I	NS5B:316H+321I:AL_2:sofosbuvir	category_II	II	2	0		1	1	0	NS5B:316H+321I:AL_2	sofosbuvir	sofosbuvir	drug_resistance
NS5B	1	321	I	REF_MASTER_NC_004102	NS5B:321I	aminoAcidSimplePolymorphism	NS5B:321I	single				phdr_ras:NS5B:321I	NS5B:321I	AL_1b	V321I	NS5B:321I:AL_1b:sofosbuvir	category_II	II	2	0		1	1	0	NS5B:321I:AL_1b	sofosbuvir	sofosbuvir	drug_resistance
NS5B	1	321	I	REF_MASTER_NC_004102	NS5B:321I	aminoAcidSimplePolymorphism	NS5B:321I	single				phdr_ras:NS5B:321I	NS5B:321I	AL_4r	I/V321I	NS5B:321I:AL_4r:sofosbuvir	category_II	II	2	0		1	1	0	NS5B:321I:AL_4r	sofosbuvir	sofosbuvir	drug_resistance
NS5B	1	368	T	REF_MASTER_NC_004102	NS5B:368T	aminoAcidSimplePolymorphism	NS5B:368T	single				phdr_ras:NS5B:368T	NS5B:368T	AL_1b	S368T	NS5B:368T:AL_1b:dasabuvir	category_II	II	2	1	139	0			NS5B:368T:AL_1b	dasabuvir	dasabuvir	drug_resistance
NS5B	1	395	G	REF_MASTER_NC_004102	NS5B:395G	aminoAcidSimplePolymorphism	NS5B:395G	single				phdr_ras:NS5B:395G	NS5B:395G	AL_1a	A395G	NS5B:395G:AL_1a:dasabuvir	category_III	III	3	1	10	0			NS5B:395G:AL_1a	dasabuvir	dasabuvir	drug_resistance
NS5B	1	411	S	REF_MASTER_NC_004102	NS5B:411S	aminoAcidSimplePolymorphism	NS5B:411S	single				phdr_ras:NS5B:411S	NS5B:411S	AL_1b	N411S	NS5B:411S:AL_1b:dasabuvir	category_II	II	2	1	84	0			NS5B:411S:AL_1b	dasabuvir	dasabuvir	drug_resistance
NS5B	1	414	I	REF_MASTER_NC_004102	NS5B:414I	aminoAcidSimplePolymorphism	NS5B:316Y+414I	combination	NS5B:316Y+414I	2	2	phdr_ras:NS5B:316Y+414I	NS5B:316Y+414I															drug_resistance
NS5B	1	414	I	REF_MASTER_NC_004102	NS5B:414I	aminoAcidSimplePolymorphism	NS5B:414I	single				phdr_ras:NS5B:414I	NS5B:414I	AL_1a	M414I	NS5B:414I:AL_1a:dasabuvir	category_II	II	2	0		1	1	0	NS5B:414I:AL_1a	dasabuvir	dasabuvir	drug_resistance
NS5B	1	414	T	REF_MASTER_NC_004102	NS5B:414T	aminoAcidSimplePolymorphism	NS5B:414T	single				phdr_ras:NS5B:414T	NS5B:414T	AL_1a	M414T	NS5B:414T:AL_1a:dasabuvir	category_III	III	3	1	32	0			NS5B:414T:AL_1a	dasabuvir	dasabuvir	drug_resistance
NS5B	1	414	T	REF_MASTER_NC_004102	NS5B:414T	aminoAcidSimplePolymorphism	NS5B:414T	single				phdr_ras:NS5B:414T	NS5B:414T	AL_1b	M414T	NS5B:414T:AL_1b:dasabuvir	category_III	III	3	1	47	0			NS5B:414T:AL_1b	dasabuvir	dasabuvir	drug_resistance
NS5B	1	414	T	REF_MASTER_NC_004102	NS5B:414T	aminoAcidSimplePolymorphism	NS5B:414T+556G	combination	NS5B:414T+556G	2	1	phdr_ras:NS5B:414T+556G	NS5B:414T+556G	AL_1a	M414T+S556G	NS5B:414T+556G:AL_1a:dasabuvir	category_II	II	2	0		1	0	1	NS5B:414T+556G:AL_1a	dasabuvir	dasabuvir	drug_resistance
NS5B	1	434	T	REF_MASTER_NC_004102	NS5B:434T	aminoAcidSimplePolymorphism	NS5B:179A+282T+289L+293L+434T	combination	NS5B:179A+282T+289L+293L+434T	5	5	phdr_ras:NS5B:179A+282T+289L+293L+434T	NS5B:179A+282T+289L+293L+434T	AL_2a	T179A+S282T+M289L+I293L+M434T	NS5B:179A+282T+289L+293L+434T:AL_2a:sofosbuvir	category_III	III	3	1	10.6	0			NS5B:179A+282T+289L+293L+434T:AL_2a	sofosbuvir	sofosbuvir	drug_resistance
NS5B	1	434	T	REF_MASTER_NC_004102	NS5B:434T	aminoAcidSimplePolymorphism	NS5B:282T+289L+293L+434T	combination	NS5B:282T+289L+293L+434T	4	4	phdr_ras:NS5B:282T+289L+293L+434T	NS5B:282T+289L+293L+434T	AL_2a	S282T+M289L+I293L+M434T	NS5B:282T+289L+293L+434T:AL_2a:sofosbuvir	category_III	III	3	1	7.1	0			NS5B:282T+289L+293L+434T:AL_2a	sofosbuvir	sofosbuvir	drug_resistance
NS5B	1	434	T	REF_MASTER_NC_004102	NS5B:434T	aminoAcidSimplePolymorphism	NS5B:434T	single				phdr_ras:NS5B:434T	NS5B:434T															drug_resistance
NS5B	1	444	K	REF_MASTER_NC_004102	NS5B:444K	aminoAcidSimplePolymorphism	NS5B:444K	single				phdr_ras:NS5B:444K	NS5B:444K	AL_1a	D444K	NS5B:444K:AL_1a:dasabuvir	category_III	III	3	1	23	0			NS5B:444K:AL_1a	dasabuvir	dasabuvir	drug_resistance
NS5B	1	445	F	REF_MASTER_NC_004102	NS5B:445F	aminoAcidSimplePolymorphism	NS5B:445F	single				phdr_ras:NS5B:445F	NS5B:445F	AL_1b	C445F	NS5B:445F:AL_1b:dasabuvir	category_III	III	3	1	16	0			NS5B:445F:AL_1b	dasabuvir	dasabuvir	drug_resistance
NS5B	1	448	C	REF_MASTER_NC_004102	NS5B:448C	aminoAcidSimplePolymorphism	NS5B:448C	single				phdr_ras:NS5B:448C	NS5B:448C	AL_1a	Y448C	NS5B:448C:AL_1a:dasabuvir	category_II	II	2	1	940	0			NS5B:448C:AL_1a	dasabuvir	dasabuvir	drug_resistance
NS5B	1	448	C	REF_MASTER_NC_004102	NS5B:448C	aminoAcidSimplePolymorphism	NS5B:448C	single				phdr_ras:NS5B:448C	NS5B:448C	AL_1b	Y448C	NS5B:448C:AL_1b:dasabuvir	category_II	II	2	1	414	0			NS5B:448C:AL_1b	dasabuvir	dasabuvir	drug_resistance
NS5B	1	448	H	REF_MASTER_NC_004102	NS5B:448H	aminoAcidSimplePolymorphism	NS5B:448H	single				phdr_ras:NS5B:448H	NS5B:448H	AL_1a	Y448H	NS5B:448H:AL_1a:dasabuvir	category_II	II	2	1	975	0			NS5B:448H:AL_1a	dasabuvir	dasabuvir	drug_resistance
NS5B	1	448	H	REF_MASTER_NC_004102	NS5B:448H	aminoAcidSimplePolymorphism	NS5B:448H	single				phdr_ras:NS5B:448H	NS5B:448H	AL_1b	Y448H	NS5B:448H:AL_1b:dasabuvir	category_III	III	3	1	46	0			NS5B:448H:AL_1b	dasabuvir	dasabuvir	drug_resistance
NS5B	1	451	S	REF_MASTER_NC_004102	NS5B:451S	aminoAcidSimplePolymorphism	NS5B:451S	single				phdr_ras:NS5B:451S	NS5B:451S	AL_1b	C451S	NS5B:451S:AL_1b:dasabuvir	category_III	III	3	1	16	0			NS5B:451S:AL_1b	dasabuvir	dasabuvir	drug_resistance
NS5B	1	479	P	REF_MASTER_NC_004102	NS5B:479P	aminoAcidSimplePolymorphism	NS5B:179A+282T+289L+293L+479P	combination	NS5B:179A+282T+289L+293L+479P	5	5	phdr_ras:NS5B:179A+282T+289L+293L+479P	NS5B:179A+282T+289L+293L+479P	AL_2a	T179A+S282T+M289L+I293L+P479P	NS5B:179A+282T+289L+293L+479P:AL_2a:sofosbuvir	category_III	III	3	1	11.8	0			NS5B:179A+282T+289L+293L+479P:AL_2a	sofosbuvir	sofosbuvir	drug_resistance
NS5B	1	479	P	REF_MASTER_NC_004102	NS5B:479P	aminoAcidSimplePolymorphism	NS5B:179A+282T+289L+479P	combination	NS5B:179A+282T+289L+479P	4	4	phdr_ras:NS5B:179A+282T+289L+479P	NS5B:179A+282T+289L+479P	AL_2a	T179A+S282T+M289L+P479P	NS5B:179A+282T+289L+479P:AL_2a:sofosbuvir	category_III	III	3	1	11.4	0			NS5B:179A+282T+289L+479P:AL_2a	sofosbuvir	sofosbuvir	drug_resistance
NS5B	1	479	P	REF_MASTER_NC_004102	NS5B:479P	aminoAcidSimplePolymorphism	NS5B:179A+282T+293L+479P	combination	NS5B:179A+282T+293L+479P	4	4	phdr_ras:NS5B:179A+282T+293L+479P	NS5B:179A+282T+293L+479P	AL_2a	T179A+S282T+I293L+P479P	NS5B:179A+282T+293L+479P:AL_2a:sofosbuvir	category_III	III	3	1	9	0			NS5B:179A+282T+293L+479P:AL_2a	sofosbuvir	sofosbuvir	drug_resistance
NS5B	1	479	P	REF_MASTER_NC_004102	NS5B:479P	aminoAcidSimplePolymorphism	NS5B:282T+289L+293L+479P	combination	NS5B:282T+289L+293L+479P	4	4	phdr_ras:NS5B:282T+289L+293L+479P	NS5B:282T+289L+293L+479P	AL_2a	S282T+M289L+I293L+P479P	NS5B:282T+289L+293L+479P:AL_2a:sofosbuvir	category_III	III	3	1	8.4	0			NS5B:282T+289L+293L+479P:AL_2a	sofosbuvir	sofosbuvir	drug_resistance
NS5B	1	479	P	REF_MASTER_NC_004102	NS5B:479P	aminoAcidSimplePolymorphism	NS5B:282T+289L+479P	combination	NS5B:282T+289L+479P	3	3	phdr_ras:NS5B:282T+289L+479P	NS5B:282T+289L+479P	AL_2a	S282T+M289L+P479P	NS5B:282T+289L+479P:AL_2a:sofosbuvir	category_III	III	3	1	7.4	0			NS5B:282T+289L+479P:AL_2a	sofosbuvir	sofosbuvir	drug_resistance
NS5B	1	479	P	REF_MASTER_NC_004102	NS5B:479P	aminoAcidSimplePolymorphism	NS5B:479P	single				phdr_ras:NS5B:479P	NS5B:479P															drug_resistance
NS5B	1	495	A	REF_MASTER_NC_004102	NS5B:495A	aminoAcidSimplePolymorphism	NS5B:495A	single				phdr_ras:NS5B:495A	NS5B:495A	AL_1b	P495A	NS5B:495A:AL_1b:dasabuvir	insignificant	-	4	1	2.4	0			NS5B:495A:AL_1b	dasabuvir	dasabuvir	drug_resistance
NS5B	1	553	T	REF_MASTER_NC_004102	NS5B:553T	aminoAcidSimplePolymorphism	NS5B:553T	single				phdr_ras:NS5B:553T	NS5B:553T	AL_1a	A553T	NS5B:553T:AL_1a:dasabuvir	category_II	II	2	0		1	0	1	NS5B:553T:AL_1a	dasabuvir	dasabuvir	drug_resistance
NS5B	1	553	V	REF_MASTER_NC_004102	NS5B:553V	aminoAcidSimplePolymorphism	NS5B:553V	single				phdr_ras:NS5B:553V	NS5B:553V	AL_1b	A553V	NS5B:553V:AL_1b:dasabuvir	category_II	II	2	1	120	0			NS5B:553V:AL_1b	dasabuvir	dasabuvir	drug_resistance
NS5B	1	554	S	REF_MASTER_NC_004102	NS5B:554S	aminoAcidSimplePolymorphism	NS5B:554S	single				phdr_ras:NS5B:554S	NS5B:554S															drug_resistance
NS5B	1	554	S	REF_MASTER_NC_004102	NS5B:554S	aminoAcidSimplePolymorphism	NS5B:554S+556G	combination	NS5B:554S+556G	2	1	phdr_ras:NS5B:554S+556G	NS5B:554S+556G	AL_1a	G554S+S556G	NS5B:554S+556G:AL_1a:dasabuvir	category_II	II	2	0		1	0	1	NS5B:554S+556G:AL_1a	dasabuvir	dasabuvir	drug_resistance
NS5B	1	556	G	REF_MASTER_NC_004102	NS5B:556G	aminoAcidSimplePolymorphism	NS5B:316N+556G	combination	NS5B:316N+556G	2	2	phdr_ras:NS5B:316N+556G	NS5B:316N+556G	AL_1b	C/N316N+G/S556G	NS5B:316N+556G:AL_1b:dasabuvir	category_I	I	1	0		1	1	1	NS5B:316N+556G:AL_1b	dasabuvir	dasabuvir	drug_resistance
NS5B	1	556	G	REF_MASTER_NC_004102	NS5B:556G	aminoAcidSimplePolymorphism	NS5B:316Y+556G	combination	NS5B:316Y+556G	2	2	phdr_ras:NS5B:316Y+556G	NS5B:316Y+556G	AL_1a	C316Y+S556G	NS5B:316Y+556G:AL_1a:dasabuvir	category_II	II	2	0		1	1	0	NS5B:316Y+556G:AL_1a	dasabuvir	dasabuvir	drug_resistance
NS5B	1	556	G	REF_MASTER_NC_004102	NS5B:556G	aminoAcidSimplePolymorphism	NS5B:414T+556G	combination	NS5B:414T+556G	2	2	phdr_ras:NS5B:414T+556G	NS5B:414T+556G	AL_1a	M414T+S556G	NS5B:414T+556G:AL_1a:dasabuvir	category_II	II	2	0		1	0	1	NS5B:414T+556G:AL_1a	dasabuvir	dasabuvir	drug_resistance
NS5B	1	556	G	REF_MASTER_NC_004102	NS5B:556G	aminoAcidSimplePolymorphism	NS5B:554S+556G	combination	NS5B:554S+556G	2	2	phdr_ras:NS5B:554S+556G	NS5B:554S+556G	AL_1a	G554S+S556G	NS5B:554S+556G:AL_1a:dasabuvir	category_II	II	2	0		1	0	1	NS5B:554S+556G:AL_1a	dasabuvir	dasabuvir	drug_resistance
NS5B	1	556	G	REF_MASTER_NC_004102	NS5B:556G	aminoAcidSimplePolymorphism	NS5B:556G	single				phdr_ras:NS5B:556G	NS5B:556G	AL_1a	S556G	NS5B:556G:AL_1a:dasabuvir	category_I	I	1	1	30	1	1	1	NS5B:556G:AL_1a	dasabuvir	dasabuvir	drug_resistance
NS5B	1	556	G	REF_MASTER_NC_004102	NS5B:556G	aminoAcidSimplePolymorphism	NS5B:556G	single				phdr_ras:NS5B:556G	NS5B:556G	AL_1b	G/S556G	NS5B:556G:AL_1b:dasabuvir	category_I	I	1	1	15	1	0	1	NS5B:556G:AL_1b	dasabuvir	dasabuvir	drug_resistance
NS5B	1	556	N	REF_MASTER_NC_004102	NS5B:556N	aminoAcidSimplePolymorphism	NS5B:556N	single				phdr_ras:NS5B:556N	NS5B:556N	AL_1a	S556N	NS5B:556N:AL_1a:dasabuvir	category_III	III	3	1	29	0			NS5B:556N:AL_1a	dasabuvir	dasabuvir	drug_resistance
NS5B	1	556	R	REF_MASTER_NC_004102	NS5B:556R	aminoAcidSimplePolymorphism	NS5B:556R	single				phdr_ras:NS5B:556R	NS5B:556R	AL_1a	S556R	NS5B:556R:AL_1a:dasabuvir	category_II	II	2	0		1	1	0	NS5B:556R:AL_1a	dasabuvir	dasabuvir	drug_resistance
NS5B	1	558	R	REF_MASTER_NC_004102	NS5B:558R	aminoAcidSimplePolymorphism	NS5B:558R	single				phdr_ras:NS5B:558R	NS5B:558R	AL_1a	G558R	NS5B:558R:AL_1a:dasabuvir	category_II	II	2	0		1	0	1	NS5B:558R:AL_1a	dasabuvir	dasabuvir	drug_resistance
NS5B	1	559	G	REF_MASTER_NC_004102	NS5B:559G	aminoAcidSimplePolymorphism	NS5B:559G	single				phdr_ras:NS5B:559G	NS5B:559G	AL_1a	D559G	NS5B:559G:AL_1a:dasabuvir	category_II	II	2	0		1	0	1	NS5B:559G:AL_1a	dasabuvir	dasabuvir	drug_resistance
NS5B	1	565	F	REF_MASTER_NC_004102	NS5B:565F	aminoAcidSimplePolymorphism	NS5B:565F	single				phdr_ras:NS5B:565F	NS5B:565F	AL_1a	S565F	NS5B:565F:AL_1a:dasabuvir	category_III	III	3	1	17	0			NS5B:565F:AL_1a	dasabuvir	dasabuvir	drug_resistance
NS5B	1	585	V	REF_MASTER_NC_004102	NS5B:585V	aminoAcidSimplePolymorphism	NS5B:585V	single				phdr_ras:NS5B:585V	NS5B:585V	AL_1b	I585V	NS5B:585V:AL_1b:dasabuvir	category_III	III	3	1	16	0			NS5B:585V:AL_1b	dasabuvir	dasabuvir	drug_resistance
