feature_name,metatag_name,metatag_value,ref_seq_name,variation_name
NS3,CONJUNCT_NAME_1,phdr_ras:NS3:117L,REF_MASTER_NC_004102,phdr_ras:NS3:117L+156S
NS3,CONJUNCT_NAME_1,phdr_ras:NS3:122G,REF_MASTER_NC_004102,phdr_ras:NS3:122G+155K
NS3,CONJUNCT_NAME_1,phdr_ras:NS3:122G,REF_MASTER_NC_004102,phdr_ras:NS3:122G+155K+170V
NS3,CONJUNCT_NAME_1,phdr_ras:NS3:122G,REF_MASTER_NC_004102,phdr_ras:NS3:122G+168A
NS3,CONJUNCT_NAME_1,phdr_ras:NS3:122N,REF_MASTER_NC_004102,phdr_ras:NS3:122N+155G
NS3,CONJUNCT_NAME_1,phdr_ras:NS3:122N,REF_MASTER_NC_004102,phdr_ras:NS3:122N+168A
NS3,CONJUNCT_NAME_1,phdr_ras:NS3:122N,REF_MASTER_NC_004102,phdr_ras:NS3:122N+168N
NS3,CONJUNCT_NAME_1,phdr_ras:NS3:122N,REF_MASTER_NC_004102,phdr_ras:NS3:122N+168Y
NS3,CONJUNCT_NAME_1,phdr_ras:NS3:122R,REF_MASTER_NC_004102,phdr_ras:NS3:122R+155N+168E
NS3,CONJUNCT_NAME_1,phdr_ras:NS3:122T,REF_MASTER_NC_004102,phdr_ras:NS3:122T+170I
NS3,CONJUNCT_NAME_1,phdr_ras:NS3:132I,REF_MASTER_NC_004102,phdr_ras:NS3:132I+170I
NS3,CONJUNCT_NAME_1,phdr_ras:NS3:155K,REF_MASTER_NC_004102,phdr_ras:NS3:155K+168A
NS3,CONJUNCT_NAME_1,phdr_ras:NS3:155K,REF_MASTER_NC_004102,phdr_ras:NS3:155K+168R
NS3,CONJUNCT_NAME_1,phdr_ras:NS3:155K,REF_MASTER_NC_004102,phdr_ras:NS3:155K+168V
NS3,CONJUNCT_NAME_1,phdr_ras:NS3:155T,REF_MASTER_NC_004102,phdr_ras:NS3:155T+156V
NS3,CONJUNCT_NAME_1,phdr_ras:NS3:155T,REF_MASTER_NC_004102,phdr_ras:NS3:155T+168N
NS3,CONJUNCT_NAME_1,phdr_ras:NS3:156G,REF_MASTER_NC_004102,phdr_ras:NS3:156G+170I
NS3,CONJUNCT_NAME_1,phdr_ras:NS3:156M,REF_MASTER_NC_004102,phdr_ras:NS3:156M+168A+170I
NS3,CONJUNCT_NAME_1,phdr_ras:NS3:156M,REF_MASTER_NC_004102,phdr_ras:NS3:156M+168G+170I
NS3,CONJUNCT_NAME_1,phdr_ras:NS3:156S,REF_MASTER_NC_004102,phdr_ras:NS3:156S+177V
NS3,CONJUNCT_NAME_1,phdr_ras:NS3:156T,REF_MASTER_NC_004102,phdr_ras:NS3:156T+158A
NS3,CONJUNCT_NAME_1,phdr_ras:NS3:156T,REF_MASTER_NC_004102,phdr_ras:NS3:156T+168A+170I
NS3,CONJUNCT_NAME_1,phdr_ras:NS3:156T,REF_MASTER_NC_004102,phdr_ras:NS3:156T+168G+170I
NS3,CONJUNCT_NAME_1,phdr_ras:NS3:156T,REF_MASTER_NC_004102,phdr_ras:NS3:156T+168N
NS3,CONJUNCT_NAME_1,phdr_ras:NS3:156T,REF_MASTER_NC_004102,phdr_ras:NS3:156T+170I
NS3,CONJUNCT_NAME_1,phdr_ras:NS3:156V,REF_MASTER_NC_004102,phdr_ras:NS3:156V+168A+170I
NS3,CONJUNCT_NAME_1,phdr_ras:NS3:156V,REF_MASTER_NC_004102,phdr_ras:NS3:156V+168G+170I
NS3,CONJUNCT_NAME_1,phdr_ras:NS3:156V,REF_MASTER_NC_004102,phdr_ras:NS3:156V+168V
NS3,CONJUNCT_NAME_1,phdr_ras:NS3:166S,REF_MASTER_NC_004102,phdr_ras:NS3:166S+168R
NS3,CONJUNCT_NAME_1,phdr_ras:NS3:168A,REF_MASTER_NC_004102,phdr_ras:NS3:168A+122N
NS3,CONJUNCT_NAME_1,phdr_ras:NS3:168A,REF_MASTER_NC_004102,phdr_ras:NS3:168A+170T
NS3,CONJUNCT_NAME_1,phdr_ras:NS3:168H,REF_MASTER_NC_004102,phdr_ras:NS3:168H+179T
NS3,CONJUNCT_NAME_1,phdr_ras:NS3:168H,REF_MASTER_NC_004102,phdr_ras:NS3:168H+41R
NS3,CONJUNCT_NAME_1,phdr_ras:NS3:168R,REF_MASTER_NC_004102,phdr_ras:NS3:168R+170I
NS3,CONJUNCT_NAME_1,phdr_ras:NS3:168Y,REF_MASTER_NC_004102,phdr_ras:NS3:168Y+41R
NS3,CONJUNCT_NAME_1,phdr_ras:NS3:18V,REF_MASTER_NC_004102,phdr_ras:NS3:18V+155K
NS3,CONJUNCT_NAME_1,phdr_ras:NS3:30V,REF_MASTER_NC_004102,phdr_ras:NS3:30V+156S
NS3,CONJUNCT_NAME_1,phdr_ras:NS3:36A,REF_MASTER_NC_004102,phdr_ras:NS3:36A+155G+168G
NS3,CONJUNCT_NAME_1,phdr_ras:NS3:36A,REF_MASTER_NC_004102,phdr_ras:NS3:36A+155K
NS3,CONJUNCT_NAME_1,phdr_ras:NS3:36A,REF_MASTER_NC_004102,phdr_ras:NS3:36A+156T
NS3,CONJUNCT_NAME_1,phdr_ras:NS3:36A,REF_MASTER_NC_004102,phdr_ras:NS3:36A+168A
NS3,CONJUNCT_NAME_1,phdr_ras:NS3:36A,REF_MASTER_NC_004102,phdr_ras:NS3:36A+41R
NS3,CONJUNCT_NAME_1,phdr_ras:NS3:36A,REF_MASTER_NC_004102,phdr_ras:NS3:36A+80R+155K
NS3,CONJUNCT_NAME_1,phdr_ras:NS3:36L,REF_MASTER_NC_004102,phdr_ras:NS3:36L+155K
NS3,CONJUNCT_NAME_1,phdr_ras:NS3:36L,REF_MASTER_NC_004102,phdr_ras:NS3:36L+155K+156T+158A+168N
NS3,CONJUNCT_NAME_1,phdr_ras:NS3:36L,REF_MASTER_NC_004102,phdr_ras:NS3:36L+155K+156T+168N
NS3,CONJUNCT_NAME_1,phdr_ras:NS3:36L,REF_MASTER_NC_004102,phdr_ras:NS3:36L+54S
NS3,CONJUNCT_NAME_1,phdr_ras:NS3:36L,REF_MASTER_NC_004102,phdr_ras:NS3:36L+80K
NS3,CONJUNCT_NAME_1,phdr_ras:NS3:36L,REF_MASTER_NC_004102,phdr_ras:NS3:36L+80K+122C
NS3,CONJUNCT_NAME_1,phdr_ras:NS3:36L,REF_MASTER_NC_004102,phdr_ras:NS3:36L+80K+155S
NS3,CONJUNCT_NAME_1,phdr_ras:NS3:36L,REF_MASTER_NC_004102,phdr_ras:NS3:36L+80K+168A
NS3,CONJUNCT_NAME_1,phdr_ras:NS3:36L,REF_MASTER_NC_004102,phdr_ras:NS3:36L+80K+168G
NS3,CONJUNCT_NAME_1,phdr_ras:NS3:36M,REF_MASTER_NC_004102,phdr_ras:NS3:36M+122N
NS3,CONJUNCT_NAME_1,phdr_ras:NS3:36M,REF_MASTER_NC_004102,phdr_ras:NS3:36M+155G+168G
NS3,CONJUNCT_NAME_1,phdr_ras:NS3:36M,REF_MASTER_NC_004102,phdr_ras:NS3:36M+155K
NS3,CONJUNCT_NAME_1,phdr_ras:NS3:36M,REF_MASTER_NC_004102,phdr_ras:NS3:36M+155K+170V
NS3,CONJUNCT_NAME_1,phdr_ras:NS3:36M,REF_MASTER_NC_004102,phdr_ras:NS3:36M+156S
NS3,CONJUNCT_NAME_1,phdr_ras:NS3:36M,REF_MASTER_NC_004102,phdr_ras:NS3:36M+41R
NS3,CONJUNCT_NAME_1,phdr_ras:NS3:36M,REF_MASTER_NC_004102,phdr_ras:NS3:36M+41R+168G
NS3,CONJUNCT_NAME_1,phdr_ras:NS3:36M,REF_MASTER_NC_004102,phdr_ras:NS3:36M+80K
NS3,CONJUNCT_NAME_1,phdr_ras:NS3:36M,REF_MASTER_NC_004102,phdr_ras:NS3:36M+80K+107I
NS3,CONJUNCT_NAME_1,phdr_ras:NS3:36M,REF_MASTER_NC_004102,phdr_ras:NS3:36M+80K+122G+168A
NS3,CONJUNCT_NAME_1,phdr_ras:NS3:41H,REF_MASTER_NC_004102,phdr_ras:NS3:41H+80K+122G
NS3,CONJUNCT_NAME_1,phdr_ras:NS3:41K,REF_MASTER_NC_004102,phdr_ras:NS3:41K+43L+80K+168Y
NS3,CONJUNCT_NAME_1,phdr_ras:NS3:41K,REF_MASTER_NC_004102,phdr_ras:NS3:41K+80K
NS3,CONJUNCT_NAME_1,phdr_ras:NS3:41R,REF_MASTER_NC_004102,phdr_ras:NS3:41R+156T
NS3,CONJUNCT_NAME_1,phdr_ras:NS3:41R,REF_MASTER_NC_004102,phdr_ras:NS3:41R+168A
NS3,CONJUNCT_NAME_1,phdr_ras:NS3:41R,REF_MASTER_NC_004102,phdr_ras:NS3:41R+168G
NS3,CONJUNCT_NAME_1,phdr_ras:NS3:41R,REF_MASTER_NC_004102,phdr_ras:NS3:41R+168H
NS3,CONJUNCT_NAME_1,phdr_ras:NS3:41R,REF_MASTER_NC_004102,phdr_ras:NS3:41R+170I
NS3,CONJUNCT_NAME_1,phdr_ras:NS3:41R,REF_MASTER_NC_004102,phdr_ras:NS3:41R+55I
NS3,CONJUNCT_NAME_1,phdr_ras:NS3:43L,REF_MASTER_NC_004102,phdr_ras:NS3:43L+80K
NS3,CONJUNCT_NAME_1,phdr_ras:NS3:54A,REF_MASTER_NC_004102,phdr_ras:NS3:54A+156S
NS3,CONJUNCT_NAME_1,phdr_ras:NS3:54A,REF_MASTER_NC_004102,phdr_ras:NS3:54A+158I
NS3,CONJUNCT_NAME_1,phdr_ras:NS3:54S,REF_MASTER_NC_004102,phdr_ras:NS3:54S+122G+155K+180V
NS3,CONJUNCT_NAME_1,phdr_ras:NS3:54S,REF_MASTER_NC_004102,phdr_ras:NS3:54S+155K
NS3,CONJUNCT_NAME_1,phdr_ras:NS3:54S,REF_MASTER_NC_004102,phdr_ras:NS3:54S+155T+168N
NS3,CONJUNCT_NAME_1,phdr_ras:NS3:54S,REF_MASTER_NC_004102,phdr_ras:NS3:54S+156S
NS3,CONJUNCT_NAME_1,phdr_ras:NS3:54S,REF_MASTER_NC_004102,phdr_ras:NS3:54S+156S+177V
NS3,CONJUNCT_NAME_1,phdr_ras:NS3:54S,REF_MASTER_NC_004102,phdr_ras:NS3:54S+156T
NS3,CONJUNCT_NAME_1,phdr_ras:NS3:54S,REF_MASTER_NC_004102,phdr_ras:NS3:54S+55I+122G+155K
NS3,CONJUNCT_NAME_1,phdr_ras:NS3:54S,REF_MASTER_NC_004102,phdr_ras:NS3:54S+55I+122G+155K+170V
NS3,CONJUNCT_NAME_1,phdr_ras:NS3:54S,REF_MASTER_NC_004102,phdr_ras:NS3:54S+55I+80L
NS3,CONJUNCT_NAME_1,phdr_ras:NS3:54S,REF_MASTER_NC_004102,phdr_ras:NS3:54S+56F+80L+156T+170I
NS3,CONJUNCT_NAME_1,phdr_ras:NS3:54S,REF_MASTER_NC_004102,phdr_ras:NS3:54S+56H
NS3,CONJUNCT_NAME_1,phdr_ras:NS3:54S,REF_MASTER_NC_004102,phdr_ras:NS3:54S+56H+170V
NS3,CONJUNCT_NAME_1,phdr_ras:NS3:55A,REF_MASTER_NC_004102,phdr_ras:NS3:55A+168A
NS3,CONJUNCT_NAME_1,phdr_ras:NS3:55A,REF_MASTER_NC_004102,phdr_ras:NS3:55A+168E
NS3,CONJUNCT_NAME_1,phdr_ras:NS3:55A,REF_MASTER_NC_004102,phdr_ras:NS3:55A+80K+122N
NS3,CONJUNCT_NAME_1,phdr_ras:NS3:55A,REF_MASTER_NC_004102,phdr_ras:NS3:55A+80R+168E+170V
NS3,CONJUNCT_NAME_1,phdr_ras:NS3:56F,REF_MASTER_NC_004102,phdr_ras:NS3:56F+122N
NS3,CONJUNCT_NAME_1,phdr_ras:NS3:56F,REF_MASTER_NC_004102,phdr_ras:NS3:56F+122N+170I
NS3,CONJUNCT_NAME_1,phdr_ras:NS3:56F,REF_MASTER_NC_004102,phdr_ras:NS3:56F+155W+156G+168N
NS3,CONJUNCT_NAME_1,phdr_ras:NS3:56F,REF_MASTER_NC_004102,phdr_ras:NS3:56F+168E+170I
NS3,CONJUNCT_NAME_1,phdr_ras:NS3:56F,REF_MASTER_NC_004102,phdr_ras:NS3:56F+170I
NS3,CONJUNCT_NAME_1,phdr_ras:NS3:56H,REF_MASTER_NC_004102,phdr_ras:NS3:56H+156T+168N
NS3,CONJUNCT_NAME_1,phdr_ras:NS3:56H,REF_MASTER_NC_004102,phdr_ras:NS3:56H+168A
NS3,CONJUNCT_NAME_1,phdr_ras:NS3:56H,REF_MASTER_NC_004102,phdr_ras:NS3:56H+168E
NS3,CONJUNCT_NAME_1,phdr_ras:NS3:56H,REF_MASTER_NC_004102,phdr_ras:NS3:56H+168K
NS3,CONJUNCT_NAME_1,phdr_ras:NS3:56H,REF_MASTER_NC_004102,phdr_ras:NS3:56H+168K+170I
NS3,CONJUNCT_NAME_1,phdr_ras:NS3:56H,REF_MASTER_NC_004102,phdr_ras:NS3:56H+168L
NS3,CONJUNCT_NAME_1,phdr_ras:NS3:56H,REF_MASTER_NC_004102,phdr_ras:NS3:56H+168Q+170I
NS3,CONJUNCT_NAME_1,phdr_ras:NS3:56H,REF_MASTER_NC_004102,phdr_ras:NS3:56H+168R
NS3,CONJUNCT_NAME_1,phdr_ras:NS3:56H,REF_MASTER_NC_004102,phdr_ras:NS3:56H+168V
NS3,CONJUNCT_NAME_1,phdr_ras:NS3:56H,REF_MASTER_NC_004102,phdr_ras:NS3:56H+168Y
NS3,CONJUNCT_NAME_1,phdr_ras:NS3:56H,REF_MASTER_NC_004102,phdr_ras:NS3:56H+80K+155I+168V
NS3,CONJUNCT_NAME_1,phdr_ras:NS3:56H,REF_MASTER_NC_004102,phdr_ras:NS3:56H+80K+155R+168V
NS3,CONJUNCT_NAME_1,phdr_ras:NS3:56Y,REF_MASTER_NC_004102,phdr_ras:NS3:56Y+168K+170I
NS3,CONJUNCT_NAME_1,phdr_ras:NS3:56Y,REF_MASTER_NC_004102,phdr_ras:NS3:56Y+168Q+170I
NS3,CONJUNCT_NAME_1,phdr_ras:NS3:58S,REF_MASTER_NC_004102,phdr_ras:NS3:58S+62T+93H
NS3,CONJUNCT_NAME_1,phdr_ras:NS3:71A,REF_MASTER_NC_004102,phdr_ras:NS3:71A+170V
NS3,CONJUNCT_NAME_1,phdr_ras:NS3:77S,REF_MASTER_NC_004102,phdr_ras:NS3:77S+80K+132I+156G
NS3,CONJUNCT_NAME_1,phdr_ras:NS3:80K,REF_MASTER_NC_004102,phdr_ras:NS3:80K+107I
NS3,CONJUNCT_NAME_1,phdr_ras:NS3:80K,REF_MASTER_NC_004102,phdr_ras:NS3:80K+122G
NS3,CONJUNCT_NAME_1,phdr_ras:NS3:80K,REF_MASTER_NC_004102,phdr_ras:NS3:80K+122G+168Y
NS3,CONJUNCT_NAME_1,phdr_ras:NS3:80K,REF_MASTER_NC_004102,phdr_ras:NS3:80K+132I
NS3,CONJUNCT_NAME_1,phdr_ras:NS3:80K,REF_MASTER_NC_004102,phdr_ras:NS3:80K+132V
NS3,CONJUNCT_NAME_1,phdr_ras:NS3:80K,REF_MASTER_NC_004102,phdr_ras:NS3:80K+132V+156G
NS3,CONJUNCT_NAME_1,phdr_ras:NS3:80K,REF_MASTER_NC_004102,phdr_ras:NS3:80K+155K
NS3,CONJUNCT_NAME_1,phdr_ras:NS3:80K,REF_MASTER_NC_004102,phdr_ras:NS3:80K+155T+156T+168N
NS3,CONJUNCT_NAME_1,phdr_ras:NS3:80K,REF_MASTER_NC_004102,phdr_ras:NS3:80K+155T+168N
NS3,CONJUNCT_NAME_1,phdr_ras:NS3:80K,REF_MASTER_NC_004102,phdr_ras:NS3:80K+156A
NS3,CONJUNCT_NAME_1,phdr_ras:NS3:80K,REF_MASTER_NC_004102,phdr_ras:NS3:80K+156G
NS3,CONJUNCT_NAME_1,phdr_ras:NS3:80K,REF_MASTER_NC_004102,phdr_ras:NS3:80K+156G+170I
NS3,CONJUNCT_NAME_1,phdr_ras:NS3:80K,REF_MASTER_NC_004102,phdr_ras:NS3:80K+156T+168A
NS3,CONJUNCT_NAME_1,phdr_ras:NS3:80K,REF_MASTER_NC_004102,phdr_ras:NS3:80K+156V
NS3,CONJUNCT_NAME_1,phdr_ras:NS3:80K,REF_MASTER_NC_004102,phdr_ras:NS3:80K+168A
NS3,CONJUNCT_NAME_1,phdr_ras:NS3:80K,REF_MASTER_NC_004102,phdr_ras:NS3:80K+168D
NS3,CONJUNCT_NAME_1,phdr_ras:NS3:80K,REF_MASTER_NC_004102,phdr_ras:NS3:80K+168E
NS3,CONJUNCT_NAME_1,phdr_ras:NS3:80K,REF_MASTER_NC_004102,phdr_ras:NS3:80K+168E+170V
NS3,CONJUNCT_NAME_1,phdr_ras:NS3:80K,REF_MASTER_NC_004102,phdr_ras:NS3:80K+168N
NS3,CONJUNCT_NAME_1,phdr_ras:NS3:80K,REF_MASTER_NC_004102,phdr_ras:NS3:80K+168T
NS3,CONJUNCT_NAME_1,phdr_ras:NS3:80K,REF_MASTER_NC_004102,phdr_ras:NS3:80K+168Y
NS3,CONJUNCT_NAME_1,phdr_ras:NS3:80K,REF_MASTER_NC_004102,phdr_ras:NS3:80K+170I
NS3,CONJUNCT_NAME_1,phdr_ras:NS3:80L,REF_MASTER_NC_004102,phdr_ras:NS3:80L+168E
NS3,CONJUNCT_NAME_1,phdr_ras:NS3:80R,REF_MASTER_NC_004102,phdr_ras:NS3:80R+132I+170I
NS3,CONJUNCT_NAME_1,phdr_ras:NS3:80R,REF_MASTER_NC_004102,phdr_ras:NS3:80R+155K+156T+168A
NS3,CONJUNCT_NAME_1,phdr_ras:NS3:80R,REF_MASTER_NC_004102,phdr_ras:NS3:80R+155K+156T+168E
NS3,CONJUNCT_NAME_1,phdr_ras:NS3:80R,REF_MASTER_NC_004102,phdr_ras:NS3:80R+155K+156T+168K
NS3,CONJUNCT_NAME_1,phdr_ras:NS3:80R,REF_MASTER_NC_004102,phdr_ras:NS3:80R+155S+156T+168A
NS3,CONJUNCT_NAME_1,phdr_ras:NS3:80R,REF_MASTER_NC_004102,phdr_ras:NS3:80R+155S+156T+168E
NS3,CONJUNCT_NAME_1,phdr_ras:NS3:80R,REF_MASTER_NC_004102,phdr_ras:NS3:80R+155S+156T+168K
NS3,CONJUNCT_NAME_1,phdr_ras:NS3:89L,REF_MASTER_NC_004102,phdr_ras:NS3:89L+156T
NS3,CONJUNCT_NAME_1,phdr_ras:NS3:89L,REF_MASTER_NC_004102,phdr_ras:NS3:89L+156V
NS3,CONJUNCT_NAME_1,phdr_ras:NS3:89R,REF_MASTER_NC_004102,phdr_ras:NS3:89R+156T
NS3,CONJUNCT_NAME_2,phdr_ras:NS3:156S,REF_MASTER_NC_004102,phdr_ras:NS3:117L+156S
NS3,CONJUNCT_NAME_2,phdr_ras:NS3:155K,REF_MASTER_NC_004102,phdr_ras:NS3:122G+155K
NS3,CONJUNCT_NAME_2,phdr_ras:NS3:155K,REF_MASTER_NC_004102,phdr_ras:NS3:122G+155K+170V
NS3,CONJUNCT_NAME_2,phdr_ras:NS3:168A,REF_MASTER_NC_004102,phdr_ras:NS3:122G+168A
NS3,CONJUNCT_NAME_2,phdr_ras:NS3:155G,REF_MASTER_NC_004102,phdr_ras:NS3:122N+155G
NS3,CONJUNCT_NAME_2,phdr_ras:NS3:168A,REF_MASTER_NC_004102,phdr_ras:NS3:122N+168A
NS3,CONJUNCT_NAME_2,phdr_ras:NS3:168N,REF_MASTER_NC_004102,phdr_ras:NS3:122N+168N
NS3,CONJUNCT_NAME_2,phdr_ras:NS3:168Y,REF_MASTER_NC_004102,phdr_ras:NS3:122N+168Y
NS3,CONJUNCT_NAME_2,phdr_ras:NS3:155N,REF_MASTER_NC_004102,phdr_ras:NS3:122R+155N+168E
NS3,CONJUNCT_NAME_2,phdr_ras:NS3:170I,REF_MASTER_NC_004102,phdr_ras:NS3:122T+170I
NS3,CONJUNCT_NAME_2,phdr_ras:NS3:170I,REF_MASTER_NC_004102,phdr_ras:NS3:132I+170I
NS3,CONJUNCT_NAME_2,phdr_ras:NS3:168A,REF_MASTER_NC_004102,phdr_ras:NS3:155K+168A
NS3,CONJUNCT_NAME_2,phdr_ras:NS3:168R,REF_MASTER_NC_004102,phdr_ras:NS3:155K+168R
NS3,CONJUNCT_NAME_2,phdr_ras:NS3:168V,REF_MASTER_NC_004102,phdr_ras:NS3:155K+168V
NS3,CONJUNCT_NAME_2,phdr_ras:NS3:156V,REF_MASTER_NC_004102,phdr_ras:NS3:155T+156V
NS3,CONJUNCT_NAME_2,phdr_ras:NS3:168N,REF_MASTER_NC_004102,phdr_ras:NS3:155T+168N
NS3,CONJUNCT_NAME_2,phdr_ras:NS3:170I,REF_MASTER_NC_004102,phdr_ras:NS3:156G+170I
NS3,CONJUNCT_NAME_2,phdr_ras:NS3:168A,REF_MASTER_NC_004102,phdr_ras:NS3:156M+168A+170I
NS3,CONJUNCT_NAME_2,phdr_ras:NS3:168G,REF_MASTER_NC_004102,phdr_ras:NS3:156M+168G+170I
NS3,CONJUNCT_NAME_2,phdr_ras:NS3:177V,REF_MASTER_NC_004102,phdr_ras:NS3:156S+177V
NS3,CONJUNCT_NAME_2,phdr_ras:NS3:158A,REF_MASTER_NC_004102,phdr_ras:NS3:156T+158A
NS3,CONJUNCT_NAME_2,phdr_ras:NS3:168A,REF_MASTER_NC_004102,phdr_ras:NS3:156T+168A+170I
NS3,CONJUNCT_NAME_2,phdr_ras:NS3:168G,REF_MASTER_NC_004102,phdr_ras:NS3:156T+168G+170I
NS3,CONJUNCT_NAME_2,phdr_ras:NS3:168N,REF_MASTER_NC_004102,phdr_ras:NS3:156T+168N
NS3,CONJUNCT_NAME_2,phdr_ras:NS3:170I,REF_MASTER_NC_004102,phdr_ras:NS3:156T+170I
NS3,CONJUNCT_NAME_2,phdr_ras:NS3:168A,REF_MASTER_NC_004102,phdr_ras:NS3:156V+168A+170I
NS3,CONJUNCT_NAME_2,phdr_ras:NS3:168G,REF_MASTER_NC_004102,phdr_ras:NS3:156V+168G+170I
NS3,CONJUNCT_NAME_2,phdr_ras:NS3:168V,REF_MASTER_NC_004102,phdr_ras:NS3:156V+168V
NS3,CONJUNCT_NAME_2,phdr_ras:NS3:168R,REF_MASTER_NC_004102,phdr_ras:NS3:166S+168R
NS3,CONJUNCT_NAME_2,phdr_ras:NS3:122N,REF_MASTER_NC_004102,phdr_ras:NS3:168A+122N
NS3,CONJUNCT_NAME_2,phdr_ras:NS3:170T,REF_MASTER_NC_004102,phdr_ras:NS3:168A+170T
NS3,CONJUNCT_NAME_2,phdr_ras:NS3:179T,REF_MASTER_NC_004102,phdr_ras:NS3:168H+179T
NS3,CONJUNCT_NAME_2,phdr_ras:NS3:41R,REF_MASTER_NC_004102,phdr_ras:NS3:168H+41R
NS3,CONJUNCT_NAME_2,phdr_ras:NS3:170I,REF_MASTER_NC_004102,phdr_ras:NS3:168R+170I
NS3,CONJUNCT_NAME_2,phdr_ras:NS3:41R,REF_MASTER_NC_004102,phdr_ras:NS3:168Y+41R
NS3,CONJUNCT_NAME_2,phdr_ras:NS3:155K,REF_MASTER_NC_004102,phdr_ras:NS3:18V+155K
NS3,CONJUNCT_NAME_2,phdr_ras:NS3:156S,REF_MASTER_NC_004102,phdr_ras:NS3:30V+156S
NS3,CONJUNCT_NAME_2,phdr_ras:NS3:155G,REF_MASTER_NC_004102,phdr_ras:NS3:36A+155G+168G
NS3,CONJUNCT_NAME_2,phdr_ras:NS3:155K,REF_MASTER_NC_004102,phdr_ras:NS3:36A+155K
NS3,CONJUNCT_NAME_2,phdr_ras:NS3:156T,REF_MASTER_NC_004102,phdr_ras:NS3:36A+156T
NS3,CONJUNCT_NAME_2,phdr_ras:NS3:168A,REF_MASTER_NC_004102,phdr_ras:NS3:36A+168A
NS3,CONJUNCT_NAME_2,phdr_ras:NS3:41R,REF_MASTER_NC_004102,phdr_ras:NS3:36A+41R
NS3,CONJUNCT_NAME_2,phdr_ras:NS3:80R,REF_MASTER_NC_004102,phdr_ras:NS3:36A+80R+155K
NS3,CONJUNCT_NAME_2,phdr_ras:NS3:155K,REF_MASTER_NC_004102,phdr_ras:NS3:36L+155K
NS3,CONJUNCT_NAME_2,phdr_ras:NS3:155K,REF_MASTER_NC_004102,phdr_ras:NS3:36L+155K+156T+158A+168N
NS3,CONJUNCT_NAME_2,phdr_ras:NS3:155K,REF_MASTER_NC_004102,phdr_ras:NS3:36L+155K+156T+168N
NS3,CONJUNCT_NAME_2,phdr_ras:NS3:54S,REF_MASTER_NC_004102,phdr_ras:NS3:36L+54S
NS3,CONJUNCT_NAME_2,phdr_ras:NS3:80K,REF_MASTER_NC_004102,phdr_ras:NS3:36L+80K
NS3,CONJUNCT_NAME_2,phdr_ras:NS3:80K,REF_MASTER_NC_004102,phdr_ras:NS3:36L+80K+122C
NS3,CONJUNCT_NAME_2,phdr_ras:NS3:80K,REF_MASTER_NC_004102,phdr_ras:NS3:36L+80K+155S
NS3,CONJUNCT_NAME_2,phdr_ras:NS3:80K,REF_MASTER_NC_004102,phdr_ras:NS3:36L+80K+168A
NS3,CONJUNCT_NAME_2,phdr_ras:NS3:80K,REF_MASTER_NC_004102,phdr_ras:NS3:36L+80K+168G
NS3,CONJUNCT_NAME_2,phdr_ras:NS3:122N,REF_MASTER_NC_004102,phdr_ras:NS3:36M+122N
NS3,CONJUNCT_NAME_2,phdr_ras:NS3:155G,REF_MASTER_NC_004102,phdr_ras:NS3:36M+155G+168G
NS3,CONJUNCT_NAME_2,phdr_ras:NS3:155K,REF_MASTER_NC_004102,phdr_ras:NS3:36M+155K
NS3,CONJUNCT_NAME_2,phdr_ras:NS3:155K,REF_MASTER_NC_004102,phdr_ras:NS3:36M+155K+170V
NS3,CONJUNCT_NAME_2,phdr_ras:NS3:156S,REF_MASTER_NC_004102,phdr_ras:NS3:36M+156S
NS3,CONJUNCT_NAME_2,phdr_ras:NS3:41R,REF_MASTER_NC_004102,phdr_ras:NS3:36M+41R
NS3,CONJUNCT_NAME_2,phdr_ras:NS3:41R,REF_MASTER_NC_004102,phdr_ras:NS3:36M+41R+168G
NS3,CONJUNCT_NAME_2,phdr_ras:NS3:80K,REF_MASTER_NC_004102,phdr_ras:NS3:36M+80K
NS3,CONJUNCT_NAME_2,phdr_ras:NS3:80K,REF_MASTER_NC_004102,phdr_ras:NS3:36M+80K+107I
NS3,CONJUNCT_NAME_2,phdr_ras:NS3:80K,REF_MASTER_NC_004102,phdr_ras:NS3:36M+80K+122G+168A
NS3,CONJUNCT_NAME_2,phdr_ras:NS3:80K,REF_MASTER_NC_004102,phdr_ras:NS3:41H+80K+122G
NS3,CONJUNCT_NAME_2,phdr_ras:NS3:43L,REF_MASTER_NC_004102,phdr_ras:NS3:41K+43L+80K+168Y
NS3,CONJUNCT_NAME_2,phdr_ras:NS3:80K,REF_MASTER_NC_004102,phdr_ras:NS3:41K+80K
NS3,CONJUNCT_NAME_2,phdr_ras:NS3:156T,REF_MASTER_NC_004102,phdr_ras:NS3:41R+156T
NS3,CONJUNCT_NAME_2,phdr_ras:NS3:168A,REF_MASTER_NC_004102,phdr_ras:NS3:41R+168A
NS3,CONJUNCT_NAME_2,phdr_ras:NS3:168G,REF_MASTER_NC_004102,phdr_ras:NS3:41R+168G
NS3,CONJUNCT_NAME_2,phdr_ras:NS3:168H,REF_MASTER_NC_004102,phdr_ras:NS3:41R+168H
NS3,CONJUNCT_NAME_2,phdr_ras:NS3:170I,REF_MASTER_NC_004102,phdr_ras:NS3:41R+170I
NS3,CONJUNCT_NAME_2,phdr_ras:NS3:55I,REF_MASTER_NC_004102,phdr_ras:NS3:41R+55I
NS3,CONJUNCT_NAME_2,phdr_ras:NS3:80K,REF_MASTER_NC_004102,phdr_ras:NS3:43L+80K
NS3,CONJUNCT_NAME_2,phdr_ras:NS3:156S,REF_MASTER_NC_004102,phdr_ras:NS3:54A+156S
NS3,CONJUNCT_NAME_2,phdr_ras:NS3:158I,REF_MASTER_NC_004102,phdr_ras:NS3:54A+158I
NS3,CONJUNCT_NAME_2,phdr_ras:NS3:122G,REF_MASTER_NC_004102,phdr_ras:NS3:54S+122G+155K+180V
NS3,CONJUNCT_NAME_2,phdr_ras:NS3:155K,REF_MASTER_NC_004102,phdr_ras:NS3:54S+155K
NS3,CONJUNCT_NAME_2,phdr_ras:NS3:155T,REF_MASTER_NC_004102,phdr_ras:NS3:54S+155T+168N
NS3,CONJUNCT_NAME_2,phdr_ras:NS3:156S,REF_MASTER_NC_004102,phdr_ras:NS3:54S+156S
NS3,CONJUNCT_NAME_2,phdr_ras:NS3:156S,REF_MASTER_NC_004102,phdr_ras:NS3:54S+156S+177V
NS3,CONJUNCT_NAME_2,phdr_ras:NS3:156T,REF_MASTER_NC_004102,phdr_ras:NS3:54S+156T
NS3,CONJUNCT_NAME_2,phdr_ras:NS3:55I,REF_MASTER_NC_004102,phdr_ras:NS3:54S+55I+122G+155K
NS3,CONJUNCT_NAME_2,phdr_ras:NS3:55I,REF_MASTER_NC_004102,phdr_ras:NS3:54S+55I+122G+155K+170V
NS3,CONJUNCT_NAME_2,phdr_ras:NS3:55I,REF_MASTER_NC_004102,phdr_ras:NS3:54S+55I+80L
NS3,CONJUNCT_NAME_2,phdr_ras:NS3:56F,REF_MASTER_NC_004102,phdr_ras:NS3:54S+56F+80L+156T+170I
NS3,CONJUNCT_NAME_2,phdr_ras:NS3:56H,REF_MASTER_NC_004102,phdr_ras:NS3:54S+56H
NS3,CONJUNCT_NAME_2,phdr_ras:NS3:56H,REF_MASTER_NC_004102,phdr_ras:NS3:54S+56H+170V
NS3,CONJUNCT_NAME_2,phdr_ras:NS3:168A,REF_MASTER_NC_004102,phdr_ras:NS3:55A+168A
NS3,CONJUNCT_NAME_2,phdr_ras:NS3:168E,REF_MASTER_NC_004102,phdr_ras:NS3:55A+168E
NS3,CONJUNCT_NAME_2,phdr_ras:NS3:80K,REF_MASTER_NC_004102,phdr_ras:NS3:55A+80K+122N
NS3,CONJUNCT_NAME_2,phdr_ras:NS3:80R,REF_MASTER_NC_004102,phdr_ras:NS3:55A+80R+168E+170V
NS3,CONJUNCT_NAME_2,phdr_ras:NS3:122N,REF_MASTER_NC_004102,phdr_ras:NS3:56F+122N
NS3,CONJUNCT_NAME_2,phdr_ras:NS3:122N,REF_MASTER_NC_004102,phdr_ras:NS3:56F+122N+170I
NS3,CONJUNCT_NAME_2,phdr_ras:NS3:155W,REF_MASTER_NC_004102,phdr_ras:NS3:56F+155W+156G+168N
NS3,CONJUNCT_NAME_2,phdr_ras:NS3:168E,REF_MASTER_NC_004102,phdr_ras:NS3:56F+168E+170I
NS3,CONJUNCT_NAME_2,phdr_ras:NS3:170I,REF_MASTER_NC_004102,phdr_ras:NS3:56F+170I
NS3,CONJUNCT_NAME_2,phdr_ras:NS3:156T,REF_MASTER_NC_004102,phdr_ras:NS3:56H+156T+168N
NS3,CONJUNCT_NAME_2,phdr_ras:NS3:168A,REF_MASTER_NC_004102,phdr_ras:NS3:56H+168A
NS3,CONJUNCT_NAME_2,phdr_ras:NS3:168E,REF_MASTER_NC_004102,phdr_ras:NS3:56H+168E
NS3,CONJUNCT_NAME_2,phdr_ras:NS3:168K,REF_MASTER_NC_004102,phdr_ras:NS3:56H+168K
NS3,CONJUNCT_NAME_2,phdr_ras:NS3:168K,REF_MASTER_NC_004102,phdr_ras:NS3:56H+168K+170I
NS3,CONJUNCT_NAME_2,phdr_ras:NS3:168L,REF_MASTER_NC_004102,phdr_ras:NS3:56H+168L
NS3,CONJUNCT_NAME_2,phdr_ras:NS3:168Q,REF_MASTER_NC_004102,phdr_ras:NS3:56H+168Q+170I
NS3,CONJUNCT_NAME_2,phdr_ras:NS3:168R,REF_MASTER_NC_004102,phdr_ras:NS3:56H+168R
NS3,CONJUNCT_NAME_2,phdr_ras:NS3:168V,REF_MASTER_NC_004102,phdr_ras:NS3:56H+168V
NS3,CONJUNCT_NAME_2,phdr_ras:NS3:168Y,REF_MASTER_NC_004102,phdr_ras:NS3:56H+168Y
NS3,CONJUNCT_NAME_2,phdr_ras:NS3:80K,REF_MASTER_NC_004102,phdr_ras:NS3:56H+80K+155I+168V
NS3,CONJUNCT_NAME_2,phdr_ras:NS3:80K,REF_MASTER_NC_004102,phdr_ras:NS3:56H+80K+155R+168V
NS3,CONJUNCT_NAME_2,phdr_ras:NS3:168K,REF_MASTER_NC_004102,phdr_ras:NS3:56Y+168K+170I
NS3,CONJUNCT_NAME_2,phdr_ras:NS3:168Q,REF_MASTER_NC_004102,phdr_ras:NS3:56Y+168Q+170I
NS3,CONJUNCT_NAME_2,phdr_ras:NS3:62T,REF_MASTER_NC_004102,phdr_ras:NS3:58S+62T+93H
NS3,CONJUNCT_NAME_2,phdr_ras:NS3:170V,REF_MASTER_NC_004102,phdr_ras:NS3:71A+170V
NS3,CONJUNCT_NAME_2,phdr_ras:NS3:80K,REF_MASTER_NC_004102,phdr_ras:NS3:77S+80K+132I+156G
NS3,CONJUNCT_NAME_2,phdr_ras:NS3:107I,REF_MASTER_NC_004102,phdr_ras:NS3:80K+107I
NS3,CONJUNCT_NAME_2,phdr_ras:NS3:122G,REF_MASTER_NC_004102,phdr_ras:NS3:80K+122G
NS3,CONJUNCT_NAME_2,phdr_ras:NS3:122G,REF_MASTER_NC_004102,phdr_ras:NS3:80K+122G+168Y
NS3,CONJUNCT_NAME_2,phdr_ras:NS3:132I,REF_MASTER_NC_004102,phdr_ras:NS3:80K+132I
NS3,CONJUNCT_NAME_2,phdr_ras:NS3:132V,REF_MASTER_NC_004102,phdr_ras:NS3:80K+132V
NS3,CONJUNCT_NAME_2,phdr_ras:NS3:132V,REF_MASTER_NC_004102,phdr_ras:NS3:80K+132V+156G
NS3,CONJUNCT_NAME_2,phdr_ras:NS3:155K,REF_MASTER_NC_004102,phdr_ras:NS3:80K+155K
NS3,CONJUNCT_NAME_2,phdr_ras:NS3:155T,REF_MASTER_NC_004102,phdr_ras:NS3:80K+155T+156T+168N
NS3,CONJUNCT_NAME_2,phdr_ras:NS3:155T,REF_MASTER_NC_004102,phdr_ras:NS3:80K+155T+168N
NS3,CONJUNCT_NAME_2,phdr_ras:NS3:156A,REF_MASTER_NC_004102,phdr_ras:NS3:80K+156A
NS3,CONJUNCT_NAME_2,phdr_ras:NS3:156G,REF_MASTER_NC_004102,phdr_ras:NS3:80K+156G
NS3,CONJUNCT_NAME_2,phdr_ras:NS3:156G,REF_MASTER_NC_004102,phdr_ras:NS3:80K+156G+170I
NS3,CONJUNCT_NAME_2,phdr_ras:NS3:156T,REF_MASTER_NC_004102,phdr_ras:NS3:80K+156T+168A
NS3,CONJUNCT_NAME_2,phdr_ras:NS3:156V,REF_MASTER_NC_004102,phdr_ras:NS3:80K+156V
NS3,CONJUNCT_NAME_2,phdr_ras:NS3:168A,REF_MASTER_NC_004102,phdr_ras:NS3:80K+168A
NS3,CONJUNCT_NAME_2,phdr_ras:NS3:168D,REF_MASTER_NC_004102,phdr_ras:NS3:80K+168D
NS3,CONJUNCT_NAME_2,phdr_ras:NS3:168E,REF_MASTER_NC_004102,phdr_ras:NS3:80K+168E
NS3,CONJUNCT_NAME_2,phdr_ras:NS3:168E,REF_MASTER_NC_004102,phdr_ras:NS3:80K+168E+170V
NS3,CONJUNCT_NAME_2,phdr_ras:NS3:168N,REF_MASTER_NC_004102,phdr_ras:NS3:80K+168N
NS3,CONJUNCT_NAME_2,phdr_ras:NS3:168T,REF_MASTER_NC_004102,phdr_ras:NS3:80K+168T
NS3,CONJUNCT_NAME_2,phdr_ras:NS3:168Y,REF_MASTER_NC_004102,phdr_ras:NS3:80K+168Y
NS3,CONJUNCT_NAME_2,phdr_ras:NS3:170I,REF_MASTER_NC_004102,phdr_ras:NS3:80K+170I
NS3,CONJUNCT_NAME_2,phdr_ras:NS3:168E,REF_MASTER_NC_004102,phdr_ras:NS3:80L+168E
NS3,CONJUNCT_NAME_2,phdr_ras:NS3:132I,REF_MASTER_NC_004102,phdr_ras:NS3:80R+132I+170I
NS3,CONJUNCT_NAME_2,phdr_ras:NS3:155K,REF_MASTER_NC_004102,phdr_ras:NS3:80R+155K+156T+168A
NS3,CONJUNCT_NAME_2,phdr_ras:NS3:155K,REF_MASTER_NC_004102,phdr_ras:NS3:80R+155K+156T+168E
NS3,CONJUNCT_NAME_2,phdr_ras:NS3:155K,REF_MASTER_NC_004102,phdr_ras:NS3:80R+155K+156T+168K
NS3,CONJUNCT_NAME_2,phdr_ras:NS3:155S,REF_MASTER_NC_004102,phdr_ras:NS3:80R+155S+156T+168A
NS3,CONJUNCT_NAME_2,phdr_ras:NS3:155S,REF_MASTER_NC_004102,phdr_ras:NS3:80R+155S+156T+168E
NS3,CONJUNCT_NAME_2,phdr_ras:NS3:155S,REF_MASTER_NC_004102,phdr_ras:NS3:80R+155S+156T+168K
NS3,CONJUNCT_NAME_2,phdr_ras:NS3:156T,REF_MASTER_NC_004102,phdr_ras:NS3:89L+156T
NS3,CONJUNCT_NAME_2,phdr_ras:NS3:156V,REF_MASTER_NC_004102,phdr_ras:NS3:89L+156V
NS3,CONJUNCT_NAME_2,phdr_ras:NS3:156T,REF_MASTER_NC_004102,phdr_ras:NS3:89R+156T
NS3,CONJUNCT_NAME_3,phdr_ras:NS3:170V,REF_MASTER_NC_004102,phdr_ras:NS3:122G+155K+170V
NS3,CONJUNCT_NAME_3,phdr_ras:NS3:168E,REF_MASTER_NC_004102,phdr_ras:NS3:122R+155N+168E
NS3,CONJUNCT_NAME_3,phdr_ras:NS3:170I,REF_MASTER_NC_004102,phdr_ras:NS3:156M+168A+170I
NS3,CONJUNCT_NAME_3,phdr_ras:NS3:170I,REF_MASTER_NC_004102,phdr_ras:NS3:156M+168G+170I
NS3,CONJUNCT_NAME_3,phdr_ras:NS3:170I,REF_MASTER_NC_004102,phdr_ras:NS3:156T+168A+170I
NS3,CONJUNCT_NAME_3,phdr_ras:NS3:170I,REF_MASTER_NC_004102,phdr_ras:NS3:156T+168G+170I
NS3,CONJUNCT_NAME_3,phdr_ras:NS3:170I,REF_MASTER_NC_004102,phdr_ras:NS3:156V+168A+170I
NS3,CONJUNCT_NAME_3,phdr_ras:NS3:170I,REF_MASTER_NC_004102,phdr_ras:NS3:156V+168G+170I
NS3,CONJUNCT_NAME_3,phdr_ras:NS3:168G,REF_MASTER_NC_004102,phdr_ras:NS3:36A+155G+168G
NS3,CONJUNCT_NAME_3,phdr_ras:NS3:155K,REF_MASTER_NC_004102,phdr_ras:NS3:36A+80R+155K
NS3,CONJUNCT_NAME_3,phdr_ras:NS3:156T,REF_MASTER_NC_004102,phdr_ras:NS3:36L+155K+156T+158A+168N
NS3,CONJUNCT_NAME_3,phdr_ras:NS3:156T,REF_MASTER_NC_004102,phdr_ras:NS3:36L+155K+156T+168N
NS3,CONJUNCT_NAME_3,phdr_ras:NS3:122C,REF_MASTER_NC_004102,phdr_ras:NS3:36L+80K+122C
NS3,CONJUNCT_NAME_3,phdr_ras:NS3:155S,REF_MASTER_NC_004102,phdr_ras:NS3:36L+80K+155S
NS3,CONJUNCT_NAME_3,phdr_ras:NS3:168A,REF_MASTER_NC_004102,phdr_ras:NS3:36L+80K+168A
NS3,CONJUNCT_NAME_3,phdr_ras:NS3:168G,REF_MASTER_NC_004102,phdr_ras:NS3:36L+80K+168G
NS3,CONJUNCT_NAME_3,phdr_ras:NS3:168G,REF_MASTER_NC_004102,phdr_ras:NS3:36M+155G+168G
NS3,CONJUNCT_NAME_3,phdr_ras:NS3:170V,REF_MASTER_NC_004102,phdr_ras:NS3:36M+155K+170V
NS3,CONJUNCT_NAME_3,phdr_ras:NS3:168G,REF_MASTER_NC_004102,phdr_ras:NS3:36M+41R+168G
NS3,CONJUNCT_NAME_3,phdr_ras:NS3:107I,REF_MASTER_NC_004102,phdr_ras:NS3:36M+80K+107I
NS3,CONJUNCT_NAME_3,phdr_ras:NS3:122G,REF_MASTER_NC_004102,phdr_ras:NS3:36M+80K+122G+168A
NS3,CONJUNCT_NAME_3,phdr_ras:NS3:122G,REF_MASTER_NC_004102,phdr_ras:NS3:41H+80K+122G
NS3,CONJUNCT_NAME_3,phdr_ras:NS3:80K,REF_MASTER_NC_004102,phdr_ras:NS3:41K+43L+80K+168Y
NS3,CONJUNCT_NAME_3,phdr_ras:NS3:155K,REF_MASTER_NC_004102,phdr_ras:NS3:54S+122G+155K+180V
NS3,CONJUNCT_NAME_3,phdr_ras:NS3:168N,REF_MASTER_NC_004102,phdr_ras:NS3:54S+155T+168N
NS3,CONJUNCT_NAME_3,phdr_ras:NS3:177V,REF_MASTER_NC_004102,phdr_ras:NS3:54S+156S+177V
NS3,CONJUNCT_NAME_3,phdr_ras:NS3:122G,REF_MASTER_NC_004102,phdr_ras:NS3:54S+55I+122G+155K
NS3,CONJUNCT_NAME_3,phdr_ras:NS3:122G,REF_MASTER_NC_004102,phdr_ras:NS3:54S+55I+122G+155K+170V
NS3,CONJUNCT_NAME_3,phdr_ras:NS3:80L,REF_MASTER_NC_004102,phdr_ras:NS3:54S+55I+80L
NS3,CONJUNCT_NAME_3,phdr_ras:NS3:80L,REF_MASTER_NC_004102,phdr_ras:NS3:54S+56F+80L+156T+170I
NS3,CONJUNCT_NAME_3,phdr_ras:NS3:170V,REF_MASTER_NC_004102,phdr_ras:NS3:54S+56H+170V
NS3,CONJUNCT_NAME_3,phdr_ras:NS3:122N,REF_MASTER_NC_004102,phdr_ras:NS3:55A+80K+122N
NS3,CONJUNCT_NAME_3,phdr_ras:NS3:168E,REF_MASTER_NC_004102,phdr_ras:NS3:55A+80R+168E+170V
NS3,CONJUNCT_NAME_3,phdr_ras:NS3:170I,REF_MASTER_NC_004102,phdr_ras:NS3:56F+122N+170I
NS3,CONJUNCT_NAME_3,phdr_ras:NS3:156G,REF_MASTER_NC_004102,phdr_ras:NS3:56F+155W+156G+168N
NS3,CONJUNCT_NAME_3,phdr_ras:NS3:170I,REF_MASTER_NC_004102,phdr_ras:NS3:56F+168E+170I
NS3,CONJUNCT_NAME_3,phdr_ras:NS3:168N,REF_MASTER_NC_004102,phdr_ras:NS3:56H+156T+168N
NS3,CONJUNCT_NAME_3,phdr_ras:NS3:170I,REF_MASTER_NC_004102,phdr_ras:NS3:56H+168K+170I
NS3,CONJUNCT_NAME_3,phdr_ras:NS3:170I,REF_MASTER_NC_004102,phdr_ras:NS3:56H+168Q+170I
NS3,CONJUNCT_NAME_3,phdr_ras:NS3:155I,REF_MASTER_NC_004102,phdr_ras:NS3:56H+80K+155I+168V
NS3,CONJUNCT_NAME_3,phdr_ras:NS3:155R,REF_MASTER_NC_004102,phdr_ras:NS3:56H+80K+155R+168V
NS3,CONJUNCT_NAME_3,phdr_ras:NS3:170I,REF_MASTER_NC_004102,phdr_ras:NS3:56Y+168K+170I
NS3,CONJUNCT_NAME_3,phdr_ras:NS3:170I,REF_MASTER_NC_004102,phdr_ras:NS3:56Y+168Q+170I
NS3,CONJUNCT_NAME_3,phdr_ras:NS3:93H,REF_MASTER_NC_004102,phdr_ras:NS3:58S+62T+93H
NS3,CONJUNCT_NAME_3,phdr_ras:NS3:132I,REF_MASTER_NC_004102,phdr_ras:NS3:77S+80K+132I+156G
NS3,CONJUNCT_NAME_3,phdr_ras:NS3:168Y,REF_MASTER_NC_004102,phdr_ras:NS3:80K+122G+168Y
NS3,CONJUNCT_NAME_3,phdr_ras:NS3:156G,REF_MASTER_NC_004102,phdr_ras:NS3:80K+132V+156G
NS3,CONJUNCT_NAME_3,phdr_ras:NS3:156T,REF_MASTER_NC_004102,phdr_ras:NS3:80K+155T+156T+168N
NS3,CONJUNCT_NAME_3,phdr_ras:NS3:168N,REF_MASTER_NC_004102,phdr_ras:NS3:80K+155T+168N
NS3,CONJUNCT_NAME_3,phdr_ras:NS3:170I,REF_MASTER_NC_004102,phdr_ras:NS3:80K+156G+170I
NS3,CONJUNCT_NAME_3,phdr_ras:NS3:168A,REF_MASTER_NC_004102,phdr_ras:NS3:80K+156T+168A
NS3,CONJUNCT_NAME_3,phdr_ras:NS3:170V,REF_MASTER_NC_004102,phdr_ras:NS3:80K+168E+170V
NS3,CONJUNCT_NAME_3,phdr_ras:NS3:170I,REF_MASTER_NC_004102,phdr_ras:NS3:80R+132I+170I
NS3,CONJUNCT_NAME_3,phdr_ras:NS3:156T,REF_MASTER_NC_004102,phdr_ras:NS3:80R+155K+156T+168A
NS3,CONJUNCT_NAME_3,phdr_ras:NS3:156T,REF_MASTER_NC_004102,phdr_ras:NS3:80R+155K+156T+168E
NS3,CONJUNCT_NAME_3,phdr_ras:NS3:156T,REF_MASTER_NC_004102,phdr_ras:NS3:80R+155K+156T+168K
NS3,CONJUNCT_NAME_3,phdr_ras:NS3:156T,REF_MASTER_NC_004102,phdr_ras:NS3:80R+155S+156T+168A
NS3,CONJUNCT_NAME_3,phdr_ras:NS3:156T,REF_MASTER_NC_004102,phdr_ras:NS3:80R+155S+156T+168E
NS3,CONJUNCT_NAME_3,phdr_ras:NS3:156T,REF_MASTER_NC_004102,phdr_ras:NS3:80R+155S+156T+168K
NS3,CONJUNCT_NAME_4,phdr_ras:NS3:158A,REF_MASTER_NC_004102,phdr_ras:NS3:36L+155K+156T+158A+168N
NS3,CONJUNCT_NAME_4,phdr_ras:NS3:168N,REF_MASTER_NC_004102,phdr_ras:NS3:36L+155K+156T+168N
NS3,CONJUNCT_NAME_4,phdr_ras:NS3:168A,REF_MASTER_NC_004102,phdr_ras:NS3:36M+80K+122G+168A
NS3,CONJUNCT_NAME_4,phdr_ras:NS3:168Y,REF_MASTER_NC_004102,phdr_ras:NS3:41K+43L+80K+168Y
NS3,CONJUNCT_NAME_4,phdr_ras:NS3:180V,REF_MASTER_NC_004102,phdr_ras:NS3:54S+122G+155K+180V
NS3,CONJUNCT_NAME_4,phdr_ras:NS3:155K,REF_MASTER_NC_004102,phdr_ras:NS3:54S+55I+122G+155K
NS3,CONJUNCT_NAME_4,phdr_ras:NS3:155K,REF_MASTER_NC_004102,phdr_ras:NS3:54S+55I+122G+155K+170V
NS3,CONJUNCT_NAME_4,phdr_ras:NS3:156T,REF_MASTER_NC_004102,phdr_ras:NS3:54S+56F+80L+156T+170I
NS3,CONJUNCT_NAME_4,phdr_ras:NS3:170V,REF_MASTER_NC_004102,phdr_ras:NS3:55A+80R+168E+170V
NS3,CONJUNCT_NAME_4,phdr_ras:NS3:168N,REF_MASTER_NC_004102,phdr_ras:NS3:56F+155W+156G+168N
NS3,CONJUNCT_NAME_4,phdr_ras:NS3:168V,REF_MASTER_NC_004102,phdr_ras:NS3:56H+80K+155I+168V
NS3,CONJUNCT_NAME_4,phdr_ras:NS3:168V,REF_MASTER_NC_004102,phdr_ras:NS3:56H+80K+155R+168V
NS3,CONJUNCT_NAME_4,phdr_ras:NS3:156G,REF_MASTER_NC_004102,phdr_ras:NS3:77S+80K+132I+156G
NS3,CONJUNCT_NAME_4,phdr_ras:NS3:168N,REF_MASTER_NC_004102,phdr_ras:NS3:80K+155T+156T+168N
NS3,CONJUNCT_NAME_4,phdr_ras:NS3:168A,REF_MASTER_NC_004102,phdr_ras:NS3:80R+155K+156T+168A
NS3,CONJUNCT_NAME_4,phdr_ras:NS3:168E,REF_MASTER_NC_004102,phdr_ras:NS3:80R+155K+156T+168E
NS3,CONJUNCT_NAME_4,phdr_ras:NS3:168K,REF_MASTER_NC_004102,phdr_ras:NS3:80R+155K+156T+168K
NS3,CONJUNCT_NAME_4,phdr_ras:NS3:168A,REF_MASTER_NC_004102,phdr_ras:NS3:80R+155S+156T+168A
NS3,CONJUNCT_NAME_4,phdr_ras:NS3:168E,REF_MASTER_NC_004102,phdr_ras:NS3:80R+155S+156T+168E
NS3,CONJUNCT_NAME_4,phdr_ras:NS3:168K,REF_MASTER_NC_004102,phdr_ras:NS3:80R+155S+156T+168K
NS3,CONJUNCT_NAME_5,phdr_ras:NS3:168N,REF_MASTER_NC_004102,phdr_ras:NS3:36L+155K+156T+158A+168N
NS3,CONJUNCT_NAME_5,phdr_ras:NS3:170V,REF_MASTER_NC_004102,phdr_ras:NS3:54S+55I+122G+155K+170V
NS3,CONJUNCT_NAME_5,phdr_ras:NS3:170I,REF_MASTER_NC_004102,phdr_ras:NS3:54S+56F+80L+156T+170I
NS3,MIN_COMBINED_TRIPLET_FRACTION,0.15,REF_MASTER_NC_004102,phdr_ras:NS3:107I
NS3,MIN_COMBINED_TRIPLET_FRACTION,0.15,REF_MASTER_NC_004102,phdr_ras:NS3:109K
NS3,MIN_COMBINED_TRIPLET_FRACTION,0.15,REF_MASTER_NC_004102,phdr_ras:NS3:117L
NS3,MIN_COMBINED_TRIPLET_FRACTION,0.15,REF_MASTER_NC_004102,phdr_ras:NS3:122C
NS3,MIN_COMBINED_TRIPLET_FRACTION,0.15,REF_MASTER_NC_004102,phdr_ras:NS3:122D
NS3,MIN_COMBINED_TRIPLET_FRACTION,0.15,REF_MASTER_NC_004102,phdr_ras:NS3:122G
NS3,MIN_COMBINED_TRIPLET_FRACTION,0.15,REF_MASTER_NC_004102,phdr_ras:NS3:122N
NS3,MIN_COMBINED_TRIPLET_FRACTION,0.15,REF_MASTER_NC_004102,phdr_ras:NS3:122R
NS3,MIN_COMBINED_TRIPLET_FRACTION,0.15,REF_MASTER_NC_004102,phdr_ras:NS3:122T
NS3,MIN_COMBINED_TRIPLET_FRACTION,0.15,REF_MASTER_NC_004102,phdr_ras:NS3:123Q
NS3,MIN_COMBINED_TRIPLET_FRACTION,0.15,REF_MASTER_NC_004102,phdr_ras:NS3:132I
NS3,MIN_COMBINED_TRIPLET_FRACTION,0.15,REF_MASTER_NC_004102,phdr_ras:NS3:132V
NS3,MIN_COMBINED_TRIPLET_FRACTION,0.15,REF_MASTER_NC_004102,phdr_ras:NS3:155C
NS3,MIN_COMBINED_TRIPLET_FRACTION,0.15,REF_MASTER_NC_004102,phdr_ras:NS3:155D
NS3,MIN_COMBINED_TRIPLET_FRACTION,0.15,REF_MASTER_NC_004102,phdr_ras:NS3:155G
NS3,MIN_COMBINED_TRIPLET_FRACTION,0.15,REF_MASTER_NC_004102,phdr_ras:NS3:155I
NS3,MIN_COMBINED_TRIPLET_FRACTION,0.15,REF_MASTER_NC_004102,phdr_ras:NS3:155K
NS3,MIN_COMBINED_TRIPLET_FRACTION,0.15,REF_MASTER_NC_004102,phdr_ras:NS3:155N
NS3,MIN_COMBINED_TRIPLET_FRACTION,0.15,REF_MASTER_NC_004102,phdr_ras:NS3:155Q
NS3,MIN_COMBINED_TRIPLET_FRACTION,0.15,REF_MASTER_NC_004102,phdr_ras:NS3:155R
NS3,MIN_COMBINED_TRIPLET_FRACTION,0.15,REF_MASTER_NC_004102,phdr_ras:NS3:155S
NS3,MIN_COMBINED_TRIPLET_FRACTION,0.15,REF_MASTER_NC_004102,phdr_ras:NS3:155T
NS3,MIN_COMBINED_TRIPLET_FRACTION,0.15,REF_MASTER_NC_004102,phdr_ras:NS3:155W
NS3,MIN_COMBINED_TRIPLET_FRACTION,0.15,REF_MASTER_NC_004102,phdr_ras:NS3:156A
NS3,MIN_COMBINED_TRIPLET_FRACTION,0.15,REF_MASTER_NC_004102,phdr_ras:NS3:156G
NS3,MIN_COMBINED_TRIPLET_FRACTION,0.15,REF_MASTER_NC_004102,phdr_ras:NS3:156L
NS3,MIN_COMBINED_TRIPLET_FRACTION,0.15,REF_MASTER_NC_004102,phdr_ras:NS3:156M
NS3,MIN_COMBINED_TRIPLET_FRACTION,0.15,REF_MASTER_NC_004102,phdr_ras:NS3:156S
NS3,MIN_COMBINED_TRIPLET_FRACTION,0.15,REF_MASTER_NC_004102,phdr_ras:NS3:156T
NS3,MIN_COMBINED_TRIPLET_FRACTION,0.15,REF_MASTER_NC_004102,phdr_ras:NS3:156V
NS3,MIN_COMBINED_TRIPLET_FRACTION,0.15,REF_MASTER_NC_004102,phdr_ras:NS3:158A
NS3,MIN_COMBINED_TRIPLET_FRACTION,0.15,REF_MASTER_NC_004102,phdr_ras:NS3:158I
NS3,MIN_COMBINED_TRIPLET_FRACTION,0.15,REF_MASTER_NC_004102,phdr_ras:NS3:166S
NS3,MIN_COMBINED_TRIPLET_FRACTION,0.15,REF_MASTER_NC_004102,phdr_ras:NS3:166T
NS3,MIN_COMBINED_TRIPLET_FRACTION,0.15,REF_MASTER_NC_004102,phdr_ras:NS3:168A
NS3,MIN_COMBINED_TRIPLET_FRACTION,0.15,REF_MASTER_NC_004102,phdr_ras:NS3:168C
NS3,MIN_COMBINED_TRIPLET_FRACTION,0.15,REF_MASTER_NC_004102,phdr_ras:NS3:168D
NS3,MIN_COMBINED_TRIPLET_FRACTION,0.15,REF_MASTER_NC_004102,phdr_ras:NS3:168E
NS3,MIN_COMBINED_TRIPLET_FRACTION,0.15,REF_MASTER_NC_004102,phdr_ras:NS3:168F
NS3,MIN_COMBINED_TRIPLET_FRACTION,0.15,REF_MASTER_NC_004102,phdr_ras:NS3:168G
NS3,MIN_COMBINED_TRIPLET_FRACTION,0.15,REF_MASTER_NC_004102,phdr_ras:NS3:168H
NS3,MIN_COMBINED_TRIPLET_FRACTION,0.15,REF_MASTER_NC_004102,phdr_ras:NS3:168I
NS3,MIN_COMBINED_TRIPLET_FRACTION,0.15,REF_MASTER_NC_004102,phdr_ras:NS3:168K
NS3,MIN_COMBINED_TRIPLET_FRACTION,0.15,REF_MASTER_NC_004102,phdr_ras:NS3:168L
NS3,MIN_COMBINED_TRIPLET_FRACTION,0.15,REF_MASTER_NC_004102,phdr_ras:NS3:168N
NS3,MIN_COMBINED_TRIPLET_FRACTION,0.15,REF_MASTER_NC_004102,phdr_ras:NS3:168Q
NS3,MIN_COMBINED_TRIPLET_FRACTION,0.15,REF_MASTER_NC_004102,phdr_ras:NS3:168R
NS3,MIN_COMBINED_TRIPLET_FRACTION,0.15,REF_MASTER_NC_004102,phdr_ras:NS3:168T
NS3,MIN_COMBINED_TRIPLET_FRACTION,0.15,REF_MASTER_NC_004102,phdr_ras:NS3:168V
NS3,MIN_COMBINED_TRIPLET_FRACTION,0.15,REF_MASTER_NC_004102,phdr_ras:NS3:168Y
NS3,MIN_COMBINED_TRIPLET_FRACTION,0.15,REF_MASTER_NC_004102,phdr_ras:NS3:170A
NS3,MIN_COMBINED_TRIPLET_FRACTION,0.15,REF_MASTER_NC_004102,phdr_ras:NS3:170I
NS3,MIN_COMBINED_TRIPLET_FRACTION,0.15,REF_MASTER_NC_004102,phdr_ras:NS3:170T
NS3,MIN_COMBINED_TRIPLET_FRACTION,0.15,REF_MASTER_NC_004102,phdr_ras:NS3:170V
NS3,MIN_COMBINED_TRIPLET_FRACTION,0.15,REF_MASTER_NC_004102,phdr_ras:NS3:175M
NS3,MIN_COMBINED_TRIPLET_FRACTION,0.15,REF_MASTER_NC_004102,phdr_ras:NS3:177V
NS3,MIN_COMBINED_TRIPLET_FRACTION,0.15,REF_MASTER_NC_004102,phdr_ras:NS3:179T
NS3,MIN_COMBINED_TRIPLET_FRACTION,0.15,REF_MASTER_NC_004102,phdr_ras:NS3:180V
NS3,MIN_COMBINED_TRIPLET_FRACTION,0.15,REF_MASTER_NC_004102,phdr_ras:NS3:18V
NS3,MIN_COMBINED_TRIPLET_FRACTION,0.15,REF_MASTER_NC_004102,phdr_ras:NS3:30V
NS3,MIN_COMBINED_TRIPLET_FRACTION,0.15,REF_MASTER_NC_004102,phdr_ras:NS3:36A
NS3,MIN_COMBINED_TRIPLET_FRACTION,0.15,REF_MASTER_NC_004102,phdr_ras:NS3:36G
NS3,MIN_COMBINED_TRIPLET_FRACTION,0.15,REF_MASTER_NC_004102,phdr_ras:NS3:36L
NS3,MIN_COMBINED_TRIPLET_FRACTION,0.15,REF_MASTER_NC_004102,phdr_ras:NS3:36M
NS3,MIN_COMBINED_TRIPLET_FRACTION,0.15,REF_MASTER_NC_004102,phdr_ras:NS3:41H
NS3,MIN_COMBINED_TRIPLET_FRACTION,0.15,REF_MASTER_NC_004102,phdr_ras:NS3:41K
NS3,MIN_COMBINED_TRIPLET_FRACTION,0.15,REF_MASTER_NC_004102,phdr_ras:NS3:41R
NS3,MIN_COMBINED_TRIPLET_FRACTION,0.15,REF_MASTER_NC_004102,phdr_ras:NS3:43C
NS3,MIN_COMBINED_TRIPLET_FRACTION,0.15,REF_MASTER_NC_004102,phdr_ras:NS3:43L
NS3,MIN_COMBINED_TRIPLET_FRACTION,0.15,REF_MASTER_NC_004102,phdr_ras:NS3:43S
NS3,MIN_COMBINED_TRIPLET_FRACTION,0.15,REF_MASTER_NC_004102,phdr_ras:NS3:43V
NS3,MIN_COMBINED_TRIPLET_FRACTION,0.15,REF_MASTER_NC_004102,phdr_ras:NS3:54A
NS3,MIN_COMBINED_TRIPLET_FRACTION,0.15,REF_MASTER_NC_004102,phdr_ras:NS3:54S
NS3,MIN_COMBINED_TRIPLET_FRACTION,0.15,REF_MASTER_NC_004102,phdr_ras:NS3:55A
NS3,MIN_COMBINED_TRIPLET_FRACTION,0.15,REF_MASTER_NC_004102,phdr_ras:NS3:55I
NS3,MIN_COMBINED_TRIPLET_FRACTION,0.15,REF_MASTER_NC_004102,phdr_ras:NS3:56F
NS3,MIN_COMBINED_TRIPLET_FRACTION,0.15,REF_MASTER_NC_004102,phdr_ras:NS3:56H
NS3,MIN_COMBINED_TRIPLET_FRACTION,0.15,REF_MASTER_NC_004102,phdr_ras:NS3:56N
NS3,MIN_COMBINED_TRIPLET_FRACTION,0.15,REF_MASTER_NC_004102,phdr_ras:NS3:56Y
NS3,MIN_COMBINED_TRIPLET_FRACTION,0.15,REF_MASTER_NC_004102,phdr_ras:NS3:58S
NS3,MIN_COMBINED_TRIPLET_FRACTION,0.15,REF_MASTER_NC_004102,phdr_ras:NS3:62T
NS3,MIN_COMBINED_TRIPLET_FRACTION,0.15,REF_MASTER_NC_004102,phdr_ras:NS3:71A
NS3,MIN_COMBINED_TRIPLET_FRACTION,0.15,REF_MASTER_NC_004102,phdr_ras:NS3:77S
NS3,MIN_COMBINED_TRIPLET_FRACTION,0.15,REF_MASTER_NC_004102,phdr_ras:NS3:80K
NS3,MIN_COMBINED_TRIPLET_FRACTION,0.15,REF_MASTER_NC_004102,phdr_ras:NS3:80L
NS3,MIN_COMBINED_TRIPLET_FRACTION,0.15,REF_MASTER_NC_004102,phdr_ras:NS3:80R
NS3,MIN_COMBINED_TRIPLET_FRACTION,0.15,REF_MASTER_NC_004102,phdr_ras:NS3:89L
NS3,MIN_COMBINED_TRIPLET_FRACTION,0.15,REF_MASTER_NC_004102,phdr_ras:NS3:89R
NS3,MIN_COMBINED_TRIPLET_FRACTION,0.15,REF_MASTER_NC_004102,phdr_ras:NS3:93H
NS3,SIMPLE_AA_PATTERN,I,REF_MASTER_NC_004102,phdr_ras:NS3:107I
NS3,SIMPLE_AA_PATTERN,K,REF_MASTER_NC_004102,phdr_ras:NS3:109K
NS3,SIMPLE_AA_PATTERN,L,REF_MASTER_NC_004102,phdr_ras:NS3:117L
NS3,SIMPLE_AA_PATTERN,C,REF_MASTER_NC_004102,phdr_ras:NS3:122C
NS3,SIMPLE_AA_PATTERN,D,REF_MASTER_NC_004102,phdr_ras:NS3:122D
NS3,SIMPLE_AA_PATTERN,G,REF_MASTER_NC_004102,phdr_ras:NS3:122G
NS3,SIMPLE_AA_PATTERN,N,REF_MASTER_NC_004102,phdr_ras:NS3:122N
NS3,SIMPLE_AA_PATTERN,R,REF_MASTER_NC_004102,phdr_ras:NS3:122R
NS3,SIMPLE_AA_PATTERN,T,REF_MASTER_NC_004102,phdr_ras:NS3:122T
NS3,SIMPLE_AA_PATTERN,Q,REF_MASTER_NC_004102,phdr_ras:NS3:123Q
NS3,SIMPLE_AA_PATTERN,I,REF_MASTER_NC_004102,phdr_ras:NS3:132I
NS3,SIMPLE_AA_PATTERN,V,REF_MASTER_NC_004102,phdr_ras:NS3:132V
NS3,SIMPLE_AA_PATTERN,C,REF_MASTER_NC_004102,phdr_ras:NS3:155C
NS3,SIMPLE_AA_PATTERN,D,REF_MASTER_NC_004102,phdr_ras:NS3:155D
NS3,SIMPLE_AA_PATTERN,G,REF_MASTER_NC_004102,phdr_ras:NS3:155G
NS3,SIMPLE_AA_PATTERN,I,REF_MASTER_NC_004102,phdr_ras:NS3:155I
NS3,SIMPLE_AA_PATTERN,K,REF_MASTER_NC_004102,phdr_ras:NS3:155K
NS3,SIMPLE_AA_PATTERN,N,REF_MASTER_NC_004102,phdr_ras:NS3:155N
NS3,SIMPLE_AA_PATTERN,Q,REF_MASTER_NC_004102,phdr_ras:NS3:155Q
NS3,SIMPLE_AA_PATTERN,R,REF_MASTER_NC_004102,phdr_ras:NS3:155R
NS3,SIMPLE_AA_PATTERN,S,REF_MASTER_NC_004102,phdr_ras:NS3:155S
NS3,SIMPLE_AA_PATTERN,T,REF_MASTER_NC_004102,phdr_ras:NS3:155T
NS3,SIMPLE_AA_PATTERN,W,REF_MASTER_NC_004102,phdr_ras:NS3:155W
NS3,SIMPLE_AA_PATTERN,A,REF_MASTER_NC_004102,phdr_ras:NS3:156A
NS3,SIMPLE_AA_PATTERN,G,REF_MASTER_NC_004102,phdr_ras:NS3:156G
NS3,SIMPLE_AA_PATTERN,L,REF_MASTER_NC_004102,phdr_ras:NS3:156L
NS3,SIMPLE_AA_PATTERN,M,REF_MASTER_NC_004102,phdr_ras:NS3:156M
NS3,SIMPLE_AA_PATTERN,S,REF_MASTER_NC_004102,phdr_ras:NS3:156S
NS3,SIMPLE_AA_PATTERN,T,REF_MASTER_NC_004102,phdr_ras:NS3:156T
NS3,SIMPLE_AA_PATTERN,V,REF_MASTER_NC_004102,phdr_ras:NS3:156V
NS3,SIMPLE_AA_PATTERN,A,REF_MASTER_NC_004102,phdr_ras:NS3:158A
NS3,SIMPLE_AA_PATTERN,I,REF_MASTER_NC_004102,phdr_ras:NS3:158I
NS3,SIMPLE_AA_PATTERN,S,REF_MASTER_NC_004102,phdr_ras:NS3:166S
NS3,SIMPLE_AA_PATTERN,T,REF_MASTER_NC_004102,phdr_ras:NS3:166T
NS3,SIMPLE_AA_PATTERN,A,REF_MASTER_NC_004102,phdr_ras:NS3:168A
NS3,SIMPLE_AA_PATTERN,C,REF_MASTER_NC_004102,phdr_ras:NS3:168C
NS3,SIMPLE_AA_PATTERN,D,REF_MASTER_NC_004102,phdr_ras:NS3:168D
NS3,SIMPLE_AA_PATTERN,E,REF_MASTER_NC_004102,phdr_ras:NS3:168E
NS3,SIMPLE_AA_PATTERN,F,REF_MASTER_NC_004102,phdr_ras:NS3:168F
NS3,SIMPLE_AA_PATTERN,G,REF_MASTER_NC_004102,phdr_ras:NS3:168G
NS3,SIMPLE_AA_PATTERN,H,REF_MASTER_NC_004102,phdr_ras:NS3:168H
NS3,SIMPLE_AA_PATTERN,I,REF_MASTER_NC_004102,phdr_ras:NS3:168I
NS3,SIMPLE_AA_PATTERN,K,REF_MASTER_NC_004102,phdr_ras:NS3:168K
NS3,SIMPLE_AA_PATTERN,L,REF_MASTER_NC_004102,phdr_ras:NS3:168L
NS3,SIMPLE_AA_PATTERN,N,REF_MASTER_NC_004102,phdr_ras:NS3:168N
NS3,SIMPLE_AA_PATTERN,Q,REF_MASTER_NC_004102,phdr_ras:NS3:168Q
NS3,SIMPLE_AA_PATTERN,R,REF_MASTER_NC_004102,phdr_ras:NS3:168R
NS3,SIMPLE_AA_PATTERN,T,REF_MASTER_NC_004102,phdr_ras:NS3:168T
NS3,SIMPLE_AA_PATTERN,V,REF_MASTER_NC_004102,phdr_ras:NS3:168V
NS3,SIMPLE_AA_PATTERN,Y,REF_MASTER_NC_004102,phdr_ras:NS3:168Y
NS3,SIMPLE_AA_PATTERN,A,REF_MASTER_NC_004102,phdr_ras:NS3:170A
NS3,SIMPLE_AA_PATTERN,I,REF_MASTER_NC_004102,phdr_ras:NS3:170I
NS3,SIMPLE_AA_PATTERN,T,REF_MASTER_NC_004102,phdr_ras:NS3:170T
NS3,SIMPLE_AA_PATTERN,V,REF_MASTER_NC_004102,phdr_ras:NS3:170V
NS3,SIMPLE_AA_PATTERN,M,REF_MASTER_NC_004102,phdr_ras:NS3:175M
NS3,SIMPLE_AA_PATTERN,V,REF_MASTER_NC_004102,phdr_ras:NS3:177V
NS3,SIMPLE_AA_PATTERN,T,REF_MASTER_NC_004102,phdr_ras:NS3:179T
NS3,SIMPLE_AA_PATTERN,V,REF_MASTER_NC_004102,phdr_ras:NS3:180V
NS3,SIMPLE_AA_PATTERN,V,REF_MASTER_NC_004102,phdr_ras:NS3:18V
NS3,SIMPLE_AA_PATTERN,V,REF_MASTER_NC_004102,phdr_ras:NS3:30V
NS3,SIMPLE_AA_PATTERN,A,REF_MASTER_NC_004102,phdr_ras:NS3:36A
NS3,SIMPLE_AA_PATTERN,G,REF_MASTER_NC_004102,phdr_ras:NS3:36G
NS3,SIMPLE_AA_PATTERN,L,REF_MASTER_NC_004102,phdr_ras:NS3:36L
NS3,SIMPLE_AA_PATTERN,M,REF_MASTER_NC_004102,phdr_ras:NS3:36M
NS3,SIMPLE_AA_PATTERN,H,REF_MASTER_NC_004102,phdr_ras:NS3:41H
NS3,SIMPLE_AA_PATTERN,K,REF_MASTER_NC_004102,phdr_ras:NS3:41K
NS3,SIMPLE_AA_PATTERN,R,REF_MASTER_NC_004102,phdr_ras:NS3:41R
NS3,SIMPLE_AA_PATTERN,C,REF_MASTER_NC_004102,phdr_ras:NS3:43C
NS3,SIMPLE_AA_PATTERN,L,REF_MASTER_NC_004102,phdr_ras:NS3:43L
NS3,SIMPLE_AA_PATTERN,S,REF_MASTER_NC_004102,phdr_ras:NS3:43S
NS3,SIMPLE_AA_PATTERN,V,REF_MASTER_NC_004102,phdr_ras:NS3:43V
NS3,SIMPLE_AA_PATTERN,A,REF_MASTER_NC_004102,phdr_ras:NS3:54A
NS3,SIMPLE_AA_PATTERN,S,REF_MASTER_NC_004102,phdr_ras:NS3:54S
NS3,SIMPLE_AA_PATTERN,A,REF_MASTER_NC_004102,phdr_ras:NS3:55A
NS3,SIMPLE_AA_PATTERN,I,REF_MASTER_NC_004102,phdr_ras:NS3:55I
NS3,SIMPLE_AA_PATTERN,F,REF_MASTER_NC_004102,phdr_ras:NS3:56F
NS3,SIMPLE_AA_PATTERN,H,REF_MASTER_NC_004102,phdr_ras:NS3:56H
NS3,SIMPLE_AA_PATTERN,N,REF_MASTER_NC_004102,phdr_ras:NS3:56N
NS3,SIMPLE_AA_PATTERN,Y,REF_MASTER_NC_004102,phdr_ras:NS3:56Y
NS3,SIMPLE_AA_PATTERN,S,REF_MASTER_NC_004102,phdr_ras:NS3:58S
NS3,SIMPLE_AA_PATTERN,T,REF_MASTER_NC_004102,phdr_ras:NS3:62T
NS3,SIMPLE_AA_PATTERN,A,REF_MASTER_NC_004102,phdr_ras:NS3:71A
NS3,SIMPLE_AA_PATTERN,S,REF_MASTER_NC_004102,phdr_ras:NS3:77S
NS3,SIMPLE_AA_PATTERN,K,REF_MASTER_NC_004102,phdr_ras:NS3:80K
NS3,SIMPLE_AA_PATTERN,L,REF_MASTER_NC_004102,phdr_ras:NS3:80L
NS3,SIMPLE_AA_PATTERN,R,REF_MASTER_NC_004102,phdr_ras:NS3:80R
NS3,SIMPLE_AA_PATTERN,L,REF_MASTER_NC_004102,phdr_ras:NS3:89L
NS3,SIMPLE_AA_PATTERN,R,REF_MASTER_NC_004102,phdr_ras:NS3:89R
NS3,SIMPLE_AA_PATTERN,H,REF_MASTER_NC_004102,phdr_ras:NS3:93H
NS5A,CONJUNCT_NAME_1,phdr_ras:NS5A:23F,REF_MASTER_NC_004102,phdr_ras:NS5A:23F+31F
NS5A,CONJUNCT_NAME_1,phdr_ras:NS5A:23F,REF_MASTER_NC_004102,phdr_ras:NS5A:23F+93H
NS5A,CONJUNCT_NAME_1,phdr_ras:NS5A:24F,REF_MASTER_NC_004102,phdr_ras:NS5A:24F+28K
NS5A,CONJUNCT_NAME_1,phdr_ras:NS5A:24F,REF_MASTER_NC_004102,phdr_ras:NS5A:24F+28K+30K
NS5A,CONJUNCT_NAME_1,phdr_ras:NS5A:24F,REF_MASTER_NC_004102,phdr_ras:NS5A:24F+93H
NS5A,CONJUNCT_NAME_1,phdr_ras:NS5A:24K,REF_MASTER_NC_004102,phdr_ras:NS5A:24K+28I+30Q+31I+32L+54Y
NS5A,CONJUNCT_NAME_1,phdr_ras:NS5A:24K,REF_MASTER_NC_004102,phdr_ras:NS5A:24K+28M
NS5A,CONJUNCT_NAME_1,phdr_ras:NS5A:24K,REF_MASTER_NC_004102,phdr_ras:NS5A:24K+28M+30H+92T
NS5A,CONJUNCT_NAME_1,phdr_ras:NS5A:24K,REF_MASTER_NC_004102,phdr_ras:NS5A:24K+28M+30L
NS5A,CONJUNCT_NAME_1,phdr_ras:NS5A:24K,REF_MASTER_NC_004102,phdr_ras:NS5A:24K+28M+30Q
NS5A,CONJUNCT_NAME_1,phdr_ras:NS5A:24K,REF_MASTER_NC_004102,phdr_ras:NS5A:24K+28M+30Q+37V+54H
NS5A,CONJUNCT_NAME_1,phdr_ras:NS5A:24K,REF_MASTER_NC_004102,phdr_ras:NS5A:24K+28M+30Q+92T
NS5A,CONJUNCT_NAME_1,phdr_ras:NS5A:24K,REF_MASTER_NC_004102,phdr_ras:NS5A:24K+28M+92T
NS5A,CONJUNCT_NAME_1,phdr_ras:NS5A:24K,REF_MASTER_NC_004102,phdr_ras:NS5A:24K+28V+30Q
NS5A,CONJUNCT_NAME_1,phdr_ras:NS5A:24K,REF_MASTER_NC_004102,phdr_ras:NS5A:24K+28V+92T
NS5A,CONJUNCT_NAME_1,phdr_ras:NS5A:24M,REF_MASTER_NC_004102,phdr_ras:NS5A:24M+30R+81M
NS5A,CONJUNCT_NAME_1,phdr_ras:NS5A:24Q,REF_MASTER_NC_004102,phdr_ras:NS5A:24Q+28T+31M
NS5A,CONJUNCT_NAME_1,phdr_ras:NS5A:24Q,REF_MASTER_NC_004102,phdr_ras:NS5A:24Q+93H
NS5A,CONJUNCT_NAME_1,phdr_ras:NS5A:24R,REF_MASTER_NC_004102,phdr_ras:NS5A:24R+30G
NS5A,CONJUNCT_NAME_1,phdr_ras:NS5A:24R,REF_MASTER_NC_004102,phdr_ras:NS5A:24R+30K
NS5A,CONJUNCT_NAME_1,phdr_ras:NS5A:24R,REF_MASTER_NC_004102,phdr_ras:NS5A:24R+30K+93H
NS5A,CONJUNCT_NAME_1,phdr_ras:NS5A:24R,REF_MASTER_NC_004102,phdr_ras:NS5A:24R+30Q+31M+37L+93H
NS5A,CONJUNCT_NAME_1,phdr_ras:NS5A:24R,REF_MASTER_NC_004102,phdr_ras:NS5A:24R+30R
NS5A,CONJUNCT_NAME_1,phdr_ras:NS5A:24R,REF_MASTER_NC_004102,phdr_ras:NS5A:24R+31F
NS5A,CONJUNCT_NAME_1,phdr_ras:NS5A:24R,REF_MASTER_NC_004102,phdr_ras:NS5A:24R+93H
NS5A,CONJUNCT_NAME_1,phdr_ras:NS5A:24S,REF_MASTER_NC_004102,phdr_ras:NS5A:24S+28G
NS5A,CONJUNCT_NAME_1,phdr_ras:NS5A:24S,REF_MASTER_NC_004102,phdr_ras:NS5A:24S+31M
NS5A,CONJUNCT_NAME_1,phdr_ras:NS5A:24S,REF_MASTER_NC_004102,phdr_ras:NS5A:24S+31M+93H
NS5A,CONJUNCT_NAME_1,phdr_ras:NS5A:24S,REF_MASTER_NC_004102,phdr_ras:NS5A:24S+92S
NS5A,CONJUNCT_NAME_1,phdr_ras:NS5A:24T,REF_MASTER_NC_004102,phdr_ras:NS5A:24T+28T+30R
NS5A,CONJUNCT_NAME_1,phdr_ras:NS5A:24T,REF_MASTER_NC_004102,phdr_ras:NS5A:24T+93H
NS5A,CONJUNCT_NAME_1,phdr_ras:NS5A:28A,REF_MASTER_NC_004102,phdr_ras:NS5A:28A+30H
NS5A,CONJUNCT_NAME_1,phdr_ras:NS5A:28A,REF_MASTER_NC_004102,phdr_ras:NS5A:28A+30K
NS5A,CONJUNCT_NAME_1,phdr_ras:NS5A:28A,REF_MASTER_NC_004102,phdr_ras:NS5A:28A+30R
NS5A,CONJUNCT_NAME_1,phdr_ras:NS5A:28A,REF_MASTER_NC_004102,phdr_ras:NS5A:28A+30S
NS5A,CONJUNCT_NAME_1,phdr_ras:NS5A:28A,REF_MASTER_NC_004102,phdr_ras:NS5A:28A+58D
NS5A,CONJUNCT_NAME_1,phdr_ras:NS5A:28C,REF_MASTER_NC_004102,phdr_ras:NS5A:28C+31M
NS5A,CONJUNCT_NAME_1,phdr_ras:NS5A:28F,REF_MASTER_NC_004102,phdr_ras:NS5A:28F+31M
NS5A,CONJUNCT_NAME_1,phdr_ras:NS5A:28G,REF_MASTER_NC_004102,phdr_ras:NS5A:28G+30R
NS5A,CONJUNCT_NAME_1,phdr_ras:NS5A:28I,REF_MASTER_NC_004102,phdr_ras:NS5A:28I+30Q
NS5A,CONJUNCT_NAME_1,phdr_ras:NS5A:28I,REF_MASTER_NC_004102,phdr_ras:NS5A:28I+30R+31M
NS5A,CONJUNCT_NAME_1,phdr_ras:NS5A:28I,REF_MASTER_NC_004102,phdr_ras:NS5A:28I+30R+31V
NS5A,CONJUNCT_NAME_1,phdr_ras:NS5A:28L,REF_MASTER_NC_004102,phdr_ras:NS5A:28L+30H
NS5A,CONJUNCT_NAME_1,phdr_ras:NS5A:28L,REF_MASTER_NC_004102,phdr_ras:NS5A:28L+31M
NS5A,CONJUNCT_NAME_1,phdr_ras:NS5A:28L,REF_MASTER_NC_004102,phdr_ras:NS5A:28L+31M+92S
NS5A,CONJUNCT_NAME_1,phdr_ras:NS5A:28L,REF_MASTER_NC_004102,phdr_ras:NS5A:28L+93H
NS5A,CONJUNCT_NAME_1,phdr_ras:NS5A:28M,REF_MASTER_NC_004102,phdr_ras:NS5A:28M+30H
NS5A,CONJUNCT_NAME_1,phdr_ras:NS5A:28M,REF_MASTER_NC_004102,phdr_ras:NS5A:28M+30Q
NS5A,CONJUNCT_NAME_1,phdr_ras:NS5A:28M,REF_MASTER_NC_004102,phdr_ras:NS5A:28M+30Q+31M
NS5A,CONJUNCT_NAME_1,phdr_ras:NS5A:28M,REF_MASTER_NC_004102,phdr_ras:NS5A:28M+30Q+92K
NS5A,CONJUNCT_NAME_1,phdr_ras:NS5A:28M,REF_MASTER_NC_004102,phdr_ras:NS5A:28M+30Q+93H
NS5A,CONJUNCT_NAME_1,phdr_ras:NS5A:28M,REF_MASTER_NC_004102,phdr_ras:NS5A:28M+30R+31L
NS5A,CONJUNCT_NAME_1,phdr_ras:NS5A:28M,REF_MASTER_NC_004102,phdr_ras:NS5A:28M+30R+31L+93H
NS5A,CONJUNCT_NAME_1,phdr_ras:NS5A:28M,REF_MASTER_NC_004102,phdr_ras:NS5A:28M+30R+31M
NS5A,CONJUNCT_NAME_1,phdr_ras:NS5A:28M,REF_MASTER_NC_004102,phdr_ras:NS5A:28M+31F
NS5A,CONJUNCT_NAME_1,phdr_ras:NS5A:28M,REF_MASTER_NC_004102,phdr_ras:NS5A:28M+32del
NS5A,CONJUNCT_NAME_1,phdr_ras:NS5A:28M,REF_MASTER_NC_004102,phdr_ras:NS5A:28M+37L+58R
NS5A,CONJUNCT_NAME_1,phdr_ras:NS5A:28M,REF_MASTER_NC_004102,phdr_ras:NS5A:28M+58Y
NS5A,CONJUNCT_NAME_1,phdr_ras:NS5A:28M,REF_MASTER_NC_004102,phdr_ras:NS5A:28M+93H
NS5A,CONJUNCT_NAME_1,phdr_ras:NS5A:28M,REF_MASTER_NC_004102,phdr_ras:NS5A:28M+93N
NS5A,CONJUNCT_NAME_1,phdr_ras:NS5A:28S,REF_MASTER_NC_004102,phdr_ras:NS5A:28S+31I
NS5A,CONJUNCT_NAME_1,phdr_ras:NS5A:28S,REF_MASTER_NC_004102,phdr_ras:NS5A:28S+31M
NS5A,CONJUNCT_NAME_1,phdr_ras:NS5A:28S,REF_MASTER_NC_004102,phdr_ras:NS5A:28S+93H
NS5A,CONJUNCT_NAME_1,phdr_ras:NS5A:28T,REF_MASTER_NC_004102,phdr_ras:NS5A:28T+30H
NS5A,CONJUNCT_NAME_1,phdr_ras:NS5A:28T,REF_MASTER_NC_004102,phdr_ras:NS5A:28T+30H+31V
NS5A,CONJUNCT_NAME_1,phdr_ras:NS5A:28T,REF_MASTER_NC_004102,phdr_ras:NS5A:28T+30H+58D
NS5A,CONJUNCT_NAME_1,phdr_ras:NS5A:28T,REF_MASTER_NC_004102,phdr_ras:NS5A:28T+30H+93H
NS5A,CONJUNCT_NAME_1,phdr_ras:NS5A:28T,REF_MASTER_NC_004102,phdr_ras:NS5A:28T+30R
NS5A,CONJUNCT_NAME_1,phdr_ras:NS5A:28T,REF_MASTER_NC_004102,phdr_ras:NS5A:28T+30R+31M
NS5A,CONJUNCT_NAME_1,phdr_ras:NS5A:28T,REF_MASTER_NC_004102,phdr_ras:NS5A:28T+30R+31V
NS5A,CONJUNCT_NAME_1,phdr_ras:NS5A:28T,REF_MASTER_NC_004102,phdr_ras:NS5A:28T+30R+31V+93H
NS5A,CONJUNCT_NAME_1,phdr_ras:NS5A:28T,REF_MASTER_NC_004102,phdr_ras:NS5A:28T+30S
NS5A,CONJUNCT_NAME_1,phdr_ras:NS5A:28T,REF_MASTER_NC_004102,phdr_ras:NS5A:28T+31I
NS5A,CONJUNCT_NAME_1,phdr_ras:NS5A:28T,REF_MASTER_NC_004102,phdr_ras:NS5A:28T+58P
NS5A,CONJUNCT_NAME_1,phdr_ras:NS5A:28T,REF_MASTER_NC_004102,phdr_ras:NS5A:28T+68R
NS5A,CONJUNCT_NAME_1,phdr_ras:NS5A:28T,REF_MASTER_NC_004102,phdr_ras:NS5A:28T+93C
NS5A,CONJUNCT_NAME_1,phdr_ras:NS5A:28T,REF_MASTER_NC_004102,phdr_ras:NS5A:28T+93H
NS5A,CONJUNCT_NAME_1,phdr_ras:NS5A:28T,REF_MASTER_NC_004102,phdr_ras:NS5A:28T+93S
NS5A,CONJUNCT_NAME_1,phdr_ras:NS5A:28V,REF_MASTER_NC_004102,phdr_ras:NS5A:28V+30H+31V
NS5A,CONJUNCT_NAME_1,phdr_ras:NS5A:28V,REF_MASTER_NC_004102,phdr_ras:NS5A:28V+30K
NS5A,CONJUNCT_NAME_1,phdr_ras:NS5A:28V,REF_MASTER_NC_004102,phdr_ras:NS5A:28V+30Q
NS5A,CONJUNCT_NAME_1,phdr_ras:NS5A:28V,REF_MASTER_NC_004102,phdr_ras:NS5A:28V+30R
NS5A,CONJUNCT_NAME_1,phdr_ras:NS5A:28V,REF_MASTER_NC_004102,phdr_ras:NS5A:28V+30R+31M
NS5A,CONJUNCT_NAME_1,phdr_ras:NS5A:28V,REF_MASTER_NC_004102,phdr_ras:NS5A:28V+30R+31M+93H
NS5A,CONJUNCT_NAME_1,phdr_ras:NS5A:28V,REF_MASTER_NC_004102,phdr_ras:NS5A:28V+30R+31V
NS5A,CONJUNCT_NAME_1,phdr_ras:NS5A:28V,REF_MASTER_NC_004102,phdr_ras:NS5A:28V+30S
NS5A,CONJUNCT_NAME_1,phdr_ras:NS5A:28V,REF_MASTER_NC_004102,phdr_ras:NS5A:28V+30S+31M
NS5A,CONJUNCT_NAME_1,phdr_ras:NS5A:28V,REF_MASTER_NC_004102,phdr_ras:NS5A:28V+30S+93S
NS5A,CONJUNCT_NAME_1,phdr_ras:NS5A:28V,REF_MASTER_NC_004102,phdr_ras:NS5A:28V+30T
NS5A,CONJUNCT_NAME_1,phdr_ras:NS5A:28V,REF_MASTER_NC_004102,phdr_ras:NS5A:28V+31F
NS5A,CONJUNCT_NAME_1,phdr_ras:NS5A:28V,REF_MASTER_NC_004102,phdr_ras:NS5A:28V+58S
NS5A,CONJUNCT_NAME_1,phdr_ras:NS5A:28V,REF_MASTER_NC_004102,phdr_ras:NS5A:28V+93H
NS5A,CONJUNCT_NAME_1,phdr_ras:NS5A:29S,REF_MASTER_NC_004102,phdr_ras:NS5A:29S+30G
NS5A,CONJUNCT_NAME_1,phdr_ras:NS5A:30D,REF_MASTER_NC_004102,phdr_ras:NS5A:30D+93N
NS5A,CONJUNCT_NAME_1,phdr_ras:NS5A:30del,REF_MASTER_NC_004102,phdr_ras:NS5A:30del+32L
NS5A,CONJUNCT_NAME_1,phdr_ras:NS5A:30E,REF_MASTER_NC_004102,phdr_ras:NS5A:30E+62Q
NS5A,CONJUNCT_NAME_1,phdr_ras:NS5A:30E,REF_MASTER_NC_004102,phdr_ras:NS5A:30E+92R
NS5A,CONJUNCT_NAME_1,phdr_ras:NS5A:30E,REF_MASTER_NC_004102,phdr_ras:NS5A:30E+93C
NS5A,CONJUNCT_NAME_1,phdr_ras:NS5A:30E,REF_MASTER_NC_004102,phdr_ras:NS5A:30E+93H
NS5A,CONJUNCT_NAME_1,phdr_ras:NS5A:30E,REF_MASTER_NC_004102,phdr_ras:NS5A:30E+93N
NS5A,CONJUNCT_NAME_1,phdr_ras:NS5A:30G,REF_MASTER_NC_004102,phdr_ras:NS5A:30G+31I
NS5A,CONJUNCT_NAME_1,phdr_ras:NS5A:30G,REF_MASTER_NC_004102,phdr_ras:NS5A:30G+93H
NS5A,CONJUNCT_NAME_1,phdr_ras:NS5A:30H,REF_MASTER_NC_004102,phdr_ras:NS5A:30H+31M
NS5A,CONJUNCT_NAME_1,phdr_ras:NS5A:30H,REF_MASTER_NC_004102,phdr_ras:NS5A:30H+31V
NS5A,CONJUNCT_NAME_1,phdr_ras:NS5A:30H,REF_MASTER_NC_004102,phdr_ras:NS5A:30H+68R
NS5A,CONJUNCT_NAME_1,phdr_ras:NS5A:30H,REF_MASTER_NC_004102,phdr_ras:NS5A:30H+93H
NS5A,CONJUNCT_NAME_1,phdr_ras:NS5A:30I,REF_MASTER_NC_004102,phdr_ras:NS5A:30I+93R
NS5A,CONJUNCT_NAME_1,phdr_ras:NS5A:30K,REF_MASTER_NC_004102,phdr_ras:NS5A:30K+31M
NS5A,CONJUNCT_NAME_1,phdr_ras:NS5A:30K,REF_MASTER_NC_004102,phdr_ras:NS5A:30K+31M+93H
NS5A,CONJUNCT_NAME_1,phdr_ras:NS5A:30K,REF_MASTER_NC_004102,phdr_ras:NS5A:30K+58D
NS5A,CONJUNCT_NAME_1,phdr_ras:NS5A:30K,REF_MASTER_NC_004102,phdr_ras:NS5A:30K+58S
NS5A,CONJUNCT_NAME_1,phdr_ras:NS5A:30K,REF_MASTER_NC_004102,phdr_ras:NS5A:30K+93H
NS5A,CONJUNCT_NAME_1,phdr_ras:NS5A:30L,REF_MASTER_NC_004102,phdr_ras:NS5A:30L+31M+93H
NS5A,CONJUNCT_NAME_1,phdr_ras:NS5A:30L,REF_MASTER_NC_004102,phdr_ras:NS5A:30L+93H
NS5A,CONJUNCT_NAME_1,phdr_ras:NS5A:30L,REF_MASTER_NC_004102,phdr_ras:NS5A:30L+93S
NS5A,CONJUNCT_NAME_1,phdr_ras:NS5A:30Q,REF_MASTER_NC_004102,phdr_ras:NS5A:30Q+31F
NS5A,CONJUNCT_NAME_1,phdr_ras:NS5A:30Q,REF_MASTER_NC_004102,phdr_ras:NS5A:30Q+31M
NS5A,CONJUNCT_NAME_1,phdr_ras:NS5A:30Q,REF_MASTER_NC_004102,phdr_ras:NS5A:30Q+31M+93H
NS5A,CONJUNCT_NAME_1,phdr_ras:NS5A:30Q,REF_MASTER_NC_004102,phdr_ras:NS5A:30Q+54H+93H
NS5A,CONJUNCT_NAME_1,phdr_ras:NS5A:30Q,REF_MASTER_NC_004102,phdr_ras:NS5A:30Q+92R
NS5A,CONJUNCT_NAME_1,phdr_ras:NS5A:30Q,REF_MASTER_NC_004102,phdr_ras:NS5A:30Q+93H
NS5A,CONJUNCT_NAME_1,phdr_ras:NS5A:30R,REF_MASTER_NC_004102,phdr_ras:NS5A:30R+31M
NS5A,CONJUNCT_NAME_1,phdr_ras:NS5A:30R,REF_MASTER_NC_004102,phdr_ras:NS5A:30R+31M+58D
NS5A,CONJUNCT_NAME_1,phdr_ras:NS5A:30R,REF_MASTER_NC_004102,phdr_ras:NS5A:30R+31M+93C
NS5A,CONJUNCT_NAME_1,phdr_ras:NS5A:30R,REF_MASTER_NC_004102,phdr_ras:NS5A:30R+31M+93H
NS5A,CONJUNCT_NAME_1,phdr_ras:NS5A:30R,REF_MASTER_NC_004102,phdr_ras:NS5A:30R+31P
NS5A,CONJUNCT_NAME_1,phdr_ras:NS5A:30R,REF_MASTER_NC_004102,phdr_ras:NS5A:30R+31V
NS5A,CONJUNCT_NAME_1,phdr_ras:NS5A:30R,REF_MASTER_NC_004102,phdr_ras:NS5A:30R+58C
NS5A,CONJUNCT_NAME_1,phdr_ras:NS5A:30R,REF_MASTER_NC_004102,phdr_ras:NS5A:30R+58D
NS5A,CONJUNCT_NAME_1,phdr_ras:NS5A:30R,REF_MASTER_NC_004102,phdr_ras:NS5A:30R+62D
NS5A,CONJUNCT_NAME_1,phdr_ras:NS5A:30R,REF_MASTER_NC_004102,phdr_ras:NS5A:30R+75A
NS5A,CONJUNCT_NAME_1,phdr_ras:NS5A:30R,REF_MASTER_NC_004102,phdr_ras:NS5A:30R+93C
NS5A,CONJUNCT_NAME_1,phdr_ras:NS5A:30R,REF_MASTER_NC_004102,phdr_ras:NS5A:30R+93H
NS5A,CONJUNCT_NAME_1,phdr_ras:NS5A:30R,REF_MASTER_NC_004102,phdr_ras:NS5A:30R+93N
NS5A,CONJUNCT_NAME_1,phdr_ras:NS5A:30S,REF_MASTER_NC_004102,phdr_ras:NS5A:30S+31I+93H
NS5A,CONJUNCT_NAME_1,phdr_ras:NS5A:30T,REF_MASTER_NC_004102,phdr_ras:NS5A:30T+31M+93H
NS5A,CONJUNCT_NAME_1,phdr_ras:NS5A:30T,REF_MASTER_NC_004102,phdr_ras:NS5A:30T+93H
NS5A,CONJUNCT_NAME_1,phdr_ras:NS5A:30V,REF_MASTER_NC_004102,phdr_ras:NS5A:30V+93H
NS5A,CONJUNCT_NAME_1,phdr_ras:NS5A:30Y,REF_MASTER_NC_004102,phdr_ras:NS5A:30Y+93H
NS5A,CONJUNCT_NAME_1,phdr_ras:NS5A:31F,REF_MASTER_NC_004102,phdr_ras:NS5A:31F+129H
NS5A,CONJUNCT_NAME_1,phdr_ras:NS5A:31F,REF_MASTER_NC_004102,phdr_ras:NS5A:31F+32del
NS5A,CONJUNCT_NAME_1,phdr_ras:NS5A:31F,REF_MASTER_NC_004102,phdr_ras:NS5A:31F+56R
NS5A,CONJUNCT_NAME_1,phdr_ras:NS5A:31F,REF_MASTER_NC_004102,phdr_ras:NS5A:31F+58L
NS5A,CONJUNCT_NAME_1,phdr_ras:NS5A:31F,REF_MASTER_NC_004102,phdr_ras:NS5A:31F+92E
NS5A,CONJUNCT_NAME_1,phdr_ras:NS5A:31F,REF_MASTER_NC_004102,phdr_ras:NS5A:31F+93H
NS5A,CONJUNCT_NAME_1,phdr_ras:NS5A:31I,REF_MASTER_NC_004102,phdr_ras:NS5A:31I+54H+92K
NS5A,CONJUNCT_NAME_1,phdr_ras:NS5A:31I,REF_MASTER_NC_004102,phdr_ras:NS5A:31I+54H+92T
NS5A,CONJUNCT_NAME_1,phdr_ras:NS5A:31I,REF_MASTER_NC_004102,phdr_ras:NS5A:31I+92K
NS5A,CONJUNCT_NAME_1,phdr_ras:NS5A:31I,REF_MASTER_NC_004102,phdr_ras:NS5A:31I+93H
NS5A,CONJUNCT_NAME_1,phdr_ras:NS5A:31M,REF_MASTER_NC_004102,phdr_ras:NS5A:31M+30R
NS5A,CONJUNCT_NAME_1,phdr_ras:NS5A:31M,REF_MASTER_NC_004102,phdr_ras:NS5A:31M+37M+93H
NS5A,CONJUNCT_NAME_1,phdr_ras:NS5A:31M,REF_MASTER_NC_004102,phdr_ras:NS5A:31M+54H
NS5A,CONJUNCT_NAME_1,phdr_ras:NS5A:31M,REF_MASTER_NC_004102,phdr_ras:NS5A:31M+54H+62E
NS5A,CONJUNCT_NAME_1,phdr_ras:NS5A:31M,REF_MASTER_NC_004102,phdr_ras:NS5A:31M+54H+93H
NS5A,CONJUNCT_NAME_1,phdr_ras:NS5A:31M,REF_MASTER_NC_004102,phdr_ras:NS5A:31M+58D
NS5A,CONJUNCT_NAME_1,phdr_ras:NS5A:31M,REF_MASTER_NC_004102,phdr_ras:NS5A:31M+58D+93C
NS5A,CONJUNCT_NAME_1,phdr_ras:NS5A:31M,REF_MASTER_NC_004102,phdr_ras:NS5A:31M+93C
NS5A,CONJUNCT_NAME_1,phdr_ras:NS5A:31M,REF_MASTER_NC_004102,phdr_ras:NS5A:31M+93H
NS5A,CONJUNCT_NAME_1,phdr_ras:NS5A:31V,REF_MASTER_NC_004102,phdr_ras:NS5A:31V+37L+93H
NS5A,CONJUNCT_NAME_1,phdr_ras:NS5A:31V,REF_MASTER_NC_004102,phdr_ras:NS5A:31V+54H+58S+93H
NS5A,CONJUNCT_NAME_1,phdr_ras:NS5A:31V,REF_MASTER_NC_004102,phdr_ras:NS5A:31V+54H+93H
NS5A,CONJUNCT_NAME_1,phdr_ras:NS5A:31V,REF_MASTER_NC_004102,phdr_ras:NS5A:31V+56R
NS5A,CONJUNCT_NAME_1,phdr_ras:NS5A:31V,REF_MASTER_NC_004102,phdr_ras:NS5A:31V+58S
NS5A,CONJUNCT_NAME_1,phdr_ras:NS5A:31V,REF_MASTER_NC_004102,phdr_ras:NS5A:31V+93H
NS5A,CONJUNCT_NAME_1,phdr_ras:NS5A:31V,REF_MASTER_NC_004102,phdr_ras:NS5A:31V+93N
NS5A,CONJUNCT_NAME_1,phdr_ras:NS5A:37L,REF_MASTER_NC_004102,phdr_ras:NS5A:37L+54H
NS5A,CONJUNCT_NAME_1,phdr_ras:NS5A:37L,REF_MASTER_NC_004102,phdr_ras:NS5A:37L+54L+92T
NS5A,CONJUNCT_NAME_1,phdr_ras:NS5A:37L,REF_MASTER_NC_004102,phdr_ras:NS5A:37L+54Y
NS5A,CONJUNCT_NAME_1,phdr_ras:NS5A:37L,REF_MASTER_NC_004102,phdr_ras:NS5A:37L+93H
NS5A,CONJUNCT_NAME_1,phdr_ras:NS5A:37Y,REF_MASTER_NC_004102,phdr_ras:NS5A:37Y+54H
NS5A,CONJUNCT_NAME_1,phdr_ras:NS5A:38F,REF_MASTER_NC_004102,phdr_ras:NS5A:38F+93H
NS5A,CONJUNCT_NAME_1,phdr_ras:NS5A:54H,REF_MASTER_NC_004102,phdr_ras:NS5A:54H+58A+62E+93H
NS5A,CONJUNCT_NAME_1,phdr_ras:NS5A:54H,REF_MASTER_NC_004102,phdr_ras:NS5A:54H+93H
NS5A,CONJUNCT_NAME_1,phdr_ras:NS5A:58A,REF_MASTER_NC_004102,phdr_ras:NS5A:58A+93H
NS5A,CONJUNCT_NAME_1,phdr_ras:NS5A:58D,REF_MASTER_NC_004102,phdr_ras:NS5A:58D+30R
NS5A,CONJUNCT_NAME_1,phdr_ras:NS5A:58D,REF_MASTER_NC_004102,phdr_ras:NS5A:58D+93C
NS5A,CONJUNCT_NAME_1,phdr_ras:NS5A:58D,REF_MASTER_NC_004102,phdr_ras:NS5A:58D+93H
NS5A,CONJUNCT_NAME_1,phdr_ras:NS5A:58L,REF_MASTER_NC_004102,phdr_ras:NS5A:58L+93H
NS5A,CONJUNCT_NAME_1,phdr_ras:NS5A:58Q,REF_MASTER_NC_004102,phdr_ras:NS5A:58Q+93N
NS5A,CONJUNCT_NAME_1,phdr_ras:NS5A:58S,REF_MASTER_NC_004102,phdr_ras:NS5A:58S+62T+93H
NS5A,CONJUNCT_NAME_1,phdr_ras:NS5A:58S,REF_MASTER_NC_004102,phdr_ras:NS5A:58S+93H
NS5A,CONJUNCT_NAME_1,phdr_ras:NS5A:62A,REF_MASTER_NC_004102,phdr_ras:NS5A:62A+93H
NS5A,CONJUNCT_NAME_1,phdr_ras:NS5A:62D,REF_MASTER_NC_004102,phdr_ras:NS5A:62D+93H
NS5A,CONJUNCT_NAME_1,phdr_ras:NS5A:62T,REF_MASTER_NC_004102,phdr_ras:NS5A:62T+93H
NS5A,CONJUNCT_NAME_1,phdr_ras:NS5A:8A,REF_MASTER_NC_004102,phdr_ras:NS5A:8A+30H
NS5A,CONJUNCT_NAME_1,phdr_ras:NS5A:8A,REF_MASTER_NC_004102,phdr_ras:NS5A:8A+58L
NS5A,CONJUNCT_NAME_1,phdr_ras:NS5A:92A,REF_MASTER_NC_004102,phdr_ras:NS5A:92A+93H
NS5A,CONJUNCT_NAME_1,phdr_ras:NS5A:92E,REF_MASTER_NC_004102,phdr_ras:NS5A:92E+93H
NS5A,CONJUNCT_NAME_1,phdr_ras:NS5A:92M,REF_MASTER_NC_004102,phdr_ras:NS5A:92M+93H
NS5A,CONJUNCT_NAME_1,phdr_ras:NS5A:92T,REF_MASTER_NC_004102,phdr_ras:NS5A:92T+93H
NS5A,CONJUNCT_NAME_1,phdr_ras:NS5A:92V,REF_MASTER_NC_004102,phdr_ras:NS5A:92V+93H
NS5A,CONJUNCT_NAME_1,phdr_ras:NS5A:93H,REF_MASTER_NC_004102,phdr_ras:NS5A:93H+99A
NS5A,CONJUNCT_NAME_2,phdr_ras:NS5A:31F,REF_MASTER_NC_004102,phdr_ras:NS5A:23F+31F
NS5A,CONJUNCT_NAME_2,phdr_ras:NS5A:93H,REF_MASTER_NC_004102,phdr_ras:NS5A:23F+93H
NS5A,CONJUNCT_NAME_2,phdr_ras:NS5A:28K,REF_MASTER_NC_004102,phdr_ras:NS5A:24F+28K
NS5A,CONJUNCT_NAME_2,phdr_ras:NS5A:28K,REF_MASTER_NC_004102,phdr_ras:NS5A:24F+28K+30K
NS5A,CONJUNCT_NAME_2,phdr_ras:NS5A:93H,REF_MASTER_NC_004102,phdr_ras:NS5A:24F+93H
NS5A,CONJUNCT_NAME_2,phdr_ras:NS5A:28I,REF_MASTER_NC_004102,phdr_ras:NS5A:24K+28I+30Q+31I+32L+54Y
NS5A,CONJUNCT_NAME_2,phdr_ras:NS5A:28M,REF_MASTER_NC_004102,phdr_ras:NS5A:24K+28M
NS5A,CONJUNCT_NAME_2,phdr_ras:NS5A:28M,REF_MASTER_NC_004102,phdr_ras:NS5A:24K+28M+30H+92T
NS5A,CONJUNCT_NAME_2,phdr_ras:NS5A:28M,REF_MASTER_NC_004102,phdr_ras:NS5A:24K+28M+30L
NS5A,CONJUNCT_NAME_2,phdr_ras:NS5A:28M,REF_MASTER_NC_004102,phdr_ras:NS5A:24K+28M+30Q
NS5A,CONJUNCT_NAME_2,phdr_ras:NS5A:28M,REF_MASTER_NC_004102,phdr_ras:NS5A:24K+28M+30Q+37V+54H
NS5A,CONJUNCT_NAME_2,phdr_ras:NS5A:28M,REF_MASTER_NC_004102,phdr_ras:NS5A:24K+28M+30Q+92T
NS5A,CONJUNCT_NAME_2,phdr_ras:NS5A:28M,REF_MASTER_NC_004102,phdr_ras:NS5A:24K+28M+92T
NS5A,CONJUNCT_NAME_2,phdr_ras:NS5A:28V,REF_MASTER_NC_004102,phdr_ras:NS5A:24K+28V+30Q
NS5A,CONJUNCT_NAME_2,phdr_ras:NS5A:28V,REF_MASTER_NC_004102,phdr_ras:NS5A:24K+28V+92T
NS5A,CONJUNCT_NAME_2,phdr_ras:NS5A:30R,REF_MASTER_NC_004102,phdr_ras:NS5A:24M+30R+81M
NS5A,CONJUNCT_NAME_2,phdr_ras:NS5A:28T,REF_MASTER_NC_004102,phdr_ras:NS5A:24Q+28T+31M
NS5A,CONJUNCT_NAME_2,phdr_ras:NS5A:93H,REF_MASTER_NC_004102,phdr_ras:NS5A:24Q+93H
NS5A,CONJUNCT_NAME_2,phdr_ras:NS5A:30G,REF_MASTER_NC_004102,phdr_ras:NS5A:24R+30G
NS5A,CONJUNCT_NAME_2,phdr_ras:NS5A:30K,REF_MASTER_NC_004102,phdr_ras:NS5A:24R+30K
NS5A,CONJUNCT_NAME_2,phdr_ras:NS5A:30K,REF_MASTER_NC_004102,phdr_ras:NS5A:24R+30K+93H
NS5A,CONJUNCT_NAME_2,phdr_ras:NS5A:30Q,REF_MASTER_NC_004102,phdr_ras:NS5A:24R+30Q+31M+37L+93H
NS5A,CONJUNCT_NAME_2,phdr_ras:NS5A:30R,REF_MASTER_NC_004102,phdr_ras:NS5A:24R+30R
NS5A,CONJUNCT_NAME_2,phdr_ras:NS5A:31F,REF_MASTER_NC_004102,phdr_ras:NS5A:24R+31F
NS5A,CONJUNCT_NAME_2,phdr_ras:NS5A:93H,REF_MASTER_NC_004102,phdr_ras:NS5A:24R+93H
NS5A,CONJUNCT_NAME_2,phdr_ras:NS5A:28G,REF_MASTER_NC_004102,phdr_ras:NS5A:24S+28G
NS5A,CONJUNCT_NAME_2,phdr_ras:NS5A:31M,REF_MASTER_NC_004102,phdr_ras:NS5A:24S+31M
NS5A,CONJUNCT_NAME_2,phdr_ras:NS5A:31M,REF_MASTER_NC_004102,phdr_ras:NS5A:24S+31M+93H
NS5A,CONJUNCT_NAME_2,phdr_ras:NS5A:92S,REF_MASTER_NC_004102,phdr_ras:NS5A:24S+92S
NS5A,CONJUNCT_NAME_2,phdr_ras:NS5A:28T,REF_MASTER_NC_004102,phdr_ras:NS5A:24T+28T+30R
NS5A,CONJUNCT_NAME_2,phdr_ras:NS5A:93H,REF_MASTER_NC_004102,phdr_ras:NS5A:24T+93H
NS5A,CONJUNCT_NAME_2,phdr_ras:NS5A:30H,REF_MASTER_NC_004102,phdr_ras:NS5A:28A+30H
NS5A,CONJUNCT_NAME_2,phdr_ras:NS5A:30K,REF_MASTER_NC_004102,phdr_ras:NS5A:28A+30K
NS5A,CONJUNCT_NAME_2,phdr_ras:NS5A:30R,REF_MASTER_NC_004102,phdr_ras:NS5A:28A+30R
NS5A,CONJUNCT_NAME_2,phdr_ras:NS5A:30S,REF_MASTER_NC_004102,phdr_ras:NS5A:28A+30S
NS5A,CONJUNCT_NAME_2,phdr_ras:NS5A:58D,REF_MASTER_NC_004102,phdr_ras:NS5A:28A+58D
NS5A,CONJUNCT_NAME_2,phdr_ras:NS5A:31M,REF_MASTER_NC_004102,phdr_ras:NS5A:28C+31M
NS5A,CONJUNCT_NAME_2,phdr_ras:NS5A:31M,REF_MASTER_NC_004102,phdr_ras:NS5A:28F+31M
NS5A,CONJUNCT_NAME_2,phdr_ras:NS5A:30R,REF_MASTER_NC_004102,phdr_ras:NS5A:28G+30R
NS5A,CONJUNCT_NAME_2,phdr_ras:NS5A:30Q,REF_MASTER_NC_004102,phdr_ras:NS5A:28I+30Q
NS5A,CONJUNCT_NAME_2,phdr_ras:NS5A:30R,REF_MASTER_NC_004102,phdr_ras:NS5A:28I+30R+31M
NS5A,CONJUNCT_NAME_2,phdr_ras:NS5A:30R,REF_MASTER_NC_004102,phdr_ras:NS5A:28I+30R+31V
NS5A,CONJUNCT_NAME_2,phdr_ras:NS5A:30H,REF_MASTER_NC_004102,phdr_ras:NS5A:28L+30H
NS5A,CONJUNCT_NAME_2,phdr_ras:NS5A:31M,REF_MASTER_NC_004102,phdr_ras:NS5A:28L+31M
NS5A,CONJUNCT_NAME_2,phdr_ras:NS5A:31M,REF_MASTER_NC_004102,phdr_ras:NS5A:28L+31M+92S
NS5A,CONJUNCT_NAME_2,phdr_ras:NS5A:93H,REF_MASTER_NC_004102,phdr_ras:NS5A:28L+93H
NS5A,CONJUNCT_NAME_2,phdr_ras:NS5A:30H,REF_MASTER_NC_004102,phdr_ras:NS5A:28M+30H
NS5A,CONJUNCT_NAME_2,phdr_ras:NS5A:30Q,REF_MASTER_NC_004102,phdr_ras:NS5A:28M+30Q
NS5A,CONJUNCT_NAME_2,phdr_ras:NS5A:30Q,REF_MASTER_NC_004102,phdr_ras:NS5A:28M+30Q+31M
NS5A,CONJUNCT_NAME_2,phdr_ras:NS5A:30Q,REF_MASTER_NC_004102,phdr_ras:NS5A:28M+30Q+92K
NS5A,CONJUNCT_NAME_2,phdr_ras:NS5A:30Q,REF_MASTER_NC_004102,phdr_ras:NS5A:28M+30Q+93H
NS5A,CONJUNCT_NAME_2,phdr_ras:NS5A:30R,REF_MASTER_NC_004102,phdr_ras:NS5A:28M+30R+31L
NS5A,CONJUNCT_NAME_2,phdr_ras:NS5A:30R,REF_MASTER_NC_004102,phdr_ras:NS5A:28M+30R+31L+93H
NS5A,CONJUNCT_NAME_2,phdr_ras:NS5A:30R,REF_MASTER_NC_004102,phdr_ras:NS5A:28M+30R+31M
NS5A,CONJUNCT_NAME_2,phdr_ras:NS5A:31F,REF_MASTER_NC_004102,phdr_ras:NS5A:28M+31F
NS5A,CONJUNCT_NAME_2,phdr_ras:NS5A:32del,REF_MASTER_NC_004102,phdr_ras:NS5A:28M+32del
NS5A,CONJUNCT_NAME_2,phdr_ras:NS5A:37L,REF_MASTER_NC_004102,phdr_ras:NS5A:28M+37L+58R
NS5A,CONJUNCT_NAME_2,phdr_ras:NS5A:58Y,REF_MASTER_NC_004102,phdr_ras:NS5A:28M+58Y
NS5A,CONJUNCT_NAME_2,phdr_ras:NS5A:93H,REF_MASTER_NC_004102,phdr_ras:NS5A:28M+93H
NS5A,CONJUNCT_NAME_2,phdr_ras:NS5A:93N,REF_MASTER_NC_004102,phdr_ras:NS5A:28M+93N
NS5A,CONJUNCT_NAME_2,phdr_ras:NS5A:31I,REF_MASTER_NC_004102,phdr_ras:NS5A:28S+31I
NS5A,CONJUNCT_NAME_2,phdr_ras:NS5A:31M,REF_MASTER_NC_004102,phdr_ras:NS5A:28S+31M
NS5A,CONJUNCT_NAME_2,phdr_ras:NS5A:93H,REF_MASTER_NC_004102,phdr_ras:NS5A:28S+93H
NS5A,CONJUNCT_NAME_2,phdr_ras:NS5A:30H,REF_MASTER_NC_004102,phdr_ras:NS5A:28T+30H
NS5A,CONJUNCT_NAME_2,phdr_ras:NS5A:30H,REF_MASTER_NC_004102,phdr_ras:NS5A:28T+30H+31V
NS5A,CONJUNCT_NAME_2,phdr_ras:NS5A:30H,REF_MASTER_NC_004102,phdr_ras:NS5A:28T+30H+58D
NS5A,CONJUNCT_NAME_2,phdr_ras:NS5A:30H,REF_MASTER_NC_004102,phdr_ras:NS5A:28T+30H+93H
NS5A,CONJUNCT_NAME_2,phdr_ras:NS5A:30R,REF_MASTER_NC_004102,phdr_ras:NS5A:28T+30R
NS5A,CONJUNCT_NAME_2,phdr_ras:NS5A:30R,REF_MASTER_NC_004102,phdr_ras:NS5A:28T+30R+31M
NS5A,CONJUNCT_NAME_2,phdr_ras:NS5A:30R,REF_MASTER_NC_004102,phdr_ras:NS5A:28T+30R+31V
NS5A,CONJUNCT_NAME_2,phdr_ras:NS5A:30R,REF_MASTER_NC_004102,phdr_ras:NS5A:28T+30R+31V+93H
NS5A,CONJUNCT_NAME_2,phdr_ras:NS5A:30S,REF_MASTER_NC_004102,phdr_ras:NS5A:28T+30S
NS5A,CONJUNCT_NAME_2,phdr_ras:NS5A:31I,REF_MASTER_NC_004102,phdr_ras:NS5A:28T+31I
NS5A,CONJUNCT_NAME_2,phdr_ras:NS5A:58P,REF_MASTER_NC_004102,phdr_ras:NS5A:28T+58P
NS5A,CONJUNCT_NAME_2,phdr_ras:NS5A:68R,REF_MASTER_NC_004102,phdr_ras:NS5A:28T+68R
NS5A,CONJUNCT_NAME_2,phdr_ras:NS5A:93C,REF_MASTER_NC_004102,phdr_ras:NS5A:28T+93C
NS5A,CONJUNCT_NAME_2,phdr_ras:NS5A:93H,REF_MASTER_NC_004102,phdr_ras:NS5A:28T+93H
NS5A,CONJUNCT_NAME_2,phdr_ras:NS5A:93S,REF_MASTER_NC_004102,phdr_ras:NS5A:28T+93S
NS5A,CONJUNCT_NAME_2,phdr_ras:NS5A:30H,REF_MASTER_NC_004102,phdr_ras:NS5A:28V+30H+31V
NS5A,CONJUNCT_NAME_2,phdr_ras:NS5A:30K,REF_MASTER_NC_004102,phdr_ras:NS5A:28V+30K
NS5A,CONJUNCT_NAME_2,phdr_ras:NS5A:30Q,REF_MASTER_NC_004102,phdr_ras:NS5A:28V+30Q
NS5A,CONJUNCT_NAME_2,phdr_ras:NS5A:30R,REF_MASTER_NC_004102,phdr_ras:NS5A:28V+30R
NS5A,CONJUNCT_NAME_2,phdr_ras:NS5A:30R,REF_MASTER_NC_004102,phdr_ras:NS5A:28V+30R+31M
NS5A,CONJUNCT_NAME_2,phdr_ras:NS5A:30R,REF_MASTER_NC_004102,phdr_ras:NS5A:28V+30R+31M+93H
NS5A,CONJUNCT_NAME_2,phdr_ras:NS5A:30R,REF_MASTER_NC_004102,phdr_ras:NS5A:28V+30R+31V
NS5A,CONJUNCT_NAME_2,phdr_ras:NS5A:30S,REF_MASTER_NC_004102,phdr_ras:NS5A:28V+30S
NS5A,CONJUNCT_NAME_2,phdr_ras:NS5A:30S,REF_MASTER_NC_004102,phdr_ras:NS5A:28V+30S+31M
NS5A,CONJUNCT_NAME_2,phdr_ras:NS5A:30S,REF_MASTER_NC_004102,phdr_ras:NS5A:28V+30S+93S
NS5A,CONJUNCT_NAME_2,phdr_ras:NS5A:30T,REF_MASTER_NC_004102,phdr_ras:NS5A:28V+30T
NS5A,CONJUNCT_NAME_2,phdr_ras:NS5A:31F,REF_MASTER_NC_004102,phdr_ras:NS5A:28V+31F
NS5A,CONJUNCT_NAME_2,phdr_ras:NS5A:58S,REF_MASTER_NC_004102,phdr_ras:NS5A:28V+58S
NS5A,CONJUNCT_NAME_2,phdr_ras:NS5A:93H,REF_MASTER_NC_004102,phdr_ras:NS5A:28V+93H
NS5A,CONJUNCT_NAME_2,phdr_ras:NS5A:30G,REF_MASTER_NC_004102,phdr_ras:NS5A:29S+30G
NS5A,CONJUNCT_NAME_2,phdr_ras:NS5A:93N,REF_MASTER_NC_004102,phdr_ras:NS5A:30D+93N
NS5A,CONJUNCT_NAME_2,phdr_ras:NS5A:32L,REF_MASTER_NC_004102,phdr_ras:NS5A:30del+32L
NS5A,CONJUNCT_NAME_2,phdr_ras:NS5A:62Q,REF_MASTER_NC_004102,phdr_ras:NS5A:30E+62Q
NS5A,CONJUNCT_NAME_2,phdr_ras:NS5A:92R,REF_MASTER_NC_004102,phdr_ras:NS5A:30E+92R
NS5A,CONJUNCT_NAME_2,phdr_ras:NS5A:93C,REF_MASTER_NC_004102,phdr_ras:NS5A:30E+93C
NS5A,CONJUNCT_NAME_2,phdr_ras:NS5A:93H,REF_MASTER_NC_004102,phdr_ras:NS5A:30E+93H
NS5A,CONJUNCT_NAME_2,phdr_ras:NS5A:93N,REF_MASTER_NC_004102,phdr_ras:NS5A:30E+93N
NS5A,CONJUNCT_NAME_2,phdr_ras:NS5A:31I,REF_MASTER_NC_004102,phdr_ras:NS5A:30G+31I
NS5A,CONJUNCT_NAME_2,phdr_ras:NS5A:93H,REF_MASTER_NC_004102,phdr_ras:NS5A:30G+93H
NS5A,CONJUNCT_NAME_2,phdr_ras:NS5A:31M,REF_MASTER_NC_004102,phdr_ras:NS5A:30H+31M
NS5A,CONJUNCT_NAME_2,phdr_ras:NS5A:31V,REF_MASTER_NC_004102,phdr_ras:NS5A:30H+31V
NS5A,CONJUNCT_NAME_2,phdr_ras:NS5A:68R,REF_MASTER_NC_004102,phdr_ras:NS5A:30H+68R
NS5A,CONJUNCT_NAME_2,phdr_ras:NS5A:93H,REF_MASTER_NC_004102,phdr_ras:NS5A:30H+93H
NS5A,CONJUNCT_NAME_2,phdr_ras:NS5A:93R,REF_MASTER_NC_004102,phdr_ras:NS5A:30I+93R
NS5A,CONJUNCT_NAME_2,phdr_ras:NS5A:31M,REF_MASTER_NC_004102,phdr_ras:NS5A:30K+31M
NS5A,CONJUNCT_NAME_2,phdr_ras:NS5A:31M,REF_MASTER_NC_004102,phdr_ras:NS5A:30K+31M+93H
NS5A,CONJUNCT_NAME_2,phdr_ras:NS5A:58D,REF_MASTER_NC_004102,phdr_ras:NS5A:30K+58D
NS5A,CONJUNCT_NAME_2,phdr_ras:NS5A:58S,REF_MASTER_NC_004102,phdr_ras:NS5A:30K+58S
NS5A,CONJUNCT_NAME_2,phdr_ras:NS5A:93H,REF_MASTER_NC_004102,phdr_ras:NS5A:30K+93H
NS5A,CONJUNCT_NAME_2,phdr_ras:NS5A:31M,REF_MASTER_NC_004102,phdr_ras:NS5A:30L+31M+93H
NS5A,CONJUNCT_NAME_2,phdr_ras:NS5A:93H,REF_MASTER_NC_004102,phdr_ras:NS5A:30L+93H
NS5A,CONJUNCT_NAME_2,phdr_ras:NS5A:93S,REF_MASTER_NC_004102,phdr_ras:NS5A:30L+93S
NS5A,CONJUNCT_NAME_2,phdr_ras:NS5A:31F,REF_MASTER_NC_004102,phdr_ras:NS5A:30Q+31F
NS5A,CONJUNCT_NAME_2,phdr_ras:NS5A:31M,REF_MASTER_NC_004102,phdr_ras:NS5A:30Q+31M
NS5A,CONJUNCT_NAME_2,phdr_ras:NS5A:31M,REF_MASTER_NC_004102,phdr_ras:NS5A:30Q+31M+93H
NS5A,CONJUNCT_NAME_2,phdr_ras:NS5A:54H,REF_MASTER_NC_004102,phdr_ras:NS5A:30Q+54H+93H
NS5A,CONJUNCT_NAME_2,phdr_ras:NS5A:92R,REF_MASTER_NC_004102,phdr_ras:NS5A:30Q+92R
NS5A,CONJUNCT_NAME_2,phdr_ras:NS5A:93H,REF_MASTER_NC_004102,phdr_ras:NS5A:30Q+93H
NS5A,CONJUNCT_NAME_2,phdr_ras:NS5A:31M,REF_MASTER_NC_004102,phdr_ras:NS5A:30R+31M
NS5A,CONJUNCT_NAME_2,phdr_ras:NS5A:31M,REF_MASTER_NC_004102,phdr_ras:NS5A:30R+31M+58D
NS5A,CONJUNCT_NAME_2,phdr_ras:NS5A:31M,REF_MASTER_NC_004102,phdr_ras:NS5A:30R+31M+93C
NS5A,CONJUNCT_NAME_2,phdr_ras:NS5A:31M,REF_MASTER_NC_004102,phdr_ras:NS5A:30R+31M+93H
NS5A,CONJUNCT_NAME_2,phdr_ras:NS5A:31P,REF_MASTER_NC_004102,phdr_ras:NS5A:30R+31P
NS5A,CONJUNCT_NAME_2,phdr_ras:NS5A:31V,REF_MASTER_NC_004102,phdr_ras:NS5A:30R+31V
NS5A,CONJUNCT_NAME_2,phdr_ras:NS5A:58C,REF_MASTER_NC_004102,phdr_ras:NS5A:30R+58C
NS5A,CONJUNCT_NAME_2,phdr_ras:NS5A:58D,REF_MASTER_NC_004102,phdr_ras:NS5A:30R+58D
NS5A,CONJUNCT_NAME_2,phdr_ras:NS5A:62D,REF_MASTER_NC_004102,phdr_ras:NS5A:30R+62D
NS5A,CONJUNCT_NAME_2,phdr_ras:NS5A:75A,REF_MASTER_NC_004102,phdr_ras:NS5A:30R+75A
NS5A,CONJUNCT_NAME_2,phdr_ras:NS5A:93C,REF_MASTER_NC_004102,phdr_ras:NS5A:30R+93C
NS5A,CONJUNCT_NAME_2,phdr_ras:NS5A:93H,REF_MASTER_NC_004102,phdr_ras:NS5A:30R+93H
NS5A,CONJUNCT_NAME_2,phdr_ras:NS5A:93N,REF_MASTER_NC_004102,phdr_ras:NS5A:30R+93N
NS5A,CONJUNCT_NAME_2,phdr_ras:NS5A:31I,REF_MASTER_NC_004102,phdr_ras:NS5A:30S+31I+93H
NS5A,CONJUNCT_NAME_2,phdr_ras:NS5A:31M,REF_MASTER_NC_004102,phdr_ras:NS5A:30T+31M+93H
NS5A,CONJUNCT_NAME_2,phdr_ras:NS5A:93H,REF_MASTER_NC_004102,phdr_ras:NS5A:30T+93H
NS5A,CONJUNCT_NAME_2,phdr_ras:NS5A:93H,REF_MASTER_NC_004102,phdr_ras:NS5A:30V+93H
NS5A,CONJUNCT_NAME_2,phdr_ras:NS5A:93H,REF_MASTER_NC_004102,phdr_ras:NS5A:30Y+93H
NS5A,CONJUNCT_NAME_2,phdr_ras:NS5A:129H,REF_MASTER_NC_004102,phdr_ras:NS5A:31F+129H
NS5A,CONJUNCT_NAME_2,phdr_ras:NS5A:32del,REF_MASTER_NC_004102,phdr_ras:NS5A:31F+32del
NS5A,CONJUNCT_NAME_2,phdr_ras:NS5A:56R,REF_MASTER_NC_004102,phdr_ras:NS5A:31F+56R
NS5A,CONJUNCT_NAME_2,phdr_ras:NS5A:58L,REF_MASTER_NC_004102,phdr_ras:NS5A:31F+58L
NS5A,CONJUNCT_NAME_2,phdr_ras:NS5A:92E,REF_MASTER_NC_004102,phdr_ras:NS5A:31F+92E
NS5A,CONJUNCT_NAME_2,phdr_ras:NS5A:93H,REF_MASTER_NC_004102,phdr_ras:NS5A:31F+93H
NS5A,CONJUNCT_NAME_2,phdr_ras:NS5A:54H,REF_MASTER_NC_004102,phdr_ras:NS5A:31I+54H+92K
NS5A,CONJUNCT_NAME_2,phdr_ras:NS5A:54H,REF_MASTER_NC_004102,phdr_ras:NS5A:31I+54H+92T
NS5A,CONJUNCT_NAME_2,phdr_ras:NS5A:92K,REF_MASTER_NC_004102,phdr_ras:NS5A:31I+92K
NS5A,CONJUNCT_NAME_2,phdr_ras:NS5A:93H,REF_MASTER_NC_004102,phdr_ras:NS5A:31I+93H
NS5A,CONJUNCT_NAME_2,phdr_ras:NS5A:30R,REF_MASTER_NC_004102,phdr_ras:NS5A:31M+30R
NS5A,CONJUNCT_NAME_2,phdr_ras:NS5A:37M,REF_MASTER_NC_004102,phdr_ras:NS5A:31M+37M+93H
NS5A,CONJUNCT_NAME_2,phdr_ras:NS5A:54H,REF_MASTER_NC_004102,phdr_ras:NS5A:31M+54H
NS5A,CONJUNCT_NAME_2,phdr_ras:NS5A:54H,REF_MASTER_NC_004102,phdr_ras:NS5A:31M+54H+62E
NS5A,CONJUNCT_NAME_2,phdr_ras:NS5A:54H,REF_MASTER_NC_004102,phdr_ras:NS5A:31M+54H+93H
NS5A,CONJUNCT_NAME_2,phdr_ras:NS5A:58D,REF_MASTER_NC_004102,phdr_ras:NS5A:31M+58D
NS5A,CONJUNCT_NAME_2,phdr_ras:NS5A:58D,REF_MASTER_NC_004102,phdr_ras:NS5A:31M+58D+93C
NS5A,CONJUNCT_NAME_2,phdr_ras:NS5A:93C,REF_MASTER_NC_004102,phdr_ras:NS5A:31M+93C
NS5A,CONJUNCT_NAME_2,phdr_ras:NS5A:93H,REF_MASTER_NC_004102,phdr_ras:NS5A:31M+93H
NS5A,CONJUNCT_NAME_2,phdr_ras:NS5A:37L,REF_MASTER_NC_004102,phdr_ras:NS5A:31V+37L+93H
NS5A,CONJUNCT_NAME_2,phdr_ras:NS5A:54H,REF_MASTER_NC_004102,phdr_ras:NS5A:31V+54H+58S+93H
NS5A,CONJUNCT_NAME_2,phdr_ras:NS5A:54H,REF_MASTER_NC_004102,phdr_ras:NS5A:31V+54H+93H
NS5A,CONJUNCT_NAME_2,phdr_ras:NS5A:56R,REF_MASTER_NC_004102,phdr_ras:NS5A:31V+56R
NS5A,CONJUNCT_NAME_2,phdr_ras:NS5A:58S,REF_MASTER_NC_004102,phdr_ras:NS5A:31V+58S
NS5A,CONJUNCT_NAME_2,phdr_ras:NS5A:93H,REF_MASTER_NC_004102,phdr_ras:NS5A:31V+93H
NS5A,CONJUNCT_NAME_2,phdr_ras:NS5A:93N,REF_MASTER_NC_004102,phdr_ras:NS5A:31V+93N
NS5A,CONJUNCT_NAME_2,phdr_ras:NS5A:54H,REF_MASTER_NC_004102,phdr_ras:NS5A:37L+54H
NS5A,CONJUNCT_NAME_2,phdr_ras:NS5A:54L,REF_MASTER_NC_004102,phdr_ras:NS5A:37L+54L+92T
NS5A,CONJUNCT_NAME_2,phdr_ras:NS5A:54Y,REF_MASTER_NC_004102,phdr_ras:NS5A:37L+54Y
NS5A,CONJUNCT_NAME_2,phdr_ras:NS5A:93H,REF_MASTER_NC_004102,phdr_ras:NS5A:37L+93H
NS5A,CONJUNCT_NAME_2,phdr_ras:NS5A:54H,REF_MASTER_NC_004102,phdr_ras:NS5A:37Y+54H
NS5A,CONJUNCT_NAME_2,phdr_ras:NS5A:93H,REF_MASTER_NC_004102,phdr_ras:NS5A:38F+93H
NS5A,CONJUNCT_NAME_2,phdr_ras:NS5A:58A,REF_MASTER_NC_004102,phdr_ras:NS5A:54H+58A+62E+93H
NS5A,CONJUNCT_NAME_2,phdr_ras:NS5A:93H,REF_MASTER_NC_004102,phdr_ras:NS5A:54H+93H
NS5A,CONJUNCT_NAME_2,phdr_ras:NS5A:93H,REF_MASTER_NC_004102,phdr_ras:NS5A:58A+93H
NS5A,CONJUNCT_NAME_2,phdr_ras:NS5A:30R,REF_MASTER_NC_004102,phdr_ras:NS5A:58D+30R
NS5A,CONJUNCT_NAME_2,phdr_ras:NS5A:93C,REF_MASTER_NC_004102,phdr_ras:NS5A:58D+93C
NS5A,CONJUNCT_NAME_2,phdr_ras:NS5A:93H,REF_MASTER_NC_004102,phdr_ras:NS5A:58D+93H
NS5A,CONJUNCT_NAME_2,phdr_ras:NS5A:93H,REF_MASTER_NC_004102,phdr_ras:NS5A:58L+93H
NS5A,CONJUNCT_NAME_2,phdr_ras:NS5A:93N,REF_MASTER_NC_004102,phdr_ras:NS5A:58Q+93N
NS5A,CONJUNCT_NAME_2,phdr_ras:NS5A:62T,REF_MASTER_NC_004102,phdr_ras:NS5A:58S+62T+93H
NS5A,CONJUNCT_NAME_2,phdr_ras:NS5A:93H,REF_MASTER_NC_004102,phdr_ras:NS5A:58S+93H
NS5A,CONJUNCT_NAME_2,phdr_ras:NS5A:93H,REF_MASTER_NC_004102,phdr_ras:NS5A:62A+93H
NS5A,CONJUNCT_NAME_2,phdr_ras:NS5A:93H,REF_MASTER_NC_004102,phdr_ras:NS5A:62D+93H
NS5A,CONJUNCT_NAME_2,phdr_ras:NS5A:93H,REF_MASTER_NC_004102,phdr_ras:NS5A:62T+93H
NS5A,CONJUNCT_NAME_2,phdr_ras:NS5A:30H,REF_MASTER_NC_004102,phdr_ras:NS5A:8A+30H
NS5A,CONJUNCT_NAME_2,phdr_ras:NS5A:58L,REF_MASTER_NC_004102,phdr_ras:NS5A:8A+58L
NS5A,CONJUNCT_NAME_2,phdr_ras:NS5A:93H,REF_MASTER_NC_004102,phdr_ras:NS5A:92A+93H
NS5A,CONJUNCT_NAME_2,phdr_ras:NS5A:93H,REF_MASTER_NC_004102,phdr_ras:NS5A:92E+93H
NS5A,CONJUNCT_NAME_2,phdr_ras:NS5A:93H,REF_MASTER_NC_004102,phdr_ras:NS5A:92M+93H
NS5A,CONJUNCT_NAME_2,phdr_ras:NS5A:93H,REF_MASTER_NC_004102,phdr_ras:NS5A:92T+93H
NS5A,CONJUNCT_NAME_2,phdr_ras:NS5A:93H,REF_MASTER_NC_004102,phdr_ras:NS5A:92V+93H
NS5A,CONJUNCT_NAME_2,phdr_ras:NS5A:99A,REF_MASTER_NC_004102,phdr_ras:NS5A:93H+99A
NS5A,CONJUNCT_NAME_3,phdr_ras:NS5A:30K,REF_MASTER_NC_004102,phdr_ras:NS5A:24F+28K+30K
NS5A,CONJUNCT_NAME_3,phdr_ras:NS5A:30Q,REF_MASTER_NC_004102,phdr_ras:NS5A:24K+28I+30Q+31I+32L+54Y
NS5A,CONJUNCT_NAME_3,phdr_ras:NS5A:30H,REF_MASTER_NC_004102,phdr_ras:NS5A:24K+28M+30H+92T
NS5A,CONJUNCT_NAME_3,phdr_ras:NS5A:30L,REF_MASTER_NC_004102,phdr_ras:NS5A:24K+28M+30L
NS5A,CONJUNCT_NAME_3,phdr_ras:NS5A:30Q,REF_MASTER_NC_004102,phdr_ras:NS5A:24K+28M+30Q
NS5A,CONJUNCT_NAME_3,phdr_ras:NS5A:30Q,REF_MASTER_NC_004102,phdr_ras:NS5A:24K+28M+30Q+37V+54H
NS5A,CONJUNCT_NAME_3,phdr_ras:NS5A:30Q,REF_MASTER_NC_004102,phdr_ras:NS5A:24K+28M+30Q+92T
NS5A,CONJUNCT_NAME_3,phdr_ras:NS5A:92T,REF_MASTER_NC_004102,phdr_ras:NS5A:24K+28M+92T
NS5A,CONJUNCT_NAME_3,phdr_ras:NS5A:30Q,REF_MASTER_NC_004102,phdr_ras:NS5A:24K+28V+30Q
NS5A,CONJUNCT_NAME_3,phdr_ras:NS5A:92T,REF_MASTER_NC_004102,phdr_ras:NS5A:24K+28V+92T
NS5A,CONJUNCT_NAME_3,phdr_ras:NS5A:81M,REF_MASTER_NC_004102,phdr_ras:NS5A:24M+30R+81M
NS5A,CONJUNCT_NAME_3,phdr_ras:NS5A:31M,REF_MASTER_NC_004102,phdr_ras:NS5A:24Q+28T+31M
NS5A,CONJUNCT_NAME_3,phdr_ras:NS5A:93H,REF_MASTER_NC_004102,phdr_ras:NS5A:24R+30K+93H
NS5A,CONJUNCT_NAME_3,phdr_ras:NS5A:31M,REF_MASTER_NC_004102,phdr_ras:NS5A:24R+30Q+31M+37L+93H
NS5A,CONJUNCT_NAME_3,phdr_ras:NS5A:93H,REF_MASTER_NC_004102,phdr_ras:NS5A:24S+31M+93H
NS5A,CONJUNCT_NAME_3,phdr_ras:NS5A:30R,REF_MASTER_NC_004102,phdr_ras:NS5A:24T+28T+30R
NS5A,CONJUNCT_NAME_3,phdr_ras:NS5A:31M,REF_MASTER_NC_004102,phdr_ras:NS5A:28I+30R+31M
NS5A,CONJUNCT_NAME_3,phdr_ras:NS5A:31V,REF_MASTER_NC_004102,phdr_ras:NS5A:28I+30R+31V
NS5A,CONJUNCT_NAME_3,phdr_ras:NS5A:92S,REF_MASTER_NC_004102,phdr_ras:NS5A:28L+31M+92S
NS5A,CONJUNCT_NAME_3,phdr_ras:NS5A:31M,REF_MASTER_NC_004102,phdr_ras:NS5A:28M+30Q+31M
NS5A,CONJUNCT_NAME_3,phdr_ras:NS5A:92K,REF_MASTER_NC_004102,phdr_ras:NS5A:28M+30Q+92K
NS5A,CONJUNCT_NAME_3,phdr_ras:NS5A:93H,REF_MASTER_NC_004102,phdr_ras:NS5A:28M+30Q+93H
NS5A,CONJUNCT_NAME_3,phdr_ras:NS5A:31L,REF_MASTER_NC_004102,phdr_ras:NS5A:28M+30R+31L
NS5A,CONJUNCT_NAME_3,phdr_ras:NS5A:31L,REF_MASTER_NC_004102,phdr_ras:NS5A:28M+30R+31L+93H
NS5A,CONJUNCT_NAME_3,phdr_ras:NS5A:31M,REF_MASTER_NC_004102,phdr_ras:NS5A:28M+30R+31M
NS5A,CONJUNCT_NAME_3,phdr_ras:NS5A:58R,REF_MASTER_NC_004102,phdr_ras:NS5A:28M+37L+58R
NS5A,CONJUNCT_NAME_3,phdr_ras:NS5A:31V,REF_MASTER_NC_004102,phdr_ras:NS5A:28T+30H+31V
NS5A,CONJUNCT_NAME_3,phdr_ras:NS5A:58D,REF_MASTER_NC_004102,phdr_ras:NS5A:28T+30H+58D
NS5A,CONJUNCT_NAME_3,phdr_ras:NS5A:93H,REF_MASTER_NC_004102,phdr_ras:NS5A:28T+30H+93H
NS5A,CONJUNCT_NAME_3,phdr_ras:NS5A:31M,REF_MASTER_NC_004102,phdr_ras:NS5A:28T+30R+31M
NS5A,CONJUNCT_NAME_3,phdr_ras:NS5A:31V,REF_MASTER_NC_004102,phdr_ras:NS5A:28T+30R+31V
NS5A,CONJUNCT_NAME_3,phdr_ras:NS5A:31V,REF_MASTER_NC_004102,phdr_ras:NS5A:28T+30R+31V+93H
NS5A,CONJUNCT_NAME_3,phdr_ras:NS5A:31V,REF_MASTER_NC_004102,phdr_ras:NS5A:28V+30H+31V
NS5A,CONJUNCT_NAME_3,phdr_ras:NS5A:31M,REF_MASTER_NC_004102,phdr_ras:NS5A:28V+30R+31M
NS5A,CONJUNCT_NAME_3,phdr_ras:NS5A:31M,REF_MASTER_NC_004102,phdr_ras:NS5A:28V+30R+31M+93H
NS5A,CONJUNCT_NAME_3,phdr_ras:NS5A:31V,REF_MASTER_NC_004102,phdr_ras:NS5A:28V+30R+31V
NS5A,CONJUNCT_NAME_3,phdr_ras:NS5A:31M,REF_MASTER_NC_004102,phdr_ras:NS5A:28V+30S+31M
NS5A,CONJUNCT_NAME_3,phdr_ras:NS5A:93S,REF_MASTER_NC_004102,phdr_ras:NS5A:28V+30S+93S
NS5A,CONJUNCT_NAME_3,phdr_ras:NS5A:93H,REF_MASTER_NC_004102,phdr_ras:NS5A:30K+31M+93H
NS5A,CONJUNCT_NAME_3,phdr_ras:NS5A:93H,REF_MASTER_NC_004102,phdr_ras:NS5A:30L+31M+93H
NS5A,CONJUNCT_NAME_3,phdr_ras:NS5A:93H,REF_MASTER_NC_004102,phdr_ras:NS5A:30Q+31M+93H
NS5A,CONJUNCT_NAME_3,phdr_ras:NS5A:93H,REF_MASTER_NC_004102,phdr_ras:NS5A:30Q+54H+93H
NS5A,CONJUNCT_NAME_3,phdr_ras:NS5A:58D,REF_MASTER_NC_004102,phdr_ras:NS5A:30R+31M+58D
NS5A,CONJUNCT_NAME_3,phdr_ras:NS5A:93C,REF_MASTER_NC_004102,phdr_ras:NS5A:30R+31M+93C
NS5A,CONJUNCT_NAME_3,phdr_ras:NS5A:93H,REF_MASTER_NC_004102,phdr_ras:NS5A:30R+31M+93H
NS5A,CONJUNCT_NAME_3,phdr_ras:NS5A:93H,REF_MASTER_NC_004102,phdr_ras:NS5A:30S+31I+93H
NS5A,CONJUNCT_NAME_3,phdr_ras:NS5A:93H,REF_MASTER_NC_004102,phdr_ras:NS5A:30T+31M+93H
NS5A,CONJUNCT_NAME_3,phdr_ras:NS5A:92K,REF_MASTER_NC_004102,phdr_ras:NS5A:31I+54H+92K
NS5A,CONJUNCT_NAME_3,phdr_ras:NS5A:92T,REF_MASTER_NC_004102,phdr_ras:NS5A:31I+54H+92T
NS5A,CONJUNCT_NAME_3,phdr_ras:NS5A:93H,REF_MASTER_NC_004102,phdr_ras:NS5A:31M+37M+93H
NS5A,CONJUNCT_NAME_3,phdr_ras:NS5A:62E,REF_MASTER_NC_004102,phdr_ras:NS5A:31M+54H+62E
NS5A,CONJUNCT_NAME_3,phdr_ras:NS5A:93H,REF_MASTER_NC_004102,phdr_ras:NS5A:31M+54H+93H
NS5A,CONJUNCT_NAME_3,phdr_ras:NS5A:93C,REF_MASTER_NC_004102,phdr_ras:NS5A:31M+58D+93C
NS5A,CONJUNCT_NAME_3,phdr_ras:NS5A:93H,REF_MASTER_NC_004102,phdr_ras:NS5A:31V+37L+93H
NS5A,CONJUNCT_NAME_3,phdr_ras:NS5A:58S,REF_MASTER_NC_004102,phdr_ras:NS5A:31V+54H+58S+93H
NS5A,CONJUNCT_NAME_3,phdr_ras:NS5A:93H,REF_MASTER_NC_004102,phdr_ras:NS5A:31V+54H+93H
NS5A,CONJUNCT_NAME_3,phdr_ras:NS5A:92T,REF_MASTER_NC_004102,phdr_ras:NS5A:37L+54L+92T
NS5A,CONJUNCT_NAME_3,phdr_ras:NS5A:62E,REF_MASTER_NC_004102,phdr_ras:NS5A:54H+58A+62E+93H
NS5A,CONJUNCT_NAME_3,phdr_ras:NS5A:93H,REF_MASTER_NC_004102,phdr_ras:NS5A:58S+62T+93H
NS5A,CONJUNCT_NAME_4,phdr_ras:NS5A:31I,REF_MASTER_NC_004102,phdr_ras:NS5A:24K+28I+30Q+31I+32L+54Y
NS5A,CONJUNCT_NAME_4,phdr_ras:NS5A:92T,REF_MASTER_NC_004102,phdr_ras:NS5A:24K+28M+30H+92T
NS5A,CONJUNCT_NAME_4,phdr_ras:NS5A:37V,REF_MASTER_NC_004102,phdr_ras:NS5A:24K+28M+30Q+37V+54H
NS5A,CONJUNCT_NAME_4,phdr_ras:NS5A:92T,REF_MASTER_NC_004102,phdr_ras:NS5A:24K+28M+30Q+92T
NS5A,CONJUNCT_NAME_4,phdr_ras:NS5A:37L,REF_MASTER_NC_004102,phdr_ras:NS5A:24R+30Q+31M+37L+93H
NS5A,CONJUNCT_NAME_4,phdr_ras:NS5A:93H,REF_MASTER_NC_004102,phdr_ras:NS5A:28M+30R+31L+93H
NS5A,CONJUNCT_NAME_4,phdr_ras:NS5A:93H,REF_MASTER_NC_004102,phdr_ras:NS5A:28T+30R+31V+93H
NS5A,CONJUNCT_NAME_4,phdr_ras:NS5A:93H,REF_MASTER_NC_004102,phdr_ras:NS5A:28V+30R+31M+93H
NS5A,CONJUNCT_NAME_4,phdr_ras:NS5A:93H,REF_MASTER_NC_004102,phdr_ras:NS5A:31V+54H+58S+93H
NS5A,CONJUNCT_NAME_4,phdr_ras:NS5A:93H,REF_MASTER_NC_004102,phdr_ras:NS5A:54H+58A+62E+93H
NS5A,CONJUNCT_NAME_5,phdr_ras:NS5A:32L,REF_MASTER_NC_004102,phdr_ras:NS5A:24K+28I+30Q+31I+32L+54Y
NS5A,CONJUNCT_NAME_5,phdr_ras:NS5A:54H,REF_MASTER_NC_004102,phdr_ras:NS5A:24K+28M+30Q+37V+54H
NS5A,CONJUNCT_NAME_5,phdr_ras:NS5A:93H,REF_MASTER_NC_004102,phdr_ras:NS5A:24R+30Q+31M+37L+93H
NS5A,CONJUNCT_NAME_6,phdr_ras:NS5A:54Y,REF_MASTER_NC_004102,phdr_ras:NS5A:24K+28I+30Q+31I+32L+54Y
NS5A,MIN_COMBINED_TRIPLET_FRACTION,0.15,REF_MASTER_NC_004102,phdr_ras:NS5A:129H
NS5A,MIN_COMBINED_TRIPLET_FRACTION,0.15,REF_MASTER_NC_004102,phdr_ras:NS5A:23F
NS5A,MIN_COMBINED_TRIPLET_FRACTION,0.15,REF_MASTER_NC_004102,phdr_ras:NS5A:24A
NS5A,MIN_COMBINED_TRIPLET_FRACTION,0.15,REF_MASTER_NC_004102,phdr_ras:NS5A:24F
NS5A,MIN_COMBINED_TRIPLET_FRACTION,0.15,REF_MASTER_NC_004102,phdr_ras:NS5A:24G
NS5A,MIN_COMBINED_TRIPLET_FRACTION,0.15,REF_MASTER_NC_004102,phdr_ras:NS5A:24H
NS5A,MIN_COMBINED_TRIPLET_FRACTION,0.15,REF_MASTER_NC_004102,phdr_ras:NS5A:24K
NS5A,MIN_COMBINED_TRIPLET_FRACTION,0.15,REF_MASTER_NC_004102,phdr_ras:NS5A:24M
NS5A,MIN_COMBINED_TRIPLET_FRACTION,0.15,REF_MASTER_NC_004102,phdr_ras:NS5A:24N
NS5A,MIN_COMBINED_TRIPLET_FRACTION,0.15,REF_MASTER_NC_004102,phdr_ras:NS5A:24Q
NS5A,MIN_COMBINED_TRIPLET_FRACTION,0.15,REF_MASTER_NC_004102,phdr_ras:NS5A:24R
NS5A,MIN_COMBINED_TRIPLET_FRACTION,0.15,REF_MASTER_NC_004102,phdr_ras:NS5A:24S
NS5A,MIN_COMBINED_TRIPLET_FRACTION,0.15,REF_MASTER_NC_004102,phdr_ras:NS5A:24T
NS5A,MIN_COMBINED_TRIPLET_FRACTION,0.15,REF_MASTER_NC_004102,phdr_ras:NS5A:28A
NS5A,MIN_COMBINED_TRIPLET_FRACTION,0.15,REF_MASTER_NC_004102,phdr_ras:NS5A:28C
NS5A,MIN_COMBINED_TRIPLET_FRACTION,0.15,REF_MASTER_NC_004102,phdr_ras:NS5A:28F
NS5A,MIN_COMBINED_TRIPLET_FRACTION,0.15,REF_MASTER_NC_004102,phdr_ras:NS5A:28G
NS5A,MIN_COMBINED_TRIPLET_FRACTION,0.15,REF_MASTER_NC_004102,phdr_ras:NS5A:28I
NS5A,MIN_COMBINED_TRIPLET_FRACTION,0.15,REF_MASTER_NC_004102,phdr_ras:NS5A:28K
NS5A,MIN_COMBINED_TRIPLET_FRACTION,0.15,REF_MASTER_NC_004102,phdr_ras:NS5A:28L
NS5A,MIN_COMBINED_TRIPLET_FRACTION,0.15,REF_MASTER_NC_004102,phdr_ras:NS5A:28M
NS5A,MIN_COMBINED_TRIPLET_FRACTION,0.15,REF_MASTER_NC_004102,phdr_ras:NS5A:28S
NS5A,MIN_COMBINED_TRIPLET_FRACTION,0.15,REF_MASTER_NC_004102,phdr_ras:NS5A:28T
NS5A,MIN_COMBINED_TRIPLET_FRACTION,0.15,REF_MASTER_NC_004102,phdr_ras:NS5A:28V
NS5A,MIN_COMBINED_TRIPLET_FRACTION,0.15,REF_MASTER_NC_004102,phdr_ras:NS5A:29R
NS5A,MIN_COMBINED_TRIPLET_FRACTION,0.15,REF_MASTER_NC_004102,phdr_ras:NS5A:29S
NS5A,MIN_COMBINED_TRIPLET_FRACTION,0.15,REF_MASTER_NC_004102,phdr_ras:NS5A:30A
NS5A,MIN_COMBINED_TRIPLET_FRACTION,0.15,REF_MASTER_NC_004102,phdr_ras:NS5A:30D
NS5A,MIN_COMBINED_TRIPLET_FRACTION,0.15,REF_MASTER_NC_004102,phdr_ras:NS5A:30E
NS5A,MIN_COMBINED_TRIPLET_FRACTION,0.15,REF_MASTER_NC_004102,phdr_ras:NS5A:30F
NS5A,MIN_COMBINED_TRIPLET_FRACTION,0.15,REF_MASTER_NC_004102,phdr_ras:NS5A:30G
NS5A,MIN_COMBINED_TRIPLET_FRACTION,0.15,REF_MASTER_NC_004102,phdr_ras:NS5A:30H
NS5A,MIN_COMBINED_TRIPLET_FRACTION,0.15,REF_MASTER_NC_004102,phdr_ras:NS5A:30I
NS5A,MIN_COMBINED_TRIPLET_FRACTION,0.15,REF_MASTER_NC_004102,phdr_ras:NS5A:30K
NS5A,MIN_COMBINED_TRIPLET_FRACTION,0.15,REF_MASTER_NC_004102,phdr_ras:NS5A:30L
NS5A,MIN_COMBINED_TRIPLET_FRACTION,0.15,REF_MASTER_NC_004102,phdr_ras:NS5A:30Q
NS5A,MIN_COMBINED_TRIPLET_FRACTION,0.15,REF_MASTER_NC_004102,phdr_ras:NS5A:30R
NS5A,MIN_COMBINED_TRIPLET_FRACTION,0.15,REF_MASTER_NC_004102,phdr_ras:NS5A:30S
NS5A,MIN_COMBINED_TRIPLET_FRACTION,0.15,REF_MASTER_NC_004102,phdr_ras:NS5A:30T
NS5A,MIN_COMBINED_TRIPLET_FRACTION,0.15,REF_MASTER_NC_004102,phdr_ras:NS5A:30V
NS5A,MIN_COMBINED_TRIPLET_FRACTION,0.15,REF_MASTER_NC_004102,phdr_ras:NS5A:30W
NS5A,MIN_COMBINED_TRIPLET_FRACTION,0.15,REF_MASTER_NC_004102,phdr_ras:NS5A:30Y
NS5A,MIN_COMBINED_TRIPLET_FRACTION,0.15,REF_MASTER_NC_004102,phdr_ras:NS5A:31F
NS5A,MIN_COMBINED_TRIPLET_FRACTION,0.15,REF_MASTER_NC_004102,phdr_ras:NS5A:31I
NS5A,MIN_COMBINED_TRIPLET_FRACTION,0.15,REF_MASTER_NC_004102,phdr_ras:NS5A:31L
NS5A,MIN_COMBINED_TRIPLET_FRACTION,0.15,REF_MASTER_NC_004102,phdr_ras:NS5A:31M
NS5A,MIN_COMBINED_TRIPLET_FRACTION,0.15,REF_MASTER_NC_004102,phdr_ras:NS5A:31P
NS5A,MIN_COMBINED_TRIPLET_FRACTION,0.15,REF_MASTER_NC_004102,phdr_ras:NS5A:31V
NS5A,MIN_COMBINED_TRIPLET_FRACTION,0.15,REF_MASTER_NC_004102,phdr_ras:NS5A:32L
NS5A,MIN_COMBINED_TRIPLET_FRACTION,0.15,REF_MASTER_NC_004102,phdr_ras:NS5A:32S
NS5A,MIN_COMBINED_TRIPLET_FRACTION,0.15,REF_MASTER_NC_004102,phdr_ras:NS5A:37I
NS5A,MIN_COMBINED_TRIPLET_FRACTION,0.15,REF_MASTER_NC_004102,phdr_ras:NS5A:37L
NS5A,MIN_COMBINED_TRIPLET_FRACTION,0.15,REF_MASTER_NC_004102,phdr_ras:NS5A:37M
NS5A,MIN_COMBINED_TRIPLET_FRACTION,0.15,REF_MASTER_NC_004102,phdr_ras:NS5A:37V
NS5A,MIN_COMBINED_TRIPLET_FRACTION,0.15,REF_MASTER_NC_004102,phdr_ras:NS5A:37Y
NS5A,MIN_COMBINED_TRIPLET_FRACTION,0.15,REF_MASTER_NC_004102,phdr_ras:NS5A:38F
NS5A,MIN_COMBINED_TRIPLET_FRACTION,0.15,REF_MASTER_NC_004102,phdr_ras:NS5A:54H
NS5A,MIN_COMBINED_TRIPLET_FRACTION,0.15,REF_MASTER_NC_004102,phdr_ras:NS5A:54L
NS5A,MIN_COMBINED_TRIPLET_FRACTION,0.15,REF_MASTER_NC_004102,phdr_ras:NS5A:54Y
NS5A,MIN_COMBINED_TRIPLET_FRACTION,0.15,REF_MASTER_NC_004102,phdr_ras:NS5A:56R
NS5A,MIN_COMBINED_TRIPLET_FRACTION,0.15,REF_MASTER_NC_004102,phdr_ras:NS5A:58A
NS5A,MIN_COMBINED_TRIPLET_FRACTION,0.15,REF_MASTER_NC_004102,phdr_ras:NS5A:58C
NS5A,MIN_COMBINED_TRIPLET_FRACTION,0.15,REF_MASTER_NC_004102,phdr_ras:NS5A:58D
NS5A,MIN_COMBINED_TRIPLET_FRACTION,0.15,REF_MASTER_NC_004102,phdr_ras:NS5A:58L
NS5A,MIN_COMBINED_TRIPLET_FRACTION,0.15,REF_MASTER_NC_004102,phdr_ras:NS5A:58N
NS5A,MIN_COMBINED_TRIPLET_FRACTION,0.15,REF_MASTER_NC_004102,phdr_ras:NS5A:58P
NS5A,MIN_COMBINED_TRIPLET_FRACTION,0.15,REF_MASTER_NC_004102,phdr_ras:NS5A:58Q
NS5A,MIN_COMBINED_TRIPLET_FRACTION,0.15,REF_MASTER_NC_004102,phdr_ras:NS5A:58R
NS5A,MIN_COMBINED_TRIPLET_FRACTION,0.15,REF_MASTER_NC_004102,phdr_ras:NS5A:58S
NS5A,MIN_COMBINED_TRIPLET_FRACTION,0.15,REF_MASTER_NC_004102,phdr_ras:NS5A:58T
NS5A,MIN_COMBINED_TRIPLET_FRACTION,0.15,REF_MASTER_NC_004102,phdr_ras:NS5A:58Y
NS5A,MIN_COMBINED_TRIPLET_FRACTION,0.15,REF_MASTER_NC_004102,phdr_ras:NS5A:62A
NS5A,MIN_COMBINED_TRIPLET_FRACTION,0.15,REF_MASTER_NC_004102,phdr_ras:NS5A:62D
NS5A,MIN_COMBINED_TRIPLET_FRACTION,0.15,REF_MASTER_NC_004102,phdr_ras:NS5A:62E
NS5A,MIN_COMBINED_TRIPLET_FRACTION,0.15,REF_MASTER_NC_004102,phdr_ras:NS5A:62L
NS5A,MIN_COMBINED_TRIPLET_FRACTION,0.15,REF_MASTER_NC_004102,phdr_ras:NS5A:62Q
NS5A,MIN_COMBINED_TRIPLET_FRACTION,0.15,REF_MASTER_NC_004102,phdr_ras:NS5A:62T
NS5A,MIN_COMBINED_TRIPLET_FRACTION,0.15,REF_MASTER_NC_004102,phdr_ras:NS5A:68R
NS5A,MIN_COMBINED_TRIPLET_FRACTION,0.15,REF_MASTER_NC_004102,phdr_ras:NS5A:75A
NS5A,MIN_COMBINED_TRIPLET_FRACTION,0.15,REF_MASTER_NC_004102,phdr_ras:NS5A:81M
NS5A,MIN_COMBINED_TRIPLET_FRACTION,0.15,REF_MASTER_NC_004102,phdr_ras:NS5A:8A
NS5A,MIN_COMBINED_TRIPLET_FRACTION,0.15,REF_MASTER_NC_004102,phdr_ras:NS5A:92A
NS5A,MIN_COMBINED_TRIPLET_FRACTION,0.15,REF_MASTER_NC_004102,phdr_ras:NS5A:92E
NS5A,MIN_COMBINED_TRIPLET_FRACTION,0.15,REF_MASTER_NC_004102,phdr_ras:NS5A:92K
NS5A,MIN_COMBINED_TRIPLET_FRACTION,0.15,REF_MASTER_NC_004102,phdr_ras:NS5A:92M
NS5A,MIN_COMBINED_TRIPLET_FRACTION,0.15,REF_MASTER_NC_004102,phdr_ras:NS5A:92R
NS5A,MIN_COMBINED_TRIPLET_FRACTION,0.15,REF_MASTER_NC_004102,phdr_ras:NS5A:92S
NS5A,MIN_COMBINED_TRIPLET_FRACTION,0.15,REF_MASTER_NC_004102,phdr_ras:NS5A:92T
NS5A,MIN_COMBINED_TRIPLET_FRACTION,0.15,REF_MASTER_NC_004102,phdr_ras:NS5A:92V
NS5A,MIN_COMBINED_TRIPLET_FRACTION,0.15,REF_MASTER_NC_004102,phdr_ras:NS5A:93C
NS5A,MIN_COMBINED_TRIPLET_FRACTION,0.15,REF_MASTER_NC_004102,phdr_ras:NS5A:93F
NS5A,MIN_COMBINED_TRIPLET_FRACTION,0.15,REF_MASTER_NC_004102,phdr_ras:NS5A:93H
NS5A,MIN_COMBINED_TRIPLET_FRACTION,0.15,REF_MASTER_NC_004102,phdr_ras:NS5A:93I
NS5A,MIN_COMBINED_TRIPLET_FRACTION,0.15,REF_MASTER_NC_004102,phdr_ras:NS5A:93L
NS5A,MIN_COMBINED_TRIPLET_FRACTION,0.15,REF_MASTER_NC_004102,phdr_ras:NS5A:93N
NS5A,MIN_COMBINED_TRIPLET_FRACTION,0.15,REF_MASTER_NC_004102,phdr_ras:NS5A:93R
NS5A,MIN_COMBINED_TRIPLET_FRACTION,0.15,REF_MASTER_NC_004102,phdr_ras:NS5A:93S
NS5A,MIN_COMBINED_TRIPLET_FRACTION,0.15,REF_MASTER_NC_004102,phdr_ras:NS5A:93W
NS5A,MIN_COMBINED_TRIPLET_FRACTION,0.15,REF_MASTER_NC_004102,phdr_ras:NS5A:99A
NS5A,SIMPLE_AA_PATTERN,H,REF_MASTER_NC_004102,phdr_ras:NS5A:129H
NS5A,SIMPLE_AA_PATTERN,F,REF_MASTER_NC_004102,phdr_ras:NS5A:23F
NS5A,SIMPLE_AA_PATTERN,A,REF_MASTER_NC_004102,phdr_ras:NS5A:24A
NS5A,SIMPLE_AA_PATTERN,F,REF_MASTER_NC_004102,phdr_ras:NS5A:24F
NS5A,SIMPLE_AA_PATTERN,G,REF_MASTER_NC_004102,phdr_ras:NS5A:24G
NS5A,SIMPLE_AA_PATTERN,H,REF_MASTER_NC_004102,phdr_ras:NS5A:24H
NS5A,SIMPLE_AA_PATTERN,K,REF_MASTER_NC_004102,phdr_ras:NS5A:24K
NS5A,SIMPLE_AA_PATTERN,M,REF_MASTER_NC_004102,phdr_ras:NS5A:24M
NS5A,SIMPLE_AA_PATTERN,N,REF_MASTER_NC_004102,phdr_ras:NS5A:24N
NS5A,SIMPLE_AA_PATTERN,Q,REF_MASTER_NC_004102,phdr_ras:NS5A:24Q
NS5A,SIMPLE_AA_PATTERN,R,REF_MASTER_NC_004102,phdr_ras:NS5A:24R
NS5A,SIMPLE_AA_PATTERN,S,REF_MASTER_NC_004102,phdr_ras:NS5A:24S
NS5A,SIMPLE_AA_PATTERN,T,REF_MASTER_NC_004102,phdr_ras:NS5A:24T
NS5A,SIMPLE_AA_PATTERN,A,REF_MASTER_NC_004102,phdr_ras:NS5A:28A
NS5A,SIMPLE_AA_PATTERN,C,REF_MASTER_NC_004102,phdr_ras:NS5A:28C
NS5A,SIMPLE_AA_PATTERN,F,REF_MASTER_NC_004102,phdr_ras:NS5A:28F
NS5A,SIMPLE_AA_PATTERN,G,REF_MASTER_NC_004102,phdr_ras:NS5A:28G
NS5A,SIMPLE_AA_PATTERN,I,REF_MASTER_NC_004102,phdr_ras:NS5A:28I
NS5A,SIMPLE_AA_PATTERN,K,REF_MASTER_NC_004102,phdr_ras:NS5A:28K
NS5A,SIMPLE_AA_PATTERN,L,REF_MASTER_NC_004102,phdr_ras:NS5A:28L
NS5A,SIMPLE_AA_PATTERN,M,REF_MASTER_NC_004102,phdr_ras:NS5A:28M
NS5A,SIMPLE_AA_PATTERN,S,REF_MASTER_NC_004102,phdr_ras:NS5A:28S
NS5A,SIMPLE_AA_PATTERN,T,REF_MASTER_NC_004102,phdr_ras:NS5A:28T
NS5A,SIMPLE_AA_PATTERN,V,REF_MASTER_NC_004102,phdr_ras:NS5A:28V
NS5A,SIMPLE_AA_PATTERN,R,REF_MASTER_NC_004102,phdr_ras:NS5A:29R
NS5A,SIMPLE_AA_PATTERN,S,REF_MASTER_NC_004102,phdr_ras:NS5A:29S
NS5A,SIMPLE_AA_PATTERN,A,REF_MASTER_NC_004102,phdr_ras:NS5A:30A
NS5A,SIMPLE_AA_PATTERN,D,REF_MASTER_NC_004102,phdr_ras:NS5A:30D
NS5A,SIMPLE_AA_PATTERN,E,REF_MASTER_NC_004102,phdr_ras:NS5A:30E
NS5A,SIMPLE_AA_PATTERN,F,REF_MASTER_NC_004102,phdr_ras:NS5A:30F
NS5A,SIMPLE_AA_PATTERN,G,REF_MASTER_NC_004102,phdr_ras:NS5A:30G
NS5A,SIMPLE_AA_PATTERN,H,REF_MASTER_NC_004102,phdr_ras:NS5A:30H
NS5A,SIMPLE_AA_PATTERN,I,REF_MASTER_NC_004102,phdr_ras:NS5A:30I
NS5A,SIMPLE_AA_PATTERN,K,REF_MASTER_NC_004102,phdr_ras:NS5A:30K
NS5A,SIMPLE_AA_PATTERN,L,REF_MASTER_NC_004102,phdr_ras:NS5A:30L
NS5A,SIMPLE_AA_PATTERN,Q,REF_MASTER_NC_004102,phdr_ras:NS5A:30Q
NS5A,SIMPLE_AA_PATTERN,R,REF_MASTER_NC_004102,phdr_ras:NS5A:30R
NS5A,SIMPLE_AA_PATTERN,S,REF_MASTER_NC_004102,phdr_ras:NS5A:30S
NS5A,SIMPLE_AA_PATTERN,T,REF_MASTER_NC_004102,phdr_ras:NS5A:30T
NS5A,SIMPLE_AA_PATTERN,V,REF_MASTER_NC_004102,phdr_ras:NS5A:30V
NS5A,SIMPLE_AA_PATTERN,W,REF_MASTER_NC_004102,phdr_ras:NS5A:30W
NS5A,SIMPLE_AA_PATTERN,Y,REF_MASTER_NC_004102,phdr_ras:NS5A:30Y
NS5A,SIMPLE_AA_PATTERN,F,REF_MASTER_NC_004102,phdr_ras:NS5A:31F
NS5A,SIMPLE_AA_PATTERN,I,REF_MASTER_NC_004102,phdr_ras:NS5A:31I
NS5A,SIMPLE_AA_PATTERN,L,REF_MASTER_NC_004102,phdr_ras:NS5A:31L
NS5A,SIMPLE_AA_PATTERN,M,REF_MASTER_NC_004102,phdr_ras:NS5A:31M
NS5A,SIMPLE_AA_PATTERN,P,REF_MASTER_NC_004102,phdr_ras:NS5A:31P
NS5A,SIMPLE_AA_PATTERN,V,REF_MASTER_NC_004102,phdr_ras:NS5A:31V
NS5A,SIMPLE_AA_PATTERN,L,REF_MASTER_NC_004102,phdr_ras:NS5A:32L
NS5A,SIMPLE_AA_PATTERN,S,REF_MASTER_NC_004102,phdr_ras:NS5A:32S
NS5A,SIMPLE_AA_PATTERN,I,REF_MASTER_NC_004102,phdr_ras:NS5A:37I
NS5A,SIMPLE_AA_PATTERN,L,REF_MASTER_NC_004102,phdr_ras:NS5A:37L
NS5A,SIMPLE_AA_PATTERN,M,REF_MASTER_NC_004102,phdr_ras:NS5A:37M
NS5A,SIMPLE_AA_PATTERN,V,REF_MASTER_NC_004102,phdr_ras:NS5A:37V
NS5A,SIMPLE_AA_PATTERN,Y,REF_MASTER_NC_004102,phdr_ras:NS5A:37Y
NS5A,SIMPLE_AA_PATTERN,F,REF_MASTER_NC_004102,phdr_ras:NS5A:38F
NS5A,SIMPLE_AA_PATTERN,H,REF_MASTER_NC_004102,phdr_ras:NS5A:54H
NS5A,SIMPLE_AA_PATTERN,L,REF_MASTER_NC_004102,phdr_ras:NS5A:54L
NS5A,SIMPLE_AA_PATTERN,Y,REF_MASTER_NC_004102,phdr_ras:NS5A:54Y
NS5A,SIMPLE_AA_PATTERN,R,REF_MASTER_NC_004102,phdr_ras:NS5A:56R
NS5A,SIMPLE_AA_PATTERN,A,REF_MASTER_NC_004102,phdr_ras:NS5A:58A
NS5A,SIMPLE_AA_PATTERN,C,REF_MASTER_NC_004102,phdr_ras:NS5A:58C
NS5A,SIMPLE_AA_PATTERN,D,REF_MASTER_NC_004102,phdr_ras:NS5A:58D
NS5A,SIMPLE_AA_PATTERN,L,REF_MASTER_NC_004102,phdr_ras:NS5A:58L
NS5A,SIMPLE_AA_PATTERN,N,REF_MASTER_NC_004102,phdr_ras:NS5A:58N
NS5A,SIMPLE_AA_PATTERN,P,REF_MASTER_NC_004102,phdr_ras:NS5A:58P
NS5A,SIMPLE_AA_PATTERN,Q,REF_MASTER_NC_004102,phdr_ras:NS5A:58Q
NS5A,SIMPLE_AA_PATTERN,R,REF_MASTER_NC_004102,phdr_ras:NS5A:58R
NS5A,SIMPLE_AA_PATTERN,S,REF_MASTER_NC_004102,phdr_ras:NS5A:58S
NS5A,SIMPLE_AA_PATTERN,T,REF_MASTER_NC_004102,phdr_ras:NS5A:58T
NS5A,SIMPLE_AA_PATTERN,Y,REF_MASTER_NC_004102,phdr_ras:NS5A:58Y
NS5A,SIMPLE_AA_PATTERN,A,REF_MASTER_NC_004102,phdr_ras:NS5A:62A
NS5A,SIMPLE_AA_PATTERN,D,REF_MASTER_NC_004102,phdr_ras:NS5A:62D
NS5A,SIMPLE_AA_PATTERN,E,REF_MASTER_NC_004102,phdr_ras:NS5A:62E
NS5A,SIMPLE_AA_PATTERN,L,REF_MASTER_NC_004102,phdr_ras:NS5A:62L
NS5A,SIMPLE_AA_PATTERN,Q,REF_MASTER_NC_004102,phdr_ras:NS5A:62Q
NS5A,SIMPLE_AA_PATTERN,T,REF_MASTER_NC_004102,phdr_ras:NS5A:62T
NS5A,SIMPLE_AA_PATTERN,R,REF_MASTER_NC_004102,phdr_ras:NS5A:68R
NS5A,SIMPLE_AA_PATTERN,A,REF_MASTER_NC_004102,phdr_ras:NS5A:75A
NS5A,SIMPLE_AA_PATTERN,M,REF_MASTER_NC_004102,phdr_ras:NS5A:81M
NS5A,SIMPLE_AA_PATTERN,A,REF_MASTER_NC_004102,phdr_ras:NS5A:8A
NS5A,SIMPLE_AA_PATTERN,A,REF_MASTER_NC_004102,phdr_ras:NS5A:92A
NS5A,SIMPLE_AA_PATTERN,E,REF_MASTER_NC_004102,phdr_ras:NS5A:92E
NS5A,SIMPLE_AA_PATTERN,K,REF_MASTER_NC_004102,phdr_ras:NS5A:92K
NS5A,SIMPLE_AA_PATTERN,M,REF_MASTER_NC_004102,phdr_ras:NS5A:92M
NS5A,SIMPLE_AA_PATTERN,R,REF_MASTER_NC_004102,phdr_ras:NS5A:92R
NS5A,SIMPLE_AA_PATTERN,S,REF_MASTER_NC_004102,phdr_ras:NS5A:92S
NS5A,SIMPLE_AA_PATTERN,T,REF_MASTER_NC_004102,phdr_ras:NS5A:92T
NS5A,SIMPLE_AA_PATTERN,V,REF_MASTER_NC_004102,phdr_ras:NS5A:92V
NS5A,SIMPLE_AA_PATTERN,C,REF_MASTER_NC_004102,phdr_ras:NS5A:93C
NS5A,SIMPLE_AA_PATTERN,F,REF_MASTER_NC_004102,phdr_ras:NS5A:93F
NS5A,SIMPLE_AA_PATTERN,H,REF_MASTER_NC_004102,phdr_ras:NS5A:93H
NS5A,SIMPLE_AA_PATTERN,I,REF_MASTER_NC_004102,phdr_ras:NS5A:93I
NS5A,SIMPLE_AA_PATTERN,L,REF_MASTER_NC_004102,phdr_ras:NS5A:93L
NS5A,SIMPLE_AA_PATTERN,N,REF_MASTER_NC_004102,phdr_ras:NS5A:93N
NS5A,SIMPLE_AA_PATTERN,R,REF_MASTER_NC_004102,phdr_ras:NS5A:93R
NS5A,SIMPLE_AA_PATTERN,S,REF_MASTER_NC_004102,phdr_ras:NS5A:93S
NS5A,SIMPLE_AA_PATTERN,W,REF_MASTER_NC_004102,phdr_ras:NS5A:93W
NS5A,SIMPLE_AA_PATTERN,A,REF_MASTER_NC_004102,phdr_ras:NS5A:99A
NS5B,CONJUNCT_NAME_1,phdr_ras:NS5B:100R,REF_MASTER_NC_004102,phdr_ras:NS5B:100R+188D
NS5B,CONJUNCT_NAME_1,phdr_ras:NS5B:150V,REF_MASTER_NC_004102,phdr_ras:NS5B:150V+206E
NS5B,CONJUNCT_NAME_1,phdr_ras:NS5B:159F,REF_MASTER_NC_004102,phdr_ras:NS5B:159F+282T
NS5B,CONJUNCT_NAME_1,phdr_ras:NS5B:159F,REF_MASTER_NC_004102,phdr_ras:NS5B:159F+282T+320F
NS5B,CONJUNCT_NAME_1,phdr_ras:NS5B:159F,REF_MASTER_NC_004102,phdr_ras:NS5B:159F+316H
NS5B,CONJUNCT_NAME_1,phdr_ras:NS5B:159F,REF_MASTER_NC_004102,phdr_ras:NS5B:159F+316N
NS5B,CONJUNCT_NAME_1,phdr_ras:NS5B:159F,REF_MASTER_NC_004102,phdr_ras:NS5B:159F+320F
NS5B,CONJUNCT_NAME_1,phdr_ras:NS5B:159F,REF_MASTER_NC_004102,phdr_ras:NS5B:159F+321A
NS5B,CONJUNCT_NAME_1,phdr_ras:NS5B:179A,REF_MASTER_NC_004102,phdr_ras:NS5B:179A+282T+289L+293L
NS5B,CONJUNCT_NAME_1,phdr_ras:NS5B:179A,REF_MASTER_NC_004102,phdr_ras:NS5B:179A+282T+289L+293L+434T
NS5B,CONJUNCT_NAME_1,phdr_ras:NS5B:179A,REF_MASTER_NC_004102,phdr_ras:NS5B:179A+282T+289L+293L+479P
NS5B,CONJUNCT_NAME_1,phdr_ras:NS5B:179A,REF_MASTER_NC_004102,phdr_ras:NS5B:179A+282T+289L+479P
NS5B,CONJUNCT_NAME_1,phdr_ras:NS5B:179A,REF_MASTER_NC_004102,phdr_ras:NS5B:179A+282T+293L
NS5B,CONJUNCT_NAME_1,phdr_ras:NS5B:179A,REF_MASTER_NC_004102,phdr_ras:NS5B:179A+282T+293L+479P
NS5B,CONJUNCT_NAME_1,phdr_ras:NS5B:282T,REF_MASTER_NC_004102,phdr_ras:NS5B:282T+159F
NS5B,CONJUNCT_NAME_1,phdr_ras:NS5B:282T,REF_MASTER_NC_004102,phdr_ras:NS5B:282T+289L
NS5B,CONJUNCT_NAME_1,phdr_ras:NS5B:282T,REF_MASTER_NC_004102,phdr_ras:NS5B:282T+289L+293L+434T
NS5B,CONJUNCT_NAME_1,phdr_ras:NS5B:282T,REF_MASTER_NC_004102,phdr_ras:NS5B:282T+289L+293L+479P
NS5B,CONJUNCT_NAME_1,phdr_ras:NS5B:282T,REF_MASTER_NC_004102,phdr_ras:NS5B:282T+289L+479P
NS5B,CONJUNCT_NAME_1,phdr_ras:NS5B:282T,REF_MASTER_NC_004102,phdr_ras:NS5B:282T+320F
NS5B,CONJUNCT_NAME_1,phdr_ras:NS5B:282T,REF_MASTER_NC_004102,phdr_ras:NS5B:282T+321I
NS5B,CONJUNCT_NAME_1,phdr_ras:NS5B:316H,REF_MASTER_NC_004102,phdr_ras:NS5B:316H+321I
NS5B,CONJUNCT_NAME_1,phdr_ras:NS5B:316N,REF_MASTER_NC_004102,phdr_ras:NS5B:316N+556G
NS5B,CONJUNCT_NAME_1,phdr_ras:NS5B:316Y,REF_MASTER_NC_004102,phdr_ras:NS5B:316Y+414I
NS5B,CONJUNCT_NAME_1,phdr_ras:NS5B:316Y,REF_MASTER_NC_004102,phdr_ras:NS5B:316Y+556G
NS5B,CONJUNCT_NAME_1,phdr_ras:NS5B:414T,REF_MASTER_NC_004102,phdr_ras:NS5B:414T+556G
NS5B,CONJUNCT_NAME_1,phdr_ras:NS5B:554S,REF_MASTER_NC_004102,phdr_ras:NS5B:554S+556G
NS5B,CONJUNCT_NAME_2,phdr_ras:NS5B:188D,REF_MASTER_NC_004102,phdr_ras:NS5B:100R+188D
NS5B,CONJUNCT_NAME_2,phdr_ras:NS5B:206E,REF_MASTER_NC_004102,phdr_ras:NS5B:150V+206E
NS5B,CONJUNCT_NAME_2,phdr_ras:NS5B:282T,REF_MASTER_NC_004102,phdr_ras:NS5B:159F+282T
NS5B,CONJUNCT_NAME_2,phdr_ras:NS5B:282T,REF_MASTER_NC_004102,phdr_ras:NS5B:159F+282T+320F
NS5B,CONJUNCT_NAME_2,phdr_ras:NS5B:316H,REF_MASTER_NC_004102,phdr_ras:NS5B:159F+316H
NS5B,CONJUNCT_NAME_2,phdr_ras:NS5B:316N,REF_MASTER_NC_004102,phdr_ras:NS5B:159F+316N
NS5B,CONJUNCT_NAME_2,phdr_ras:NS5B:320F,REF_MASTER_NC_004102,phdr_ras:NS5B:159F+320F
NS5B,CONJUNCT_NAME_2,phdr_ras:NS5B:321A,REF_MASTER_NC_004102,phdr_ras:NS5B:159F+321A
NS5B,CONJUNCT_NAME_2,phdr_ras:NS5B:282T,REF_MASTER_NC_004102,phdr_ras:NS5B:179A+282T+289L+293L
NS5B,CONJUNCT_NAME_2,phdr_ras:NS5B:282T,REF_MASTER_NC_004102,phdr_ras:NS5B:179A+282T+289L+293L+434T
NS5B,CONJUNCT_NAME_2,phdr_ras:NS5B:282T,REF_MASTER_NC_004102,phdr_ras:NS5B:179A+282T+289L+293L+479P
NS5B,CONJUNCT_NAME_2,phdr_ras:NS5B:282T,REF_MASTER_NC_004102,phdr_ras:NS5B:179A+282T+289L+479P
NS5B,CONJUNCT_NAME_2,phdr_ras:NS5B:282T,REF_MASTER_NC_004102,phdr_ras:NS5B:179A+282T+293L
NS5B,CONJUNCT_NAME_2,phdr_ras:NS5B:282T,REF_MASTER_NC_004102,phdr_ras:NS5B:179A+282T+293L+479P
NS5B,CONJUNCT_NAME_2,phdr_ras:NS5B:159F,REF_MASTER_NC_004102,phdr_ras:NS5B:282T+159F
NS5B,CONJUNCT_NAME_2,phdr_ras:NS5B:289L,REF_MASTER_NC_004102,phdr_ras:NS5B:282T+289L
NS5B,CONJUNCT_NAME_2,phdr_ras:NS5B:289L,REF_MASTER_NC_004102,phdr_ras:NS5B:282T+289L+293L+434T
NS5B,CONJUNCT_NAME_2,phdr_ras:NS5B:289L,REF_MASTER_NC_004102,phdr_ras:NS5B:282T+289L+293L+479P
NS5B,CONJUNCT_NAME_2,phdr_ras:NS5B:289L,REF_MASTER_NC_004102,phdr_ras:NS5B:282T+289L+479P
NS5B,CONJUNCT_NAME_2,phdr_ras:NS5B:320F,REF_MASTER_NC_004102,phdr_ras:NS5B:282T+320F
NS5B,CONJUNCT_NAME_2,phdr_ras:NS5B:321I,REF_MASTER_NC_004102,phdr_ras:NS5B:282T+321I
NS5B,CONJUNCT_NAME_2,phdr_ras:NS5B:321I,REF_MASTER_NC_004102,phdr_ras:NS5B:316H+321I
NS5B,CONJUNCT_NAME_2,phdr_ras:NS5B:556G,REF_MASTER_NC_004102,phdr_ras:NS5B:316N+556G
NS5B,CONJUNCT_NAME_2,phdr_ras:NS5B:414I,REF_MASTER_NC_004102,phdr_ras:NS5B:316Y+414I
NS5B,CONJUNCT_NAME_2,phdr_ras:NS5B:556G,REF_MASTER_NC_004102,phdr_ras:NS5B:316Y+556G
NS5B,CONJUNCT_NAME_2,phdr_ras:NS5B:556G,REF_MASTER_NC_004102,phdr_ras:NS5B:414T+556G
NS5B,CONJUNCT_NAME_2,phdr_ras:NS5B:556G,REF_MASTER_NC_004102,phdr_ras:NS5B:554S+556G
NS5B,CONJUNCT_NAME_3,phdr_ras:NS5B:320F,REF_MASTER_NC_004102,phdr_ras:NS5B:159F+282T+320F
NS5B,CONJUNCT_NAME_3,phdr_ras:NS5B:289L,REF_MASTER_NC_004102,phdr_ras:NS5B:179A+282T+289L+293L
NS5B,CONJUNCT_NAME_3,phdr_ras:NS5B:289L,REF_MASTER_NC_004102,phdr_ras:NS5B:179A+282T+289L+293L+434T
NS5B,CONJUNCT_NAME_3,phdr_ras:NS5B:289L,REF_MASTER_NC_004102,phdr_ras:NS5B:179A+282T+289L+293L+479P
NS5B,CONJUNCT_NAME_3,phdr_ras:NS5B:289L,REF_MASTER_NC_004102,phdr_ras:NS5B:179A+282T+289L+479P
NS5B,CONJUNCT_NAME_3,phdr_ras:NS5B:293L,REF_MASTER_NC_004102,phdr_ras:NS5B:179A+282T+293L
NS5B,CONJUNCT_NAME_3,phdr_ras:NS5B:293L,REF_MASTER_NC_004102,phdr_ras:NS5B:179A+282T+293L+479P
NS5B,CONJUNCT_NAME_3,phdr_ras:NS5B:293L,REF_MASTER_NC_004102,phdr_ras:NS5B:282T+289L+293L+434T
NS5B,CONJUNCT_NAME_3,phdr_ras:NS5B:293L,REF_MASTER_NC_004102,phdr_ras:NS5B:282T+289L+293L+479P
NS5B,CONJUNCT_NAME_3,phdr_ras:NS5B:479P,REF_MASTER_NC_004102,phdr_ras:NS5B:282T+289L+479P
NS5B,CONJUNCT_NAME_4,phdr_ras:NS5B:293L,REF_MASTER_NC_004102,phdr_ras:NS5B:179A+282T+289L+293L
NS5B,CONJUNCT_NAME_4,phdr_ras:NS5B:293L,REF_MASTER_NC_004102,phdr_ras:NS5B:179A+282T+289L+293L+434T
NS5B,CONJUNCT_NAME_4,phdr_ras:NS5B:293L,REF_MASTER_NC_004102,phdr_ras:NS5B:179A+282T+289L+293L+479P
NS5B,CONJUNCT_NAME_4,phdr_ras:NS5B:479P,REF_MASTER_NC_004102,phdr_ras:NS5B:179A+282T+289L+479P
NS5B,CONJUNCT_NAME_4,phdr_ras:NS5B:479P,REF_MASTER_NC_004102,phdr_ras:NS5B:179A+282T+293L+479P
NS5B,CONJUNCT_NAME_4,phdr_ras:NS5B:434T,REF_MASTER_NC_004102,phdr_ras:NS5B:282T+289L+293L+434T
NS5B,CONJUNCT_NAME_4,phdr_ras:NS5B:479P,REF_MASTER_NC_004102,phdr_ras:NS5B:282T+289L+293L+479P
NS5B,CONJUNCT_NAME_5,phdr_ras:NS5B:434T,REF_MASTER_NC_004102,phdr_ras:NS5B:179A+282T+289L+293L+434T
NS5B,CONJUNCT_NAME_5,phdr_ras:NS5B:479P,REF_MASTER_NC_004102,phdr_ras:NS5B:179A+282T+289L+293L+479P
NS5B,MIN_COMBINED_TRIPLET_FRACTION,0.15,REF_MASTER_NC_004102,phdr_ras:NS5B:100R
NS5B,MIN_COMBINED_TRIPLET_FRACTION,0.15,REF_MASTER_NC_004102,phdr_ras:NS5B:150V
NS5B,MIN_COMBINED_TRIPLET_FRACTION,0.15,REF_MASTER_NC_004102,phdr_ras:NS5B:159F
NS5B,MIN_COMBINED_TRIPLET_FRACTION,0.15,REF_MASTER_NC_004102,phdr_ras:NS5B:179A
NS5B,MIN_COMBINED_TRIPLET_FRACTION,0.15,REF_MASTER_NC_004102,phdr_ras:NS5B:188D
NS5B,MIN_COMBINED_TRIPLET_FRACTION,0.15,REF_MASTER_NC_004102,phdr_ras:NS5B:206E
NS5B,MIN_COMBINED_TRIPLET_FRACTION,0.15,REF_MASTER_NC_004102,phdr_ras:NS5B:237G
NS5B,MIN_COMBINED_TRIPLET_FRACTION,0.15,REF_MASTER_NC_004102,phdr_ras:NS5B:244I
NS5B,MIN_COMBINED_TRIPLET_FRACTION,0.15,REF_MASTER_NC_004102,phdr_ras:NS5B:282T
NS5B,MIN_COMBINED_TRIPLET_FRACTION,0.15,REF_MASTER_NC_004102,phdr_ras:NS5B:289I
NS5B,MIN_COMBINED_TRIPLET_FRACTION,0.15,REF_MASTER_NC_004102,phdr_ras:NS5B:289L
NS5B,MIN_COMBINED_TRIPLET_FRACTION,0.15,REF_MASTER_NC_004102,phdr_ras:NS5B:293L
NS5B,MIN_COMBINED_TRIPLET_FRACTION,0.15,REF_MASTER_NC_004102,phdr_ras:NS5B:316H
NS5B,MIN_COMBINED_TRIPLET_FRACTION,0.15,REF_MASTER_NC_004102,phdr_ras:NS5B:316N
NS5B,MIN_COMBINED_TRIPLET_FRACTION,0.15,REF_MASTER_NC_004102,phdr_ras:NS5B:316Y
NS5B,MIN_COMBINED_TRIPLET_FRACTION,0.15,REF_MASTER_NC_004102,phdr_ras:NS5B:320F
NS5B,MIN_COMBINED_TRIPLET_FRACTION,0.15,REF_MASTER_NC_004102,phdr_ras:NS5B:321A
NS5B,MIN_COMBINED_TRIPLET_FRACTION,0.15,REF_MASTER_NC_004102,phdr_ras:NS5B:321I
NS5B,MIN_COMBINED_TRIPLET_FRACTION,0.15,REF_MASTER_NC_004102,phdr_ras:NS5B:368T
NS5B,MIN_COMBINED_TRIPLET_FRACTION,0.15,REF_MASTER_NC_004102,phdr_ras:NS5B:395G
NS5B,MIN_COMBINED_TRIPLET_FRACTION,0.15,REF_MASTER_NC_004102,phdr_ras:NS5B:411S
NS5B,MIN_COMBINED_TRIPLET_FRACTION,0.15,REF_MASTER_NC_004102,phdr_ras:NS5B:414I
NS5B,MIN_COMBINED_TRIPLET_FRACTION,0.15,REF_MASTER_NC_004102,phdr_ras:NS5B:414T
NS5B,MIN_COMBINED_TRIPLET_FRACTION,0.15,REF_MASTER_NC_004102,phdr_ras:NS5B:434T
NS5B,MIN_COMBINED_TRIPLET_FRACTION,0.15,REF_MASTER_NC_004102,phdr_ras:NS5B:444K
NS5B,MIN_COMBINED_TRIPLET_FRACTION,0.15,REF_MASTER_NC_004102,phdr_ras:NS5B:445F
NS5B,MIN_COMBINED_TRIPLET_FRACTION,0.15,REF_MASTER_NC_004102,phdr_ras:NS5B:448C
NS5B,MIN_COMBINED_TRIPLET_FRACTION,0.15,REF_MASTER_NC_004102,phdr_ras:NS5B:448H
NS5B,MIN_COMBINED_TRIPLET_FRACTION,0.15,REF_MASTER_NC_004102,phdr_ras:NS5B:451S
NS5B,MIN_COMBINED_TRIPLET_FRACTION,0.15,REF_MASTER_NC_004102,phdr_ras:NS5B:479P
NS5B,MIN_COMBINED_TRIPLET_FRACTION,0.15,REF_MASTER_NC_004102,phdr_ras:NS5B:495A
NS5B,MIN_COMBINED_TRIPLET_FRACTION,0.15,REF_MASTER_NC_004102,phdr_ras:NS5B:553T
NS5B,MIN_COMBINED_TRIPLET_FRACTION,0.15,REF_MASTER_NC_004102,phdr_ras:NS5B:553V
NS5B,MIN_COMBINED_TRIPLET_FRACTION,0.15,REF_MASTER_NC_004102,phdr_ras:NS5B:554S
NS5B,MIN_COMBINED_TRIPLET_FRACTION,0.15,REF_MASTER_NC_004102,phdr_ras:NS5B:556G
NS5B,MIN_COMBINED_TRIPLET_FRACTION,0.15,REF_MASTER_NC_004102,phdr_ras:NS5B:556N
NS5B,MIN_COMBINED_TRIPLET_FRACTION,0.15,REF_MASTER_NC_004102,phdr_ras:NS5B:556R
NS5B,MIN_COMBINED_TRIPLET_FRACTION,0.15,REF_MASTER_NC_004102,phdr_ras:NS5B:558R
NS5B,MIN_COMBINED_TRIPLET_FRACTION,0.15,REF_MASTER_NC_004102,phdr_ras:NS5B:559G
NS5B,MIN_COMBINED_TRIPLET_FRACTION,0.15,REF_MASTER_NC_004102,phdr_ras:NS5B:565F
NS5B,MIN_COMBINED_TRIPLET_FRACTION,0.15,REF_MASTER_NC_004102,phdr_ras:NS5B:585V
NS5B,SIMPLE_AA_PATTERN,R,REF_MASTER_NC_004102,phdr_ras:NS5B:100R
NS5B,SIMPLE_AA_PATTERN,V,REF_MASTER_NC_004102,phdr_ras:NS5B:150V
NS5B,SIMPLE_AA_PATTERN,F,REF_MASTER_NC_004102,phdr_ras:NS5B:159F
NS5B,SIMPLE_AA_PATTERN,A,REF_MASTER_NC_004102,phdr_ras:NS5B:179A
NS5B,SIMPLE_AA_PATTERN,D,REF_MASTER_NC_004102,phdr_ras:NS5B:188D
NS5B,SIMPLE_AA_PATTERN,E,REF_MASTER_NC_004102,phdr_ras:NS5B:206E
NS5B,SIMPLE_AA_PATTERN,G,REF_MASTER_NC_004102,phdr_ras:NS5B:237G
NS5B,SIMPLE_AA_PATTERN,I,REF_MASTER_NC_004102,phdr_ras:NS5B:244I
NS5B,SIMPLE_AA_PATTERN,T,REF_MASTER_NC_004102,phdr_ras:NS5B:282T
NS5B,SIMPLE_AA_PATTERN,I,REF_MASTER_NC_004102,phdr_ras:NS5B:289I
NS5B,SIMPLE_AA_PATTERN,L,REF_MASTER_NC_004102,phdr_ras:NS5B:289L
NS5B,SIMPLE_AA_PATTERN,L,REF_MASTER_NC_004102,phdr_ras:NS5B:293L
NS5B,SIMPLE_AA_PATTERN,H,REF_MASTER_NC_004102,phdr_ras:NS5B:316H
NS5B,SIMPLE_AA_PATTERN,N,REF_MASTER_NC_004102,phdr_ras:NS5B:316N
NS5B,SIMPLE_AA_PATTERN,Y,REF_MASTER_NC_004102,phdr_ras:NS5B:316Y
NS5B,SIMPLE_AA_PATTERN,F,REF_MASTER_NC_004102,phdr_ras:NS5B:320F
NS5B,SIMPLE_AA_PATTERN,A,REF_MASTER_NC_004102,phdr_ras:NS5B:321A
NS5B,SIMPLE_AA_PATTERN,I,REF_MASTER_NC_004102,phdr_ras:NS5B:321I
NS5B,SIMPLE_AA_PATTERN,T,REF_MASTER_NC_004102,phdr_ras:NS5B:368T
NS5B,SIMPLE_AA_PATTERN,G,REF_MASTER_NC_004102,phdr_ras:NS5B:395G
NS5B,SIMPLE_AA_PATTERN,S,REF_MASTER_NC_004102,phdr_ras:NS5B:411S
NS5B,SIMPLE_AA_PATTERN,I,REF_MASTER_NC_004102,phdr_ras:NS5B:414I
NS5B,SIMPLE_AA_PATTERN,T,REF_MASTER_NC_004102,phdr_ras:NS5B:414T
NS5B,SIMPLE_AA_PATTERN,T,REF_MASTER_NC_004102,phdr_ras:NS5B:434T
NS5B,SIMPLE_AA_PATTERN,K,REF_MASTER_NC_004102,phdr_ras:NS5B:444K
NS5B,SIMPLE_AA_PATTERN,F,REF_MASTER_NC_004102,phdr_ras:NS5B:445F
NS5B,SIMPLE_AA_PATTERN,C,REF_MASTER_NC_004102,phdr_ras:NS5B:448C
NS5B,SIMPLE_AA_PATTERN,H,REF_MASTER_NC_004102,phdr_ras:NS5B:448H
NS5B,SIMPLE_AA_PATTERN,S,REF_MASTER_NC_004102,phdr_ras:NS5B:451S
NS5B,SIMPLE_AA_PATTERN,P,REF_MASTER_NC_004102,phdr_ras:NS5B:479P
NS5B,SIMPLE_AA_PATTERN,A,REF_MASTER_NC_004102,phdr_ras:NS5B:495A
NS5B,SIMPLE_AA_PATTERN,T,REF_MASTER_NC_004102,phdr_ras:NS5B:553T
NS5B,SIMPLE_AA_PATTERN,V,REF_MASTER_NC_004102,phdr_ras:NS5B:553V
NS5B,SIMPLE_AA_PATTERN,S,REF_MASTER_NC_004102,phdr_ras:NS5B:554S
NS5B,SIMPLE_AA_PATTERN,G,REF_MASTER_NC_004102,phdr_ras:NS5B:556G
NS5B,SIMPLE_AA_PATTERN,N,REF_MASTER_NC_004102,phdr_ras:NS5B:556N
NS5B,SIMPLE_AA_PATTERN,R,REF_MASTER_NC_004102,phdr_ras:NS5B:556R
NS5B,SIMPLE_AA_PATTERN,R,REF_MASTER_NC_004102,phdr_ras:NS5B:558R
NS5B,SIMPLE_AA_PATTERN,G,REF_MASTER_NC_004102,phdr_ras:NS5B:559G
NS5B,SIMPLE_AA_PATTERN,F,REF_MASTER_NC_004102,phdr_ras:NS5B:565F
NS5B,SIMPLE_AA_PATTERN,V,REF_MASTER_NC_004102,phdr_ras:NS5B:585V
